Date,Open,High,Low,Close,Adj Close,Volume
2005-12-15,99.73999786376953,99.73999786376953,95.19999694824219,95.77999877929688,83.28154754638672,19870
2005-12-16,97.0,97.0,93.0,94.16999816894531,81.88163757324219,22830
2005-12-19,95.0,96.58999633789062,94.0,95.22000122070312,82.79461669921875,11235
2005-12-20,95.0,96.77999877929688,95.0,96.77999877929688,84.15105438232422,1250
2005-12-21,95.80000305175781,96.4000015258789,94.80000305175781,95.52999877929688,83.06417083740234,4645
2005-12-22,96.0,96.0,94.0,94.4000015258789,82.08162689208984,18965
2005-12-23,94.5999984741211,94.76000213623047,90.20999908447266,91.0999984741211,79.21223449707031,2175
2005-12-26,94.41999816894531,94.41999816894531,86.61000061035156,88.0,76.51676940917969,16785
2005-12-27,90.0,93.69999694824219,88.5999984741211,91.55999755859375,79.61221313476562,32445
2005-12-28,90.41000366210938,92.0,90.41000366210938,92.0,79.99481201171875,680
2005-12-29,94.0,96.75,93.41999816894531,93.87000274658203,81.62078857421875,14680
2005-12-30,94.4000015258789,95.4000015258789,94.26000213623047,94.69999694824219,82.34247589111328,10785
2006-01-02,96.0,96.79000091552734,94.55999755859375,95.30999755859375,82.87288665771484,8235
2006-01-03,96.19999694824219,96.5999984741211,94.80000305175781,95.33999633789062,82.89895629882812,6050
2006-01-04,95.0,96.19999694824219,93.4000015258789,94.4000015258789,82.08162689208984,1520
2006-01-05,94.4000015258789,95.38999938964844,91.0,91.16000366210938,79.2644271850586,15930
2006-01-06,93.0,93.0,91.5999984741211,92.08999633789062,80.07305145263672,55085
2006-01-09,92.0,94.98999786376953,90.0,93.12000274658203,80.96865844726562,22240
2006-01-10,94.9800033569336,94.9800033569336,91.5,91.72000122070312,79.7513427734375,24100
2006-01-12,87.4000015258789,92.19999694824219,87.4000015258789,91.70999908447266,79.7426528930664,6660
2006-01-13,91.9800033569336,92.80000305175781,90.80000305175781,92.30000305175781,80.25566101074219,13765
2006-01-16,92.80000305175781,94.0,92.05000305175781,92.19999694824219,80.16870880126953,2240
2006-01-17,92.80000305175781,94.0,92.44000244140625,93.43000030517578,81.23818969726562,11630
2006-01-18,93.79000091552734,93.81999969482422,90.19999694824219,93.0,80.86430358886719,51055
2006-01-19,94.12000274658203,97.0,93.0,96.20999908447266,83.65543365478516,61930
2006-01-20,97.19999694824219,103.7300033569336,96.01000213623047,98.76000213623047,85.87267303466797,133055
2006-01-23,99.97000122070312,106.4000015258789,99.97000122070312,105.04000091552734,91.33319854736328,134245
2006-01-24,107.69999694824219,110.4000015258789,106.20999908447266,109.19999694824219,94.95033264160156,111110
2006-01-25,111.0,111.0,105.4000015258789,108.87000274658203,94.66342163085938,147175
2006-01-27,109.0,109.38999938964844,105.41000366210938,106.69999694824219,92.77658081054688,130905
2006-01-30,107.0,107.0,100.01000213623047,102.9000015258789,89.47245025634766,30115
2006-01-31,104.38999938964844,104.38999938964844,100.0,101.0,87.82039642333984,10710
2006-02-01,103.0,104.5999984741211,103.0,103.70999908447266,90.17675018310547,23830
2006-02-02,103.12000274658203,111.0,103.12000274658203,107.9000015258789,93.81998443603516,41505
2006-02-03,106.0,107.19999694824219,104.22000122070312,105.97000122070312,92.141845703125,16520
2006-02-06,107.1500015258789,109.9800033569336,105.0,106.97000122070312,93.01136016845703,8395
2006-02-07,106.45999908447266,107.80000305175781,106.45999908447266,106.55999755859375,92.65484619140625,10515
2006-02-08,108.4800033569336,108.98999786376953,106.69999694824219,107.91000366210938,93.82868957519531,13580
2006-02-10,109.0,109.98999786376953,107.80000305175781,109.25,94.99382781982422,13525
2006-02-13,110.0,111.0,108.19999694824219,108.62999725341797,94.45474243164062,82770
2006-02-14,112.0,112.0,108.0,108.54000091552734,94.3764877319336,28460
2006-02-15,108.0,111.5999984741211,108.0,110.02999877929688,95.67204284667969,104485
2006-02-16,112.80000305175781,114.80000305175781,110.08000183105469,112.18000030517578,97.54151153564453,21460
2006-02-17,112.0199966430664,117.0,111.4000015258789,112.06999969482422,97.44584655761719,24625
2006-02-20,108.0,112.19999694824219,100.01000213623047,110.73999786376953,96.28939056396484,51125
2006-02-21,110.80000305175781,114.36000061035156,110.0,110.7699966430664,96.31547546386719,47975
2006-02-22,111.19999694824219,111.55999755859375,109.80000305175781,110.37999725341797,95.97637176513672,55100
2006-02-23,110.4000015258789,111.69000244140625,110.0,110.26000213623047,95.87203979492188,16915
2006-02-24,110.26000213623047,114.0,109.80000305175781,112.19999694824219,97.55888366699219,63030
2006-02-27,113.5999984741211,117.0,113.19999694824219,115.8499984741211,100.73258209228516,8490
2006-02-28,115.8499984741211,117.5999984741211,113.19999694824219,116.47000122070312,101.27169036865234,24105
2006-03-01,118.0,119.80000305175781,117.19999694824219,119.48999786376953,103.8976058959961,15605
2006-03-02,121.0,122.0,119.0,121.51000213623047,105.65400695800781,21095
2006-03-03,122.0,124.0,120.23999786376953,121.83999633789062,105.9409408569336,18045
2006-03-06,124.0,127.4000015258789,123.0,124.0,107.81908416748047,38330
2006-03-07,124.19999694824219,128.10000610351562,124.0,127.25,110.6449966430664,38385
2006-03-08,112.0,140.0,112.0,134.57000732421875,117.0097885131836,23350
2006-03-09,134.60000610351562,141.75999450683594,123.0,135.13999938964844,117.50540924072266,29990
2006-03-10,140.0,144.97999572753906,138.02000427246094,142.63999938964844,124.0267105102539,60095
2006-03-13,150.0,153.0,142.0,151.9600067138672,132.1305389404297,44320
2006-03-14,152.0,159.0,150.0,150.72000122070312,131.05235290527344,66290
2006-03-16,153.0,153.7899932861328,144.6999969482422,146.94000244140625,127.76561737060547,24245
2006-03-17,148.0,150.0,143.58999633789062,145.10000610351562,126.16572570800781,43175
2006-03-20,149.1999969482422,149.1999969482422,140.0,141.2899932861328,122.8528823852539,34725
2006-03-21,145.39999389648438,145.39999389648438,140.39999389648438,142.49000549316406,123.89630126953125,129595
2006-03-22,143.0,145.38999938964844,140.0,141.4199981689453,122.96593475341797,19145
2006-03-23,144.97000122070312,146.0,140.39999389648438,142.22000122070312,123.66154479980469,23785
2006-03-24,142.0,145.8000030517578,139.0,139.8699951171875,121.61817932128906,18675
2006-03-27,143.1999969482422,149.0,141.0,142.00999450683594,123.47892761230469,89045
2006-03-28,149.0,149.0,140.86000061035156,143.02000427246094,124.35714721679688,77130
2006-03-29,144.89999389648438,160.1999969482422,142.1999969482422,159.24000549316406,138.46058654785156,82860
2006-03-30,162.22000122070312,171.19000244140625,160.0,161.44000244140625,140.37350463867188,80175
2006-03-31,166.1999969482422,166.1999969482422,154.0,157.3300018310547,136.7998046875,17290
2006-04-03,161.0,161.60000610351562,154.60000610351562,156.72999572753906,136.27810668945312,20600
2006-04-04,159.39999389648438,167.97999572753906,158.0,159.8800048828125,139.01705932617188,26250
2006-04-05,159.02000427246094,161.0,156.6999969482422,159.2899932861328,138.5040283203125,10590
2006-04-07,160.8000030517578,162.99000549316406,146.39999389648438,157.0500030517578,136.55636596679688,39940
2006-04-10,146.39999389648438,159.66000366210938,146.25999450683594,154.99000549316406,134.76516723632812,10645
2006-04-12,158.0,158.0,148.0,150.0500030517578,130.4697723388672,21630
2006-04-13,147.0,148.60000610351562,142.0,145.3300018310547,126.36573028564453,91940
2006-04-17,152.0,155.8000030517578,145.60000610351562,147.02999877929688,127.84385681152344,13440
2006-04-18,146.0,151.60000610351562,146.0,149.8699951171875,130.3132781982422,38515
2006-04-19,150.0,150.0,143.02000427246094,147.5800018310547,128.3220977783203,8880
2006-04-20,147.0,147.0,141.0,141.0800018310547,122.67030334472656,44480
2006-04-21,144.60000610351562,146.9499969482422,142.60000610351562,143.27999877929688,124.58321380615234,18105
2006-04-24,144.39999389648438,144.39999389648438,142.0,143.2899932861328,124.5918960571289,21580
2006-04-25,144.0,159.99000549316406,142.32000732421875,144.0399932861328,125.24406433105469,79175
2006-04-26,150.0,151.99000549316406,142.0,142.60000610351562,123.99195098876953,54360
2006-04-27,148.0,148.39999389648438,144.0,145.8300018310547,126.80046844482422,29680
2006-04-28,132.2100067138672,144.1999969482422,132.2100067138672,140.4600067138672,122.13121795654297,96750
2006-05-02,145.39999389648438,150.0,145.0,145.99000549316406,126.9395980834961,49360
2006-05-03,146.00999450683594,153.52999877929688,134.0,141.86000061035156,123.34852600097656,122380
2006-05-04,144.0,146.97999572753906,142.1999969482422,144.80999755859375,125.91355895996094,25850
2006-05-05,146.58999633789062,151.1999969482422,145.60000610351562,146.92999267578125,127.75690460205078,18145
2006-05-08,147.1999969482422,148.0,144.02999877929688,144.30999755859375,125.47879791259766,76390
2006-05-09,143.60000610351562,147.99000549316406,141.11000061035156,142.1199951171875,123.5745620727539,29845
2006-05-10,145.8000030517578,145.97999572753906,142.00999450683594,143.6999969482422,124.94841003417969,165170
2006-05-11,144.1999969482422,144.1999969482422,142.0,142.52999877929688,123.93109130859375,6255
2006-05-12,139.0,149.8000030517578,139.0,143.00999450683594,124.34843444824219,32905
2006-05-15,142.0,143.60000610351562,134.41000366210938,140.1199951171875,121.83556365966797,44300
2006-05-16,140.02000427246094,143.8000030517578,134.0,139.97000122070312,121.70513153076172,28235
2006-05-17,140.1999969482422,143.77999877929688,139.0,139.47999572753906,121.27908325195312,16135
2006-05-18,135.22000122070312,140.0,128.1999969482422,129.9499969482422,112.9926528930664,22470
2006-05-19,130.0,130.1999969482422,121.30999755859375,123.0199966430664,106.96696472167969,71545
2006-05-22,122.0,122.0,98.44999694824219,101.55000305175781,88.2986068725586,59870
2006-05-23,100.0,121.80000305175781,96.5999984741211,114.18000030517578,99.28050231933594,74530
2006-05-24,123.80000305175781,129.8000030517578,117.0,120.30999755859375,104.61060333251953,15160
2006-05-25,106.0,122.80000305175781,105.19999694824219,121.7699966430664,105.88008117675781,27850
2006-05-26,124.5999984741211,126.0,112.0,114.12999725341797,99.23703002929688,16835
2006-05-29,106.4000015258789,121.97000122070312,106.4000015258789,111.97000122070312,97.35890197753906,10860
2006-05-30,112.0,112.5999984741211,104.0,109.30000305175781,95.03731536865234,77690
2006-05-31,109.98999786376953,111.98999786376953,101.4000015258789,108.70999908447266,94.52429962158203,49840
2006-06-01,117.0,119.80000305175781,96.0,99.5,86.51612091064453,20075
2006-06-02,99.83000183105469,103.5999984741211,94.5999984741211,100.0999984741211,87.03783416748047,42175
2006-06-05,100.5999984741211,103.98999786376953,100.19999694824219,100.7300033569336,87.58560943603516,16080
2006-06-06,93.80000305175781,102.4000015258789,93.80000305175781,99.58000183105469,86.58567810058594,14930
2006-06-07,95.44000244140625,97.38999938964844,86.0,89.22000122070312,77.57757568359375,14985
2006-06-08,81.0199966430664,83.0,71.37999725341797,72.23999786376953,62.813316345214844,40175
2006-06-09,80.0,82.77999877929688,72.19999694824219,80.33000183105469,69.8476333618164,82390
2006-06-12,86.0,87.88999938964844,80.0,85.19999694824219,74.08214569091797,13900
2006-06-13,83.0,83.0,76.69999694824219,79.13999938964844,68.81291961669922,19770
2006-06-14,84.55999755859375,84.55999755859375,72.5199966430664,73.63999938964844,64.0306167602539,19115
2006-06-15,75.80000305175781,81.01000213623047,75.80000305175781,81.01000213623047,70.43890380859375,51525
2006-06-16,87.76000213623047,89.12000274658203,81.01000213623047,82.1500015258789,71.43014526367188,150770
2006-06-19,75.12000274658203,90.37000274658203,75.12000274658203,90.04000091552734,78.29057312011719,6510
2006-06-20,90.0,94.0,85.0,90.04000091552734,78.29057312011719,67700
2006-06-21,91.0,94.0,90.41999816894531,92.7300033569336,80.62955474853516,68960
2006-06-22,94.20999908447266,97.37000274658203,93.0,93.47000122070312,81.27299499511719,177565
2006-06-23,96.80000305175781,96.80000305175781,90.0,92.2300033569336,80.19479370117188,249740
2006-06-26,92.5999984741211,92.5999984741211,87.63999938964844,87.63999938964844,76.2037353515625,12520
2006-06-27,85.0,86.19999694824219,83.27999877929688,83.4000015258789,72.51702117919922,186345
2006-06-28,84.19999694824219,85.30000305175781,80.20999908447266,84.4800033569336,73.45610809326172,156095
2006-06-29,85.5999984741211,86.73999786376953,84.08000183105469,84.26000213623047,73.26480865478516,2450
2006-06-30,83.4000015258789,88.4000015258789,83.4000015258789,85.69999694824219,74.51689910888672,9295
2006-07-03,86.19999694824219,88.4000015258789,83.80000305175781,84.43000030517578,73.41262817382812,6285
2006-07-04,87.0,88.0,84.19999694824219,84.38999938964844,73.37783813476562,5015
2006-07-05,85.9000015258789,88.61000061035156,85.9000015258789,88.0,76.51676940917969,38285
2006-07-06,87.19999694824219,89.0,86.41000366210938,87.41000366210938,76.00376892089844,15265
2006-07-07,89.4000015258789,89.4000015258789,87.80000305175781,88.25,76.73414611816406,17545
2006-07-10,84.19999694824219,87.0,84.19999694824219,86.0,74.77775573730469,13145
2006-07-11,85.5999984741211,86.0,84.5999984741211,84.5999984741211,73.56043243408203,630
2006-07-12,85.0,86.0,83.19999694824219,85.94999694824219,74.7342758178711,1600
2006-07-13,84.5,86.0,83.0,83.33999633789062,72.46485900878906,6370
2006-07-14,84.4000015258789,85.54000091552734,84.0999984741211,84.33000183105469,73.32567596435547,24490
2006-07-17,85.76000213623047,85.76000213623047,80.5999984741211,82.63999938964844,71.85619354248047,21565
2006-07-18,82.4000015258789,84.80000305175781,79.1500015258789,80.7699966430664,70.23021697998047,5830
2006-07-19,81.0,83.38999938964844,77.79000091552734,78.88999938964844,68.59554290771484,4060
2006-07-20,81.0,82.83999633789062,77.0,82.83999633789062,72.03009033203125,32795
2006-07-21,83.0,83.0,79.11000061035156,81.91000366210938,71.2214584350586,32680
2006-07-24,78.05000305175781,82.9000015258789,78.05000305175781,82.12000274658203,71.404052734375,509080
2006-07-25,85.77999877929688,86.19000244140625,83.0,85.48999786376953,74.33430480957031,11255
2006-07-26,86.0,88.80000305175781,85.0,88.19999694824219,76.69065856933594,8595
2006-07-27,84.4000015258789,91.9000015258789,84.19999694824219,89.58000183105469,77.89059448242188,133285
2006-07-28,88.19999694824219,94.05999755859375,88.19999694824219,93.06999969482422,80.92517852783203,444975
2006-07-31,96.0,96.4000015258789,93.41999816894531,95.80000305175781,83.2989501953125,11805
2006-08-01,95.0,97.18000030517578,93.61000061035156,95.97000122070312,83.44676208496094,7250
2006-08-02,95.80000305175781,100.7699966430664,94.9000015258789,100.7699966430664,87.62039184570312,25050
2006-08-03,103.0,105.12999725341797,98.80000305175781,102.80999755859375,89.39419555664062,31395
2006-08-04,101.80000305175781,107.80000305175781,100.0199966430664,104.29000091552734,90.68107604980469,104460
2006-08-07,104.80000305175781,108.80000305175781,102.0199966430664,106.86000061035156,92.91570281982422,43605
2006-08-08,107.98999786376953,108.80000305175781,105.01000213623047,106.80999755859375,92.8722152709961,39910
2006-08-09,107.0,112.1500015258789,107.0,112.0,97.38497924804688,70080
2006-08-10,114.37999725341797,119.9800033569336,108.02999877929688,111.33000183105469,96.80241394042969,104275
2006-08-11,111.80000305175781,112.0,107.0,109.12000274658203,94.88079071044922,45020
2006-08-14,111.0,112.4000015258789,108.4000015258789,108.69000244140625,94.50691223144531,26660
2006-08-16,111.18000030517578,112.4000015258789,108.68000030517578,109.01000213623047,94.78514862060547,184970
2006-08-17,108.5999984741211,110.0,104.80000305175781,108.0999984741211,93.993896484375,14610
2006-08-18,107.19999694824219,109.58999633789062,103.41999816894531,107.0,93.03742980957031,4585
2006-08-21,112.0,112.0,108.87000274658203,109.75,95.42858123779297,35100
2006-08-22,110.0,115.0,107.0,108.83000183105469,94.6286392211914,82030
2006-08-23,109.76000213623047,111.19999694824219,107.0199966430664,108.56999969482422,94.4025650024414,16925
2006-08-24,110.0,110.0,104.80000305175781,105.95999908447266,92.13314819335938,117770
2006-08-25,106.0,106.9800033569336,104.5999984741211,104.94999694824219,91.25494384765625,28840
2006-08-28,108.7699966430664,108.7699966430664,104.19999694824219,106.16000366210938,92.30705261230469,17570
2006-08-29,106.0,110.4000015258789,105.0199966430664,105.63999938964844,91.85490417480469,104380
2006-08-30,109.5999984741211,112.0,106.4000015258789,106.7699966430664,92.83744812011719,193120
2006-08-31,108.4000015258789,109.29000091552734,105.20999908447266,105.68000030517578,91.88968658447266,58830
2006-09-01,106.19999694824219,107.38999938964844,104.0,104.30999755859375,90.69845581054688,12220
2006-09-04,108.19999694824219,111.0,105.22000122070312,106.05999755859375,92.2200927734375,40945
2006-09-05,105.20999908447266,106.98999786376953,103.98999786376953,104.62999725341797,90.97669219970703,52930
2006-09-06,105.0,107.75,104.80000305175781,105.6500015258789,94.5752944946289,13060
2006-09-07,106.4000015258789,106.77999877929688,104.01000213623047,104.0999984741211,93.18778228759766,12330
2006-09-08,105.0,106.79000091552734,104.0,104.43000030517578,93.48320007324219,526425
2006-09-11,107.80000305175781,108.0,103.80000305175781,103.88999938964844,92.99980163574219,35480
2006-09-12,100.0,104.7300033569336,99.0,103.4000015258789,92.56116485595703,18060
2006-09-13,106.9000015258789,106.9000015258789,104.4000015258789,104.8499984741211,93.85916900634766,11585
2006-09-14,102.4000015258789,107.0999984741211,102.4000015258789,106.62999725341797,95.45256042480469,65135
2006-09-15,106.91999816894531,106.91999816894531,103.01000213623047,103.62000274658203,92.75811004638672,29055
2006-09-18,105.19999694824219,105.95999908447266,102.69999694824219,102.83000183105469,92.05091857910156,18890
2006-09-19,104.0,104.76000213623047,101.80000305175781,102.51000213623047,91.76445770263672,44095
2006-09-20,102.5999984741211,103.5999984741211,100.51000213623047,102.33000183105469,91.60332489013672,9060
2006-09-21,103.5999984741211,105.88999938964844,101.4000015258789,102.4000015258789,91.6659927368164,41745
2006-09-22,101.80000305175781,107.98999786376953,101.44999694824219,106.05000305175781,94.9333724975586,123280
2006-09-25,107.5999984741211,108.5999984741211,104.23999786376953,104.87000274658203,93.8770751953125,104020
2006-09-26,108.0,108.4000015258789,105.0,106.45999908447266,95.30039978027344,64640
2006-09-27,107.79000091552734,111.0,107.0,110.33000183105469,98.76471710205078,134840
2006-09-28,111.79000091552734,113.80000305175781,110.01000213623047,111.05999755859375,99.41820526123047,132050
2006-09-29,111.69999694824219,116.77999877929688,111.22000122070312,114.62000274658203,102.60503387451172,128500
2006-10-03,117.80000305175781,117.97000122070312,112.0999984741211,113.80999755859375,101.87992858886719,35905
2006-10-04,114.0,114.0,111.01000213623047,112.27999877929688,100.51032257080078,28700
2006-10-05,112.95999908447266,115.0,109.69999694824219,112.87999725341797,101.04743194580078,34290
2006-10-06,110.4000015258789,114.58000183105469,110.4000015258789,111.7699966430664,100.05377960205078,17500
2006-10-09,109.05999755859375,116.37999725341797,108.41999816894531,115.13999938964844,103.07052612304688,183845
2006-10-10,114.80000305175781,122.0,114.80000305175781,117.2300033569336,104.94144439697266,56965
2006-10-11,118.44999694824219,120.5999984741211,113.44999694824219,114.01000213623047,102.0589828491211,30610
2006-10-12,115.38999938964844,118.0,114.0,116.66000366210938,104.43118286132812,64440
2006-10-13,117.0,117.80000305175781,115.80000305175781,116.94999694824219,104.69078826904297,36155
2006-10-16,117.80000305175781,118.88999938964844,115.22000122070312,115.79000091552734,103.65238189697266,25815
2006-10-17,114.01000213623047,115.98999786376953,112.22000122070312,113.54000091552734,101.63825225830078,5460
2006-10-18,115.0,116.0,114.0999984741211,114.22000122070312,102.24695587158203,13755
2006-10-19,114.4000015258789,118.98999786376953,114.4000015258789,117.95999908447266,105.59492492675781,50550
2006-10-20,119.5999984741211,124.48999786376953,118.5199966430664,121.56999969482422,108.82650756835938,80100
2006-10-23,122.0,122.0,120.0,120.08000183105469,107.49268341064453,25300
2006-10-26,120.4000015258789,127.4000015258789,120.4000015258789,126.94999694824219,113.64253997802734,40615
2006-10-27,123.0,128.0,123.0,126.33000183105469,113.0875473022461,43245
2006-10-30,125.80000305175781,126.19999694824219,123.20999908447266,125.0199966430664,111.91486358642578,27500
2006-10-31,125.0,129.8000030517578,125.0,126.22000122070312,112.98906707763672,33120
2006-11-01,128.0,128.0,125.0,126.04000091552734,112.82793426513672,28455
2006-11-02,127.4000015258789,129.0,125.0,125.2300033569336,112.10286712646484,53320
2006-11-03,126.80000305175781,126.80000305175781,125.01000213623047,126.0199966430664,112.8100357055664,11640
2006-11-06,125.01000213623047,126.9800033569336,125.0,126.22000122070312,112.98906707763672,11165
2006-11-07,126.01000213623047,128.89999389648438,126.0,128.33999633789062,114.8868408203125,39340
2006-11-08,127.19999694824219,127.98999786376953,122.0,126.45999908447266,113.20391082763672,43965
2006-11-09,125.0,129.5,125.0,127.01000213623047,113.6962661743164,20825
2006-11-10,127.0,127.77999877929688,126.41000366210938,127.0,113.68730926513672,94250
2006-11-13,127.19000244140625,137.99000549316406,126.0,135.10000610351562,120.93824768066406,55925
2006-11-14,139.0,140.0,129.0,132.1300048828125,118.27955627441406,58545
2006-11-15,132.1300048828125,133.97999572753906,127.30000305175781,129.14999389648438,115.6119155883789,16355
2006-11-16,130.0,131.1999969482422,128.30999755859375,129.97999572753906,116.35492706298828,15400
2006-11-17,129.8000030517578,129.8000030517578,127.0,128.74000549316406,115.24492645263672,32555
2006-11-20,122.5,125.98999786376953,121.98999786376953,122.94999694824219,110.06183624267578,145910
2006-11-21,129.60000610351562,129.60000610351562,123.0199966430664,128.08999633789062,114.66304779052734,26160
2006-11-22,126.19999694824219,135.1999969482422,126.19999694824219,133.91000366210938,119.87297058105469,21065
2006-11-23,130.0,137.0,130.0,131.41000366210938,117.63504028320312,13130
2006-11-24,136.0,144.39999389648438,131.0,134.97000122070312,120.82185363769531,543555
2006-11-27,137.0,137.0,132.0,134.74000549316406,120.61597442626953,76295
2006-11-28,133.0,136.5,130.5,135.85000610351562,121.609619140625,43510
2006-11-29,136.0,144.0,134.0,142.25,127.33875274658203,324065
2006-11-30,141.5399932861328,149.39999389648438,141.39999389648438,148.02999877929688,132.51284790039062,198280
2006-12-01,147.0,149.39999389648438,142.61000061035156,142.9600067138672,127.97431182861328,59275
2006-12-04,144.0,148.8000030517578,144.0,145.57000732421875,130.31072998046875,176470
2006-12-05,148.77999877929688,148.77999877929688,142.22000122070312,144.22999572753906,129.11117553710938,12545
2006-12-06,143.99000549316406,143.99000549316406,138.0,142.52999877929688,127.5893783569336,27570
2006-12-07,142.86000061035156,148.0,142.86000061035156,147.17999267578125,131.751953125,153295
2006-12-08,149.8000030517578,154.39999389648438,143.1999969482422,144.9199981689453,129.72885131835938,42155
2006-12-11,146.60000610351562,146.60000610351562,137.0,138.50999450683594,123.99077606201172,53965
2006-12-12,138.50999450683594,141.60000610351562,134.02000427246094,134.75,120.62491607666016,48880
2006-12-13,135.22000122070312,144.0,135.0,137.47000122070312,123.059814453125,21980
2006-12-14,139.60000610351562,140.5800018310547,137.0,137.5399932861328,123.12242889404297,17955
2006-12-15,139.60000610351562,142.6999969482422,139.60000610351562,140.02000427246094,125.34249114990234,98210
2006-12-18,141.0,143.69000244140625,140.0,140.10000610351562,125.41412353515625,19865
2006-12-19,140.1999969482422,141.99000549316406,139.4499969482422,140.6999969482422,125.9511947631836,19360
2006-12-20,140.24000549316406,140.60000610351562,139.02000427246094,140.22999572753906,125.53046417236328,20810
2006-12-21,140.00999450683594,142.0,140.00999450683594,140.63999938964844,125.89749145507812,2915
2006-12-22,140.8000030517578,145.39999389648438,140.8000030517578,143.14999389648438,128.14437866210938,25125
2006-12-26,146.47999572753906,146.47999572753906,142.02000427246094,142.7899932861328,127.82212829589844,4260
2006-12-27,141.80999755859375,143.2899932861328,141.22000122070312,142.07000732421875,127.1776123046875,2115
2006-12-28,141.8000030517578,142.99000549316406,141.61000061035156,142.25999450683594,127.34770202636719,5210
2006-12-29,143.02000427246094,156.0,142.60000610351562,148.3300018310547,132.78138732910156,41700
2007-01-02,147.0,149.8000030517578,143.1999969482422,144.25,129.12908935546875,9875
2007-01-03,144.39999389648438,149.57000732421875,144.39999389648438,147.38999938964844,131.93992614746094,24930
2007-01-04,147.0,148.86000061035156,146.0,147.86000061035156,132.36065673828125,12640
2007-01-05,148.02000427246094,149.60000610351562,146.02999877929688,148.1300048828125,132.6023712158203,21145
2007-01-08,149.58999633789062,150.0,146.39999389648438,148.27000427246094,132.72769165039062,34905
2007-01-09,149.0,154.0,148.3000030517578,150.69000244140625,134.89401245117188,23960
2007-01-10,149.60000610351562,150.1999969482422,149.0,150.00999450683594,134.28529357910156,43495
2007-01-11,150.0,151.9499969482422,150.0,150.02999877929688,134.30320739746094,16760
2007-01-12,151.0,152.39999389648438,150.0,151.75,135.84291076660156,29420
2007-01-15,152.39999389648438,158.39999389648438,152.0,156.4600067138672,140.05917358398438,20040
2007-01-16,154.0,160.97999572753906,152.1999969482422,160.0800018310547,143.2997283935547,87340
2007-01-17,161.0,165.9499969482422,161.0,163.36000061035156,146.23590087890625,19315
2007-01-18,165.60000610351562,165.60000610351562,152.13999938964844,157.1300048828125,140.65896606445312,49200
2007-01-19,159.0,159.0,147.02000427246094,157.10000610351562,140.63209533691406,32545
2007-01-22,159.0,165.0,156.2100067138672,162.14999389648438,145.15274047851562,39745
2007-01-23,162.0,166.0,162.0,164.55999755859375,147.31008911132812,32465
2007-01-24,163.82000732421875,164.8000030517578,161.8000030517578,164.02000427246094,146.8267364501953,17705
2007-01-25,164.39999389648438,169.58999633789062,162.0,168.4199981689453,150.76547241210938,72730
2007-01-29,170.0,175.8000030517578,166.0,172.0,153.97021484375,30835
2007-01-31,174.0,174.60000610351562,168.10000610351562,173.9600067138672,155.72476196289062,20050
2007-02-01,175.0,175.0,170.1999969482422,170.49000549316406,152.6184844970703,5215
2007-02-02,172.39999389648438,174.7899932861328,171.10000610351562,174.0399932861328,155.79635620117188,11650
2007-02-05,179.0,179.0,172.3000030517578,174.58999633789062,156.2886962890625,7835
2007-02-06,173.0,177.5800018310547,173.0,176.17999267578125,157.71202087402344,10935
2007-02-07,164.0800018310547,180.0,164.0800018310547,179.02000427246094,160.2543487548828,42725
2007-02-08,176.1999969482422,177.75999450683594,175.0,176.6300048828125,158.11488342285156,44605
2007-02-09,175.25999450683594,176.0,173.07000732421875,174.00999450683594,155.76951599121094,19070
2007-02-12,166.4499969482422,171.0,163.41000366210938,169.52999877929688,151.75912475585938,7470
2007-02-13,162.02999877929688,171.8000030517578,162.02999877929688,169.9499969482422,152.13510131835938,20665
2007-02-14,161.0,170.0,152.9600067138672,168.88999938964844,151.18621826171875,36075
2007-02-15,176.0,177.0,170.0,176.8800048828125,158.3386993408203,38035
2007-02-19,179.9499969482422,180.0,171.0,171.77999877929688,153.7732696533203,53095
2007-02-20,178.38999938964844,178.38999938964844,168.00999450683594,175.10000610351562,156.74526977539062,10365
2007-02-21,174.0,174.0,170.0,170.75,152.8512420654297,102880
2007-02-22,175.0,175.0,168.64999389648438,168.77000427246094,151.07879638671875,15495
2007-02-23,165.1300048828125,170.0,165.1300048828125,169.97000122070312,152.1530303955078,57255
2007-02-26,170.0,170.0,164.60000610351562,169.27999877929688,151.5353240966797,28195
2007-02-27,169.50999450683594,170.0,164.25,168.30999755859375,150.66700744628906,59365
2007-02-28,160.5399932861328,167.5,158.0,160.85000610351562,143.98899841308594,25830
2007-03-01,156.8000030517578,166.57000732421875,156.8000030517578,160.30999755859375,143.505615234375,13495
2007-03-02,160.0,162.61000061035156,158.1999969482422,160.66000366210938,143.81890869140625,9170
2007-03-05,158.5,158.5,149.60000610351562,154.16000366210938,138.00025939941406,21580
2007-03-06,155.0,159.97999572753906,144.8000030517578,150.0800018310547,134.34796142578125,73945
2007-03-07,154.0,154.0,145.60000610351562,150.08999633789062,134.35690307617188,23475
2007-03-08,147.41000366210938,153.60000610351562,145.1999969482422,152.3000030517578,136.33526611328125,4650
2007-03-09,147.00999450683594,156.0,147.00999450683594,151.94000244140625,136.01296997070312,29095
2007-03-12,154.6999969482422,155.60000610351562,151.39999389648438,152.41000366210938,136.43373107910156,22320
2007-03-13,152.39999389648438,156.0,150.27999877929688,155.5500030517578,139.2445831298828,31305
2007-03-14,152.0,155.0,150.0,153.82000732421875,137.69593811035156,11330
2007-03-15,153.0,160.0,153.0,156.16000366210938,139.79063415527344,19975
2007-03-16,158.0,158.0,150.39999389648438,155.47000122070312,139.17295837402344,20605
2007-03-19,158.0,159.8000030517578,157.0,158.75999450683594,142.11807250976562,10400
2007-03-20,170.0,170.0,155.25,157.7899932861328,141.249755859375,7055
2007-03-21,158.0,160.0,158.0,159.44000244140625,142.726806640625,24005
2007-03-22,157.4499969482422,165.0,157.4499969482422,163.77999877929688,146.6118621826172,51945
2007-03-23,163.1999969482422,169.8000030517578,163.1999969482422,167.1300048828125,149.61070251464844,118300
2007-03-26,168.1999969482422,174.8000030517578,164.0,167.74000549316406,150.15675354003906,47915
2007-03-28,165.0,166.0,162.39999389648438,164.9199981689453,147.6323699951172,26105
2007-03-29,164.77000427246094,167.0,158.2100067138672,162.94000244140625,145.85992431640625,62880
2007-03-30,159.25,166.0,158.02999877929688,164.1699981689453,146.9609832763672,129995
2007-04-02,162.0,162.3000030517578,150.39999389648438,152.9199981689453,136.89022827148438,20500
2007-04-03,156.0,160.0,153.1999969482422,159.22999572753906,142.53880310058594,30535
2007-04-04,157.0,159.8000030517578,157.0,159.42999267578125,142.7178497314453,22895
2007-04-05,160.0,160.0,157.3000030517578,158.9600067138672,142.297119140625,98410
2007-04-09,157.0,159.8800048828125,156.80999755859375,158.92999267578125,142.27023315429688,109110
2007-04-10,158.00999450683594,161.6999969482422,157.39999389648438,159.2100067138672,142.5209197998047,45360
2007-04-11,161.0,161.60000610351562,159.80999755859375,160.02000427246094,143.2460174560547,165025
2007-04-12,160.0,163.0,158.1999969482422,161.02999877929688,144.15013122558594,43580
2007-04-13,160.0,160.0,157.8000030517578,159.2899932861328,142.592529296875,157570
2007-04-16,160.0,160.0,158.4499969482422,159.99000549316406,143.2191619873047,63845
2007-04-17,158.2100067138672,160.0,158.2100067138672,158.94000244140625,142.2792205810547,50560
2007-04-18,158.61000061035156,161.0,158.61000061035156,160.97000122070312,144.096435546875,215645
2007-04-19,161.8000030517578,162.0,156.0500030517578,159.75,143.00430297851562,134865
2007-04-20,158.60000610351562,159.6999969482422,155.05999755859375,155.80999755859375,139.47731018066406,14140
2007-04-23,155.80999755859375,159.52000427246094,155.60000610351562,157.13999938964844,140.66790771484375,61115
2007-04-24,155.39999389648438,160.0,155.0,159.97999572753906,143.210205078125,35775
2007-04-25,157.24000549316406,160.0,156.25,159.97000122070312,143.20126342773438,25675
2007-04-26,159.8000030517578,159.8000030517578,155.61000061035156,156.60000610351562,140.18450927734375,10460
2007-04-27,155.0,159.97999572753906,155.0,155.0800018310547,138.82383728027344,15660
2007-04-30,157.47999572753906,157.47999572753906,155.0,155.41000366210938,139.11923217773438,22680
2007-05-03,158.0,159.5,157.0,158.99000549316406,142.32398986816406,133605
2007-05-04,159.1999969482422,159.58999633789062,156.39999389648438,156.44000244140625,140.041259765625,6035
2007-05-07,156.00999450683594,160.0,156.00999450683594,157.6699981689453,141.14234924316406,58255
2007-05-08,159.69000244140625,160.0,155.0,155.77999877929688,139.45045471191406,35065
2007-05-09,155.8000030517578,156.8000030517578,155.00999450683594,155.1699981689453,138.9043731689453,6510
2007-05-10,156.02000427246094,161.0,156.02000427246094,159.91000366210938,143.1475372314453,73450
2007-05-11,158.8000030517578,159.0,156.0,157.60000610351562,141.07969665527344,10730
2007-05-14,162.8000030517578,166.0,160.2100067138672,165.30999755859375,147.98147583007812,71120
2007-05-15,170.0,170.0,155.0,159.61000061035156,142.87896728515625,123315
2007-05-16,161.9600067138672,167.0,160.1999969482422,162.0500030517578,145.06321716308594,13245
2007-05-17,164.0,166.1999969482422,160.07000732421875,162.6199951171875,145.57345581054688,16635
2007-05-18,162.0,164.39999389648438,161.1999969482422,161.30999755859375,144.40081787109375,17415
2007-05-21,166.0,167.8000030517578,157.30999755859375,160.4600067138672,143.63987731933594,31160
2007-05-22,161.00999450683594,162.99000549316406,158.39999389648438,160.83999633789062,143.98004150390625,42690
2007-05-23,160.1999969482422,161.0,158.0,158.52999877929688,141.91220092773438,17570
2007-05-24,156.77000427246094,161.47999572753906,156.77000427246094,158.19000244140625,141.6078338623047,12230
2007-05-25,155.60000610351562,165.0,155.5,163.50999450683594,146.37017822265625,70080
2007-05-28,159.1999969482422,166.0,159.1999969482422,163.8000030517578,146.62974548339844,5200
2007-05-29,161.00999450683594,166.0,160.05999755859375,162.8800048828125,145.8061981201172,6495
2007-05-30,166.0,166.0,160.5,164.02999877929688,146.83566284179688,28270
2007-05-31,163.39999389648438,168.0,162.38999938964844,165.72999572753906,148.35743713378906,98825
2007-06-01,168.0,168.0,163.5,164.63999938964844,147.38168334960938,28410
2007-06-04,164.0,166.0,160.0,161.83999633789062,144.87522888183594,15420
2007-06-05,161.99000549316406,162.5,159.22000122070312,159.77000427246094,143.022216796875,15055
2007-06-06,159.60000610351562,160.0,159.0,159.1699981689453,142.485107421875,50990
2007-06-07,157.5800018310547,160.0,156.60000610351562,157.02999877929688,140.56942749023438,15365
2007-06-08,156.0,157.99000549316406,154.97999572753906,155.4199981689453,139.12818908691406,43160
2007-06-11,160.0,160.0,157.0,157.88999938964844,141.33926391601562,21290
2007-06-12,158.0,158.0,154.0,156.0800018310547,139.71900939941406,74385
2007-06-13,156.0,156.0,152.11000061035156,156.0,139.6474151611328,35495
2007-06-14,156.0,157.0,155.8000030517578,156.0,139.6474151611328,10440
2007-06-15,160.0,160.0,154.0,154.24000549316406,138.07188415527344,66865
2007-06-18,156.39999389648438,162.8000030517578,154.0,158.88999938964844,142.23443603515625,157075
2007-06-19,158.0,160.75,158.0,158.8000030517578,142.15390014648438,30750
2007-06-20,160.0,162.0,156.60000610351562,156.8800048828125,140.43515014648438,13555
2007-06-21,156.8000030517578,161.0,156.8000030517578,158.5,141.88534545898438,9520
2007-06-22,160.25999450683594,160.25999450683594,155.22000122070312,155.7100067138672,139.3878173828125,21775
2007-06-25,156.39999389648438,159.0,154.0,154.4600067138672,138.2688446044922,69235
2007-06-26,156.1999969482422,159.8000030517578,155.02999877929688,156.82000732421875,140.38145446777344,21390
2007-06-27,159.97999572753906,161.97000122070312,158.0,158.7899932861328,142.14492797851562,16240
2007-06-28,159.02000427246094,160.0,158.0,158.57000732421875,141.94802856445312,214220
2007-06-29,161.8000030517578,163.99000549316406,159.0,160.32000732421875,143.5145721435547,163055
2007-07-02,161.0,163.8000030517578,161.0,162.58999633789062,145.5465850830078,56925
2007-07-03,163.75999450683594,168.0,162.1999969482422,163.83999633789062,146.66555786132812,118815
2007-07-04,165.8000030517578,165.8000030517578,162.47000122070312,164.61000061035156,147.35487365722656,184440
2007-07-05,165.0,167.8000030517578,162.60000610351562,166.86000061035156,149.36900329589844,62450
2007-07-06,167.0,181.8000030517578,166.02999877929688,178.75,160.01266479492188,260150
2007-07-09,184.89999389648438,190.0,177.97999572753906,184.58999633789062,165.24046325683594,206855
2007-07-10,185.4199981689453,188.6999969482422,180.0,181.91000366210938,162.84141540527344,269675
2007-07-11,179.8000030517578,181.8000030517578,176.1999969482422,179.6999969482422,160.863037109375,82135
2007-07-12,182.0,186.1999969482422,181.8000030517578,185.5500030517578,166.09982299804688,97310
2007-07-13,189.8000030517578,191.8000030517578,188.39999389648438,190.13999938964844,170.2086944580078,147260
2007-07-16,192.0,199.47999572753906,191.0,195.9499969482422,175.40965270996094,93995
2007-07-17,197.0,200.0,194.02000427246094,195.00999450683594,174.5681915283203,76595
2007-07-18,195.0,210.0,192.0,202.1199951171875,180.9329071044922,80730
2007-07-19,205.39999389648438,210.0,199.8000030517578,202.5399932861328,181.30886840820312,52965
2007-07-20,205.1999969482422,205.1999969482422,195.0,196.50999450683594,175.9109649658203,21510
2007-07-23,198.0,202.0,180.39999389648438,183.3800048828125,164.15728759765625,169510
2007-07-24,185.0,190.10000610351562,178.0,185.47000122070312,166.02822875976562,134525
2007-07-25,182.0,186.60000610351562,180.1999969482422,184.27000427246094,164.95404052734375,86080
2007-07-26,185.1999969482422,196.0,183.0,183.55999755859375,164.31845092773438,31265
2007-07-27,190.0,190.0,180.82000732421875,182.9499969482422,163.77236938476562,62985
2007-07-30,187.8000030517578,187.8000030517578,180.39999389648438,181.5500030517578,162.51914978027344,15225
2007-07-31,184.0,184.0,182.2100067138672,183.00999450683594,163.8260955810547,12370
2007-08-01,168.3699951171875,182.3800048828125,168.3699951171875,182.0,162.92196655273438,42515
2007-08-02,181.2100067138672,181.8000030517578,177.0500030517578,178.67999267578125,159.94996643066406,23955
2007-08-03,185.9499969482422,185.9499969482422,180.10000610351562,180.22999572753906,161.33750915527344,14040
2007-08-06,172.0,189.5800018310547,172.0,185.0399932861328,165.643310546875,28135
2007-08-07,180.0,189.8000030517578,180.0,187.3800048828125,167.73800659179688,14180
2007-08-08,187.22000122070312,195.0,186.10000610351562,193.9199981689453,178.35153198242188,27110
2007-08-09,197.8000030517578,198.0,186.10000610351562,189.80999755859375,174.57150268554688,63725
2007-08-10,180.0,188.0,178.60000610351562,186.1199951171875,171.17774963378906,30050
2007-08-13,182.2100067138672,187.0,182.00999450683594,183.10000610351562,168.4002227783203,24250
2007-08-14,186.0,193.77999877929688,182.2100067138672,189.91000366210938,174.6634521484375,7475
2007-08-16,183.8000030517578,210.0,182.00999450683594,190.8699951171875,175.54638671875,61860
2007-08-17,189.0,196.8000030517578,183.0,189.08999633789062,173.9093017578125,44930
2007-08-20,193.0,193.0,186.02999877929688,190.8000030517578,175.48204040527344,11025
2007-08-21,192.39999389648438,192.39999389648438,182.6199951171875,189.9600067138672,174.70947265625,34670
2007-08-22,186.00999450683594,189.0,181.10000610351562,184.75999450683594,169.92694091796875,13675
2007-08-23,184.0,189.5500030517578,183.00999450683594,184.50999450683594,169.69700622558594,6495
2007-08-24,183.3000030517578,185.3000030517578,182.39999389648438,182.92999267578125,168.2438507080078,5205
2007-08-27,187.0,192.0,185.1999969482422,191.14999389648438,175.80392456054688,17840
2007-08-28,190.0,200.1999969482422,190.0,199.67999267578125,183.6491241455078,59270
2007-08-29,194.7100067138672,205.97000122070312,194.7100067138672,204.11000061035156,187.72344970703125,21535
2007-08-30,207.8000030517578,209.35000610351562,200.5,204.60000610351562,188.17413330078125,24080
2007-08-31,208.5,209.97000122070312,203.39999389648438,208.44000244140625,191.70584106445312,12720
2007-09-03,212.0,234.97999572753906,209.0,228.08999633789062,209.77828979492188,177235
2007-09-04,230.9600067138672,236.0,220.0,222.6699981689453,204.79339599609375,50175
2007-09-05,227.8000030517578,229.99000549316406,217.60000610351562,226.8000030517578,208.5918426513672,21495
2007-09-06,229.60000610351562,237.0,218.39999389648438,227.4499969482422,209.1896514892578,80465
2007-09-07,236.0,236.0,226.39999389648438,230.4199981689453,211.9212188720703,39420
2007-09-10,220.1999969482422,233.97999572753906,220.1999969482422,229.85000610351562,211.39697265625,94365
2007-09-11,232.8000030517578,232.8000030517578,221.39999389648438,223.4199981689453,205.48318481445312,23385
2007-09-12,226.0,230.0,220.00999450683594,223.86000061035156,205.88787841796875,21515
2007-09-13,230.8000030517578,231.1999969482422,220.1999969482422,223.52999877929688,205.58438110351562,11830
2007-09-14,228.9600067138672,229.0,216.36000061035156,223.33999633789062,205.4096221923828,26880
2007-09-17,230.25999450683594,230.25999450683594,221.35000610351562,223.02000427246094,205.11532592773438,6425
2007-09-18,220.2100067138672,223.0,216.4199981689453,219.9600067138672,202.3009796142578,57440
2007-09-19,222.60000610351562,227.9600067138672,220.8000030517578,222.10000610351562,204.2691650390625,25085
2007-09-20,220.0,233.39999389648438,216.4499969482422,227.64999389648438,209.37359619140625,60275
2007-09-21,218.0,232.0,218.0,230.0,211.53494262695312,39065
2007-09-24,230.0,232.0,220.0,228.0,209.6955108642578,77710
2007-09-25,229.60000610351562,229.60000610351562,220.8000030517578,224.83999633789062,206.78919982910156,4500
2007-09-26,223.0,237.0,218.60000610351562,231.05999755859375,212.5098419189453,100825
2007-09-27,230.0,230.0,222.0,223.38999938964844,205.4556121826172,8295
2007-09-28,234.99000549316406,234.99000549316406,218.64999389648438,223.47000122070312,205.52920532226562,12170
2007-10-01,230.0,230.0,219.0,219.7899932861328,202.14462280273438,13295
2007-10-03,207.10000610351562,227.75999450683594,207.10000610351562,214.42999267578125,197.21493530273438,20270
2007-10-04,208.0,217.99000549316406,208.0,211.5500030517578,194.566162109375,13830
2007-10-05,212.0,219.99000549316406,210.0,218.41000366210938,200.8754425048828,2963905
2007-10-08,228.0,231.1999969482422,217.0,229.22999572753906,210.82675170898438,120955
2007-10-09,213.47999572753906,239.0,213.47999572753906,234.58999633789062,215.7564239501953,40960
2007-10-10,239.60000610351562,245.0,225.0,238.08999633789062,218.97544860839844,65985
2007-10-11,237.39999389648438,262.0,237.0,256.4800109863281,235.88905334472656,75410
2007-10-12,258.32000732421875,269.0,250.1999969482422,254.6199951171875,234.17837524414062,102190
2007-10-15,259.79998779296875,270.0,255.0,255.10000610351562,234.61984252929688,21500
2007-10-16,246.0,274.0,243.00999450683594,271.0299987792969,249.2709197998047,82875
2007-10-17,257.79998779296875,272.0,240.60000610351562,268.32000732421875,246.7785186767578,48640
2007-10-18,270.0,276.20001220703125,248.0,264.54998779296875,243.31114196777344,80295
2007-10-19,260.0,261.9800109863281,243.60000610351562,254.9600067138672,234.4910888671875,44240
2007-10-22,230.25,245.0,230.0500030517578,240.02000427246094,220.75050354003906,45080
2007-10-23,249.0,250.0,239.1699981689453,241.0500030517578,221.69781494140625,9225
2007-10-24,250.0,251.3699951171875,233.1999969482422,238.1699981689453,219.04901123046875,46455
2007-10-25,250.0,250.0,240.39999389648438,241.36000061035156,221.98292541503906,43355
2007-10-26,253.39999389648438,279.6000061035156,245.0,256.04998779296875,235.49354553222656,172890
2007-10-29,265.0,275.20001220703125,262.0,269.2300109863281,247.6154327392578,60710
2007-10-30,278.0,278.0,262.6099853515625,266.75,245.33456420898438,35645
2007-10-31,249.0,269.79998779296875,248.4199981689453,253.72000122070312,233.35064697265625,24420
2007-11-01,263.79998779296875,269.5899963378906,242.0,246.2899932861328,226.5171356201172,89240
2007-11-02,230.6999969482422,258.0,230.6999969482422,252.47000122070312,232.20098876953125,36150
2007-11-05,257.79998779296875,292.4200134277344,257.79998779296875,275.05999755859375,252.97743225097656,128455
2007-11-06,282.79998779296875,304.0,272.1499938964844,285.8699951171875,262.9195251464844,138555
2007-11-07,293.0,300.0,272.0,277.239990234375,254.98239135742188,123135
2007-11-08,273.0,282.0,260.0400085449219,265.5199890136719,244.20327758789062,21240
2007-11-12,270.0,274.19000244140625,254.17999267578125,261.5799865722656,240.57957458496094,15045
2007-11-13,257.6000061035156,271.0,254.1999969482422,255.9600067138672,235.41079711914062,50510
2007-11-14,268.0,268.0,254.00999450683594,256.4700012207031,235.8798370361328,70720
2007-11-15,257.0,261.8999938964844,257.0,258.2300109863281,237.49859619140625,21395
2007-11-16,257.20001220703125,259.989990234375,254.1999969482422,256.2799987792969,235.70509338378906,6240
2007-11-19,266.0,270.0,258.2200012207031,266.0400085449219,244.6815643310547,192275
2007-11-20,271.3999938964844,287.9599914550781,266.0,279.0899963378906,256.68389892578125,129435
2007-11-21,273.0,288.1400146484375,270.20001220703125,276.3800048828125,254.1914520263672,116435
2007-11-22,270.3999938964844,284.0,260.20001220703125,278.739990234375,256.3619689941406,38315
2007-11-23,282.79998779296875,282.79998779296875,270.0,270.42999267578125,248.7191162109375,17900
2007-11-26,279.1600036621094,279.1600036621094,266.010009765625,267.9599914550781,246.44737243652344,23910
2007-11-27,269.0,272.0,263.0,264.4700012207031,243.2376251220703,6405
2007-11-28,266.20001220703125,268.3999938964844,258.1000061035156,261.0299987792969,240.07376098632812,263020
2007-11-29,267.6000061035156,267.6000061035156,263.0,266.0400085449219,244.6815643310547,14375
2007-11-30,264.0,269.9700012207031,262.0,267.1400146484375,245.69326782226562,10420
2007-12-03,270.0,279.0,268.8599853515625,277.30999755859375,255.04676818847656,12215
2007-12-04,282.92999267578125,283.9800109863281,271.0,272.1499938964844,250.30099487304688,21235
2007-12-05,279.2799987792969,287.0,279.25,285.6700134277344,262.7355651855469,17365
2007-12-06,298.0,299.20001220703125,275.0,280.010009765625,257.52996826171875,7870
2007-12-07,281.0,287.7699890136719,270.0,273.75,251.77255249023438,34195
2007-12-10,272.0,272.0,263.05999755859375,266.0400085449219,244.6815643310547,9525
2007-12-11,271.989990234375,272.0,265.0,265.8299865722656,244.4884033203125,4390
2007-12-12,262.0,276.79998779296875,262.0,272.07000732421875,250.2274627685547,10740
2007-12-13,263.0,285.3399963378906,263.0,281.9800109863281,259.341796875,14145
2007-12-14,279.79998779296875,285.0,272.0,278.3299865722656,255.98487854003906,17275
2007-12-17,276.79998779296875,282.0,268.20001220703125,269.8299865722656,248.16726684570312,8540
2007-12-18,271.0,293.8800048828125,268.0,284.5400085449219,261.6963195800781,28855
2007-12-19,296.0,296.0,280.0,287.6700134277344,264.5750427246094,87715
2007-12-20,292.0,292.0,276.0,287.2200012207031,264.1611328125,176750
2007-12-24,287.20001220703125,300.9599914550781,280.5,295.05999755859375,271.37176513671875,23525
2007-12-26,297.0,299.4200134277344,291.0,294.57000732421875,270.92108154296875,8650
2007-12-27,302.0,302.0,285.1000061035156,299.07000732421875,275.059814453125,9360
2007-12-28,300.0,304.6000061035156,290.25,301.0799865722656,276.9084167480469,9330
2007-12-31,306.0,328.0,296.7200012207031,314.1600036621094,288.9383544921875,162720
2008-01-01,314.0,325.0,310.0,310.7699890136719,285.8204650878906,8310
2008-01-02,317.75,317.75,296.0,305.4800109863281,280.9552307128906,3645
2008-01-03,309.0,317.3900146484375,296.0,299.5899963378906,275.53802490234375,7150
2008-01-04,300.0,305.0,294.0,297.9800109863281,274.05731201171875,4330
2008-01-07,283.1000061035156,302.0,283.1000061035156,294.6600036621094,271.00384521484375,8195
2008-01-08,299.79998779296875,300.0,284.20001220703125,285.95001220703125,262.9931640625,11765
2008-01-09,300.0,324.6600036621094,300.0,311.989990234375,286.94256591796875,79575
2008-01-10,316.0,328.9700012207031,290.20001220703125,297.82000732421875,273.91015625,25630
2008-01-11,300.0,317.5299987792969,300.0,310.04998779296875,285.1582946777344,25035
2008-01-14,321.989990234375,322.0,304.0199890136719,308.6600036621094,283.8798828125,9340
2008-01-15,310.0,319.0,302.010009765625,311.9800109863281,286.933349609375,56540
2008-01-16,310.6000061035156,327.0,298.0,323.1499938964844,297.2065734863281,87490
2008-01-17,327.0,327.0,310.0400085449219,314.44000244140625,289.19586181640625,10190
2008-01-18,310.0,311.79998779296875,290.0,306.6000061035156,281.9852294921875,64885
2008-01-21,311.0,311.0,251.1699981689453,262.6700134277344,241.58212280273438,16230
2008-01-22,239.0399932861328,271.0,210.13999938964844,234.39999389648438,215.58168029785156,417540
2008-01-23,260.0,260.0,238.0,251.58999633789062,231.3916473388672,7215
2008-01-24,259.79998779296875,271.0,250.0,252.33999633789062,232.0814208984375,69650
2008-01-25,253.0,264.6000061035156,249.0,251.4499969482422,231.2628631591797,84610
2008-01-28,249.0,258.0,246.10000610351562,250.17999267578125,230.09481811523438,81050
2008-01-29,268.0,268.0,244.0500030517578,248.3800048828125,228.43934631347656,7660
2008-01-30,244.0,279.79998779296875,244.0,245.8300018310547,226.0940399169922,7440
2008-01-31,244.0,247.4199981689453,240.02000427246094,246.25,226.48033142089844,1960
2008-02-01,247.0,248.0,243.00999450683594,246.86000061035156,227.04136657714844,3115
2008-02-04,255.99000549316406,256.0,247.97999572753906,249.8699951171875,229.80970764160156,221445
2008-02-05,249.1999969482422,250.0,244.2100067138672,246.63999938964844,226.83901977539062,3975
2008-02-06,240.00999450683594,248.0,240.00999450683594,246.52999877929688,226.73785400390625,2855
2008-02-07,250.0,250.0,242.0,242.17999267578125,222.7371063232422,7725
2008-02-08,247.97000122070312,259.5899963378906,246.0,247.77000427246094,227.87832641601562,325260
2008-02-11,260.0,260.0,240.0,245.9499969482422,226.20443725585938,190195
2008-02-12,244.0,244.0,235.00999450683594,239.9499969482422,220.68614196777344,38365
2008-02-13,240.0,260.0,227.97000122070312,239.92999267578125,220.66775512695312,148585
2008-02-14,258.79998779296875,258.79998779296875,236.0,238.72999572753906,219.56405639648438,66480
2008-02-15,238.0,239.35000610351562,229.00999450683594,235.10000610351562,216.2255096435547,1519250
2008-02-18,253.91000366210938,253.91000366210938,234.0399932861328,240.14999389648438,220.87005615234375,6285
2008-02-19,240.39999389648438,245.0,240.39999389648438,242.92999267578125,223.42686462402344,4315
2008-02-20,234.1999969482422,244.0,234.1999969482422,238.19000244140625,219.0674285888672,1060
2008-02-21,247.60000610351562,248.0,240.0,245.69000244140625,225.96530151367188,3815
2008-02-22,248.0,249.0,240.60000610351562,244.5800018310547,224.94442749023438,4450
2008-02-25,238.0,244.33999633789062,236.0,239.99000549316406,220.72291564941406,11190
2008-02-26,246.60000610351562,246.60000610351562,241.0,241.0500030517578,221.69781494140625,14210
2008-02-27,242.0,242.7899932861328,237.00999450683594,240.0,220.7321319580078,2585
2008-02-28,237.97999572753906,243.60000610351562,236.80999755859375,239.8000030517578,220.54818725585938,21810
2008-02-29,242.0,242.0,235.0,236.1300048828125,217.17279052734375,5130
2008-03-03,235.02000427246094,235.74000549316406,230.0,230.33999633789062,211.84765625,2570
2008-03-04,225.6999969482422,233.1999969482422,222.0,224.63999938964844,206.60525512695312,6755
2008-03-05,220.0,231.9499969482422,220.0,227.8000030517578,209.51156616210938,7755
2008-03-07,230.0,233.60000610351562,215.0,231.02000427246094,212.47305297851562,10045
2008-03-10,220.0,227.60000610351562,220.0,221.0,203.25747680664062,24130
2008-03-11,221.0,229.8000030517578,219.00999450683594,222.16000366210938,204.32435607910156,205305
2008-03-12,222.52000427246094,233.0,219.1999969482422,219.99000549316406,202.32859802246094,59590
2008-03-13,1099.0,1129.699951171875,1061.0,1088.5999755859375,1001.2039794921875,2172
2008-03-14,215.0,219.9499969482422,205.0500030517578,205.85000610351562,189.3237762451172,16880
2008-03-17,201.25,201.64999389648438,190.0,190.5,175.20611572265625,116233
2008-03-18,190.5,195.0,180.0,183.85000610351562,169.08999633789062,16694
2008-03-19,189.0,194.8000030517578,185.10000610351562,190.39999389648438,175.11416625976562,6876
2008-03-24,190.0,195.0,187.0,188.8000030517578,173.64260864257812,4733
2008-03-25,190.0,214.89999389648438,190.0,204.6999969482422,188.26608276367188,8447
2008-03-26,204.6999969482422,220.0,198.0,210.25,193.37051391601562,62740
2008-03-27,192.60000610351562,210.0,192.5,205.0500030517578,188.5880126953125,104179
2008-03-28,207.9499969482422,218.75,205.9499969482422,213.6999969482422,196.5435333251953,3948
2008-03-31,213.60000610351562,218.0,204.0,213.3000030517578,196.1756591796875,16942
2008-04-01,218.9499969482422,218.9499969482422,205.0,208.6999969482422,191.94496154785156,1439
2008-04-02,213.0,214.89999389648438,202.10000610351562,205.25,188.7719268798828,2102
2008-04-03,210.0,229.0,201.0,213.85000610351562,196.68150329589844,2314
2008-04-04,201.0,224.0,201.0,218.14999389648438,200.6362762451172,5558
2008-04-07,228.0,228.0,212.0,214.9499969482422,197.69320678710938,55855
2008-04-08,212.0,230.0,209.39999389648438,223.75,205.78668212890625,7856
2008-04-09,220.9499969482422,220.9499969482422,212.10000610351562,215.14999389648438,197.8771514892578,12141
2008-04-10,224.0,225.0,210.0,212.1999969482422,195.16395568847656,59189
2008-04-11,213.10000610351562,214.89999389648438,200.0,201.64999389648438,185.46096801757812,10152
2008-04-15,201.5,211.5,200.0,209.10000610351562,192.31285095214844,15853
2008-04-16,211.5,215.0,201.0,202.14999389648438,185.9208221435547,22860
2008-04-17,208.89999389648438,209.89999389648438,199.60000610351562,200.39999389648438,184.31129455566406,18617
2008-04-21,185.1999969482422,208.0,185.1999969482422,205.85000610351562,189.3237762451172,13371
2008-04-22,207.0,208.5,204.0,205.4499969482422,188.9558868408203,31376
2008-04-23,202.0,207.8000030517578,195.0,197.5,181.64414978027344,136583
2008-04-24,203.0,203.0,193.10000610351562,193.75,178.19520568847656,25135
2008-04-25,194.0500030517578,199.39999389648438,193.25,194.4499969482422,178.83897399902344,10115
2008-04-28,196.0,197.89999389648438,188.0,190.5500030517578,175.25209045410156,25644
2008-04-29,192.0,192.0,188.60000610351562,189.64999389648438,174.42433166503906,5746
2008-04-30,193.5,193.9499969482422,183.0,184.8000030517578,169.96372985839844,69863
2008-05-02,187.0,199.0,186.0500030517578,188.64999389648438,173.504638671875,210902
2008-05-05,188.0500030517578,193.8000030517578,187.0,187.35000610351562,172.3090057373047,18226
2008-05-06,193.5,193.9499969482422,182.14999389648438,183.85000610351562,169.08999633789062,33437
2008-05-07,187.3000030517578,190.5,182.14999389648438,184.35000610351562,169.54986572265625,20207
2008-05-08,180.64999389648438,187.64999389648438,180.64999389648438,183.25,168.5381622314453,4639
2008-05-09,183.5,183.8000030517578,171.10000610351562,173.5500030517578,159.6168975830078,14011
2008-05-12,170.0,176.8000030517578,165.0500030517578,169.8000030517578,156.16798400878906,10307
2008-05-13,175.9499969482422,175.9499969482422,156.25,163.5,150.37374877929688,18875
2008-05-14,164.0,165.89999389648438,160.0,161.0500030517578,148.12045288085938,19988
2008-05-15,169.0,186.60000610351562,160.0,176.3000030517578,162.14613342285156,83139
2008-05-16,180.0,180.0,170.14999389648438,172.5,158.65121459960938,34899
2008-05-20,170.9499969482422,181.0,170.9499969482422,176.64999389648438,162.46803283691406,20927
2008-05-21,175.0,186.8000030517578,175.0,180.6999969482422,166.19287109375,51148
2008-05-22,179.0,181.9499969482422,174.1999969482422,175.3000030517578,161.22642517089844,4092
2008-05-23,176.0,179.60000610351562,170.10000610351562,172.4499969482422,158.605224609375,10762
2008-05-26,168.9499969482422,173.5,166.5,172.35000610351562,158.51324462890625,6402
2008-05-27,179.5,179.5,165.5,170.9499969482422,157.2256317138672,17612
2008-05-28,176.14999389648438,199.8000030517578,169.0,173.10000610351562,159.2030487060547,47141
2008-05-29,179.0,179.0,170.0,175.1999969482422,161.1344451904297,79371
2008-05-30,174.0500030517578,178.0,170.0,170.6999969482422,156.99571228027344,5997
2008-06-02,171.0,175.0,160.0,164.1999969482422,151.01754760742188,10390
2008-06-03,160.5,163.0,156.0,158.6999969482422,145.95912170410156,15029
2008-06-04,159.0,162.89999389648438,157.10000610351562,159.4499969482422,146.6488800048828,5535
2008-06-05,159.0,165.0,158.0,162.0,148.99420166015625,11378
2008-06-06,162.0,166.25,155.10000610351562,157.0500030517578,144.4415740966797,4874
2008-06-09,147.9499969482422,161.0,145.0,149.5,137.49771118164062,8846
2008-06-10,155.0,157.0,151.64999389648438,155.25,142.7860870361328,10225
2008-06-11,156.0,162.5,156.0,158.4499969482422,145.72918701171875,118704
2008-06-12,158.8000030517578,163.0,155.0,162.14999389648438,149.13211059570312,8153
2008-06-13,163.0,163.0,158.0,160.4499969482422,147.56861877441406,37176
2008-06-16,164.25,165.8000030517578,160.0,164.64999389648438,151.43142700195312,7987
2008-06-17,162.0,174.0,162.0,171.89999389648438,158.09938049316406,5778
2008-06-18,178.0,178.89999389648438,169.35000610351562,170.1999969482422,156.5358428955078,5613
2008-06-19,169.9499969482422,171.89999389648438,163.5500030517578,170.1999969482422,156.5358428955078,3484
2008-06-20,173.39999389648438,173.39999389648438,161.10000610351562,163.5,150.37374877929688,11763
2008-06-23,167.5,167.89999389648438,155.0,156.35000610351562,143.79779052734375,5610
2008-06-24,153.0,159.0,151.10000610351562,154.85000610351562,142.418212890625,6285
2008-06-25,140.10000610351562,160.0,140.10000610351562,157.64999389648438,144.99339294433594,5175
2008-06-26,162.0,163.6999969482422,157.14999389648438,159.5,146.6948699951172,5371
2008-06-27,152.0,157.0,146.5500030517578,156.3000030517578,143.75180053710938,8155
2008-06-30,156.9499969482422,160.0,147.1999969482422,150.60000610351562,138.5093994140625,10177
2008-07-01,149.0,149.5,132.0500030517578,134.5500030517578,123.7479476928711,12115
2008-07-02,131.25,134.89999389648438,124.0,133.5500030517578,122.82823181152344,10219
2008-07-03,135.14999389648438,144.0,131.0500030517578,136.39999389648438,125.44943237304688,18407
2008-07-04,134.9499969482422,145.9499969482422,133.5,140.4499969482422,129.1742706298828,4370
2008-07-07,144.0,148.8000030517578,136.35000610351562,141.1999969482422,129.8640594482422,2658
2008-07-08,136.0500030517578,143.0,128.10000610351562,139.14999389648438,127.9786148071289,5646
2008-07-09,152.0,152.0,140.10000610351562,145.4499969482422,133.77285766601562,4634
2008-07-10,147.60000610351562,151.0,141.25,150.0,137.95755004882812,13521
2008-07-11,151.39999389648438,151.85000610351562,141.0,145.8000030517578,134.09475708007812,2986
2008-07-14,146.0,148.0,134.5500030517578,139.0,127.84070587158203,6856
2008-07-15,140.0,140.9499969482422,130.0,130.60000610351562,120.11507415771484,6155
2008-07-16,132.0,134.4499969482422,129.10000610351562,129.9499969482422,119.5172348022461,5576
2008-07-17,135.0,141.0,128.39999389648438,134.14999389648438,123.38005828857422,9646
2008-07-18,133.0,145.0,131.5,137.0,126.00125885009766,3206
2008-07-21,135.10000610351562,139.5,133.0,136.4499969482422,125.49539184570312,2938
2008-07-22,137.60000610351562,149.6999969482422,137.60000610351562,143.4499969482422,131.9334259033203,23765
2008-07-23,150.0,150.0,135.0,136.1999969482422,125.26546478271484,76761
2008-07-24,140.0,145.89999389648438,130.0,130.25,119.79315185546875,46448
2008-07-25,130.0,132.0,128.10000610351562,129.60000610351562,119.1953353881836,13393
2008-07-28,132.0,137.64999389648438,121.94999694824219,123.8499984741211,113.90697479248047,40802
2008-07-29,124.0,125.0,110.55000305175781,114.94999694824219,105.72148132324219,66102
2008-07-30,116.0,116.0,110.0,112.55000305175781,103.51416778564453,39084
2008-07-31,115.9000015258789,118.0,110.0,112.9000015258789,103.83607482910156,24779
2008-08-01,111.0,115.0,111.0,111.5999984741211,102.64043426513672,37033
2008-08-04,115.0,116.8499984741211,113.0,114.6500015258789,105.44556427001953,32340
2008-08-05,115.0,116.0,113.0,114.1500015258789,104.9857177734375,29967
2008-08-06,116.9000015258789,125.0,116.9000015258789,120.9000015258789,111.19380950927734,383559
2008-08-07,121.30000305175781,124.0,118.05000305175781,119.1500015258789,109.58428955078125,61459
2008-08-08,119.75,121.0,115.0,115.80000305175781,106.50324249267578,49701
2008-08-11,116.9000015258789,127.0999984741211,116.0,122.55000305175781,112.71134185791016,189486
2008-08-12,124.5,130.1999969482422,122.0999984741211,126.1500015258789,117.3630599975586,120573
2008-08-13,123.0,131.0,122.0,127.0,118.15385437011719,139373
2008-08-14,128.75,128.75,120.0,120.4000015258789,112.01356506347656,103976
2008-08-18,120.4000015258789,121.5,115.80000305175781,117.05000305175781,108.89691925048828,22675
2008-08-19,117.5999984741211,118.94999694824219,113.19999694824219,113.80000305175781,105.873291015625,34039
2008-08-20,115.8499984741211,118.80000305175781,113.5,114.3499984741211,106.38497161865234,38235
2008-08-21,113.19999694824219,115.0,110.25,111.9000015258789,104.10564422607422,34259
2008-08-22,111.5999984741211,111.5999984741211,109.0,110.0,102.3379898071289,128192
2008-08-25,110.5,113.6500015258789,110.5,112.80000305175781,104.94295501708984,9103
2008-08-26,112.5,112.5,108.69999694824219,110.30000305175781,102.61708068847656,13333
2008-08-27,111.80000305175781,113.0,110.05000305175781,111.4000015258789,103.64047241210938,14423
2008-08-28,111.8499984741211,112.5,108.9000015258789,109.1500015258789,101.54718780517578,7854
2008-08-29,110.0999984741211,112.4000015258789,109.4000015258789,110.1500015258789,102.4775390625,51654
2008-09-01,109.94999694824219,111.9000015258789,108.4000015258789,109.05000305175781,101.45416259765625,16426
2008-09-02,109.94999694824219,118.0,109.55000305175781,115.44999694824219,107.40836334228516,58525
2008-09-04,116.0,118.0,112.5,115.6500015258789,107.59442901611328,14383
2008-09-05,116.0,116.0,111.1500015258789,112.5,104.6638412475586,16290
2008-09-08,114.0,118.0,113.0,113.5,105.59418487548828,20507
2008-09-09,113.94999694824219,114.0,109.05000305175781,110.94999694824219,103.22180938720703,13519
2008-09-10,110.1500015258789,112.80000305175781,108.0,108.44999694824219,100.89593505859375,28745
2008-09-11,106.80000305175781,109.9000015258789,106.0,106.44999694824219,99.0352554321289,14667
2008-09-12,108.0,108.75,105.05000305175781,105.9000015258789,98.5235595703125,13991
2008-09-15,105.0,105.0,95.30000305175781,97.55000305175781,90.75518798828125,29602
2008-09-16,93.0999984741211,97.69999694824219,93.05000305175781,96.5,89.77832794189453,12927
2008-09-17,102.5999984741211,102.5999984741211,92.5,92.5,86.05693817138672,284665
2008-09-18,90.0999984741211,92.9000015258789,86.19999694824219,90.69999694824219,84.38232421875,13708
2008-09-19,97.80000305175781,97.80000305175781,91.05000305175781,92.1500015258789,85.7313232421875,7141
2008-09-22,95.94999694824219,98.0,92.05000305175781,92.94999694824219,86.47559356689453,9634
2008-09-23,90.05000305175781,94.5999984741211,90.0,92.9000015258789,86.4290771484375,10377
2008-09-24,95.80000305175781,99.0,89.05000305175781,89.9000015258789,83.6380386352539,1904805
2008-09-25,93.0,93.0,89.05000305175781,91.4000015258789,85.03355407714844,10200
2008-09-26,95.94999694824219,95.94999694824219,86.30000305175781,87.5,81.40521240234375,86132
2008-09-29,86.0,88.69999694824219,76.25,79.55000305175781,74.00897216796875,17438
2008-09-30,75.0999984741211,79.0,67.05000305175781,73.19999694824219,68.10128021240234,66302
2008-10-01,77.75,77.80000305175781,70.5,73.5,68.38037872314453,63046
2008-10-03,72.5,73.0,70.0,71.30000305175781,66.33362579345703,23458
2008-10-06,71.0,71.0,61.25,64.94999694824219,60.425926208496094,45043
2008-10-07,65.25,68.0,62.0,64.6500015258789,60.146827697753906,11725
2008-10-08,63.900001525878906,65.44999694824219,60.0,63.150001525878906,58.751312255859375,13150
2008-10-10,60.0,62.95000076293945,55.0,55.25,51.40157699584961,27544
2008-10-13,58.099998474121094,63.900001525878906,50.150001525878906,52.599998474121094,48.936161041259766,71453
2008-10-14,59.45000076293945,59.70000076293945,55.04999923706055,56.29999923706055,52.378440856933594,37832
2008-10-15,57.900001525878906,57.900001525878906,52.0,52.400001525878906,48.75009536743164,18711
2008-10-16,50.70000076293945,53.70000076293945,48.0,51.599998474121094,48.00581741333008,12921
2008-10-17,50.0,56.95000076293945,50.0,50.849998474121094,47.30805587768555,12376
2008-10-20,57.599998474121094,57.599998474121094,49.0,52.349998474121094,48.70357131958008,248202
2008-10-21,52.75,56.5,51.54999923706055,53.79999923706055,50.052574157714844,92798
2008-10-22,46.79999923706055,56.79999923706055,46.79999923706055,53.04999923706055,49.35481262207031,31749
2008-10-23,47.54999923706055,52.900001525878906,47.54999923706055,49.0,45.586917877197266,15043
2008-10-24,50.0,52.0,43.95000076293945,44.349998474121094,41.26081085205078,24626
2008-10-27,39.20000076293945,52.900001525878906,39.20000076293945,44.900001525878906,41.77250289916992,32002
2008-10-29,50.0,51.900001525878906,42.5,43.0,40.004852294921875,20422
2008-10-31,48.95000076293945,48.95000076293945,38.04999923706055,39.20000076293945,36.46953582763672,48926
2008-11-03,41.0,44.79999923706055,39.0,40.0,37.213809967041016,133426
2008-11-04,41.400001525878906,41.849998474121094,39.900001525878906,40.20000076293945,37.399879455566406,83688
2008-11-05,41.95000076293945,43.0,39.29999923706055,40.400001525878906,37.58595657348633,162717
2008-11-06,38.0,40.0,37.0,38.849998474121094,36.14391326904297,16512
2008-11-07,38.099998474121094,45.25,38.099998474121094,42.0,39.074501037597656,45933
2008-11-10,45.900001525878906,48.20000076293945,41.54999923706055,44.95000076293945,41.81901931762695,70159
2008-11-11,43.650001525878906,44.95000076293945,37.79999923706055,38.70000076293945,36.004364013671875,62177
2008-11-12,39.75,42.0,38.54999923706055,39.45000076293945,36.702125549316406,57126
2008-11-14,41.0,41.900001525878906,38.5,39.400001525878906,36.65560531616211,27971
2008-11-17,40.0,40.5,37.900001525878906,39.400001525878906,36.65560531616211,18398
2008-11-18,37.5,39.0,36.45000076293945,37.0,34.422767639160156,34930
2008-11-19,38.5,38.900001525878906,36.099998474121094,36.599998474121094,34.05064010620117,8468
2008-11-20,35.099998474121094,37.0,35.0,35.650001525878906,33.166812896728516,13317
2008-11-21,34.04999923706055,36.5,33.5,33.95000076293945,31.585224151611328,36219
2008-11-24,34.45000076293945,34.45000076293945,32.5,33.95000076293945,31.585224151611328,28632
2008-11-25,35.79999923706055,36.5,32.54999923706055,32.849998474121094,30.561838150024414,18099
2008-11-26,33.0,33.0,32.0,32.54999923706055,30.28273582458496,9974
2008-11-28,32.0,35.0,32.0,32.25,30.003639221191406,6325
2008-12-01,32.0,32.04999923706055,30.100000381469727,31.450000762939453,29.25935935974121,23095
2008-12-02,30.0,31.850000381469727,29.549999237060547,30.0,27.910362243652344,28476
2008-12-03,30.0,32.0,29.5,29.850000381469727,27.77080726623535,35407
2008-12-04,30.0,31.200000762939453,29.549999237060547,30.0,27.910362243652344,308679
2008-12-05,30.100000381469727,30.100000381469727,28.549999237060547,28.899999618530273,26.88697624206543,40349
2008-12-08,31.0,31.0,28.5,29.100000381469727,27.073049545288086,25154
2008-12-10,31.549999237060547,31.549999237060547,29.5,30.0,27.910362243652344,40695
2008-12-11,30.0,35.0,29.049999237060547,33.849998474121094,31.492185592651367,365236
2008-12-12,33.5,36.25,30.0,34.25,31.864328384399414,256184
2008-12-15,35.599998474121094,37.900001525878906,35.099998474121094,36.04999923706055,33.5389404296875,144332
2008-12-16,36.0,42.04999923706055,35.54999923706055,40.900001525878906,38.051124572753906,522619
2008-12-17,42.400001525878906,42.400001525878906,38.150001525878906,38.25,35.58570861816406,120095
2008-12-18,39.599998474121094,39.650001525878906,37.099998474121094,38.29999923706055,35.63222122192383,128382
2008-12-19,38.5,42.150001525878906,38.29999923706055,41.349998474121094,38.469783782958984,816998
2008-12-22,43.04999923706055,43.900001525878906,41.150001525878906,41.45000076293945,38.56281661987305,308257
2008-12-23,41.900001525878906,41.95000076293945,38.0,38.29999923706055,35.63222122192383,169871
2008-12-24,37.900001525878906,38.25,36.900001525878906,37.599998474121094,34.98097610473633,45151
2008-12-26,39.150001525878906,40.70000076293945,38.0,39.099998474121094,36.37649917602539,121504
2008-12-29,39.5,39.5,36.54999923706055,38.04999923706055,35.39964294433594,115936
2008-12-30,39.0,40.0,38.25,38.900001525878906,36.190433502197266,103568
2008-12-31,39.0,39.95000076293945,38.5,38.849998474121094,36.14391326904297,83651
2009-01-02,43.400001525878906,44.849998474121094,41.599998474121094,42.0,39.074501037597656,241113
2009-01-05,42.099998474121094,45.0,42.0,44.150001525878906,41.074745178222656,114442
2009-01-06,44.0,44.599998474121094,41.349998474121094,42.599998474121094,39.63270568847656,94416
2009-01-07,43.20000076293945,51.099998474121094,36.150001525878906,38.95000076293945,36.2369499206543,224216
2009-01-09,37.5,40.5,36.29999923706055,38.04999923706055,35.39964294433594,62129
2009-01-12,38.04999923706055,39.849998474121094,36.849998474121094,37.349998474121094,34.74839782714844,39096
2009-01-13,37.95000076293945,38.849998474121094,35.54999923706055,36.20000076293945,33.67850112915039,25394
2009-01-14,37.400001525878906,38.650001525878906,35.29999923706055,35.849998474121094,33.352874755859375,31905
2009-01-15,36.79999923706055,36.79999923706055,33.20000076293945,33.849998474121094,31.492185592651367,48262
2009-01-16,35.849998474121094,36.20000076293945,32.0,33.29999923706055,30.98049545288086,104717
2009-01-19,33.0,34.0,31.799999237060547,33.099998474121094,30.7944278717041,36346
2009-01-20,33.79999923706055,39.0,32.20000076293945,32.79999923706055,30.515321731567383,48268
2009-01-21,33.04999923706055,34.75,31.649999618530273,32.0,29.77105140686035,51424
2009-01-22,32.5,33.0,28.799999237060547,29.25,27.21259880065918,103949
2009-01-23,29.850000381469727,32.400001525878906,27.399999618530273,30.700000762939453,28.561601638793945,120674
2009-01-27,31.0,31.5,30.100000381469727,31.0,28.84070587158203,48375
2009-01-28,31.350000381469727,31.799999237060547,29.149999618530273,30.100000381469727,28.00339126586914,45937
2009-01-29,30.399999618530273,31.0,29.200000762939453,29.549999237060547,27.491703033447266,40991
2009-01-30,28.25,30.799999237060547,27.5,27.850000381469727,25.910118103027344,116389
2009-02-02,27.600000381469727,31.0,27.600000381469727,28.950000762939453,26.933494567871094,85917
2009-02-03,29.350000381469727,30.0,28.0,28.200000762939453,26.23573875427246,57460
2009-02-04,28.399999618530273,29.450000762939453,27.799999237060547,28.0,26.049667358398438,95226
2009-02-05,28.200000762939453,28.950000762939453,27.75,28.049999237060547,26.09618377685547,50249
2009-02-06,29.0,30.899999618530273,28.049999237060547,29.649999618530273,27.58473777770996,252703
2009-02-09,30.0,30.950000762939453,30.0,30.299999237060547,28.18946075439453,102520
2009-02-10,30.950000762939453,32.20000076293945,30.950000762939453,31.25,29.07328987121582,253391
2009-02-11,30.549999237060547,31.700000762939453,29.200000762939453,31.25,29.07328987121582,78572
2009-02-12,31.399999618530273,32.75,31.049999237060547,31.299999237060547,29.11980628967285,219401
2009-02-13,31.25,32.25,31.25,31.75,29.538463592529297,46306
2009-02-16,31.799999237060547,31.799999237060547,30.5,30.700000762939453,28.561601638793945,46013
2009-02-17,30.0,30.0,28.649999618530273,28.850000381469727,26.84046173095703,37618
2009-02-18,28.0,29.450000762939453,27.649999618530273,28.549999237060547,26.561355590820312,23610
2009-02-19,28.25,29.5,28.149999618530273,28.25,26.28225326538086,55093
2009-02-20,28.0,28.700000762939453,27.0,28.399999618530273,26.42180633544922,19097
2009-02-24,27.0,28.899999618530273,27.0,28.700000762939453,26.700912475585938,31856
2009-02-25,28.75,29.850000381469727,28.75,29.350000381469727,27.305635452270508,50965
2009-02-26,29.700000762939453,29.700000762939453,29.0,29.25,27.21259880065918,17303
2009-02-27,29.0,29.700000762939453,28.299999237060547,28.5,26.514841079711914,123078
2009-03-02,28.649999618530273,28.700000762939453,27.649999618530273,28.5,26.514841079711914,17924
2009-03-03,28.100000381469727,31.600000381469727,28.049999237060547,29.649999618530273,27.58473777770996,74125
2009-03-04,30.049999237060547,30.25,28.5,29.049999237060547,27.026531219482422,31890
2009-03-05,29.049999237060547,29.600000381469727,27.5,27.649999618530273,25.72404670715332,70457
2009-03-06,26.850000381469727,28.0,26.850000381469727,27.899999618530273,25.956634521484375,24546
2009-03-09,27.0,28.0,23.299999237060547,26.399999618530273,24.561113357543945,53939
2009-03-12,26.5,27.399999618530273,26.0,26.100000381469727,24.282012939453125,68634
2009-03-13,29.799999237060547,31.350000381469727,27.799999237060547,28.25,26.28225326538086,762229
2009-03-16,28.5,29.450000762939453,28.0,28.399999618530273,26.42180633544922,194522
2009-03-17,28.5,29.649999618530273,27.25,27.649999618530273,25.72404670715332,344821
2009-03-18,28.0,30.0,28.0,28.700000762939453,26.700912475585938,358825
2009-03-19,29.25,30.0,27.600000381469727,27.950000762939453,26.00315284729004,387517
2009-03-20,28.25,28.649999618530273,27.799999237060547,28.25,26.28225326538086,111571
2009-03-23,28.0,29.399999618530273,27.75,28.700000762939453,26.700912475585938,172317
2009-03-24,29.0,30.0,28.600000381469727,28.950000762939453,26.933494567871094,206122
2009-03-25,29.600000381469727,29.700000762939453,28.700000762939453,29.0,26.980012893676758,199139
2009-03-26,29.5,31.5,28.549999237060547,28.850000381469727,26.84046173095703,489545
2009-03-27,29.0,32.5,28.799999237060547,31.399999618530273,29.212841033935547,637285
2009-03-30,32.0,33.45000076293945,30.200000762939453,31.149999618530273,28.980257034301758,630988
2009-03-31,31.25,32.75,30.799999237060547,31.149999618530273,28.980257034301758,211670
2009-04-01,31.5,36.20000076293945,30.75,35.349998474121094,32.88770294189453,1207465
2009-04-02,37.599998474121094,41.400001525878906,36.0,40.20000076293945,37.399879455566406,2295757
2009-04-06,41.70000076293945,43.0,39.5,40.599998474121094,37.77201843261719,1222564
2009-04-08,38.54999923706055,48.75,38.0,47.70000076293945,44.37747573852539,1863088
2009-04-09,49.25,50.0,44.650001525878906,45.70000076293945,42.51677703857422,1503275
2009-04-13,49.79999923706055,50.0,46.400001525878906,48.29999923706055,44.93567657470703,983400
2009-04-15,49.400001525878906,53.150001525878906,46.599998474121094,53.099998474121094,49.40133285522461,1744217
2009-04-16,56.0,58.45000076293945,51.599998474121094,52.400001525878906,48.75009536743164,1381209
2009-04-17,54.0,54.70000076293945,50.79999923706055,51.79999923706055,48.191890716552734,540578
2009-04-20,52.79999923706055,52.79999923706055,50.04999923706055,50.54999923706055,47.02894973754883,223875
2009-04-21,50.0,55.650001525878906,48.650001525878906,55.45000076293945,51.587650299072266,1625598
2009-04-22,57.70000076293945,57.70000076293945,51.400001525878906,53.349998474121094,49.6339225769043,1289131
2009-04-23,54.5,56.5,52.0,53.900001525878906,50.14561080932617,501738
2009-04-24,53.599998474121094,56.400001525878906,53.099998474121094,53.79999923706055,50.052574157714844,305006
2009-04-27,53.54999923706055,54.400001525878906,51.099998474121094,51.70000076293945,48.09885787963867,235103
2009-04-28,51.0,53.75,50.0,50.150001525878906,46.656822204589844,379178
2009-04-29,49.0,52.0,49.0,51.04999923706055,47.49412536621094,217604
2009-04-30,51.0,51.0,51.0,51.0,47.447608947753906,0
2009-05-04,52.0,53.0,51.0,52.099998474121094,48.470985412597656,139874
2009-05-05,52.900001525878906,55.650001525878906,51.599998474121094,52.54999923706055,48.889644622802734,412683
2009-05-06,53.099998474121094,54.75,51.400001525878906,51.70000076293945,48.09885787963867,240101
2009-05-07,52.79999923706055,54.5,51.0,53.79999923706055,50.052574157714844,280753
2009-05-08,54.0,59.75,53.5,57.099998474121094,53.122711181640625,1153276
2009-05-11,58.70000076293945,58.900001525878906,53.29999923706055,54.0,50.238643646240234,347739
2009-05-12,54.5,54.849998474121094,52.70000076293945,54.599998474121094,50.796852111816406,177125
2009-05-13,55.5,55.5,52.5,52.900001525878906,49.215267181396484,247805
2009-05-14,51.599998474121094,56.400001525878906,50.29999923706055,55.349998474121094,51.49460983276367,644028
2009-05-15,56.900001525878906,57.70000076293945,53.54999923706055,54.349998474121094,50.56426239013672,626628
2009-05-18,60.0,62.5,60.0,61.650001525878906,57.35579299926758,2971
2009-05-19,64.0,74.0,53.599998474121094,72.0,66.98486328125,1952866
2009-05-20,72.0,81.4000015258789,71.5,74.75,69.54330444335938,1377953
2009-05-21,75.0,79.80000305175781,73.6500015258789,74.5999984741211,69.40376281738281,655022
2009-05-22,75.4000015258789,79.0,74.0,77.55000305175781,72.14826965332031,793259
2009-05-25,79.3499984741211,85.3499984741211,78.0999984741211,85.3499984741211,79.40496826171875,511538
2009-05-26,87.19999694824219,93.55000305175781,84.0,89.05000305175781,82.84725189208984,1155104
2009-05-27,90.75,98.0,89.25,95.75,89.08055877685547,922480
2009-05-28,96.5,99.9000015258789,92.5,96.3499984741211,89.63876342773438,1243651
2009-05-29,97.80000305175781,97.80000305175781,93.0,95.05000305175781,88.4293212890625,591714
2009-06-01,96.0,99.0,94.0,94.1500015258789,87.59201049804688,388951
2009-06-02,96.0,96.0,89.44999694824219,90.55000305175781,84.2427749633789,411926
2009-06-03,92.4000015258789,92.6500015258789,86.05000305175781,86.3499984741211,80.33531188964844,573684
2009-06-04,85.0,90.6500015258789,85.0,89.80000305175781,83.54500579833984,816681
2009-06-05,91.0,92.0,87.4000015258789,90.0,83.7310791015625,503273
2009-06-08,91.5,91.5,85.5,85.5,79.54452514648438,734513
2009-06-09,82.25,87.30000305175781,81.25,85.55000305175781,79.5910415649414,194206
2009-06-10,87.25,88.25,84.0,85.0,79.07935333251953,169459
2009-06-11,84.5,85.5,81.0,84.05000305175781,78.19551849365234,245958
2009-06-12,85.0,86.8499984741211,79.8499984741211,80.8499984741211,75.21841430664062,159895
2009-06-15,80.0,81.0,76.8499984741211,76.9000015258789,71.5435562133789,62200
2009-06-16,75.0,80.75,73.25,79.6500015258789,74.10200500488281,196221
2009-06-17,80.5,82.0,75.69999694824219,75.75,70.4736557006836,63442
2009-06-18,74.5,76.0,72.0,72.25,67.21746063232422,90145
2009-06-19,73.0,73.9000015258789,68.6500015258789,72.05000305175781,67.0313949584961,170211
2009-06-22,73.5,75.5,70.0,70.75,65.82192993164062,103179
2009-06-23,69.94999694824219,74.30000305175781,67.5,72.0,66.98486328125,174001
2009-06-24,73.9000015258789,74.9000015258789,72.0,73.6500015258789,68.51993560791016,90989
2009-06-25,74.75,77.3499984741211,74.3499984741211,77.30000305175781,71.91569519042969,201812
2009-06-26,80.0,81.19999694824219,75.6500015258789,81.19999694824219,75.54403686523438,209103
2009-06-29,83.9000015258789,85.30000305175781,82.5,85.19999694824219,79.26541137695312,206790
2009-06-30,89.5,89.5,81.0,82.19999694824219,76.47437286376953,378098
2009-07-01,83.6500015258789,86.0,80.0,81.5,75.8231430053711,183981
2009-07-02,82.80000305175781,85.5999984741211,81.19999694824219,83.94999694824219,78.10247802734375,280957
2009-07-03,83.0,85.9000015258789,83.0,84.75,78.84676361083984,166799
2009-07-06,85.0,87.25,80.55000305175781,80.55000305175781,74.93931579589844,196808
2009-07-07,80.0,83.0,75.0,75.6500015258789,70.380615234375,199337
2009-07-08,75.6500015258789,75.69999694824219,70.0,72.94999694824219,67.86868286132812,129415
2009-07-09,73.25,76.9000015258789,67.0,74.55000305175781,69.35723876953125,121078
2009-07-10,74.6500015258789,78.0,71.05000305175781,72.94999694824219,67.86868286132812,122862
2009-07-13,71.0,75.0,67.55000305175781,71.5999984741211,66.61273193359375,129337
2009-07-14,73.0,75.0,72.5999984741211,73.4000015258789,68.28734588623047,90671
2009-07-15,74.6500015258789,80.75,73.19999694824219,80.5,74.89279174804688,283915
2009-07-16,81.94999694824219,87.94999694824219,78.30000305175781,85.6500015258789,79.68407440185547,443431
2009-07-17,88.0,88.0,83.80000305175781,84.5,78.61418151855469,385041
2009-07-20,86.0,87.94999694824219,82.5,85.9000015258789,79.91665649414062,229702
2009-07-21,85.05000305175781,85.75,83.0,84.05000305175781,78.19551849365234,78997
2009-07-22,84.5999984741211,89.25,83.4000015258789,85.05000305175781,79.1258773803711,363170
2009-07-23,86.0,89.0,85.5,88.1500015258789,82.00993347167969,358219
2009-07-24,89.5,89.8499984741211,85.30000305175781,86.44999694824219,80.42835235595703,310336
2009-07-27,88.0,91.8499984741211,87.80000305175781,90.6500015258789,84.33580017089844,2225556
2009-07-28,90.75,90.75,88.25,89.55000305175781,83.31243133544922,679501
2009-07-29,88.9000015258789,89.9000015258789,85.25,87.19999694824219,81.1261215209961,373840
2009-07-30,87.0,88.5,85.94999694824219,86.5999984741211,80.5678939819336,81118
2009-07-31,86.0,89.9000015258789,86.0,87.55000305175781,81.45172882080078,551740
2009-08-03,87.5,90.0,86.30000305175781,89.5,83.26589965820312,490262
2009-08-04,89.44999694824219,89.44999694824219,86.5,86.94999694824219,80.89352416992188,116185
2009-08-05,87.5,87.80000305175781,85.5,86.1500015258789,80.14924621582031,100245
2009-08-06,86.0,89.75,83.19999694824219,83.9000015258789,78.05596923828125,227467
2009-08-07,83.0,89.0,82.19999694824219,82.94999694824219,77.1721420288086,573422
2009-08-10,84.0,85.4000015258789,79.0999984741211,80.1500015258789,74.56716918945312,77603
2009-08-11,80.69999694824219,82.0,77.55000305175781,78.05000305175781,72.61344146728516,89124
2009-08-12,78.0,85.0,76.55000305175781,79.0,73.49727630615234,181979
2009-08-13,80.0999984741211,83.5,79.25,82.30000305175781,77.94879150390625,208932
2009-08-14,82.30000305175781,86.8499984741211,82.30000305175781,83.55000305175781,79.1327133178711,967083
2009-08-17,82.0,84.0,78.5,81.3499984741211,77.04901123046875,184776
2009-08-18,81.69999694824219,84.19999694824219,79.5,80.5999984741211,76.33866882324219,191869
2009-08-19,81.4000015258789,83.1500015258789,80.5999984741211,81.0,76.71753692626953,165840
2009-08-20,82.0,85.9000015258789,81.0,83.69999694824219,79.27476501464844,559653
2009-08-21,84.44999694824219,92.0,83.3499984741211,90.3499984741211,85.57317352294922,1171576
2009-08-24,90.0,95.25,90.0,93.19999694824219,88.27250671386719,1309504
2009-08-25,93.0,96.80000305175781,92.0,95.69999694824219,90.64031982421875,1637426
2009-08-26,98.0,105.30000305175781,95.9000015258789,104.75,99.21185302734375,4060650
2009-08-27,105.0,106.44999694824219,99.55000305175781,100.30000305175781,94.99713897705078,1414387
2009-08-28,101.5,102.80000305175781,98.05000305175781,99.9000015258789,94.61827850341797,874818
2009-08-31,99.9000015258789,99.9000015258789,96.55000305175781,97.19999694824219,92.06101989746094,406986
2009-09-01,98.19999694824219,102.0999984741211,97.55000305175781,99.8499984741211,94.57091522216797,915055
2009-09-02,99.05000305175781,99.94999694824219,94.9000015258789,94.9000015258789,89.88262939453125,453043
2009-09-03,95.5,97.0,90.1500015258789,90.30000305175781,85.52583312988281,682134
2009-09-04,91.0,92.4000015258789,88.0999984741211,91.30000305175781,86.47296142578125,323346
2009-09-07,93.0,95.9000015258789,93.0,95.9000015258789,90.82975006103516,571230
2009-09-08,96.0,99.0,94.0999984741211,94.5999984741211,89.59848022460938,510685
2009-09-09,94.0,97.0,92.9000015258789,93.80000305175781,88.8407974243164,373019
2009-09-10,94.25,96.8499984741211,90.55000305175781,91.8499984741211,86.9938735961914,290692
2009-09-11,93.0,94.3499984741211,90.0999984741211,91.19999694824219,86.37824249267578,1043029
2009-09-14,91.30000305175781,94.69999694824219,88.0999984741211,92.94999694824219,88.03572082519531,483486
2009-09-15,93.94999694824219,94.55000305175781,92.0,93.0999984741211,88.17779541015625,168478
2009-09-16,94.5,94.9000015258789,92.0,93.0,88.08307647705078,168390
2009-09-17,94.0,94.9000015258789,90.25,93.5,88.556640625,432137
2009-09-18,93.0,94.0,91.0,91.5,86.66238403320312,174349
2009-09-22,92.4000015258789,93.69999694824219,90.5999984741211,91.44999694824219,86.61502838134766,335396
2009-09-23,92.0,93.19999694824219,91.25,91.80000305175781,86.94652557373047,438283
2009-09-24,90.0999984741211,91.9000015258789,90.0999984741211,90.9000015258789,86.0941162109375,196153
2009-09-25,90.0,94.94999694824219,89.0999984741211,89.75,85.00491333007812,312572
2009-09-29,91.05000305175781,92.30000305175781,89.80000305175781,91.0999984741211,86.28353118896484,237764
2009-09-30,91.0,93.5,90.5,92.5,87.60951232910156,239008
2009-10-01,92.5,95.5,92.05000305175781,93.5999984741211,88.65135192871094,631073
2009-10-05,93.0,95.94999694824219,90.0,93.75,88.79342651367188,562417
2009-10-06,94.5,97.69999694824219,90.0999984741211,96.05000305175781,90.9718246459961,505484
2009-10-07,97.0,99.55000305175781,96.5,97.69999694824219,92.53458404541016,982487
2009-10-08,98.0999984741211,99.0,95.0999984741211,98.30000305175781,93.10287475585938,358635
2009-10-09,99.44999694824219,101.19999694824219,96.6500015258789,98.8499984741211,93.62378692626953,867198
2009-10-12,99.5,101.44999694824219,98.0,100.44999694824219,95.13919067382812,695165
2009-10-13,100.94999694824219,100.94999694824219,100.94999694824219,100.94999694824219,95.61276245117188,0
2009-10-14,101.0,103.5,99.0999984741211,102.94999694824219,97.50701904296875,724298
2009-10-15,103.5,104.5,99.55000305175781,100.0,94.7129898071289,666690
2009-10-16,101.0,101.94999694824219,98.80000305175781,99.25,94.00263214111328,185707
2009-10-20,101.0,101.5,99.3499984741211,100.8499984741211,95.51805114746094,190054
2009-10-21,100.8499984741211,101.4000015258789,98.0999984741211,99.55000305175781,94.28678131103516,135305
2009-10-22,99.0,99.75,97.0,98.55000305175781,93.33964538574219,138298
2009-10-23,99.05000305175781,103.5,98.5,103.25,97.7911605834961,592921
2009-10-26,104.25,104.5,99.0,100.8499984741211,95.51805114746094,275717
2009-10-27,102.0,103.75,95.8499984741211,96.25,91.1612548828125,708254
2009-10-28,97.5999984741211,97.5999984741211,91.44999694824219,91.69999694824219,86.851806640625,214696
2009-10-29,90.0,91.44999694824219,87.1500015258789,87.4000015258789,82.77915954589844,140714
2009-10-30,89.4000015258789,90.75,83.05000305175781,83.05000305175781,78.65914154052734,339347
2009-11-03,83.1500015258789,83.1500015258789,78.9000015258789,80.69999694824219,76.43338012695312,454586
2009-11-04,81.0,81.8499984741211,76.69999694824219,78.44999694824219,74.3023452758789,460555
2009-11-05,78.0,81.69999694824219,77.0,81.1500015258789,76.85958862304688,132152
2009-11-06,83.80000305175781,85.25,81.5,83.0,78.61177825927734,228236
2009-11-09,84.8499984741211,85.0,83.5,84.5999984741211,80.12718963623047,125665
2009-11-10,85.05000305175781,85.75,83.0,83.25,78.84856414794922,68710
2009-11-11,83.19999694824219,85.1500015258789,82.5,84.5999984741211,80.12718963623047,108500
2009-11-12,86.0,86.1500015258789,83.5,84.05000305175781,79.60626220703125,78268
2009-11-13,83.5,87.0,83.5,84.55000305175781,80.07984161376953,110907
2009-11-16,84.6500015258789,87.0,84.6500015258789,85.8499984741211,81.31108856201172,109812
2009-11-17,85.5999984741211,86.94999694824219,84.0999984741211,84.69999694824219,80.2219009399414,189475
2009-11-18,86.0,86.0,83.55000305175781,84.44999694824219,79.98511505126953,52378
2009-11-19,84.0,85.94999694824219,80.55000305175781,81.6500015258789,77.33316040039062,80700
2009-11-20,81.0,85.75,79.4000015258789,85.44999694824219,80.93224334716797,446602
2009-11-23,86.0,86.0,83.0,85.55000305175781,81.02696228027344,262573
2009-11-24,86.0999984741211,87.75,85.5999984741211,86.25,81.68995666503906,106816
2009-11-25,86.25,89.9000015258789,86.25,87.5,82.87386322021484,336434
2009-11-26,88.0,89.0,85.0999984741211,85.75,81.21638488769531,84392
2009-11-27,83.0999984741211,84.80000305175781,81.5,82.44999694824219,78.09085845947266,239696
2009-11-30,84.0,86.0,83.0,84.1500015258789,79.70097351074219,59295
2009-12-01,84.75,85.75,84.0999984741211,84.94999694824219,80.45867919921875,159699
2009-12-02,85.25,87.0,85.19999694824219,85.4000015258789,80.8848876953125,59115
2009-12-03,86.0,86.94999694824219,85.19999694824219,85.5999984741211,81.07431030273438,74786
2009-12-04,86.80000305175781,86.80000305175781,84.0999984741211,85.05000305175781,80.55340576171875,42897
2009-12-07,85.80000305175781,87.5,85.3499984741211,86.0999984741211,81.54788208007812,139103
2009-12-08,87.0,88.9000015258789,86.0,87.8499984741211,83.20536041259766,206699
2009-12-09,87.80000305175781,88.25,86.25,87.30000305175781,82.68443298339844,84266
2009-12-10,87.9000015258789,87.9000015258789,85.75,86.5,81.92671966552734,52032
2009-12-11,86.6500015258789,87.75,84.0,85.69999694824219,81.16902923583984,69429
2009-12-14,86.94999694824219,87.5,86.0999984741211,87.1500015258789,82.54237365722656,109948
2009-12-15,88.69999694824219,88.69999694824219,85.0,85.0999984741211,80.60075378417969,66381
2009-12-16,84.5999984741211,87.5,84.3499984741211,87.0999984741211,82.49501037597656,89929
2009-12-17,87.25,88.9000015258789,86.5,88.0999984741211,83.44214630126953,176400
2009-12-18,88.30000305175781,92.5,87.5,91.3499984741211,86.52031707763672,827896
2009-12-21,91.6500015258789,93.44999694824219,89.3499984741211,90.4000015258789,85.62054443359375,692949
2009-12-22,90.80000305175781,92.94999694824219,90.30000305175781,90.80000305175781,85.99939727783203,246068
2010-01-04,90.3499984741211,92.94999694824219,88.6500015258789,92.9000015258789,87.98836517333984,261054
2010-01-05,95.0,96.0,92.55000305175781,92.75,87.84630584716797,192557
2010-01-06,93.05000305175781,96.6500015258789,93.05000305175781,95.69999694824219,90.64031982421875,495329
2010-01-07,96.0,97.0,95.0,95.19999694824219,90.1667709350586,504561
2010-01-08,97.0,103.5999984741211,95.69999694824219,99.8499984741211,94.57091522216797,1171545
2010-01-11,100.9000015258789,102.5,99.75,100.3499984741211,95.04447937011719,488305
2010-01-12,100.9000015258789,102.0,98.0,98.5999984741211,93.38700103759766,362178
2010-01-13,97.0,101.4000015258789,96.9000015258789,100.5999984741211,95.28126525878906,389286
2010-01-14,101.5,103.9000015258789,100.5999984741211,102.3499984741211,96.9387435913086,367190
2010-01-15,102.75,109.3499984741211,101.0,106.6500015258789,101.01140594482422,1039090
2010-01-18,105.25,108.80000305175781,104.25,106.19999694824219,100.58518981933594,371291
2010-01-19,105.75,107.94999694824219,104.0,104.0999984741211,98.5962142944336,239875
2010-01-20,104.94999694824219,106.6500015258789,101.0,102.30000305175781,96.89138793945312,135029
2010-01-21,102.0,103.0,100.0,100.8499984741211,95.51805114746094,228832
2010-01-22,98.0,101.19999694824219,94.1500015258789,100.05000305175781,94.76034545898438,159240
2010-01-25,100.4000015258789,100.5,94.30000305175781,95.6500015258789,90.59297943115234,154565
2010-01-27,95.0,96.0,90.5,92.0999984741211,87.23067474365234,147465
2010-01-28,94.5,94.69999694824219,89.0,91.30000305175781,86.47296142578125,188246
2010-01-29,89.0,99.1500015258789,88.5999984741211,97.0,91.8716049194336,201058
2010-02-01,95.0,98.30000305175781,94.0,96.80000305175781,91.68218231201172,93495
2010-02-02,102.0,102.0,94.0,94.6500015258789,89.6458511352539,120690
2010-02-03,96.0,97.75,95.19999694824219,96.05000305175781,90.9718246459961,64370
2010-02-04,95.05000305175781,99.0,95.0,95.30000305175781,90.26148223876953,82960
2010-02-05,91.30000305175781,94.69999694824219,86.5,88.69999694824219,84.01042175292969,239742
2010-02-08,91.0,95.94999694824219,85.69999694824219,86.80000305175781,82.21087646484375,109233
2010-02-09,84.0999984741211,89.0,84.0999984741211,87.6500015258789,83.01594543457031,123268
2010-02-10,80.3499984741211,90.0,80.3499984741211,86.0,81.45317840576172,96702
2010-02-11,88.4000015258789,90.75,85.25,85.75,81.21638488769531,180709
2010-02-15,86.25,87.8499984741211,85.0,85.75,81.21638488769531,81372
2010-02-16,87.0,87.0,85.0999984741211,85.5,80.97960662841797,60354
2010-02-17,87.0,90.5,86.5,86.9000015258789,82.30558776855469,111678
2010-02-18,87.80000305175781,89.0,86.0,86.3499984741211,81.78466796875,99433
2010-02-19,86.19999694824219,86.19999694824219,82.0,83.0999984741211,78.70648956298828,91685
2010-02-22,84.5,84.55000305175781,82.5999984741211,83.1500015258789,78.75386047363281,47912
2010-02-23,83.69999694824219,83.69999694824219,78.0,79.4000015258789,75.20211791992188,140185
2010-02-24,78.5,79.0,78.0,78.30000305175781,74.16026306152344,61341
2010-02-25,79.75,80.75,79.19999694824219,79.80000305175781,75.58097076416016,38421
2010-02-26,80.0,83.8499984741211,79.0,82.44999694824219,78.09085845947266,105237
2010-03-02,82.5,85.0,82.5,84.0,79.55891418457031,82618
2010-03-03,84.8499984741211,89.5,83.30000305175781,86.19999694824219,81.64258575439453,347832
2010-03-04,87.80000305175781,91.94999694824219,87.5,87.8499984741211,83.20536041259766,698633
2010-03-05,88.5,92.0,88.0,88.3499984741211,83.67892456054688,430319
2010-03-08,89.5,90.69999694824219,88.94999694824219,89.1500015258789,84.4366226196289,98644
2010-03-09,89.80000305175781,89.9000015258789,87.4000015258789,87.69999694824219,83.06328582763672,64386
2010-03-10,87.55000305175781,87.9000015258789,85.5,85.8499984741211,81.31108856201172,92392
2010-03-11,86.0,88.6500015258789,85.0,85.80000305175781,81.26374816894531,77751
2010-03-12,86.5,87.5,84.55000305175781,84.9000015258789,80.41133117675781,45878
2010-03-15,84.0999984741211,84.80000305175781,83.69999694824219,84.0999984741211,79.65363311767578,29726
2010-03-16,84.0999984741211,85.55000305175781,83.0,84.30000305175781,79.84305572509766,123325
2010-03-17,84.5,86.30000305175781,84.5,85.0,80.50604248046875,65523
2010-03-18,84.05000305175781,85.75,84.05000305175781,85.55000305175781,81.02696228027344,32749
2010-03-19,85.55000305175781,86.30000305175781,84.3499984741211,84.9000015258789,80.41133117675781,77022
2010-03-22,84.5,84.5,83.0,83.1500015258789,78.75386047363281,37521
2010-03-23,83.0,84.3499984741211,82.5,82.94999694824219,78.56442260742188,41238
2010-03-25,83.25,84.4000015258789,82.5,82.8499984741211,78.46971130371094,95615
2010-03-26,84.0,84.19999694824219,82.9000015258789,83.25,78.84856414794922,39107
2010-03-29,83.5999984741211,84.5999984741211,81.0,82.80000305175781,78.42235565185547,106098
2010-03-30,83.0999984741211,84.4000015258789,82.19999694824219,82.9000015258789,78.51707458496094,44691
2010-03-31,83.0,83.8499984741211,82.5999984741211,83.3499984741211,78.94328308105469,65483
2010-04-01,83.30000305175781,84.30000305175781,82.5,82.75,78.37499237060547,139390
2010-04-05,83.3499984741211,88.9000015258789,83.25,86.94999694824219,82.35294342041016,865423
2010-04-06,87.6500015258789,90.4000015258789,86.30000305175781,88.4000015258789,83.72628021240234,585602
2010-04-07,88.0999984741211,90.25,87.0,87.69999694824219,83.06328582763672,190315
2010-04-08,88.0999984741211,91.80000305175781,87.69999694824219,90.3499984741211,85.57317352294922,377224
2010-04-09,93.44999694824219,94.0,91.69999694824219,92.9000015258789,87.98836517333984,518906
2010-04-12,94.0,98.30000305175781,93.0999984741211,95.3499984741211,90.30883026123047,1108784
2010-04-13,85.3499984741211,96.5,85.3499984741211,94.44999694824219,89.4564208984375,234937
2010-04-15,76.75,96.80000305175781,76.75,94.19999694824219,89.2196273803711,264356
2010-04-16,85.0,94.94999694824219,85.0,91.3499984741211,86.52031707763672,135646
2010-04-19,87.5,90.5999984741211,87.19999694824219,89.19999694824219,84.48399353027344,120485
2010-04-20,90.0,98.94999694824219,89.6500015258789,96.3499984741211,91.25596618652344,808132
2010-04-21,96.6500015258789,98.6500015258789,95.19999694824219,97.0,91.8716049194336,351829
2010-04-22,96.5999984741211,99.4000015258789,95.0999984741211,96.69999694824219,91.58744812011719,346164
2010-04-23,96.0,98.4000015258789,94.94999694824219,95.19999694824219,90.1667709350586,136915
2010-04-26,95.1500015258789,98.69999694824219,95.0,95.69999694824219,90.64031982421875,405449
2010-04-27,96.0,99.6500015258789,92.3499984741211,94.05000305175781,89.07756042480469,1337710
2010-04-28,92.80000305175781,93.5,91.25,92.75,87.84630584716797,221561
2010-04-29,93.0,95.0,93.0,94.05000305175781,89.07756042480469,115758
2010-04-30,94.25,95.80000305175781,92.0,92.4000015258789,87.51480102539062,141613
2010-05-03,91.0,93.69999694824219,91.0,91.69999694824219,86.851806640625,82580
2010-05-04,91.75,93.0,89.80000305175781,91.0,86.18881225585938,138779
2010-05-05,89.1500015258789,89.75,86.1500015258789,89.19999694824219,84.48399353027344,122245
2010-05-06,88.30000305175781,90.3499984741211,87.0999984741211,88.69999694824219,84.01042175292969,170007
2010-05-07,86.80000305175781,88.0,84.0,84.94999694824219,80.45867919921875,107442
2010-05-10,85.5999984741211,88.9000015258789,85.5999984741211,88.4000015258789,83.72628021240234,135558
2010-05-11,88.4000015258789,88.4000015258789,83.69999694824219,84.55000305175781,80.07984161376953,209747
2010-05-12,85.3499984741211,85.94999694824219,80.5,84.1500015258789,79.70097351074219,212284
2010-05-13,85.80000305175781,86.80000305175781,83.4000015258789,83.9000015258789,79.46419525146484,112473
2010-05-14,84.25,85.0,83.0,84.3499984741211,79.8904037475586,131988
2010-05-17,83.05000305175781,88.25,83.05000305175781,85.3499984741211,80.83753204345703,187842
2010-05-18,85.75,87.9000015258789,84.5999984741211,86.19999694824219,81.64258575439453,160833
2010-05-19,85.0,86.4000015258789,84.3499984741211,85.25,80.74282836914062,132403
2010-05-20,85.1500015258789,86.5,82.1500015258789,82.8499984741211,78.46971130371094,113179
2010-05-21,80.4000015258789,82.5,79.69999694824219,81.94999694824219,77.61729431152344,168826
2010-05-24,84.9000015258789,88.0,81.0999984741211,81.9000015258789,77.56993865966797,265363
2010-05-25,81.3499984741211,82.0,79.25,80.0,75.7703857421875,242141
2010-05-26,80.30000305175781,82.5,79.6500015258789,80.8499984741211,76.57544708251953,123742
2010-05-27,80.4000015258789,80.75,74.0999984741211,74.80000305175781,70.84532165527344,1008260
2010-05-28,76.3499984741211,79.0,76.3499984741211,77.6500015258789,73.54463195800781,564862
2010-05-31,78.80000305175781,79.44999694824219,77.55000305175781,79.1500015258789,74.96533966064453,163394
2010-06-01,78.19999694824219,81.25,78.19999694824219,79.94999694824219,75.72303009033203,162203
2010-06-02,80.19999694824219,80.94999694824219,79.75,80.4000015258789,76.14924621582031,110746
2010-06-03,81.44999694824219,83.69999694824219,81.30000305175781,83.25,78.84856414794922,207165
2010-06-04,84.0,86.0,84.0,85.30000305175781,80.79019165039062,362062
2010-06-07,84.0,84.5,82.30000305175781,84.1500015258789,79.70097351074219,135722
2010-06-08,84.0,85.25,83.5,84.0,79.55891418457031,349274
2010-06-09,84.0,84.55000305175781,83.5,83.55000305175781,79.1327133178711,33405
2010-06-10,82.5,85.0,82.5,83.5,79.08534240722656,167150
2010-06-11,84.80000305175781,85.80000305175781,82.0,82.25,77.90143585205078,82276
2010-06-14,83.3499984741211,83.80000305175781,82.69999694824219,83.0,78.61177825927734,28138
2010-06-15,84.0999984741211,86.0,83.5999984741211,83.9000015258789,79.46419525146484,143738
2010-06-16,84.0999984741211,85.5,82.4000015258789,82.6500015258789,78.28028106689453,89295
2010-06-17,82.75,84.30000305175781,82.25,83.44999694824219,79.0379867553711,90570
2010-06-18,83.25,83.94999694824219,82.55000305175781,82.75,78.37499237060547,50329
2010-06-21,83.19999694824219,84.5999984741211,82.80000305175781,82.94999694824219,78.56442260742188,42820
2010-06-22,83.5,83.5,81.5,81.69999694824219,77.38050842285156,42876
2010-06-23,82.0,83.0,81.5,82.0999984741211,77.75936126708984,52569
2010-06-24,81.5999984741211,82.94999694824219,81.30000305175781,82.5999984741211,78.23292541503906,69581
2010-06-25,82.94999694824219,83.25,81.5999984741211,81.94999694824219,77.61729431152344,75408
2010-06-28,82.5999984741211,87.0,81.75,84.0999984741211,79.65363311767578,379473
2010-06-29,84.9000015258789,84.94999694824219,83.0,83.44999694824219,79.0379867553711,86691
2010-06-30,83.0,83.3499984741211,82.19999694824219,82.8499984741211,78.46971130371094,45817
2010-07-01,82.94999694824219,82.94999694824219,81.19999694824219,81.55000305175781,77.23843383789062,71840
2010-07-02,82.0,82.5999984741211,80.5,80.8499984741211,76.57544708251953,127077
2010-07-05,81.0,81.9000015258789,80.0999984741211,80.3499984741211,76.10189056396484,39825
2010-07-06,81.0,81.75,80.0999984741211,80.25,76.0071792602539,59078
2010-07-07,81.0,81.0,80.1500015258789,80.4000015258789,76.14924621582031,31822
2010-07-08,81.0,84.19999694824219,80.80000305175781,82.30000305175781,77.94879150390625,357156
2010-07-09,82.69999694824219,83.44999694824219,80.69999694824219,80.9000015258789,76.62281036376953,145894
2010-07-12,81.94999694824219,82.5,80.5,80.75,76.4807357788086,130268
2010-07-13,81.5,81.5,80.5999984741211,80.80000305175781,76.52810668945312,58650
2010-07-14,81.9000015258789,82.0,79.69999694824219,80.1500015258789,75.91246032714844,479908
2010-07-15,80.0,80.5,78.5,78.6500015258789,74.49176788330078,96635
2010-07-16,79.0,80.0,78.1500015258789,78.5,74.34968566894531,260046
2010-07-19,78.5,78.69999694824219,76.25,76.55000305175781,72.50279998779297,228822
2010-07-20,77.4000015258789,77.4000015258789,75.6500015258789,75.94999694824219,71.93450927734375,138381
2010-07-21,76.5,76.5,74.75,74.94999694824219,70.98737335205078,233563
2010-07-22,75.44999694824219,76.9000015258789,74.9000015258789,75.0,71.03473663330078,300284
2010-07-23,75.80000305175781,76.19999694824219,72.19999694824219,72.5,68.66691589355469,451356
2010-07-26,73.05000305175781,75.19999694824219,72.1500015258789,73.75,69.850830078125,385248
2010-07-27,74.25,74.5,72.80000305175781,72.94999694824219,69.0931167602539,153713
2010-07-28,73.80000305175781,73.80000305175781,72.5999984741211,72.9000015258789,69.04576873779297,84984
2010-07-29,72.3499984741211,72.3499984741211,67.30000305175781,67.5999984741211,64.02598571777344,530774
2010-07-30,68.0,72.25,67.05000305175781,67.69999694824219,64.12068939208984,292854
2010-08-02,68.05000305175781,69.4000015258789,66.5,66.94999694824219,63.41033935546875,174618
2010-08-03,67.0,68.4000015258789,66.19999694824219,67.8499984741211,64.26276397705078,274455
2010-08-04,67.8499984741211,69.3499984741211,67.0999984741211,68.05000305175781,64.45219421386719,217147
2010-08-05,67.5,68.80000305175781,67.4000015258789,67.94999694824219,64.35747528076172,237911
2010-08-06,68.0,68.4000015258789,67.25,67.55000305175781,63.97863006591797,398351
2010-08-09,67.5,73.25,67.5,71.80000305175781,68.0039291381836,1502571
2010-08-10,72.0,74.0999984741211,71.5,72.8499984741211,68.9984130859375,908910
2010-08-11,73.19999694824219,73.69999694824219,70.8499984741211,71.05000305175781,67.2935791015625,266048
2010-08-12,69.94999694824219,71.0,69.0,69.8499984741211,67.48680877685547,175238
2010-08-13,69.30000305175781,70.5999984741211,68.05000305175781,68.3499984741211,66.03755950927734,124035
2010-08-16,68.0,69.55000305175781,67.0,67.25,64.97477722167969,89099
2010-08-17,66.5,68.0,66.5,67.5,65.21632385253906,84858
2010-08-18,67.6500015258789,68.69999694824219,66.0,66.8499984741211,64.58831787109375,127540
2010-08-19,71.69999694824219,71.69999694824219,66.75,67.25,64.97477722167969,194788
2010-08-20,67.3499984741211,67.69999694824219,66.4000015258789,67.25,64.97477722167969,112445
2010-08-23,68.9000015258789,68.9000015258789,66.0999984741211,66.19999694824219,63.96030044555664,137565
2010-08-24,66.0,66.8499984741211,65.05000305175781,65.3499984741211,63.13905715942383,188158
2010-08-25,65.5,65.8499984741211,62.5,63.0,60.868568420410156,183388
2010-08-26,63.900001525878906,64.0999984741211,62.25,62.5,60.38547897338867,154464
2010-08-27,62.849998474121094,62.849998474121094,61.0,61.150001525878906,59.08116149902344,133216
2010-08-30,61.5,62.150001525878906,60.54999923706055,61.0,58.93622970581055,100428
2010-08-31,60.29999923706055,61.0,58.5,58.95000076293945,56.95558547973633,139943
2010-09-01,59.849998474121094,67.25,58.45000076293945,64.19999694824219,62.02796173095703,1651931
2010-09-02,64.94999694824219,65.1500015258789,62.099998474121094,63.04999923706055,60.916873931884766,316500
2010-09-03,63.099998474121094,66.5,63.099998474121094,64.1500015258789,61.97966003417969,455767
2010-09-06,64.5,66.3499984741211,64.30000305175781,66.0,63.76706314086914,231386
2010-09-07,66.0,67.75,65.0,65.9000015258789,63.67045593261719,232327
2010-09-08,66.0,69.19999694824219,65.30000305175781,67.25,64.97477722167969,543233
2010-09-09,68.0,68.0,66.0,66.30000305175781,64.05692291259766,166786
2010-09-13,66.0,67.5,66.0,66.94999694824219,64.68492126464844,138448
2010-09-14,67.30000305175781,67.30000305175781,65.55000305175781,65.75,63.52553176879883,64415
2010-09-15,66.0,66.0,64.5999984741211,64.94999694824219,62.75259017944336,66429
2010-09-16,65.0999984741211,65.5,63.849998474121094,64.1500015258789,61.97966003417969,82066
2010-09-17,65.19999694824219,65.5999984741211,64.4000015258789,65.0999984741211,62.89751052856445,85404
2010-09-20,63.5,66.0,63.5,65.0,62.800899505615234,109570
2010-09-21,65.0,65.5999984741211,63.599998474121094,64.05000305175781,61.88304138183594,79967
2010-09-22,64.05000305175781,64.9000015258789,63.0,64.25,62.07627487182617,97243
2010-09-23,64.0,65.69999694824219,63.29999923706055,64.94999694824219,62.75259017944336,206656
2010-09-24,64.0,66.80000305175781,64.0,64.55000305175781,62.36613082885742,221953
2010-09-27,65.25,66.0,63.79999923706055,64.0999984741211,61.93134689331055,104007
2010-09-28,63.54999923706055,64.6500015258789,62.599998474121094,62.70000076293945,60.57872009277344,128158
2010-09-29,62.79999923706055,64.0,62.099998474121094,62.25,60.14393615722656,182111
2010-09-30,62.0,62.599998474121094,61.5,62.25,60.14393615722656,83726
2010-10-01,63.349998474121094,63.599998474121094,62.20000076293945,62.900001525878906,60.771949768066406,83818
2010-10-04,63.599998474121094,66.4000015258789,63.20000076293945,65.0,62.800899505615234,323144
2010-10-05,65.0,66.30000305175781,64.25,65.19999694824219,62.9941291809082,129285
2010-10-06,66.0,71.5,65.30000305175781,69.75,67.39019775390625,1139506
2010-10-07,70.05000305175781,72.55000305175781,68.3499984741211,68.75,66.42403411865234,509088
2010-10-08,69.19999694824219,71.30000305175781,68.0,68.6500015258789,66.32740783691406,243483
2010-10-11,69.5,69.6500015258789,66.69999694824219,66.9000015258789,64.6366195678711,136692
2010-10-12,71.0999984741211,71.0999984741211,66.55000305175781,66.94999694824219,64.68492126464844,106730
2010-10-13,66.9000015258789,68.5999984741211,66.69999694824219,67.75,65.4578628540039,113488
2010-10-14,68.44999694824219,69.5,66.69999694824219,67.0,64.73323059082031,147535
2010-10-15,67.1500015258789,67.94999694824219,65.5,65.69999694824219,63.47720718383789,60749
2010-10-18,65.19999694824219,66.44999694824219,63.599998474121094,64.75,62.55936050415039,84903
2010-10-19,64.44999694824219,68.25,64.25,65.3499984741211,63.13905715942383,228379
2010-10-20,65.44999694824219,67.5999984741211,65.0,65.6500015258789,63.428916931152344,176506
2010-10-21,65.6500015258789,68.5,65.0999984741211,68.0,65.69940185546875,289033
2010-10-22,68.0,69.80000305175781,68.0,68.3499984741211,66.03755950927734,360072
2010-10-25,68.1500015258789,68.1500015258789,63.29999923706055,63.75,61.59318923950195,427719
2010-10-26,63.75,64.5,61.5,61.70000076293945,59.612545013427734,307813
2010-10-27,62.25,62.5,60.0,60.29999923706055,58.259910583496094,167214
2010-10-28,60.900001525878906,61.70000076293945,59.349998474121094,59.75,57.728519439697266,229985
2010-10-29,59.900001525878906,59.900001525878906,57.25,57.900001525878906,55.94110870361328,185581
2010-11-01,59.400001525878906,60.75,58.45000076293945,58.75,56.76234817504883,400579
2010-11-02,59.75,59.75,58.400001525878906,59.20000076293945,57.19712448120117,175286
2010-11-03,59.900001525878906,61.650001525878906,59.29999923706055,60.349998474121094,58.30821990966797,289795
2010-11-04,61.400001525878906,61.400001525878906,59.45000076293945,60.5,58.45314407348633,75360
2010-11-08,63.0,64.4000015258789,62.0,63.0,60.868568420410156,227063
2010-11-09,63.900001525878906,65.1500015258789,63.70000076293945,64.19999694824219,62.02796173095703,286063
2010-11-10,64.80000305175781,65.0,63.29999923706055,64.44999694824219,62.26950454711914,281443
2010-11-11,65.4000015258789,66.19999694824219,64.5,64.75,62.55936050415039,238381
2010-11-12,65.9000015258789,65.9000015258789,63.04999923706055,63.45000076293945,61.30333709716797,139718
2010-11-15,62.150001525878906,64.19999694824219,62.150001525878906,62.5,60.38547897338867,76863
2010-11-16,63.20000076293945,63.95000076293945,60.099998474121094,60.400001525878906,58.356529235839844,99054
2010-11-18,61.29999923706055,61.79999923706055,58.400001525878906,59.70000076293945,57.680213928222656,100055
2010-11-19,60.0,61.400001525878906,59.25,59.45000076293945,57.43867111206055,56935
2010-11-22,59.54999923706055,61.75,59.54999923706055,61.349998474121094,59.27438735961914,140187
2010-11-23,60.349998474121094,64.9000015258789,60.25,64.3499984741211,62.172889709472656,295998
2010-11-24,65.9000015258789,67.75,64.6500015258789,66.5999984741211,64.34676361083984,539690
2010-11-25,66.5,68.0,64.0,65.05000305175781,62.84920883178711,288063
2010-11-26,65.5999984741211,65.5999984741211,58.54999923706055,59.75,57.728519439697266,246951
2010-11-29,59.0,62.5,59.0,61.75,59.66085433959961,114889
2010-11-30,61.849998474121094,62.0,61.0,61.25,59.177772521972656,83996
2010-12-01,62.349998474121094,62.5,61.400001525878906,61.900001525878906,59.80577850341797,108538
2010-12-02,62.900001525878906,63.400001525878906,61.650001525878906,61.95000076293945,59.85409164428711,326958
2010-12-03,62.95000076293945,62.95000076293945,61.0,62.0,59.902400970458984,92239
2010-12-06,62.900001525878906,63.0,61.04999923706055,62.5,60.38547897338867,78218
2010-12-07,62.900001525878906,63.099998474121094,62.0,62.400001525878906,60.28886413574219,55587
2010-12-08,62.79999923706055,62.79999923706055,61.099998474121094,61.54999923706055,59.46762466430664,70972
2010-12-09,61.0,62.79999923706055,59.5,59.599998474121094,57.583595275878906,71304
2010-12-10,60.400001525878906,61.900001525878906,59.29999923706055,61.45000076293945,59.37100601196289,58089
2010-12-13,62.75,62.75,61.45000076293945,62.099998474121094,59.99901580810547,31538
2010-12-14,63.25,63.25,61.650001525878906,62.04999923706055,59.950706481933594,46352
2010-12-15,62.0,62.45000076293945,61.25,61.54999923706055,59.46762466430664,62357
2010-12-16,62.0,62.0,61.0,61.79999923706055,59.70915985107422,22476
2010-12-20,61.0,63.0,60.79999923706055,61.95000076293945,59.85409164428711,23807
2010-12-21,64.0,64.0,61.20000076293945,62.0,59.902400970458984,36831
2010-12-22,62.5,62.79999923706055,62.04999923706055,62.349998474121094,60.24055480957031,21952
2010-12-23,62.0,62.900001525878906,62.0,62.29999923706055,60.1922492980957,22941
2010-12-24,63.0,63.0,61.5,62.45000076293945,60.3371696472168,11979
2010-12-27,62.95000076293945,62.95000076293945,61.54999923706055,62.45000076293945,60.3371696472168,55060
2010-12-28,62.900001525878906,63.54999923706055,62.150001525878906,62.349998474121094,60.24055480957031,20368
2010-12-29,64.0,64.4000015258789,62.20000076293945,62.45000076293945,60.3371696472168,25793
2010-12-30,62.04999923706055,67.4000015258789,62.04999923706055,65.25,63.04243850708008,422842
2010-12-31,67.0,69.94999694824219,63.900001525878906,64.19999694824219,62.02796173095703,89511
2011-01-03,66.0,67.0,65.8499984741211,66.25,64.00860595703125,218539
2011-01-04,66.5,67.0,65.0,65.4000015258789,63.18737030029297,78817
2011-01-05,65.5,66.9000015258789,65.0,65.3499984741211,63.13905715942383,141663
2011-01-06,66.19999694824219,66.30000305175781,64.0,64.25,62.07627487182617,69538
2011-01-07,65.0999984741211,65.30000305175781,62.599998474121094,62.900001525878906,60.771949768066406,82202
2011-01-10,64.0,64.9000015258789,62.29999923706055,64.25,62.07627487182617,159891
2011-01-11,64.5,65.3499984741211,63.45000076293945,64.0999984741211,61.93134689331055,94688
2011-01-12,64.3499984741211,66.0,63.0,65.69999694824219,63.47720718383789,192459
2011-01-13,66.5,66.9000015258789,64.05000305175781,66.1500015258789,63.9119873046875,103072
2011-01-14,65.05000305175781,66.44999694824219,65.05000305175781,65.9000015258789,63.67045593261719,145053
2011-01-17,67.0,74.80000305175781,66.1500015258789,67.30000305175781,65.0230941772461,332706
2011-01-18,69.19999694824219,70.5,67.55000305175781,68.5,66.18248748779297,292963
2011-01-19,69.0,69.44999694824219,67.75,68.3499984741211,66.03755950927734,97878
2011-01-20,68.0,68.0,66.0999984741211,66.5999984741211,64.34676361083984,44243
2011-01-21,67.5,68.5,65.55000305175781,67.05000305175781,64.78155517578125,172223
2011-01-24,67.75,67.75,66.0,66.19999694824219,63.96030044555664,26912
2011-01-25,66.9000015258789,67.25,65.1500015258789,66.6500015258789,64.39508056640625,79914
2011-01-27,66.19999694824219,69.5,64.55000305175781,65.8499984741211,63.62214660644531,240478
2011-01-28,65.0,66.4000015258789,64.5,65.6500015258789,63.428916931152344,192476
2011-01-31,64.94999694824219,67.05000305175781,62.349998474121094,66.0,63.76706314086914,177225
2011-02-01,66.0,66.69999694824219,65.0,65.6500015258789,63.428916931152344,65676
2011-02-02,65.3499984741211,66.3499984741211,64.5,65.94999694824219,63.71876525878906,62507
2011-02-03,65.25,66.1500015258789,64.0,64.0999984741211,61.93134689331055,60963
2011-02-04,64.0,64.55000305175781,62.5,63.20000076293945,61.061798095703125,58482
2011-02-07,63.0,64.0,62.25,62.75,60.627017974853516,48114
2011-02-08,63.25,64.0,58.29999923706055,59.650001525878906,57.631900787353516,47547
2011-02-09,58.75,60.0,58.0,58.04999923706055,56.086036682128906,48676
2011-02-10,58.04999923706055,66.69999694824219,53.599998474121094,62.349998474121094,60.24055480957031,609915
2011-02-11,60.04999923706055,63.95000076293945,60.04999923706055,63.20000076293945,61.061798095703125,60984
2011-02-14,62.29999923706055,63.900001525878906,62.29999923706055,63.0,60.868568420410156,44462
2011-02-15,63.0,63.5,60.20000076293945,62.849998474121094,60.723636627197266,23847
2011-02-16,63.0,66.69999694824219,63.0,65.8499984741211,63.62214660644531,180772
2011-02-17,66.0,66.4000015258789,64.25,64.5999984741211,62.4144287109375,35466
2011-02-18,63.70000076293945,64.75,63.0,63.150001525878906,61.01349639892578,17886
2011-02-21,64.6500015258789,64.6500015258789,61.400001525878906,61.849998474121094,59.75747299194336,21224
2011-02-22,61.54999923706055,63.5,61.0,61.29999923706055,59.22608184814453,16638
2011-02-23,60.29999923706055,62.95000076293945,60.25,61.0,58.93622970581055,17712
2011-02-24,62.400001525878906,62.400001525878906,57.099998474121094,58.45000076293945,56.472503662109375,40650
2011-02-25,57.5,61.5,57.5,59.29999923706055,57.29374313354492,37404
2011-02-28,60.95000076293945,61.20000076293945,58.5,58.650001525878906,56.665733337402344,24727
2011-03-01,58.650001525878906,60.0,58.650001525878906,59.54999923706055,57.53528594970703,24543
2011-03-03,59.599998474121094,59.79999923706055,58.70000076293945,59.25,57.24543380737305,22249
2011-03-04,60.099998474121094,60.400001525878906,58.650001525878906,59.20000076293945,57.19712448120117,55366
2011-03-07,59.79999923706055,59.849998474121094,58.29999923706055,58.650001525878906,56.665733337402344,20375
2011-03-08,59.70000076293945,59.70000076293945,58.5,58.95000076293945,56.95558547973633,20480
2011-03-09,59.650001525878906,59.849998474121094,58.599998474121094,58.849998474121094,56.85896682739258,30275
2011-03-10,59.95000076293945,61.79999923706055,59.150001525878906,59.95000076293945,57.921756744384766,136387
2011-03-11,59.5,60.599998474121094,58.95000076293945,59.20000076293945,57.19712448120117,28871
2011-03-14,60.0,60.0,58.04999923706055,58.400001525878906,56.4241943359375,46931
2011-03-15,58.45000076293945,58.45000076293945,56.20000076293945,56.45000076293945,54.5401725769043,60484
2011-03-16,56.349998474121094,59.0,56.20000076293945,58.04999923706055,56.086036682128906,40257
2011-03-17,58.0,58.0,52.0,57.150001525878906,55.216487884521484,15593
2011-03-18,57.25,59.95000076293945,56.599998474121094,58.95000076293945,56.95558547973633,73643
2011-03-21,61.0,62.099998474121094,57.29999923706055,60.79999923706055,58.74299240112305,96057
2011-03-22,61.5,63.29999923706055,61.04999923706055,63.04999923706055,60.916873931884766,83919
2011-03-23,62.150001525878906,65.94999694824219,61.0,65.05000305175781,62.84920883178711,422108
2011-03-24,65.69999694824219,65.94999694824219,64.0,65.05000305175781,62.84920883178711,96505
2011-03-25,65.0999984741211,66.25,64.94999694824219,65.19999694824219,62.9941291809082,53743
2011-03-28,64.19999694824219,66.0,64.19999694824219,65.0,62.800899505615234,107040
2011-03-29,65.0,65.69999694824219,64.69999694824219,65.0,62.800899505615234,101890
2011-03-30,65.9000015258789,65.9000015258789,64.6500015258789,65.0999984741211,62.89751052856445,64381
2011-03-31,65.80000305175781,65.80000305175781,62.54999923706055,63.25,61.110103607177734,32240
2011-04-01,65.0,66.0,63.400001525878906,65.05000305175781,62.84920883178711,51531
2011-04-04,64.5,66.75,64.1500015258789,65.75,63.52553176879883,34054
2011-04-05,66.19999694824219,67.0,65.19999694824219,66.30000305175781,64.05692291259766,58003
2011-04-06,66.0,67.5999984741211,65.30000305175781,66.9000015258789,64.6366195678711,82750
2011-04-07,68.0,68.75,66.8499984741211,67.44999694824219,65.16801452636719,98854
2011-04-08,67.0999984741211,68.0999984741211,65.0999984741211,65.25,63.04243850708008,43589
2011-04-11,65.19999694824219,67.19999694824219,65.0999984741211,65.30000305175781,63.09075927734375,19381
2011-04-13,66.19999694824219,66.19999694824219,65.0999984741211,65.4000015258789,63.18737030029297,22402
2011-04-15,67.0,68.0,66.4000015258789,66.8499984741211,64.58831787109375,79310
2011-04-18,66.9000015258789,69.44999694824219,66.5,66.94999694824219,64.68492126464844,44126
2011-04-19,66.30000305175781,68.0,65.75,66.1500015258789,63.9119873046875,25482
2011-04-20,65.69999694824219,67.5,65.69999694824219,66.6500015258789,64.39508056640625,27666
2011-04-21,67.19999694824219,70.69999694824219,66.05000305175781,69.3499984741211,67.00372314453125,138257
2011-04-25,70.0,70.5,68.5,68.75,66.42403411865234,64198
2011-04-26,68.75,71.19999694824219,67.25,70.0,67.6317367553711,135716
2011-04-27,70.5,71.5,67.25,68.9000015258789,66.56895446777344,224142
2011-04-28,69.9000015258789,70.05000305175781,67.1500015258789,67.44999694824219,65.16801452636719,32797
2011-04-29,68.0,68.75,65.0,67.19999694824219,64.92646026611328,99329
2011-05-02,68.3499984741211,68.5,66.05000305175781,67.4000015258789,65.11969757080078,39578
2011-05-03,68.44999694824219,68.44999694824219,64.05000305175781,64.69999694824219,62.51104736328125,46955
2011-05-04,64.80000305175781,65.4000015258789,61.599998474121094,62.0,59.902400970458984,39471
2011-05-05,62.70000076293945,63.849998474121094,60.75,61.150001525878906,59.08116149902344,21123
2011-05-06,62.20000076293945,67.44999694824219,60.650001525878906,64.75,62.55936050415039,154865
2011-05-09,64.0999984741211,64.0999984741211,61.25,62.400001525878906,60.28886413574219,92286
2011-05-10,62.099998474121094,63.04999923706055,60.5,61.04999923706055,58.98453903198242,33092
2011-05-11,60.0,63.400001525878906,59.5,61.20000076293945,59.129459381103516,55654
2011-05-12,62.70000076293945,63.5,60.599998474121094,62.900001525878906,60.771949768066406,74643
2011-05-13,62.900001525878906,63.75,61.95000076293945,63.5,61.35165023803711,46584
2011-05-16,64.5,64.5,62.20000076293945,62.54999923706055,60.43378829956055,16670
2011-05-17,62.599998474121094,63.70000076293945,61.0,61.599998474121094,59.515926361083984,22966
2011-05-18,61.04999923706055,62.25,61.0,61.20000076293945,59.129459381103516,12953
2011-05-19,61.5,62.400001525878906,61.0,61.400001525878906,59.32270050048828,36565
2011-05-20,61.0,62.400001525878906,61.0,61.5,59.419315338134766,18781
2011-05-23,61.0,63.5,61.0,61.04999923706055,58.98453903198242,26240
2011-05-24,61.0,61.5,60.099998474121094,60.400001525878906,58.356529235839844,28226
2011-05-25,60.400001525878906,60.849998474121094,58.79999923706055,59.20000076293945,57.19712448120117,19990
2011-05-26,59.150001525878906,59.70000076293945,57.650001525878906,57.900001525878906,55.94110870361328,14307
2011-05-27,55.29999923706055,59.650001525878906,55.29999923706055,58.45000076293945,56.472503662109375,55146
2011-05-30,58.04999923706055,59.45000076293945,57.75,58.099998474121094,56.134342193603516,29240
2011-05-31,58.0,59.349998474121094,57.599998474121094,58.150001525878906,56.182655334472656,47266
2011-06-01,58.0,59.5,57.20000076293945,57.400001525878906,55.458030700683594,273771
2011-06-02,57.400001525878906,57.95000076293945,56.29999923706055,56.599998474121094,54.685089111328125,38345
2011-06-03,56.75,57.900001525878906,56.0,56.45000076293945,54.5401725769043,121279
2011-06-06,57.0,57.0,55.099998474121094,55.20000076293945,53.332454681396484,45102
2011-06-07,55.04999923706055,56.0,55.04999923706055,55.29999923706055,53.429073333740234,30272
2011-06-08,56.0,56.0,54.099998474121094,54.400001525878906,52.55952453613281,39765
2011-06-09,54.099998474121094,56.0,53.20000076293945,53.54999923706055,51.738277435302734,242400
2011-06-10,53.5,54.400001525878906,52.04999923706055,52.70000076293945,50.91703796386719,131155
2011-06-13,53.0,53.0,51.79999923706055,52.25,50.482261657714844,49214
2011-06-14,52.75,53.0,50.349998474121094,50.54999923706055,48.83977508544922,94841
2011-06-15,50.54999923706055,55.0,49.04999923706055,51.150001525878906,49.41947937011719,930474
2011-06-16,52.45000076293945,53.400001525878906,51.04999923706055,51.54999923706055,49.80594253540039,92119
2011-06-17,51.900001525878906,54.20000076293945,50.79999923706055,52.95000076293945,51.15857696533203,383841
2011-06-20,53.400001525878906,53.400001525878906,45.400001525878906,49.349998474121094,47.68037414550781,137516
2011-06-21,50.150001525878906,51.95000076293945,48.25,48.650001525878906,47.00406265258789,381399
2011-06-22,49.400001525878906,50.20000076293945,48.099998474121094,48.25,46.617591857910156,61224
2011-06-23,49.099998474121094,49.099998474121094,47.5,47.650001525878906,46.03789138793945,26680
2011-06-24,47.79999923706055,50.400001525878906,47.400001525878906,48.75,47.100677490234375,148000
2011-06-27,48.0,49.25,47.5,48.400001525878906,46.76251983642578,32197
2011-06-28,48.5,48.900001525878906,48.099998474121094,48.650001525878906,47.00406265258789,14545
2011-06-29,48.70000076293945,49.900001525878906,48.20000076293945,48.900001525878906,47.245601654052734,39375
2011-06-30,49.0,49.599998474121094,49.0,49.349998474121094,47.68037414550781,23208
2011-07-01,50.29999923706055,50.29999923706055,48.79999923706055,49.20000076293945,47.53545379638672,25813
2011-07-04,49.95000076293945,51.75,49.150001525878906,51.20000076293945,49.4677848815918,81835
2011-07-05,51.900001525878906,51.900001525878906,50.29999923706055,50.75,49.03301239013672,20973
2011-07-06,50.5,52.79999923706055,50.349998474121094,52.45000076293945,50.675498962402344,87391
2011-07-07,52.599998474121094,53.79999923706055,51.5,53.150001525878906,51.3518180847168,47404
2011-07-08,52.349998474121094,53.599998474121094,51.349998474121094,51.849998474121094,50.09579849243164,26362
2011-07-11,52.0,52.0,50.5,50.54999923706055,48.83977508544922,20194
2011-07-12,51.0,51.0,49.79999923706055,50.45000076293945,48.743160247802734,33302
2011-07-13,51.0,52.650001525878906,51.0,51.79999923706055,50.047489166259766,22188
2011-07-14,52.0,54.54999923706055,51.349998474121094,53.70000076293945,51.88320541381836,110243
2011-07-15,53.70000076293945,54.5,52.900001525878906,53.5,51.689971923828125,27738
2011-07-18,53.5,54.150001525878906,52.45000076293945,52.650001525878906,50.86873245239258,12467
2011-07-19,53.0,55.70000076293945,52.54999923706055,54.20000076293945,52.36629104614258,98625
2011-07-20,54.95000076293945,54.95000076293945,52.099998474121094,52.54999923706055,50.77211380004883,33913
2011-07-21,52.29999923706055,52.900001525878906,50.25,50.54999923706055,48.83977508544922,30131
2011-07-22,51.45000076293945,53.75,50.400001525878906,52.650001525878906,50.86873245239258,55781
2011-07-25,52.5,53.900001525878906,52.5,53.400001525878906,51.59335708618164,50872
2011-07-26,53.650001525878906,54.29999923706055,52.150001525878906,52.45000076293945,50.675498962402344,18803
2011-07-27,52.650001525878906,52.95000076293945,51.349998474121094,51.599998474121094,49.85425567626953,13968
2011-07-28,52.0,52.0,50.54999923706055,50.70000076293945,48.984703063964844,11749
2011-07-29,51.0,53.20000076293945,49.54999923706055,52.29999923706055,50.530574798583984,120673
2011-08-01,52.45000076293945,53.849998474121094,51.400001525878906,51.70000076293945,49.95087432861328,21212
2011-08-02,50.75,52.0,49.599998474121094,49.849998474121094,48.16345977783203,95233
2011-08-03,49.25,49.900001525878906,49.099998474121094,49.5,47.82529830932617,13283
2011-08-04,49.400001525878906,50.900001525878906,48.79999923706055,49.099998474121094,47.4388313293457,30753
2011-08-05,48.0,48.70000076293945,47.0,47.70000076293945,46.086204528808594,45793
2011-08-08,46.0,46.400001525878906,45.25,46.150001525878906,44.588645935058594,46275
2011-08-09,45.0,45.5,44.0,44.04999923706055,42.559688568115234,46500
2011-08-10,44.79999923706055,45.70000076293945,43.650001525878906,43.95000076293945,42.463069915771484,40914
2011-08-11,43.54999923706055,43.849998474121094,43.04999923706055,43.29999923706055,41.835060119628906,24007
2011-08-12,44.45000076293945,44.45000076293945,43.04999923706055,43.29999923706055,41.835060119628906,17262
2011-08-16,44.45000076293945,51.79999923706055,41.099998474121094,41.29999923706055,39.90272521972656,15970
2011-08-17,40.5,41.900001525878906,38.150001525878906,39.650001525878906,38.30855178833008,23646
2011-08-18,38.79999923706055,40.400001525878906,38.099998474121094,38.25,36.95591354370117,37582
2011-08-19,37.0,44.20000076293945,36.5,43.099998474121094,41.641822814941406,230684
2011-08-22,44.04999923706055,44.79999923706055,41.29999923706055,43.45000076293945,41.97998809814453,104273
2011-08-23,44.0,44.599998474121094,42.5,43.04999923706055,41.5935173034668,26399
2011-08-24,43.0,44.400001525878906,42.54999923706055,43.29999923706055,41.835060119628906,11979
2011-08-25,42.70000076293945,44.5,42.099998474121094,43.349998474121094,41.88336944580078,17680
2011-08-26,43.900001525878906,45.20000076293945,42.599998474121094,44.20000076293945,42.704612731933594,66293
2011-08-29,45.400001525878906,46.849998474121094,44.20000076293945,45.349998474121094,43.81570816040039,51413
2011-08-30,45.0,48.0,44.5,44.95000076293945,43.429237365722656,110434
2011-09-02,44.95000076293945,45.95000076293945,44.150001525878906,45.45000076293945,43.91232681274414,13021
2011-09-05,46.0,47.0,45.0,46.599998474121094,45.023414611816406,26251
2011-09-06,46.5,47.5,44.400001525878906,46.45000076293945,44.87849044799805,56033
2011-09-07,47.0,49.70000076293945,47.0,48.900001525878906,47.245601654052734,52049
2011-09-08,49.70000076293945,50.900001525878906,48.599998474121094,49.04999923706055,47.585147857666016,96837
2011-09-09,49.5,50.79999923706055,48.0,49.95000076293945,48.45826721191406,93713
2011-09-12,50.0,51.25,48.650001525878906,50.900001525878906,49.37989807128906,67284
2011-09-13,52.0,53.25,50.5,51.79999923706055,50.253021240234375,111881
2011-09-14,52.5,52.5,50.5,52.04999923706055,50.495548248291016,54422
2011-09-15,52.0,53.0,51.20000076293945,52.650001525878906,51.07763671875,32058
2011-09-16,52.25,53.5,50.54999923706055,52.45000076293945,50.883609771728516,275277
2011-09-19,52.45000076293945,53.400001525878906,52.0,52.400001525878906,50.83510208129883,14749
2011-09-20,52.70000076293945,53.5,50.5,52.45000076293945,50.883609771728516,51779
2011-09-21,52.45000076293945,53.25,51.5,51.849998474121094,50.30152893066406,51634
2011-09-22,51.5,53.0,50.0,50.75,49.234378814697266,23039
2011-09-23,49.099998474121094,53.29999923706055,48.45000076293945,53.04999923706055,51.4656867980957,294300
2011-09-26,53.04999923706055,53.04999923706055,50.099998474121094,50.79999923706055,49.28288269042969,93968
2011-09-27,52.400001525878906,53.650001525878906,51.5,52.45000076293945,50.883609771728516,61111
2011-09-28,53.04999923706055,53.45000076293945,51.29999923706055,51.75,50.20451736450195,9693
2011-09-29,51.75,51.849998474121094,50.20000076293945,51.0,49.47691345214844,9942
2011-09-30,53.0,56.0,52.5,54.349998474121094,52.72686004638672,231741
2011-10-03,53.25,54.45000076293945,52.70000076293945,53.75,52.14478302001953,28913
2011-10-04,53.0,54.0,52.25,53.400001525878906,51.805240631103516,16806
2011-10-05,53.0,54.20000076293945,52.0,53.04999923706055,51.4656867980957,7983
2011-10-07,54.5,54.5,52.04999923706055,52.650001525878906,51.07763671875,35982
2011-10-10,52.0,53.5,51.400001525878906,52.0,50.447044372558594,24053
2011-10-11,53.04999923706055,54.0,52.0,53.099998474121094,51.51419448852539,46828
2011-10-12,53.25,53.79999923706055,52.20000076293945,53.150001525878906,51.562705993652344,19815
2011-10-13,53.29999923706055,53.5,51.75,51.95000076293945,50.398536682128906,8557
2011-10-14,51.75,52.95000076293945,51.20000076293945,52.25,50.689579010009766,50983
2011-10-17,52.099998474121094,52.599998474121094,51.599998474121094,52.099998474121094,50.5440559387207,6383
2011-10-18,52.25,52.75,51.0,51.04999923706055,49.525421142578125,32131
2011-10-19,52.0,52.349998474121094,51.099998474121094,51.45000076293945,49.91347122192383,20420
2011-10-20,51.0,52.20000076293945,51.0,51.599998474121094,50.058990478515625,8916
2011-10-21,52.099998474121094,52.79999923706055,51.0,52.400001525878906,50.83510208129883,57013
2011-10-24,52.099998474121094,52.54999923706055,51.20000076293945,51.45000076293945,49.91347122192383,7234
2011-10-25,51.5,52.5,51.099998474121094,51.599998474121094,50.058990478515625,9211
2011-10-28,52.0,56.0,50.75,50.95000076293945,49.42840576171875,76545
2011-10-31,51.04999923706055,51.95000076293945,49.349998474121094,49.54999923706055,48.070213317871094,24955
2011-11-01,49.5,49.95000076293945,48.5,48.75,47.294105529785156,16451
2011-11-02,48.5,48.5,47.0,47.29999923706055,45.88740539550781,24092
2011-11-03,47.900001525878906,48.0,46.150001525878906,46.900001525878906,45.499359130859375,13340
2011-11-04,48.0,48.0,46.75,47.0,45.596370697021484,79643
2011-11-08,47.0,47.0,46.0,46.099998474121094,44.72324752807617,16201
2011-11-09,46.150001525878906,49.75,45.04999923706055,45.20000076293945,43.85012435913086,48655
2011-11-11,44.25,44.79999923706055,42.54999923706055,43.04999923706055,41.76433181762695,20335
2011-11-14,43.099998474121094,44.099998474121094,41.20000076293945,41.599998474121094,40.35763168334961,10179
2011-11-15,42.599998474121094,42.599998474121094,39.95000076293945,40.20000076293945,38.999446868896484,10229
2011-11-16,41.900001525878906,41.900001525878906,38.5,38.849998474121094,37.68976593017578,9346
2011-11-17,39.29999923706055,39.29999923706055,38.099998474121094,38.29999923706055,37.15618896484375,12276
2011-11-18,38.0,38.75,36.54999923706055,38.400001525878906,37.253204345703125,15771
2011-11-21,38.5,39.150001525878906,36.79999923706055,37.900001525878906,36.76813888549805,9648
2011-11-22,38.900001525878906,38.900001525878906,37.0,37.45000076293945,36.331573486328125,4049
2011-11-23,37.5,37.95000076293945,36.0,36.849998474121094,35.74949264526367,20621
2011-11-24,37.0,37.70000076293945,35.5,36.0,34.92487716674805,23864
2011-11-25,36.0,37.150001525878906,35.099998474121094,35.849998474121094,34.779354095458984,15387
2011-11-28,35.349998474121094,36.79999923706055,35.29999923706055,35.599998474121094,34.53682327270508,23703
2011-11-29,36.400001525878906,36.400001525878906,34.54999923706055,35.0,33.954742431640625,30129
2011-11-30,35.599998474121094,35.599998474121094,34.099998474121094,34.29999923706055,33.2756462097168,12515
2011-12-01,35.45000076293945,35.900001525878906,34.5,34.70000076293945,33.66370391845703,29291
2011-12-02,34.20000076293945,35.45000076293945,33.5,34.25,33.22713851928711,89202
2011-12-05,34.25,36.400001525878906,33.79999923706055,35.95000076293945,34.87636947631836,45758
2011-12-07,36.95000076293945,37.75,35.04999923706055,35.349998474121094,34.29429244995117,11667
2011-12-08,34.849998474121094,35.95000076293945,34.599998474121094,34.900001525878906,33.857730865478516,15379
2011-12-09,34.0,35.95000076293945,33.20000076293945,35.099998474121094,34.051753997802734,6618
2011-12-12,36.45000076293945,36.45000076293945,34.0,34.099998474121094,33.08162307739258,9158
2011-12-13,34.0,34.79999923706055,33.5,33.900001525878906,32.887596130371094,25996
2011-12-14,33.650001525878906,34.900001525878906,33.599998474121094,33.95000076293945,32.93610382080078,4051
2011-12-15,33.099998474121094,34.400001525878906,33.0,33.25,32.25701141357422,4675
2011-12-16,33.20000076293945,34.5,30.149999618530273,31.0,30.074201583862305,59931
2011-12-19,30.25,30.899999618530273,29.5,29.850000381469727,28.958545684814453,16369
2011-12-20,30.0,30.649999618530273,28.25,29.649999618530273,28.764516830444336,31281
2011-12-21,30.200000762939453,30.899999618530273,27.899999618530273,28.799999237060547,27.93990135192871,18735
2011-12-22,29.0,30.0,28.549999237060547,29.75,28.86153221130371,28494
2011-12-23,29.0,30.0,29.0,29.5,28.618999481201172,12337
2011-12-26,29.100000381469727,29.950000762939453,28.350000381469727,29.549999237060547,28.667503356933594,5397
2011-12-27,29.0,29.899999618530273,28.600000381469727,28.950000762939453,28.08542251586914,27244
2011-12-28,29.0,29.0,28.149999618530273,28.649999618530273,27.794382095336914,6243
2011-12-29,28.0,28.950000762939453,28.0,28.399999618530273,27.551847457885742,7301
2011-12-30,28.100000381469727,29.299999237060547,28.100000381469727,28.75,27.89139747619629,6478
2012-01-02,29.5,29.5,28.100000381469727,28.450000762939453,27.60035514831543,4624
2012-01-03,29.0,29.75,28.450000762939453,29.399999618530273,28.521984100341797,8765
2012-01-04,29.950000762939453,29.950000762939453,28.649999618530273,28.950000762939453,28.08542251586914,23219
2012-01-05,28.299999237060547,29.950000762939453,27.5,28.049999237060547,27.212299346923828,308232
2012-01-06,27.5,28.350000381469727,27.299999237060547,27.549999237060547,26.727231979370117,41894
2012-01-09,27.5,28.850000381469727,27.100000381469727,28.0,27.163795471191406,49808
2012-01-10,28.100000381469727,29.700000762939453,28.100000381469727,28.799999237060547,27.93990135192871,159815
2012-01-11,29.299999237060547,31.700000762939453,28.149999618530273,30.700000762939453,29.783161163330078,169249
2012-01-12,31.0,32.25,30.549999237060547,31.100000381469727,30.171213150024414,68908
2012-01-13,31.350000381469727,34.75,31.149999618530273,33.45000076293945,32.45103073120117,344383
2012-01-16,33.45000076293945,34.900001525878906,32.849998474121094,33.900001525878906,32.887596130371094,66018
2012-01-17,34.29999923706055,34.70000076293945,33.70000076293945,33.900001525878906,32.887596130371094,57796
2012-01-18,33.650001525878906,33.650001525878906,32.0,32.400001525878906,31.432388305664062,60715
2012-01-19,32.599998474121094,33.25,32.0,32.70000076293945,31.723432540893555,24407
2012-01-20,33.79999923706055,36.0,33.79999923706055,34.25,33.22713851928711,312060
2012-01-23,35.0,35.25,34.099998474121094,34.75,33.71221160888672,66788
2012-01-24,34.599998474121094,35.349998474121094,34.349998474121094,34.54999923706055,33.51818084716797,52381
2012-01-25,34.5,34.95000076293945,34.04999923706055,34.599998474121094,33.566688537597656,34566
2012-01-27,34.599998474121094,36.599998474121094,34.599998474121094,35.79999923706055,34.73085403442383,126472
2012-01-30,34.29999923706055,35.900001525878906,32.349998474121094,33.400001525878906,32.40252685546875,38567
2012-01-31,33.849998474121094,34.20000076293945,32.75,33.20000076293945,32.20850372314453,35754
2012-02-01,33.20000076293945,34.70000076293945,33.20000076293945,34.04999923706055,33.03311538696289,30169
2012-02-02,34.400001525878906,35.70000076293945,33.54999923706055,33.95000076293945,32.93610382080078,63950
2012-02-03,34.5,34.75,32.25,32.45000076293945,31.48089599609375,95222
2012-02-06,33.0,34.400001525878906,31.399999618530273,31.799999237060547,30.85030746459961,143815
2012-02-07,32.5,35.29999923706055,31.850000381469727,34.25,33.22713851928711,512783
2012-02-08,35.75,37.0,35.0,35.75,34.68234634399414,483304
2012-02-09,34.54999923706055,36.099998474121094,34.54999923706055,35.849998474121094,34.779354095458984,93167
2012-02-10,36.0,36.0,34.599998474121094,35.20000076293945,34.14876937866211,64403
2012-02-13,35.099998474121094,35.70000076293945,34.5,34.70000076293945,33.66370391845703,51544
2012-02-14,34.650001525878906,35.400001525878906,34.5,34.849998474121094,33.80921936035156,42071
2012-02-15,35.0,36.5,34.95000076293945,35.70000076293945,34.63383865356445,138065
2012-02-16,35.5,37.599998474121094,35.45000076293945,36.54999923706055,35.45845031738281,284561
2012-02-17,36.900001525878906,41.599998474121094,36.900001525878906,39.29999923706055,38.12632369995117,988918
2012-02-21,40.900001525878906,42.20000076293945,40.400001525878906,41.650001525878906,40.40614700317383,773940
2012-02-22,42.20000076293945,42.5,37.29999923706055,38.04999923706055,36.91365432739258,275155
2012-02-23,37.5,39.150001525878906,36.599998474121094,38.54999923706055,37.398719787597656,98949
2012-02-24,39.25,39.25,37.04999923706055,37.45000076293945,36.331573486328125,54899
2012-02-27,37.150001525878906,37.150001525878906,33.5,33.849998474121094,32.83908462524414,77224
2012-02-28,34.29999923706055,35.25,34.099998474121094,34.95000076293945,33.9062385559082,105341
2012-02-29,35.650001525878906,36.900001525878906,35.099998474121094,35.95000076293945,34.87636947631836,75348
2012-03-01,35.04999923706055,35.75,33.54999923706055,35.04999923706055,34.00324630737305,56470
2012-03-02,35.0,36.349998474121094,35.0,35.29999923706055,34.245784759521484,63867
2012-03-05,36.0,36.20000076293945,34.0,34.150001525878906,33.130130767822266,21832
2012-03-06,33.79999923706055,34.75,33.54999923706055,33.650001525878906,32.64506149291992,30729
2012-03-07,33.0,33.5,32.0,32.400001525878906,31.432388305664062,70403
2012-03-09,33.70000076293945,33.70000076293945,32.5,32.75,31.77193832397461,38000
2012-03-12,33.5,34.45000076293945,32.900001525878906,33.150001525878906,32.159996032714844,22707
2012-03-13,33.29999923706055,35.900001525878906,33.25,34.20000076293945,33.17863464355469,129176
2012-03-14,35.0,35.45000076293945,34.04999923706055,34.400001525878906,33.372657775878906,41650
2012-03-15,34.29999923706055,34.400001525878906,33.0,33.349998474121094,32.35401916503906,43287
2012-03-16,33.04999923706055,34.150001525878906,32.5,32.70000076293945,31.723432540893555,32379
2012-03-19,32.599998474121094,33.099998474121094,31.549999237060547,31.700000762939453,30.7532958984375,129713
2012-03-20,32.0,32.5,31.350000381469727,31.75,30.801801681518555,20921
2012-03-21,32.45000076293945,32.5,31.549999237060547,32.099998474121094,31.141347885131836,82056
2012-03-22,32.29999923706055,32.849998474121094,31.0,31.149999618530273,30.219722747802734,44716
2012-03-23,31.299999237060547,31.75,30.100000381469727,30.799999237060547,29.880172729492188,33967
2012-03-26,31.0,31.0,29.75,29.950000762939453,29.055559158325195,36648
2012-03-27,30.5,30.5,29.0,29.399999618530273,28.521984100341797,33563
2012-03-28,29.399999618530273,31.600000381469727,29.0,29.200000762939453,28.327957153320312,30501
2012-03-29,29.399999618530273,29.399999618530273,28.049999237060547,28.899999618530273,28.036914825439453,41653
2012-03-30,29.75,29.75,28.299999237060547,29.450000762939453,28.570491790771484,35608
2012-04-02,29.799999237060547,31.5,29.549999237060547,31.049999237060547,30.12270736694336,60562
2012-04-03,31.850000381469727,32.0,31.149999618530273,31.5,30.559268951416016,42170
2012-04-04,32.099998474121094,33.400001525878906,32.0,32.5,31.529403686523438,131437
2012-04-09,32.400001525878906,32.400001525878906,30.799999237060547,31.0,30.074201583862305,34728
2012-04-10,31.149999618530273,31.399999618530273,30.799999237060547,31.0,30.074201583862305,16315
2012-04-11,31.25,31.399999618530273,30.649999618530273,30.799999237060547,29.880172729492188,17044
2012-04-12,31.0,31.350000381469727,30.649999618530273,30.850000381469727,29.928680419921875,19632
2012-04-13,31.799999237060547,31.799999237060547,30.100000381469727,30.399999618530273,29.492116928100586,19411
2012-04-16,31.350000381469727,31.350000381469727,30.100000381469727,30.399999618530273,29.492116928100586,26611
2012-04-17,30.25,31.0,30.25,30.799999237060547,29.880172729492188,13515
2012-04-18,30.549999237060547,32.349998474121094,30.549999237060547,31.399999618530273,30.46225357055664,52453
2012-04-19,32.349998474121094,32.349998474121094,31.049999237060547,31.200000762939453,30.26822853088379,14941
2012-04-20,31.700000762939453,32.20000076293945,30.149999618530273,30.450000762939453,29.540626525878906,18547
2012-04-23,30.399999618530273,30.950000762939453,29.5,29.899999618530273,29.007051467895508,20983
2012-04-24,30.5,30.899999618530273,29.049999237060547,29.600000381469727,28.71600914001465,19628
2012-04-25,29.950000762939453,30.149999618530273,28.899999618530273,29.049999237060547,28.182435989379883,12323
2012-04-26,29.200000762939453,29.450000762939453,28.600000381469727,28.75,27.89139747619629,14391
2012-04-27,30.0,30.0,28.5,28.649999618530273,27.794382095336914,16390
2012-04-30,28.399999618530273,29.75,28.399999618530273,28.850000381469727,27.9884090423584,10291
2012-05-02,29.0,30.25,28.799999237060547,29.350000381469727,28.47347640991211,140625
2012-05-03,30.899999618530273,31.399999618530273,29.600000381469727,29.799999237060547,28.910037994384766,689059
2012-05-04,30.299999237060547,30.299999237060547,28.049999237060547,28.200000762939453,27.35782241821289,74631
2012-05-07,28.0,28.600000381469727,27.200000762939453,28.299999237060547,27.454835891723633,35280
2012-05-08,28.299999237060547,28.899999618530273,27.649999618530273,28.100000381469727,27.260807037353516,26475
2012-05-09,27.299999237060547,28.450000762939453,27.25,27.549999237060547,26.727231979370117,18077
2012-05-10,28.399999618530273,28.399999618530273,27.149999618530273,27.5,26.678726196289062,22883
2012-05-11,28.0,28.0,27.049999237060547,27.200000762939453,26.387685775756836,16189
2012-05-14,27.899999618530273,27.950000762939453,26.049999237060547,26.25,25.46605682373047,22533
2012-05-15,26.0,26.950000762939453,25.600000381469727,26.299999237060547,25.514564514160156,14250
2012-05-16,27.0,28.75,25.850000381469727,27.450000762939453,26.630220413208008,113770
2012-05-17,27.5,28.0,26.200000762939453,26.899999618530273,26.09664535522461,51198
2012-05-18,26.799999237060547,27.5,26.5,26.899999618530273,26.09664535522461,47871
2012-05-21,27.0,27.299999237060547,26.100000381469727,26.350000381469727,25.563072204589844,72561
2012-05-22,26.600000381469727,26.700000762939453,26.049999237060547,26.100000381469727,25.32053565979004,19411
2012-05-23,26.549999237060547,27.600000381469727,25.399999618530273,26.75,25.95112419128418,217342
2012-05-24,27.0,27.100000381469727,26.399999618530273,26.600000381469727,25.805604934692383,21712
2012-05-25,26.850000381469727,27.399999618530273,26.25,26.899999618530273,26.09664535522461,43764
2012-05-28,27.350000381469727,27.700000762939453,26.5,27.0,26.19365882873535,32721
2012-05-29,26.649999618530273,27.25,26.600000381469727,27.0,26.19365882873535,21805
2012-05-30,27.0,27.100000381469727,26.299999237060547,26.450000762939453,25.660085678100586,22761
2012-05-31,26.200000762939453,26.299999237060547,25.850000381469727,26.0,25.223522186279297,16588
2012-06-01,26.75,26.75,25.700000762939453,25.75,24.980987548828125,22646
2012-06-04,25.799999237060547,27.100000381469727,25.450000762939453,26.5,25.708589553833008,20843
2012-06-05,26.950000762939453,26.950000762939453,26.100000381469727,26.200000762939453,25.417551040649414,7454
2012-06-06,26.25,27.0,26.200000762939453,26.700000762939453,25.902620315551758,19718
2012-06-07,26.5,27.5,26.149999618530273,27.200000762939453,26.387685775756836,28337
2012-06-08,27.0,28.25,26.899999618530273,27.25,26.43619155883789,53337
2012-06-11,27.0,28.25,27.0,27.600000381469727,26.775739669799805,42113
2012-06-12,27.0,27.700000762939453,26.850000381469727,27.049999237060547,26.242164611816406,22126
2012-06-13,27.450000762939453,28.0,26.799999237060547,27.549999237060547,26.727231979370117,21589
2012-06-14,27.100000381469727,27.75,26.549999237060547,26.75,25.95112419128418,9143
2012-06-15,26.75,27.100000381469727,26.549999237060547,26.700000762939453,25.902620315551758,6111
2012-06-18,27.299999237060547,27.350000381469727,26.600000381469727,26.899999618530273,26.09664535522461,6989
2012-06-19,27.200000762939453,27.200000762939453,26.450000762939453,26.700000762939453,25.902620315551758,11169
2012-06-20,26.549999237060547,27.5,26.549999237060547,27.100000381469727,26.290672302246094,21235
2012-06-21,27.450000762939453,27.899999618530273,26.600000381469727,27.549999237060547,26.727231979370117,32265
2012-06-22,27.100000381469727,27.75,27.100000381469727,27.299999237060547,26.484699249267578,10779
2012-06-25,27.5,27.700000762939453,27.049999237060547,27.149999618530273,26.33917999267578,19243
2012-06-26,27.549999237060547,27.549999237060547,26.049999237060547,27.0,26.19365882873535,15745
2012-06-27,27.0,27.450000762939453,27.0,27.0,26.19365882873535,3016
2012-06-28,27.0,29.299999237060547,26.700000762939453,28.149999618530273,27.309314727783203,73834
2012-06-29,29.0,30.049999237060547,28.25,28.549999237060547,27.69736671447754,129644
2012-07-02,30.0,30.600000381469727,28.350000381469727,29.950000762939453,29.055559158325195,81055
2012-07-03,30.5,31.799999237060547,30.25,30.600000381469727,29.686145782470703,201376
2012-07-04,31.0,31.149999618530273,30.100000381469727,30.799999237060547,29.880172729492188,63099
2012-07-05,30.5,31.899999618530273,30.399999618530273,31.25,30.316734313964844,61943
2012-07-06,31.399999618530273,31.600000381469727,30.299999237060547,31.149999618530273,30.219722747802734,90474
2012-07-09,30.549999237060547,34.150001525878906,29.799999237060547,33.29999923706055,32.305511474609375,469527
2012-07-10,36.0,37.79999923706055,34.650001525878906,35.0,33.954742431640625,1838433
2012-07-11,34.70000076293945,35.349998474121094,33.25,33.5,32.49953842163086,189923
2012-07-12,33.0,33.150001525878906,31.700000762939453,32.0,31.044336318969727,163089
2012-07-13,32.599998474121094,32.599998474121094,31.100000381469727,31.200000762939453,30.26822853088379,89348
2012-07-16,31.200000762939453,32.400001525878906,30.649999618530273,30.950000762939453,30.025693893432617,75603
2012-07-17,31.450000762939453,31.75,29.799999237060547,30.149999618530273,29.24958610534668,90382
2012-07-18,30.299999237060547,30.549999237060547,29.5,30.299999237060547,29.395105361938477,57248
2012-07-19,30.5,31.0,30.049999237060547,30.200000762939453,29.298093795776367,40116
2012-07-20,30.600000381469727,31.0,30.0,30.100000381469727,29.201078414916992,41866
2012-07-23,29.5,29.850000381469727,29.100000381469727,29.399999618530273,28.521984100341797,31046
2012-07-24,29.25,29.700000762939453,29.100000381469727,29.299999237060547,28.424968719482422,17944
2012-07-25,29.149999618530273,29.649999618530273,28.549999237060547,28.799999237060547,27.93990135192871,30750
2012-07-26,29.200000762939453,29.200000762939453,28.5,28.549999237060547,27.69736671447754,31930
2012-07-27,29.25,29.299999237060547,28.0,28.049999237060547,27.212299346923828,30610
2012-07-30,28.799999237060547,28.799999237060547,27.600000381469727,28.25,27.406328201293945,13916
2012-07-31,28.0,29.100000381469727,27.899999618530273,28.549999237060547,27.69736671447754,33731
2012-08-01,28.100000381469727,28.899999618530273,28.0,28.700000762939453,27.842891693115234,11519
2012-08-02,28.299999237060547,29.25,28.299999237060547,28.850000381469727,27.9884090423584,16731
2012-08-03,28.5,29.149999618530273,28.399999618530273,28.700000762939453,27.842891693115234,11436
2012-08-06,28.950000762939453,29.299999237060547,28.75,28.950000762939453,28.08542251586914,13821
2012-08-07,29.950000762939453,29.950000762939453,28.700000762939453,29.100000381469727,28.23094367980957,20951
2012-08-08,29.450000762939453,29.450000762939453,28.450000762939453,28.600000381469727,27.745874404907227,8873
2012-08-09,29.0,29.0,28.200000762939453,28.600000381469727,27.745874404907227,11975
2012-08-10,28.350000381469727,29.049999237060547,28.25,28.549999237060547,27.69736671447754,14819
2012-08-13,28.200000762939453,28.5,27.799999237060547,28.100000381469727,27.260807037353516,24427
2012-08-14,27.600000381469727,28.450000762939453,27.399999618530273,28.149999618530273,27.309314727783203,17811
2012-08-16,28.100000381469727,28.100000381469727,27.350000381469727,27.5,26.678726196289062,25816
2012-08-17,27.5,27.799999237060547,27.200000762939453,27.450000762939453,26.630220413208008,20845
2012-08-21,28.0,28.0,27.200000762939453,27.399999618530273,26.58171272277832,10919
2012-08-22,27.600000381469727,28.149999618530273,27.25,27.799999237060547,26.96976661682129,15150
2012-08-23,28.25,28.25,27.100000381469727,27.25,26.43619155883789,17261
2012-08-24,27.049999237060547,27.549999237060547,26.700000762939453,26.899999618530273,26.09664535522461,19168
2012-08-27,26.549999237060547,27.399999618530273,26.549999237060547,26.549999237060547,25.757097244262695,12768
2012-08-28,26.25,27.0,25.5,25.899999618530273,25.126510620117188,30869
2012-08-29,26.899999618530273,26.950000762939453,25.399999618530273,25.850000381469727,25.078004837036133,42393
2012-08-30,26.149999618530273,26.950000762939453,25.149999618530273,25.549999237060547,24.786962509155273,22308
2012-08-31,24.049999237060547,25.799999237060547,24.049999237060547,25.100000381469727,24.35040283203125,13602
2012-09-03,25.149999618530273,25.799999237060547,25.0,25.25,24.495920181274414,10751
2012-09-04,25.299999237060547,25.600000381469727,25.049999237060547,25.350000381469727,24.59293556213379,6821
2012-09-05,25.799999237060547,25.899999618530273,25.049999237060547,25.149999618530273,24.398908615112305,10247
2012-09-06,25.0,25.549999237060547,24.75,24.950000762939453,24.398908615112305,12641
2012-09-07,25.600000381469727,26.600000381469727,25.600000381469727,25.899999618530273,25.327924728393555,29312
2012-09-10,26.0,29.5,25.450000762939453,29.149999618530273,28.506139755249023,238958
2012-09-11,32.70000076293945,32.900001525878906,29.350000381469727,29.700000762939453,29.043991088867188,1327116
2012-09-12,30.149999618530273,30.399999618530273,28.5,28.600000381469727,27.968286514282227,158510
2012-09-13,28.350000381469727,29.049999237060547,28.200000762939453,28.5,27.87049674987793,97525
2012-09-14,28.5,29.200000762939453,28.0,28.100000381469727,27.47933006286621,105373
2012-09-17,28.299999237060547,28.75,27.899999618530273,28.049999237060547,27.43043327331543,89635
2012-09-18,28.0,29.200000762939453,27.549999237060547,28.600000381469727,27.968286514282227,138661
2012-09-20,29.0,29.850000381469727,28.799999237060547,29.25,28.60392951965332,184562
2012-09-21,29.350000381469727,29.700000762939453,28.399999618530273,29.200000762939453,28.555034637451172,91507
2012-09-24,29.25,31.399999618530273,29.200000762939453,30.350000381469727,29.67963409423828,226920
2012-09-25,31.200000762939453,31.399999618530273,29.799999237060547,30.200000762939453,29.532947540283203,109084
2012-09-26,30.899999618530273,31.200000762939453,29.299999237060547,30.149999618530273,29.484050750732422,116443
2012-09-27,30.0,30.450000762939453,29.450000762939453,29.549999237060547,28.897302627563477,79207
2012-09-28,30.0,30.0,29.100000381469727,29.200000762939453,28.555034637451172,69547
2012-10-01,29.5,29.5,28.399999618530273,28.75,28.114974975585938,79314
2012-10-03,29.299999237060547,30.549999237060547,28.75,29.049999237060547,28.40834617614746,243342
2012-10-04,29.399999618530273,30.5,29.299999237060547,29.799999237060547,29.141780853271484,131703
2012-10-05,29.850000381469727,30.0,28.200000762939453,28.950000762939453,28.310556411743164,96148
2012-10-08,28.850000381469727,29.75,28.850000381469727,29.0,28.359453201293945,67620
2012-10-09,29.450000762939453,29.950000762939453,29.100000381469727,29.25,28.60392951965332,55707
2012-10-10,29.450000762939453,30.0,28.149999618530273,28.75,28.114974975585938,103822
2012-10-11,28.700000762939453,29.149999618530273,28.299999237060547,28.899999618530273,28.261659622192383,60315
2012-10-12,28.950000762939453,30.200000762939453,28.25,29.149999618530273,28.506139755249023,182094
2012-10-15,29.899999618530273,30.5,29.600000381469727,29.850000381469727,29.190677642822266,173877
2012-10-16,30.100000381469727,30.25,29.0,29.149999618530273,28.506139755249023,56668
2012-10-17,29.5,29.5,28.299999237060547,28.600000381469727,27.968286514282227,99501
2012-10-18,28.700000762939453,28.700000762939453,28.149999618530273,28.350000381469727,27.72381019592285,115806
2012-10-19,28.399999618530273,28.799999237060547,28.0,28.450000762939453,27.82159996032715,239940
2012-10-22,28.200000762939453,29.399999618530273,28.200000762939453,29.200000762939453,28.555034637451172,116749
2012-10-23,29.700000762939453,32.25,29.299999237060547,29.850000381469727,29.190677642822266,1560286
2012-10-25,30.5,30.950000762939453,30.0,30.200000762939453,29.532947540283203,510726
2012-10-29,31.100000381469727,31.100000381469727,29.5,29.600000381469727,28.946197509765625,153345
2012-10-30,29.149999618530273,30.149999618530273,28.75,28.899999618530273,28.261659622192383,145013
2012-10-31,28.700000762939453,29.649999618530273,28.549999237060547,29.049999237060547,28.40834617614746,78803
2012-11-01,28.799999237060547,29.600000381469727,28.799999237060547,29.350000381469727,28.70172119140625,74325
2012-11-02,29.399999618530273,29.899999618530273,29.049999237060547,29.200000762939453,28.555034637451172,64404
2012-11-05,29.0,29.399999618530273,28.75,28.950000762939453,28.310556411743164,65722
2012-11-06,28.649999618530273,29.399999618530273,28.5,28.649999618530273,28.017183303833008,72925
2012-11-07,28.649999618530273,30.799999237060547,28.399999618530273,30.350000381469727,29.67963409423828,302140
2012-11-08,30.049999237060547,33.29999923706055,29.149999618530273,32.900001525878906,32.173309326171875,923392
2012-11-09,34.0,34.349998474121094,31.899999618530273,32.099998474121094,31.39097785949707,1489146
2012-11-12,32.29999923706055,32.400001525878906,31.049999237060547,31.149999618530273,30.461963653564453,149548
2012-11-15,30.5,30.950000762939453,29.799999237060547,30.149999618530273,29.484050750732422,106322
2012-11-16,30.149999618530273,30.799999237060547,29.700000762939453,29.850000381469727,29.190677642822266,94654
2012-11-19,29.75,30.200000762939453,29.049999237060547,29.149999618530273,28.506139755249023,93631
2012-11-20,29.200000762939453,29.399999618530273,28.5,28.649999618530273,28.017183303833008,77457
2012-11-21,29.0,29.549999237060547,28.600000381469727,29.299999237060547,28.65282440185547,76012
2012-11-22,29.0,29.5,28.700000762939453,28.950000762939453,28.310556411743164,60225
2012-11-23,29.299999237060547,29.299999237060547,28.700000762939453,28.799999237060547,28.163867950439453,39225
2012-11-26,29.149999618530273,29.149999618530273,28.5,28.549999237060547,27.919389724731445,86296
2012-11-27,28.649999618530273,29.299999237060547,28.600000381469727,28.799999237060547,28.163867950439453,88770
2012-11-29,29.049999237060547,29.600000381469727,28.700000762939453,29.049999237060547,28.40834617614746,85394
2012-11-30,29.25,29.899999618530273,29.100000381469727,29.350000381469727,28.70172119140625,108640
2012-12-03,29.549999237060547,29.75,29.25,29.399999618530273,28.7506160736084,56642
2012-12-04,29.399999618530273,29.799999237060547,29.200000762939453,29.399999618530273,28.7506160736084,77119
2012-12-05,29.399999618530273,30.399999618530273,29.25,30.0,29.337364196777344,175881
2012-12-06,30.850000381469727,31.0,30.100000381469727,30.350000381469727,29.67963409423828,187064
2012-12-07,30.450000762939453,31.100000381469727,30.049999237060547,30.25,29.58184242248535,156174
2012-12-10,30.0,30.200000762939453,29.600000381469727,29.75,29.092885971069336,49558
2012-12-11,29.649999618530273,30.350000381469727,29.200000762939453,29.350000381469727,28.70172119140625,103256
2012-12-12,29.5,29.799999237060547,29.25,29.450000762939453,28.79951286315918,34739
2012-12-13,29.549999237060547,29.75,29.100000381469727,29.149999618530273,28.506139755249023,43323
2012-12-14,29.049999237060547,29.450000762939453,28.700000762939453,28.75,28.114974975585938,61619
2012-12-17,29.049999237060547,29.149999618530273,28.649999618530273,28.700000762939453,28.06608009338379,33569
2012-12-18,28.799999237060547,29.350000381469727,28.200000762939453,28.950000762939453,28.310556411743164,81827
2012-12-19,29.200000762939453,29.450000762939453,29.049999237060547,29.200000762939453,28.555034637451172,41256
2012-12-20,29.200000762939453,29.399999618530273,28.75,29.100000381469727,28.457242965698242,46473
2012-12-21,28.899999618530273,29.049999237060547,28.5,28.549999237060547,27.919389724731445,36473
2012-12-24,28.549999237060547,28.950000762939453,28.5,28.600000381469727,27.968286514282227,35978
2012-12-26,28.950000762939453,28.950000762939453,28.600000381469727,28.700000762939453,28.06608009338379,28844
2012-12-27,28.799999237060547,28.950000762939453,28.299999237060547,28.399999618530273,27.772703170776367,19405
2012-12-28,28.200000762939453,30.700000762939453,28.200000762939453,30.100000381469727,29.43515396118164,294838
2012-12-31,30.200000762939453,31.75,29.149999618530273,30.450000762939453,29.777423858642578,453831
2013-01-01,30.5,32.650001525878906,29.899999618530273,31.700000762939453,30.999814987182617,531628
2013-01-02,32.5,34.5,32.0,33.75,33.00453567504883,1996684
2013-01-03,34.0,34.25,32.54999923706055,32.849998474121094,32.12440872192383,340822
2013-01-04,33.0,33.599998474121094,32.04999923706055,32.349998474121094,31.635456085205078,141757
2013-01-07,33.400001525878906,33.400001525878906,32.25,32.349998474121094,31.635456085205078,108348
2013-01-08,32.400001525878906,32.400001525878906,31.0,31.399999618530273,30.706439971923828,97462
2013-01-09,31.399999618530273,31.75,30.899999618530273,31.0,30.315277099609375,83387
2013-01-10,31.399999618530273,31.399999618530273,30.399999618530273,30.600000381469727,29.924110412597656,64191
2013-01-11,30.399999618530273,30.850000381469727,30.049999237060547,30.100000381469727,29.43515396118164,51965
2013-01-14,30.149999618530273,30.850000381469727,30.100000381469727,30.350000381469727,29.67963409423828,53619
2013-01-15,30.450000762939453,30.850000381469727,30.299999237060547,30.5,29.82632064819336,43020
2013-01-16,30.200000762939453,30.350000381469727,29.600000381469727,29.75,29.092885971069336,56014
2013-01-17,29.850000381469727,29.899999618530273,29.399999618530273,29.5,28.84840965270996,60278
2013-01-18,29.600000381469727,29.649999618530273,29.0,29.100000381469727,28.457242965698242,53568
2013-01-21,29.5,29.5,28.399999618530273,29.0,28.359453201293945,46325
2013-01-22,29.0,30.75,29.0,29.350000381469727,28.70172119140625,171853
2013-01-23,29.299999237060547,29.850000381469727,28.799999237060547,29.049999237060547,28.40834617614746,65555
2013-01-24,28.850000381469727,28.850000381469727,27.0,27.149999618530273,26.550315856933594,164632
2013-01-25,27.399999618530273,27.799999237060547,26.549999237060547,27.649999618530273,27.039270401000977,52648
2013-01-28,27.850000381469727,28.399999618530273,27.549999237060547,27.600000381469727,26.990373611450195,42167
2013-01-29,27.899999618530273,27.950000762939453,27.100000381469727,27.149999618530273,26.550315856933594,47278
2013-01-30,27.649999618530273,27.649999618530273,26.549999237060547,26.700000762939453,26.11025619506836,47673
2013-01-31,27.0,27.0,26.299999237060547,26.700000762939453,26.11025619506836,40592
2013-02-01,26.75,27.200000762939453,26.350000381469727,26.600000381469727,26.012462615966797,46117
2013-02-04,26.899999618530273,27.25,26.200000762939453,26.350000381469727,25.767986297607422,36930
2013-02-05,26.049999237060547,26.5,25.899999618530273,26.0,25.42571449279785,42073
2013-02-06,26.200000762939453,26.399999618530273,25.75,26.0,25.42571449279785,33859
2013-02-07,26.0,26.399999618530273,25.549999237060547,25.799999237060547,25.230133056640625,38634
2013-02-08,25.850000381469727,26.0,24.899999618530273,25.25,24.692279815673828,33235
2013-02-11,25.700000762939453,25.700000762939453,24.5,24.850000381469727,24.301116943359375,47111
2013-02-12,25.100000381469727,26.049999237060547,24.5,25.25,24.692279815673828,75441
2013-02-13,25.399999618530273,25.799999237060547,25.049999237060547,25.200000762939453,24.64338493347168,28132
2013-02-14,24.75,25.600000381469727,24.5,25.399999618530273,24.83896827697754,70023
2013-02-15,26.200000762939453,28.0,26.0,26.5,25.914670944213867,936131
2013-02-18,26.649999618530273,26.700000762939453,25.950000762939453,26.25,25.67019271850586,44314
2013-02-19,26.200000762939453,26.450000762939453,25.649999618530273,25.899999618530273,25.327924728393555,28332
2013-02-20,26.149999618530273,26.299999237060547,25.899999618530273,26.0,25.42571449279785,21088
2013-02-21,25.600000381469727,26.0,24.950000762939453,25.149999618530273,24.59449005126953,47453
2013-02-22,25.049999237060547,25.200000762939453,24.700000762939453,24.850000381469727,24.301116943359375,33494
2013-02-25,25.049999237060547,25.100000381469727,23.549999237060547,23.799999237060547,23.274309158325195,48931
2013-02-26,23.850000381469727,24.0,23.049999237060547,23.149999618530273,22.63866424560547,33074
2013-02-27,23.0,23.600000381469727,22.549999237060547,23.200000762939453,22.68756103515625,38394
2013-02-28,24.0,24.0,22.100000381469727,22.5,22.003023147583008,39505
2013-03-01,22.200000762939453,22.600000381469727,21.700000762939453,21.899999618530273,21.416275024414062,57032
2013-03-04,21.600000381469727,22.350000381469727,21.5,21.75,21.269590377807617,55128
2013-03-05,22.25,22.549999237060547,21.799999237060547,22.399999618530273,21.905229568481445,21896
2013-03-06,22.899999618530273,23.399999618530273,22.799999237060547,23.25,22.7364559173584,34759
2013-03-07,23.399999618530273,23.399999618530273,22.700000762939453,23.100000381469727,22.589771270751953,30047
2013-03-08,23.149999618530273,23.950000762939453,23.149999618530273,23.299999237060547,22.78535270690918,19541
2013-03-11,23.0,23.5,22.700000762939453,23.25,22.7364559173584,504248
2013-03-12,22.100000381469727,23.350000381469727,22.100000381469727,22.899999618530273,22.39418601989746,16182
2013-03-13,22.899999618530273,22.899999618530273,22.600000381469727,22.700000762939453,22.198606491088867,20827
2013-03-14,22.75,22.950000762939453,22.100000381469727,22.299999237060547,21.80744171142578,35544
2013-03-15,22.299999237060547,22.700000762939453,22.299999237060547,22.399999618530273,21.905229568481445,7013
2013-03-18,22.0,22.0,21.200000762939453,21.5,21.02511215209961,29301
2013-03-19,21.600000381469727,22.25,20.899999618530273,21.200000762939453,20.73173713684082,45277
2013-03-20,20.950000762939453,21.350000381469727,19.899999618530273,20.200000762939453,19.753826141357422,85924
2013-03-21,20.399999618530273,20.5,19.549999237060547,19.700000762939453,19.264869689941406,39520
2013-03-22,19.350000381469727,20.0,18.0,18.299999237060547,17.89579200744629,68194
2013-03-25,18.950000762939453,19.0,17.700000762939453,17.850000381469727,17.455732345581055,46898
2013-03-26,17.299999237060547,17.75,17.100000381469727,17.450000762939453,17.06456756591797,29817
2013-03-28,17.350000381469727,19.200000762939453,17.049999237060547,18.899999618530273,18.482540130615234,33265
2013-04-01,18.899999618530273,20.299999237060547,18.899999618530273,19.75,19.313764572143555,33166
2013-04-02,19.799999237060547,21.450000762939453,19.799999237060547,20.799999237060547,20.3405704498291,64180
2013-04-03,21.299999237060547,21.450000762939453,20.100000381469727,20.549999237060547,20.096092224121094,43661
2013-04-04,20.100000381469727,20.799999237060547,19.399999618530273,19.649999618530273,19.215972900390625,29083
2013-04-05,20.0,20.100000381469727,19.049999237060547,19.899999618530273,19.460453033447266,27267
2013-04-08,19.799999237060547,19.950000762939453,19.0,19.600000381469727,19.167078018188477,12576
2013-04-09,20.899999618530273,20.899999618530273,19.100000381469727,19.299999237060547,18.873703002929688,19835
2013-04-10,19.25,19.450000762939453,18.5,19.049999237060547,18.62922477722168,34585
2013-04-11,18.700000762939453,19.799999237060547,18.700000762939453,19.399999618530273,18.97149658203125,9809
2013-04-12,19.0,23.25,18.25,22.950000762939453,22.443084716796875,298479
2013-04-15,23.950000762939453,24.350000381469727,22.799999237060547,23.100000381469727,22.589771270751953,1070697
2013-04-16,22.399999618530273,22.649999618530273,21.600000381469727,21.75,21.269590377807617,113894
2013-04-17,21.25,22.399999618530273,21.25,21.5,21.02511215209961,66959
2013-04-18,21.149999618530273,21.700000762939453,21.149999618530273,21.25,20.7806339263916,42752
2013-04-22,21.25,21.399999618530273,20.25,20.950000762939453,20.487260818481445,69790
2013-04-23,21.5,21.5,20.600000381469727,20.850000381469727,20.389467239379883,46265
2013-04-25,21.25,21.450000762939453,20.450000762939453,20.600000381469727,20.144990921020508,40599
2013-04-26,20.799999237060547,21.100000381469727,20.049999237060547,20.100000381469727,19.656034469604492,54043
2013-04-29,20.0,20.0,19.549999237060547,19.799999237060547,19.362659454345703,26280
2013-04-30,19.700000762939453,21.299999237060547,19.700000762939453,20.350000381469727,19.900510787963867,77874
2013-05-02,20.149999618530273,20.899999618530273,20.149999618530273,20.350000381469727,19.900510787963867,12796
2013-05-03,20.25,20.5,19.850000381469727,19.950000762939453,19.509347915649414,26140
2013-05-06,20.200000762939453,20.600000381469727,19.850000381469727,20.149999618530273,19.70492935180664,25640
2013-05-07,20.549999237060547,21.200000762939453,19.850000381469727,20.649999618530273,20.193885803222656,54515
2013-05-08,21.5,21.5,20.200000762939453,20.549999237060547,20.096092224121094,49630
2013-05-09,20.450000762939453,20.850000381469727,20.149999618530273,20.200000762939453,19.753826141357422,32838
2013-05-10,20.200000762939453,20.350000381469727,19.850000381469727,20.0,19.55824089050293,29223
2013-05-13,20.0,20.5,19.5,19.700000762939453,19.264869689941406,20760
2013-05-14,20.0,20.0,19.25,19.350000381469727,18.92259979248047,23647
2013-05-15,19.5,19.899999618530273,19.399999618530273,19.5,19.069286346435547,42112
2013-05-16,19.850000381469727,20.0,19.200000762939453,19.450000762939453,19.02039337158203,52768
2013-05-17,19.299999237060547,20.399999618530273,19.049999237060547,19.549999237060547,19.118179321289062,234646
2013-05-20,19.5,21.25,19.299999237060547,20.049999237060547,19.607135772705078,534935
2013-05-21,20.100000381469727,21.0,20.100000381469727,20.649999618530273,20.193885803222656,144358
2013-05-22,20.899999618530273,20.899999618530273,20.0,20.100000381469727,19.656034469604492,77079
2013-05-23,20.5,20.5,19.5,19.700000762939453,19.264869689941406,81607
2013-05-24,19.700000762939453,21.600000381469727,19.25,21.350000381469727,20.8784236907959,538679
2013-05-27,21.600000381469727,21.700000762939453,19.549999237060547,19.700000762939453,19.264869689941406,841344
2013-05-28,19.649999618530273,20.25,19.549999237060547,19.850000381469727,19.411556243896484,103079
2013-05-29,19.799999237060547,19.899999618530273,19.350000381469727,19.5,19.069286346435547,66549
2013-05-30,19.399999618530273,19.600000381469727,19.049999237060547,19.100000381469727,18.678123474121094,38511
2013-05-31,19.0,19.200000762939453,18.899999618530273,19.049999237060547,18.62922477722168,68610
2013-06-03,18.799999237060547,19.299999237060547,18.0,18.299999237060547,17.89579200744629,83713
2013-06-04,18.149999618530273,18.850000381469727,18.149999618530273,18.25,17.84689712524414,42006
2013-06-05,18.399999618530273,18.549999237060547,18.049999237060547,18.399999618530273,17.99358367919922,35069
2013-06-06,18.100000381469727,18.350000381469727,18.0,18.049999237060547,17.65131378173828,36570
2013-06-07,18.100000381469727,18.25,18.0,18.0,17.6024169921875,56888
2013-06-10,18.049999237060547,18.149999618530273,18.0,18.049999237060547,17.65131378173828,37584
2013-06-11,18.049999237060547,18.25,18.0,18.100000381469727,17.700210571289062,35956
2013-06-12,18.0,18.850000381469727,18.0,18.049999237060547,17.65131378173828,14774
2013-06-13,18.0,18.25,18.0,18.0,17.6024169921875,32845
2013-06-14,18.399999618530273,18.5,18.049999237060547,18.149999618530273,17.74910545349121,22314
2013-06-17,18.200000762939453,18.549999237060547,18.0,18.049999237060547,17.65131378173828,39785
2013-06-18,18.049999237060547,18.350000381469727,18.049999237060547,18.25,17.84689712524414,11543
2013-06-19,18.100000381469727,18.350000381469727,18.0,18.350000381469727,17.944686889648438,10664
2013-06-20,18.200000762939453,18.350000381469727,17.950000762939453,18.049999237060547,17.65131378173828,27163
2013-06-21,18.25,18.25,17.149999618530273,17.350000381469727,16.96677589416504,35081
2013-06-24,17.25,17.25,16.049999237060547,16.149999618530273,15.793279647827148,41133
2013-06-25,16.25,16.450000762939453,15.100000381469727,15.550000190734863,15.206533432006836,22301
2013-06-26,15.550000190734863,15.899999618530273,15.0,15.100000381469727,14.766473770141602,19704
2013-06-27,15.050000190734863,15.550000190734863,15.050000190734863,15.449999809265137,15.108741760253906,36628
2013-06-28,15.25,15.949999809265137,15.25,15.600000381469727,15.2554292678833,28904
2013-07-01,15.600000381469727,16.899999618530273,15.600000381469727,16.350000381469727,15.988863945007324,65325
2013-07-02,16.200000762939453,18.049999237060547,16.200000762939453,17.649999618530273,17.260149002075195,238618
2013-07-03,18.0,18.299999237060547,17.049999237060547,17.299999237060547,16.917879104614258,535630
2013-07-04,17.399999618530273,17.549999237060547,16.5,17.25,16.86898422241211,48622
2013-07-05,17.299999237060547,17.600000381469727,16.899999618530273,17.0,16.6245059967041,46659
2013-07-08,16.899999618530273,16.899999618530273,16.25,16.399999618530273,16.037757873535156,19505
2013-07-09,16.350000381469727,16.700000762939453,16.100000381469727,16.25,15.891072273254395,26625
2013-07-10,17.0,17.0,16.149999618530273,16.25,15.891072273254395,13638
2013-07-11,16.200000762939453,17.0,16.200000762939453,16.299999237060547,15.939967155456543,24356
2013-07-12,16.350000381469727,16.600000381469727,16.149999618530273,16.25,15.891072273254395,18147
2013-07-15,16.600000381469727,16.600000381469727,16.25,16.350000381469727,15.988863945007324,29760
2013-07-16,16.049999237060547,16.450000762939453,15.75,16.299999237060547,15.939967155456543,41972
2013-07-17,16.100000381469727,16.5,16.0,16.049999237060547,15.695488929748535,34719
2013-07-18,16.200000762939453,16.5,16.100000381469727,16.25,15.891072273254395,17934
2013-07-19,16.799999237060547,16.799999237060547,16.0,16.0,15.646594047546387,33227
2013-07-22,16.0,16.5,16.0,16.200000762939453,15.842175483703613,26038
2013-07-23,16.100000381469727,16.450000762939453,16.0,16.100000381469727,15.744386672973633,37503
2013-07-24,16.0,16.0,15.300000190734863,15.449999809265137,15.108741760253906,109506
2013-07-25,15.600000381469727,15.600000381469727,14.399999618530273,14.600000381469727,14.277517318725586,86857
2013-07-26,14.5,14.75,13.800000190734863,13.949999809265137,13.641874313354492,39737
2013-07-29,13.199999809265137,13.350000381469727,12.350000381469727,12.649999618530273,12.370588302612305,73007
2013-07-30,12.699999809265137,12.699999809265137,11.100000381469727,11.350000381469727,11.099303245544434,97201
2013-07-31,11.050000190734863,12.600000381469727,10.449999809265137,11.899999618530273,11.637154579162598,67581
2013-08-01,12.050000190734863,12.149999618530273,11.149999618530273,11.5,11.245989799499512,29909
2013-08-02,11.300000190734863,12.800000190734863,11.300000190734863,12.350000381469727,12.077215194702148,58320
2013-08-05,12.050000190734863,14.699999809265137,12.050000190734863,14.350000381469727,14.033040046691895,227751
2013-08-06,14.0,14.0,12.25,12.5,12.223901748657227,64010
2013-08-07,12.850000381469727,13.5,12.449999809265137,12.899999618530273,12.615066528320312,23609
2013-08-08,13.0,13.399999618530273,12.800000190734863,12.800000190734863,12.517274856567383,27428
2013-08-12,13.0,15.300000190734863,12.949999809265137,13.550000190734863,13.250709533691406,60808
2013-08-13,13.0,13.850000381469727,12.199999809265137,13.100000381469727,12.810648918151855,44718
2013-08-14,13.0,13.600000381469727,13.0,13.399999618530273,13.104022026062012,17371
2013-08-16,13.199999809265137,13.199999809265137,12.5,12.75,12.468379974365234,17092
2013-08-19,12.75,12.75,11.550000190734863,11.899999618530273,11.637154579162598,37478
2013-08-20,11.75,12.550000190734863,11.649999618530273,11.949999809265137,11.686049461364746,42173
2013-08-21,12.0,12.25,11.149999618530273,11.25,11.001511573791504,28866
2013-08-22,12.300000190734863,12.300000190734863,11.149999618530273,11.300000190734863,11.050407409667969,31759
2013-08-23,11.350000381469727,12.350000381469727,11.25,11.899999618530273,11.637154579162598,27770
2013-08-26,12.0,12.25,11.600000381469727,11.899999618530273,11.637154579162598,25478
2013-08-27,12.050000190734863,12.100000381469727,11.449999809265137,11.550000190734863,11.294885635375977,31565
2013-08-28,11.5,11.949999809265137,11.050000190734863,11.449999809265137,11.19709300994873,17621
2013-08-29,11.5,11.850000381469727,11.199999809265137,11.350000381469727,11.099303245544434,17217
2013-08-30,11.25,11.850000381469727,11.25,11.350000381469727,11.099303245544434,12287
2013-09-02,11.25,12.199999809265137,11.25,12.0,11.734945297241211,34763
2013-09-03,12.050000190734863,12.199999809265137,11.75,11.899999618530273,11.637154579162598,22284
2013-09-04,11.300000190734863,12.0,11.300000190734863,11.899999618530273,11.637154579162598,14243
2013-09-05,11.899999618530273,12.550000190734863,11.5,12.399999618530273,12.126110076904297,23098
2013-09-06,12.75,12.75,12.350000381469727,12.649999618530273,12.370588302612305,22816
2013-09-10,12.75,13.25,12.550000190734863,12.899999618530273,12.615066528320312,20568
2013-09-11,12.600000381469727,13.449999809265137,12.600000381469727,12.949999809265137,12.663962364196777,58729
2013-09-12,12.699999809265137,13.649999618530273,12.699999809265137,13.399999618530273,13.309576034545898,56484
2013-09-13,13.75,14.100000381469727,13.5,13.699999809265137,13.607551574707031,29746
2013-09-16,13.899999618530273,14.449999809265137,13.699999809265137,13.800000190734863,13.706876754760742,60781
2013-09-17,13.699999809265137,13.899999618530273,13.300000190734863,13.75,13.657214164733887,17953
2013-09-18,13.600000381469727,13.949999809265137,13.300000190734863,13.5,13.40890121459961,14257
2013-09-19,14.5,14.5,13.300000190734863,13.5,13.40890121459961,49221
2013-09-20,13.800000190734863,13.800000190734863,13.050000190734863,13.300000190734863,13.210250854492188,11783
2013-09-23,13.0,13.199999809265137,12.399999618530273,12.649999618530273,12.564637184143066,25405
2013-09-24,12.600000381469727,13.0,12.25,12.649999618530273,12.564637184143066,9879
2013-09-25,12.600000381469727,12.75,12.399999618530273,12.550000190734863,12.465312004089355,9657
2013-09-26,12.550000190734863,12.850000381469727,12.300000190734863,12.5,12.4156494140625,28896
2013-09-27,12.399999618530273,13.199999809265137,12.25,12.399999618530273,12.316324234008789,14616
2013-09-30,12.300000190734863,12.350000381469727,12.149999618530273,12.25,12.167336463928223,10174
2013-10-01,12.050000190734863,12.449999809265137,12.0,12.149999618530273,12.068011283874512,20583
2013-10-03,12.050000190734863,12.75,12.050000190734863,12.399999618530273,12.316324234008789,17993
2013-10-04,12.199999809265137,12.899999618530273,12.149999618530273,12.449999809265137,12.365986824035645,43615
2013-10-07,12.399999618530273,12.649999618530273,11.399999618530273,12.0,11.919023513793945,62768
2013-10-08,12.050000190734863,12.300000190734863,12.050000190734863,12.199999809265137,12.11767292022705,27199
2013-10-09,12.0,12.449999809265137,11.949999809265137,12.0,11.919023513793945,94096
2013-10-10,12.149999618530273,12.350000381469727,12.050000190734863,12.300000190734863,12.217000007629395,45385
2013-10-11,12.350000381469727,14.75,12.300000190734863,14.75,14.650466918945312,933056
2013-10-14,14.949999809265137,15.199999809265137,13.649999618530273,14.300000190734863,14.203502655029297,234489
2013-10-15,14.5,16.399999618530273,14.0,14.800000190734863,14.700128555297852,233519
2013-10-17,14.699999809265137,15.100000381469727,13.800000190734863,14.050000190734863,13.95518970489502,81552
2013-10-18,14.050000190734863,14.899999618530273,14.0,14.149999618530273,14.05451488494873,42249
2013-10-21,14.800000190734863,16.25,14.149999618530273,16.0,15.8920316696167,245548
2013-10-22,15.899999618530273,16.549999237060547,15.800000190734863,16.350000381469727,16.239669799804688,793397
2013-10-23,16.450000762939453,17.0,15.600000381469727,16.799999237060547,16.68663215637207,233992
2013-10-24,17.100000381469727,17.299999237060547,16.399999618530273,16.5,16.388656616210938,110430
2013-10-25,16.399999618530273,16.5,15.949999809265137,16.100000381469727,15.991357803344727,56318
2013-10-28,16.0,16.399999618530273,15.75,15.800000190734863,15.693381309509277,33294
2013-10-29,15.199999809265137,16.200000762939453,15.199999809265137,15.949999809265137,15.842368125915527,27720
2013-10-30,16.149999618530273,16.450000762939453,16.0,16.0,15.8920316696167,35563
2013-10-31,15.800000190734863,16.149999618530273,15.600000381469727,15.800000190734863,15.693381309509277,47102
2013-11-01,15.649999618530273,16.200000762939453,15.649999618530273,16.049999237060547,15.941693305969238,41264
2013-11-05,16.0,16.649999618530273,15.800000190734863,16.549999237060547,16.43832015991211,136413
2013-11-06,16.700000762939453,16.950000762939453,15.75,16.049999237060547,15.941693305969238,69640
2013-11-07,16.0,16.299999237060547,15.75,15.899999618530273,15.792705535888672,46539
2013-11-08,15.800000190734863,16.149999618530273,15.350000381469727,15.75,15.643718719482422,47342
2013-11-11,15.899999618530273,16.049999237060547,14.449999809265137,14.649999618530273,14.551140785217285,108971
2013-11-12,14.649999618530273,15.850000381469727,14.25,14.550000190734863,14.451815605163574,109347
2013-11-13,14.899999618530273,14.899999618530273,14.050000190734863,14.300000190734863,14.203502655029297,65155
2013-11-14,14.800000190734863,14.949999809265137,14.399999618530273,14.75,14.650466918945312,22249
2013-11-18,14.800000190734863,15.300000190734863,14.75,14.850000381469727,14.749792098999023,15748
2013-11-19,14.850000381469727,15.149999618530273,14.5,14.800000190734863,14.700128555297852,32151
2013-11-20,15.100000381469727,15.199999809265137,14.699999809265137,14.800000190734863,14.700128555297852,16708
2013-11-21,14.75,15.25,14.5,14.899999618530273,14.799453735351562,34524
2013-11-22,14.75,15.050000190734863,14.550000190734863,14.550000190734863,14.451815605163574,34497
2013-11-25,14.649999618530273,15.100000381469727,14.5,14.649999618530273,14.551140785217285,18032
2013-11-26,14.449999809265137,15.449999809265137,14.449999809265137,14.600000381469727,14.501479148864746,30524
2013-11-27,14.550000190734863,14.800000190734863,14.350000381469727,14.449999809265137,14.352490425109863,10591
2013-11-28,14.850000381469727,16.600000381469727,14.850000381469727,16.149999618530273,16.041017532348633,237534
2013-11-29,16.0,16.799999237060547,15.550000190734863,16.299999237060547,16.190006256103516,67348
2013-12-02,16.299999237060547,17.450000762939453,16.299999237060547,17.25,17.133596420288086,133372
2013-12-03,17.450000762939453,17.950000762939453,16.700000762939453,17.0,16.885282516479492,73640
2013-12-04,17.200000762939453,19.0,16.950000762939453,18.0,17.8785343170166,480059
2013-12-05,18.25,20.850000381469727,18.149999618530273,19.549999237060547,19.418073654174805,374328
2013-12-06,19.700000762939453,20.399999618530273,19.149999618530273,19.399999618530273,19.269088745117188,126097
2013-12-09,19.549999237060547,19.649999618530273,18.25,18.350000381469727,18.226173400878906,95540
2013-12-10,18.350000381469727,18.5,17.549999237060547,17.600000381469727,17.48123550415039,54695
2013-12-11,17.5,20.200000762939453,17.350000381469727,18.649999618530273,18.52414894104004,140581
2013-12-12,18.700000762939453,19.899999618530273,18.600000381469727,19.0,18.87178611755371,74251
2013-12-13,19.350000381469727,19.799999237060547,18.899999618530273,19.5,19.368412017822266,79601
2013-12-16,19.5,20.0,19.0,19.200000762939453,19.070438385009766,558409
2013-12-17,19.25,21.450000762939453,19.25,19.549999237060547,19.418073654174805,544354
2013-12-18,19.850000381469727,20.299999237060547,19.25,19.700000762939453,19.56706428527832,86539
2013-12-19,19.899999618530273,20.700000762939453,19.799999237060547,19.899999618530273,19.765714645385742,119555
2013-12-20,19.700000762939453,20.75,19.200000762939453,20.149999618530273,20.014026641845703,135675
2013-12-23,20.149999618530273,23.649999618530273,20.149999618530273,23.149999618530273,22.99378204345703,552948
2013-12-24,23.5,24.799999237060547,23.0,24.25,24.08635902404785,459030
2013-12-26,24.399999618530273,27.950000762939453,24.049999237060547,27.25,27.06611442565918,855294
2013-12-27,27.600000381469727,27.899999618530273,25.149999618530273,25.549999237060547,25.377586364746094,364140
2013-12-30,26.149999618530273,27.75,24.600000381469727,25.100000381469727,24.93062400817871,104015
2013-12-31,25.200000762939453,26.549999237060547,24.399999618530273,25.700000762939453,25.526575088500977,197205
2014-01-01,26.600000381469727,26.75,25.700000762939453,25.950000762939453,25.77488899230957,100683
2014-01-02,26.0,28.899999618530273,25.75,26.399999618530273,26.221851348876953,549294
2014-01-03,26.899999618530273,27.149999618530273,26.0,26.75,26.569488525390625,118886
2014-01-06,26.5,29.100000381469727,26.5,28.350000381469727,28.158693313598633,428630
2014-01-07,28.5,29.799999237060547,28.5,28.850000381469727,28.655319213867188,195723
2014-01-08,29.200000762939453,29.700000762939453,27.25,27.950000762939453,27.76139259338379,156834
2014-01-09,28.100000381469727,28.5,25.549999237060547,25.700000762939453,25.526575088500977,302070
2014-01-10,25.799999237060547,28.200000762939453,25.200000762939453,26.25,26.07286262512207,258065
2014-01-13,26.899999618530273,27.700000762939453,26.25,26.950000762939453,26.76814079284668,187906
2014-01-14,27.0,27.700000762939453,26.299999237060547,27.0,26.81780242919922,112194
2014-01-15,27.399999618530273,27.950000762939453,26.549999237060547,26.75,26.569488525390625,57514
2014-01-16,26.75,27.200000762939453,25.850000381469727,26.5,26.321176528930664,81439
2014-01-17,26.399999618530273,26.799999237060547,25.0,25.049999237060547,24.88096046447754,85319
2014-01-20,25.799999237060547,27.25,24.899999618530273,26.700000762939453,26.51982879638672,302225
2014-01-21,26.5,26.600000381469727,25.549999237060547,26.0,25.82455062866211,62888
2014-01-22,25.899999618530273,31.200000762939453,25.600000381469727,31.200000762939453,30.98946189880371,1557811
2014-01-23,32.79999923706055,32.79999923706055,29.049999237060547,29.549999237060547,29.35059356689453,909789
2014-01-24,29.0,29.399999618530273,27.549999237060547,27.950000762939453,27.76139259338379,295299
2014-01-27,26.799999237060547,27.850000381469727,26.25,26.700000762939453,26.51982879638672,161168
2014-01-28,27.25,31.0,27.100000381469727,28.700000762939453,28.506332397460938,509821
2014-01-29,28.700000762939453,30.25,27.049999237060547,27.850000381469727,27.662067413330078,267162
2014-01-30,26.649999618530273,27.549999237060547,26.0,26.450000762939453,26.271516799926758,174998
2014-01-31,27.549999237060547,27.899999618530273,25.399999618530273,26.0,25.82455062866211,238064
2014-02-03,26.0,27.799999237060547,25.049999237060547,25.950000762939453,25.77488899230957,209681
2014-02-04,25.950000762939453,26.25,25.200000762939453,25.799999237060547,25.625900268554688,104576
2014-02-05,25.899999618530273,26.799999237060547,25.25,25.700000762939453,25.526575088500977,88028
2014-02-06,25.649999618530273,26.399999618530273,25.0,25.200000762939453,25.029949188232422,73584
2014-02-07,25.299999237060547,25.700000762939453,25.0,25.100000381469727,24.93062400817871,53164
2014-02-10,25.0,26.5,25.0,25.649999618530273,25.476913452148438,71062
2014-02-11,26.149999618530273,26.450000762939453,25.350000381469727,25.450000762939453,25.278263092041016,52559
2014-02-12,25.649999618530273,26.200000762939453,25.450000762939453,25.600000381469727,25.427249908447266,49982
2014-02-13,25.299999237060547,25.700000762939453,24.600000381469727,24.649999618530273,24.483659744262695,47144
2014-02-14,29.549999237060547,29.549999237060547,23.399999618530273,23.649999618530273,23.490407943725586,55868
2014-02-17,23.399999618530273,24.100000381469727,23.0,23.350000381469727,23.192434310913086,34710
2014-02-18,22.899999618530273,25.200000762939453,22.899999618530273,24.399999618530273,24.2353458404541,91196
2014-02-19,24.950000762939453,25.450000762939453,24.399999618530273,24.5,24.334672927856445,57183
2014-02-20,24.399999618530273,25.0,23.950000762939453,24.100000381469727,23.937374114990234,54255
2014-02-21,24.100000381469727,24.899999618530273,24.100000381469727,24.149999618530273,23.98703384399414,21716
2014-02-24,24.200000762939453,26.25,24.0,25.399999618530273,25.228599548339844,82379
2014-02-25,25.100000381469727,25.75,24.700000762939453,25.25,25.07961082458496,43515
2014-02-26,25.75,27.200000762939453,25.399999618530273,25.850000381469727,25.67556381225586,203832
2014-02-28,25.600000381469727,25.950000762939453,24.700000762939453,24.799999237060547,24.632648468017578,49680
2014-03-03,24.899999618530273,25.600000381469727,23.799999237060547,24.0,23.83804702758789,57989
2014-03-04,24.350000381469727,25.399999618530273,23.950000762939453,24.899999618530273,24.73197364807129,51603
2014-03-05,25.350000381469727,25.399999618530273,24.25,24.549999237060547,24.384334564208984,70369
2014-03-06,24.75,26.799999237060547,24.75,26.100000381469727,25.92387580871582,233264
2014-03-07,26.549999237060547,26.649999618530273,25.5,25.700000762939453,25.526575088500977,89090
2014-03-10,25.950000762939453,26.0,25.25,25.5,25.327924728393555,30439
2014-03-11,25.5,27.399999618530273,25.450000762939453,25.600000381469727,25.427249908447266,116840
2014-03-12,25.950000762939453,27.350000381469727,25.600000381469727,26.799999237060547,26.619152069091797,250273
2014-03-13,26.5,27.5,25.850000381469727,26.0,25.82455062866211,73086
2014-03-14,26.049999237060547,26.049999237060547,25.149999618530273,25.799999237060547,25.625900268554688,42597
2014-03-18,26.200000762939453,27.0,25.75,25.950000762939453,25.77488899230957,79715
2014-03-19,26.450000762939453,27.149999618530273,25.899999618530273,26.549999237060547,26.370838165283203,385536
2014-03-20,26.700000762939453,26.700000762939453,25.450000762939453,25.600000381469727,25.427249908447266,49491
2014-03-21,25.850000381469727,27.0,25.600000381469727,25.799999237060547,25.625900268554688,206101
2014-03-24,25.899999618530273,26.700000762939453,24.5,24.649999618530273,24.483659744262695,98243
2014-03-25,24.549999237060547,25.0,23.700000762939453,24.100000381469727,23.937374114990234,115885
2014-03-26,24.700000762939453,25.0,23.899999618530273,24.0,23.83804702758789,75217
2014-03-27,24.0,24.899999618530273,23.850000381469727,23.950000762939453,23.78838539123535,87665
2014-03-28,24.100000381469727,25.299999237060547,23.950000762939453,24.899999618530273,24.73197364807129,138907
2014-03-31,25.299999237060547,25.600000381469727,24.649999618530273,25.25,25.07961082458496,102422
2014-04-01,25.600000381469727,26.350000381469727,24.899999618530273,26.149999618530273,25.973539352416992,141581
2014-04-02,26.100000381469727,27.399999618530273,26.049999237060547,27.0,26.81780242919922,151677
2014-04-03,27.850000381469727,28.850000381469727,27.149999618530273,27.350000381469727,27.165441513061523,596530
2014-04-04,27.200000762939453,28.5,27.149999618530273,28.049999237060547,27.860715866088867,224703
2014-04-07,28.0,29.0,27.350000381469727,28.350000381469727,28.158693313598633,226525
2014-04-09,28.649999618530273,31.299999237060547,28.649999618530273,30.75,30.542497634887695,766172
2014-04-10,30.75,31.950000762939453,28.700000762939453,29.100000381469727,28.90363121032715,201155
2014-04-11,29.0,33.400001525878906,28.700000762939453,31.799999237060547,31.585411071777344,861605
2014-04-15,31.799999237060547,32.29999923706055,30.049999237060547,31.600000381469727,31.386762619018555,214091
2014-04-16,31.950000762939453,31.950000762939453,28.649999618530273,29.450000762939453,29.251270294189453,249714
2014-04-17,29.799999237060547,31.5,29.600000381469727,31.149999618530273,30.93979835510254,225097
2014-04-21,32.04999923706055,34.54999923706055,32.0,33.599998474121094,33.37326431274414,805844
2014-04-22,33.900001525878906,37.79999923706055,33.0,36.849998474121094,36.60133361816406,1458680
2014-04-23,37.099998474121094,37.54999923706055,34.5,34.900001525878906,34.664493560791016,505715
2014-04-24,34.900001525878906,34.900001525878906,34.900001525878906,34.900001525878906,34.664493560791016,0
2014-04-25,35.0,35.75,33.04999923706055,33.349998474121094,33.12495040893555,233238
2014-04-28,34.0,34.0,32.150001525878906,33.45000076293945,33.22427749633789,249731
2014-04-29,33.45000076293945,35.400001525878906,32.650001525878906,34.54999923706055,34.31685256958008,426441
2014-04-30,34.20000076293945,34.849998474121094,31.149999618530273,32.45000076293945,32.23102569580078,257602
2014-05-02,32.45000076293945,33.79999923706055,31.5,32.04999923706055,31.833724975585938,134432
2014-05-05,31.75,32.29999923706055,30.149999618530273,30.899999618530273,30.691484451293945,251384
2014-05-06,30.600000381469727,30.950000762939453,29.149999618530273,29.700000762939453,29.499584197998047,152207
2014-05-07,29.700000762939453,30.399999618530273,28.700000762939453,28.850000381469727,28.655319213867188,181634
2014-05-08,28.850000381469727,29.950000762939453,28.549999237060547,29.200000762939453,29.002958297729492,133089
2014-05-09,29.0,33.20000076293945,28.899999618530273,32.099998474121094,31.883386611938477,481210
2014-05-12,32.29999923706055,34.79999923706055,30.850000381469727,32.70000076293945,32.479339599609375,428776
2014-05-13,33.650001525878906,34.20000076293945,31.899999618530273,32.04999923706055,31.833724975585938,201974
2014-05-14,32.04999923706055,32.5,31.549999237060547,31.799999237060547,31.585411071777344,193049
2014-05-15,31.600000381469727,32.5,30.899999618530273,31.450000762939453,31.237773895263672,129483
2014-05-16,32.0,34.0,30.5,30.75,30.542497634887695,194495
2014-05-19,30.600000381469727,36.25,30.600000381469727,35.54999923706055,35.31010437011719,812389
2014-05-20,36.099998474121094,36.95000076293945,33.54999923706055,35.849998474121094,35.60808181762695,419391
2014-05-21,36.0,40.75,35.95000076293945,39.20000076293945,38.93547821044922,1950629
2014-05-22,39.900001525878906,41.400001525878906,37.25,39.650001525878906,39.382442474365234,1077258
2014-05-23,40.0,41.0,39.25,39.45000076293945,39.18379211425781,577893
2014-05-26,39.95000076293945,40.75,33.0,35.75,35.508758544921875,686982
2014-05-27,35.650001525878906,36.25,33.54999923706055,35.25,35.01213073730469,505517
2014-05-28,34.5,37.900001525878906,34.5,36.79999923706055,36.551673889160156,651530
2014-05-29,37.400001525878906,37.5,35.599998474121094,36.349998474121094,36.10470962524414,389489
2014-05-30,36.70000076293945,38.79999923706055,34.70000076293945,35.20000076293945,34.96247100830078,423808
2014-06-02,35.95000076293945,36.900001525878906,35.0,36.400001525878906,36.15436935424805,194951
2014-06-03,36.04999923706055,38.0,36.04999923706055,36.599998474121094,36.35301971435547,256744
2014-06-04,37.0,39.5,36.25,38.54999923706055,38.289859771728516,839803
2014-06-05,39.0,40.900001525878906,37.75,39.349998474121094,39.08446502685547,1046578
2014-06-06,39.5,40.150001525878906,37.70000076293945,38.45000076293945,38.1905403137207,539940
2014-06-09,38.099998474121094,44.79999923706055,38.099998474121094,44.0,43.703086853027344,2994741
2014-06-10,44.79999923706055,46.5,41.79999923706055,45.599998474121094,45.29228973388672,1809190
2014-06-11,46.20000076293945,47.45000076293945,43.599998474121094,44.20000076293945,43.901737213134766,1200975
2014-06-12,44.349998474121094,47.70000076293945,42.79999923706055,47.349998474121094,47.030479431152344,1780715
2014-06-13,47.70000076293945,47.79999923706055,41.150001525878906,43.0,42.709835052490234,1162524
2014-06-16,43.29999923706055,43.650001525878906,41.29999923706055,42.650001525878906,42.36219787597656,560481
2014-06-17,43.0,45.900001525878906,42.349998474121094,45.099998474121094,44.79566192626953,856091
2014-06-18,45.0,46.849998474121094,43.849998474121094,46.25,45.93790054321289,913838
2014-06-19,47.5,53.599998474121094,47.5,50.25,49.910911560058594,6131143
2014-06-20,50.45000076293945,50.45000076293945,47.400001525878906,48.599998474121094,48.27204513549805,1445359
2014-06-23,48.25,50.70000076293945,48.25,49.04999923706055,48.71900939941406,561509
2014-06-24,49.099998474121094,51.79999923706055,48.75,50.25,49.910911560058594,779408
2014-06-25,50.349998474121094,51.349998474121094,49.599998474121094,50.0,49.66259765625,649295
2014-06-26,49.900001525878906,49.900001525878906,47.45000076293945,47.75,47.42778015136719,600773
2014-06-27,48.25,48.599998474121094,46.25,46.54999923706055,46.235877990722656,365248
2014-06-30,48.0,48.400001525878906,44.599998474121094,46.849998474121094,46.533851623535156,104598
2014-07-01,46.0,47.75,45.75,46.400001525878906,46.086891174316406,118935
2014-07-02,46.150001525878906,47.599998474121094,46.150001525878906,46.5,46.186214447021484,107401
2014-07-03,46.29999923706055,47.04999923706055,44.849998474121094,45.75,45.44127655029297,120665
2014-07-04,43.599998474121094,47.0,43.599998474121094,45.099998474121094,44.79566192626953,145475
2014-07-07,45.099998474121094,46.400001525878906,44.70000076293945,45.70000076293945,45.3916130065918,157212
2014-07-08,45.25,45.95000076293945,43.45000076293945,43.45000076293945,43.15679931640625,143641
2014-07-09,43.400001525878906,43.400001525878906,41.29999923706055,41.75,41.46826934814453,153982
2014-07-10,41.75,43.79999923706055,39.70000076293945,42.70000076293945,42.41185760498047,206587
2014-07-11,42.29999923706055,43.0,40.599998474121094,40.599998474121094,40.326026916503906,54469
2014-07-14,40.0,40.5,38.599998474121094,38.599998474121094,38.33952331542969,43919
2014-07-15,37.150001525878906,39.95000076293945,36.70000076293945,37.650001525878906,37.395938873291016,270166
2014-07-16,39.5,39.5,38.099998474121094,39.5,39.23345184326172,80844
2014-07-17,40.0,40.79999923706055,38.54999923706055,39.54999923706055,39.283111572265625,57242
2014-07-18,39.54999923706055,40.25,38.79999923706055,39.849998474121094,39.58108901977539,44555
2014-07-21,40.5,41.79999923706055,40.0,41.79999923706055,41.51792907714844,36908
2014-07-22,43.349998474121094,43.849998474121094,42.25,43.849998474121094,43.55409622192383,148109
2014-07-23,46.0,46.0,42.25,43.54999923706055,43.25612258911133,147280
2014-07-24,43.5,45.70000076293945,43.5,45.349998474121094,45.043975830078125,206924
2014-07-25,45.5,45.95000076293945,43.099998474121094,43.099998474121094,42.80915451049805,51599
2014-07-28,44.099998474121094,44.099998474121094,41.400001525878906,42.150001525878906,41.865570068359375,45978
2014-07-30,40.29999923706055,42.0,40.099998474121094,41.400001525878906,41.218421936035156,53471
2014-07-31,41.0,42.400001525878906,41.0,41.650001525878906,41.46732711791992,47894
2014-08-01,41.0,42.0,40.5,40.79999923706055,40.62105178833008,30684
2014-08-04,41.900001525878906,42.400001525878906,41.0,41.599998474121094,41.41754150390625,52782
2014-08-05,41.20000076293945,43.400001525878906,41.0,42.900001525878906,42.71184539794922,49373
2014-08-06,43.599998474121094,43.900001525878906,41.70000076293945,42.099998474121094,41.91535186767578,126686
2014-08-07,41.849998474121094,42.400001525878906,40.0,40.150001525878906,39.973907470703125,129982
2014-08-08,39.04999923706055,39.45000076293945,38.150001525878906,38.150001525878906,37.9826774597168,97004
2014-08-11,38.099998474121094,39.900001525878906,37.54999923706055,39.150001525878906,38.97829055786133,91547
2014-08-12,39.5,40.349998474121094,38.650001525878906,38.900001525878906,38.72938919067383,40360
2014-08-13,38.0,39.650001525878906,37.0,37.29999923706055,37.13640213012695,114557
2014-08-14,38.45000076293945,38.45000076293945,36.25,37.0,36.83771896362305,53079
2014-08-18,36.599998474121094,38.849998474121094,35.900001525878906,38.849998474121094,38.679603576660156,287713
2014-08-19,39.400001525878906,40.400001525878906,38.0,38.900001525878906,38.72938919067383,228966
2014-08-20,38.5,40.599998474121094,37.79999923706055,39.75,39.57565689086914,263745
2014-08-21,40.29999923706055,41.0,38.5,38.79999923706055,38.629825592041016,128580
2014-08-22,38.79999923706055,40.0,38.349998474121094,38.849998474121094,38.679603576660156,104021
2014-08-25,38.75,39.29999923706055,37.5,37.70000076293945,37.53464889526367,75798
2014-08-26,37.349998474121094,38.400001525878906,36.20000076293945,36.599998474121094,36.43947219848633,184069
2014-08-27,36.20000076293945,37.5,35.900001525878906,36.20000076293945,36.041229248046875,152720
2014-08-28,35.79999923706055,36.79999923706055,35.25,36.0,35.842105865478516,70251
2014-09-01,36.45000076293945,37.20000076293945,36.0,36.849998474121094,36.688377380371094,111227
2014-09-02,37.79999923706055,38.400001525878906,36.900001525878906,37.849998474121094,37.683990478515625,176263
2014-09-03,38.0,39.25,37.349998474121094,37.95000076293945,37.78355407714844,93276
2014-09-04,37.650001525878906,37.75,36.099998474121094,36.900001525878906,36.7381591796875,84756
2014-09-05,37.0,38.400001525878906,36.150001525878906,36.900001525878906,36.7381591796875,105893
2014-09-08,36.5,37.70000076293945,36.5,37.150001525878906,36.987064361572266,103031
2014-09-09,37.099998474121094,39.400001525878906,36.5,38.849998474121094,38.679603576660156,459103
2014-09-10,38.599998474121094,41.45000076293945,38.5,40.70000076293945,40.52149200439453,529425
2014-09-11,42.29999923706055,43.5,41.0,43.25,43.060306549072266,577872
2014-09-12,43.599998474121094,45.25,42.0,42.25,42.064693450927734,378479
2014-09-15,42.0,43.54999923706055,40.5,43.04999923706055,42.861183166503906,152916
2014-09-16,43.0,43.900001525878906,38.900001525878906,39.150001525878906,38.97829055786133,209175
2014-09-17,40.0,40.79999923706055,38.349998474121094,38.79999923706055,38.629825592041016,192328
2014-09-18,39.900001525878906,41.20000076293945,38.599998474121094,40.349998474121094,40.17302703857422,223601
2014-09-19,40.70000076293945,40.75,39.0,39.400001525878906,39.227195739746094,94597
2014-09-22,39.45000076293945,41.20000076293945,39.04999923706055,40.54999923706055,40.37215042114258,88437
2014-09-23,41.29999923706055,41.45000076293945,38.150001525878906,38.79999923706055,38.629825592041016,289636
2014-09-24,38.099998474121094,39.20000076293945,36.900001525878906,37.25,37.08662414550781,73429
2014-09-25,37.25,37.95000076293945,36.400001525878906,36.599998474121094,36.43947219848633,66873
2014-09-26,36.0,37.70000076293945,34.45000076293945,36.70000076293945,36.53903579711914,64291
2014-09-29,36.5,37.95000076293945,36.20000076293945,36.54999923706055,36.38969421386719,75661
2014-09-30,37.0,37.29999923706055,36.20000076293945,36.54999923706055,36.38969421386719,70580
2014-10-01,36.70000076293945,36.79999923706055,35.599998474121094,35.95000076293945,35.79232406616211,57316
2014-10-07,35.599998474121094,36.400001525878906,34.900001525878906,35.0,34.846492767333984,26409
2014-10-08,34.150001525878906,38.900001525878906,34.150001525878906,38.29999923706055,38.13201904296875,121656
2014-10-09,37.900001525878906,39.79999923706055,37.900001525878906,38.75,38.58004379272461,355697
2014-10-10,38.400001525878906,38.54999923706055,36.599998474121094,36.900001525878906,36.7381591796875,43857
2014-10-13,36.04999923706055,37.70000076293945,36.04999923706055,37.099998474121094,36.937278747558594,54215
2014-10-14,36.75,41.20000076293945,36.650001525878906,40.54999923706055,40.37215042114258,476957
2014-10-15,40.54999923706055,40.54999923706055,40.54999923706055,40.54999923706055,40.37215042114258,0
2014-10-16,41.0,44.79999923706055,40.900001525878906,41.5,41.3179817199707,2088697
2014-10-17,41.5,42.150001525878906,38.75,39.400001525878906,39.227195739746094,327669
2014-10-20,40.099998474121094,40.599998474121094,36.25,37.54999923706055,37.38530731201172,282318
2014-10-21,37.5,38.79999923706055,37.0,37.599998474121094,37.43508529663086,95151
2014-10-22,38.5,38.5,37.25,37.75,37.58443069458008,80326
2014-10-27,38.0,39.75,37.54999923706055,38.25,38.082237243652344,161938
2014-10-28,38.75,38.75,37.79999923706055,38.25,38.082237243652344,68291
2014-10-29,38.25,39.599998474121094,38.099998474121094,38.900001525878906,38.72938919067383,171832
2014-10-30,38.54999923706055,39.45000076293945,38.150001525878906,38.45000076293945,38.2813606262207,96926
2014-10-31,38.349998474121094,39.900001525878906,38.349998474121094,38.79999923706055,38.629825592041016,150246
2014-11-03,39.20000076293945,40.900001525878906,38.79999923706055,39.900001525878906,39.72500228881836,169975
2014-11-05,40.0,44.0,39.599998474121094,43.54999923706055,43.35898971557617,753931
2014-11-07,45.29999923706055,45.599998474121094,43.20000076293945,43.599998474121094,43.40877151489258,1195504
2014-11-10,43.79999923706055,44.150001525878906,42.0,42.150001525878906,41.96513366699219,122528
2014-11-11,42.849998474121094,42.900001525878906,41.25,41.400001525878906,41.218421936035156,101664
2014-11-12,41.0,43.5,40.5,41.29999923706055,41.118858337402344,219359
2014-11-13,41.849998474121094,41.900001525878906,40.0,40.25,40.07346725463867,110320
2014-11-14,40.20000076293945,41.70000076293945,39.04999923706055,39.599998474121094,39.42631530761719,178659
2014-11-17,40.20000076293945,43.70000076293945,39.150001525878906,43.20000076293945,43.010528564453125,584180
2014-11-18,44.45000076293945,44.900001525878906,43.70000076293945,44.400001525878906,44.205265045166016,1188733
2014-11-19,44.20000076293945,47.20000076293945,43.099998474121094,44.70000076293945,44.50394821166992,1323744
2014-11-20,44.400001525878906,45.29999923706055,42.650001525878906,43.349998474121094,43.15986633300781,294816
2014-11-21,43.099998474121094,43.95000076293945,41.54999923706055,41.900001525878906,41.71622848510742,149140
2014-11-24,42.150001525878906,43.70000076293945,41.599998474121094,41.79999923706055,41.61666488647461,131785
2014-11-25,42.0,42.400001525878906,39.29999923706055,39.900001525878906,39.72500228881836,173041
2014-11-26,39.5,41.400001525878906,39.400001525878906,40.599998474121094,40.42192840576172,120774
2014-11-27,40.25,41.79999923706055,40.25,40.70000076293945,40.52149200439453,115370
2014-11-28,40.95000076293945,41.599998474121094,40.099998474121094,40.400001525878906,40.222808837890625,109782
2014-12-01,40.0,42.25,39.650001525878906,39.95000076293945,39.7747802734375,165454
2014-12-02,39.599998474121094,41.79999923706055,39.5,40.54999923706055,40.37215042114258,122087
2014-12-03,40.29999923706055,43.5,40.29999923706055,41.75,41.56688690185547,541022
2014-12-04,41.95000076293945,43.849998474121094,41.70000076293945,42.5,42.3135986328125,352346
2014-12-05,42.900001525878906,43.20000076293945,41.0,41.5,41.3179817199707,164870
2014-12-08,42.29999923706055,42.400001525878906,39.900001525878906,40.45000076293945,40.27259063720703,100955
2014-12-09,40.79999923706055,41.79999923706055,39.400001525878906,39.70000076293945,39.52587890625,138100
2014-12-10,39.349998474121094,40.70000076293945,39.0,39.849998474121094,39.67521667480469,103095
2014-12-11,39.849998474121094,40.349998474121094,39.150001525878906,39.650001525878906,39.476097106933594,73247
2014-12-12,39.900001525878906,40.5,39.0,39.20000076293945,39.028072357177734,202008
2014-12-15,38.79999923706055,40.099998474121094,38.29999923706055,38.599998474121094,38.430702209472656,94588
2014-12-16,38.849998474121094,38.849998474121094,35.75,36.349998474121094,36.19057083129883,100107
2014-12-17,35.0,36.5,34.0,35.29999923706055,35.14517593383789,100791
2014-12-18,35.54999923706055,37.099998474121094,35.54999923706055,36.650001525878906,36.4892578125,85821
2014-12-19,38.400001525878906,39.0,37.099998474121094,37.75,37.58443069458008,140005
2014-12-22,39.0,40.0,38.099998474121094,38.400001525878906,38.23158264160156,193654
2014-12-23,38.5,39.29999923706055,37.25,37.400001525878906,37.235965728759766,81678
2014-12-24,37.95000076293945,38.400001525878906,37.099998474121094,37.599998474121094,37.43508529663086,55514
2014-12-26,37.75,38.900001525878906,37.29999923706055,37.95000076293945,37.78355407714844,185263
2014-12-29,38.599998474121094,38.650001525878906,37.5,37.599998474121094,37.43508529663086,111445
2014-12-30,37.20000076293945,43.099998474121094,37.20000076293945,41.54999923706055,41.36776351928711,836254
2014-12-31,41.0,41.599998474121094,39.650001525878906,40.70000076293945,40.52149200439453,227361
2015-01-01,40.75,41.400001525878906,40.0,40.70000076293945,40.52149200439453,66405
2015-01-02,41.0,41.150001525878906,40.29999923706055,40.45000076293945,40.27259063720703,101645
2015-01-05,40.349998474121094,41.5,40.04999923706055,40.25,40.07346725463867,142934
2015-01-06,40.0,40.0,38.099998474121094,38.349998474121094,38.18179702758789,162005
2015-01-07,38.70000076293945,39.5,38.0,38.849998474121094,38.679603576660156,80285
2015-01-08,39.5,41.599998474121094,39.25,40.25,40.07346725463867,392119
2015-01-09,40.79999923706055,41.0,39.0,39.29999923706055,39.12763214111328,82222
2015-01-12,40.0,40.54999923706055,38.849998474121094,39.5,39.32675552368164,123629
2015-01-13,39.79999923706055,40.099998474121094,38.45000076293945,38.849998474121094,38.679603576660156,116329
2015-01-14,38.79999923706055,39.20000076293945,37.5,37.849998474121094,37.683990478515625,140122
2015-01-15,38.25,39.400001525878906,38.25,38.5,38.33114242553711,165749
2015-01-16,38.29999923706055,39.25,38.25,38.45000076293945,38.2813606262207,77392
2015-01-19,38.849998474121094,39.79999923706055,38.5,39.150001525878906,38.97829055786133,155068
2015-01-20,39.45000076293945,44.79999923706055,39.04999923706055,44.099998474121094,43.906578063964844,1498268
2015-01-21,44.900001525878906,45.45000076293945,41.5,42.04999923706055,41.865570068359375,787948
2015-01-22,42.20000076293945,42.20000076293945,39.099998474121094,39.95000076293945,39.7747802734375,307121
2015-01-23,40.79999923706055,43.20000076293945,39.54999923706055,42.54999923706055,42.36337661743164,650397
2015-01-27,43.099998474121094,43.79999923706055,41.70000076293945,42.0,41.81578826904297,991285
2015-01-28,41.70000076293945,41.849998474121094,40.099998474121094,40.29999923706055,40.12324523925781,240340
2015-01-29,40.150001525878906,41.349998474121094,40.0,40.099998474121094,39.92412185668945,105053
2015-01-30,40.099998474121094,40.79999923706055,39.599998474121094,40.0,39.824562072753906,101163
2015-02-02,39.5,40.54999923706055,39.5,39.849998474121094,39.67521667480469,93584
2015-02-03,39.400001525878906,40.900001525878906,39.099998474121094,39.25,39.077850341796875,84475
2015-02-04,39.349998474121094,40.5,39.349998474121094,39.79999923706055,39.62543869018555,103725
2015-02-05,40.150001525878906,41.0,39.099998474121094,39.45000076293945,39.276973724365234,223775
2015-02-06,39.29999923706055,40.349998474121094,38.099998474121094,38.25,38.082237243652344,98004
2015-02-09,37.79999923706055,38.900001525878906,37.150001525878906,37.70000076293945,37.53464889526367,94337
2015-02-10,37.5,38.95000076293945,37.5,38.20000076293945,38.0324592590332,106097
2015-02-11,38.849998474121094,39.150001525878906,37.349998474121094,37.650001525878906,37.48487091064453,112980
2015-02-12,37.54999923706055,38.29999923706055,37.099998474121094,37.849998474121094,37.683990478515625,98080
2015-02-13,38.150001525878906,38.45000076293945,37.95000076293945,38.29999923706055,38.13201904296875,78822
2015-02-16,38.29999923706055,38.5,37.0,37.400001525878906,37.235965728759766,113465
2015-02-18,37.400001525878906,38.95000076293945,37.400001525878906,37.79999923706055,37.63420867919922,91225
2015-02-19,38.599998474121094,38.599998474121094,37.650001525878906,37.900001525878906,37.73377227783203,58145
2015-02-20,38.5,39.099998474121094,37.75,38.650001525878906,38.48048400878906,176725
2015-02-23,38.650001525878906,38.900001525878906,38.150001525878906,38.45000076293945,38.2813606262207,94123
2015-02-24,38.29999923706055,38.79999923706055,37.849998474121094,38.099998474121094,37.93289566040039,91875
2015-02-25,39.5,40.400001525878906,38.5,39.599998474121094,39.42631530761719,458757
2015-02-26,39.849998474121094,40.0,38.04999923706055,38.20000076293945,38.0324592590332,137740
2015-02-27,38.5,38.75,38.20000076293945,38.54999923706055,38.38092041015625,55042
2015-03-02,38.29999923706055,39.400001525878906,38.04999923706055,39.150001525878906,38.97829055786133,144081
2015-03-03,39.75,39.849998474121094,38.5,39.150001525878906,38.97829055786133,112942
2015-03-04,39.95000076293945,40.900001525878906,38.5,38.900001525878906,38.72938919067383,239698
2015-03-05,39.349998474121094,39.70000076293945,38.45000076293945,38.79999923706055,38.629825592041016,160231
2015-03-09,38.849998474121094,38.849998474121094,37.099998474121094,37.5,37.33552551269531,57527
2015-03-10,38.0,38.5,37.0,37.25,37.08662414550781,65755
2015-03-11,37.150001525878906,37.54999923706055,36.849998474121094,37.0,36.83771896362305,58981
2015-03-12,37.20000076293945,37.70000076293945,36.79999923706055,36.95000076293945,36.787940979003906,55846
2015-03-13,37.0,37.849998474121094,35.650001525878906,35.849998474121094,35.6927604675293,104317
2015-03-16,36.45000076293945,36.45000076293945,35.099998474121094,35.29999923706055,35.14517593383789,341247
2015-03-17,35.900001525878906,35.900001525878906,35.099998474121094,35.70000076293945,35.54342269897461,59806
2015-03-18,35.70000076293945,36.849998474121094,35.150001525878906,35.75,35.59320068359375,81386
2015-03-19,35.95000076293945,37.849998474121094,35.25,37.599998474121094,37.43508529663086,180298
2015-03-20,37.900001525878906,38.25,35.349998474121094,35.849998474121094,35.6927604675293,331515
2015-03-23,36.70000076293945,36.70000076293945,34.349998474121094,34.650001525878906,34.49802780151367,83703
2015-03-24,34.70000076293945,36.29999923706055,33.5,34.04999923706055,33.900657653808594,183337
2015-03-25,34.099998474121094,34.5,31.799999237060547,32.099998474121094,31.959209442138672,113484
2015-03-26,32.099998474121094,32.25,30.549999237060547,31.0,30.864036560058594,66196
2015-03-27,31.049999237060547,32.400001525878906,30.200000762939453,30.850000381469727,30.714693069458008,668156
2015-03-30,31.0,32.650001525878906,31.0,32.150001525878906,32.008995056152344,70287
2015-03-31,32.5,34.95000076293945,32.25,33.29999923706055,33.15394592285156,147287
2015-04-01,33.25,35.150001525878906,33.25,34.54999923706055,34.39846420288086,103463
2015-04-06,35.20000076293945,35.20000076293945,33.79999923706055,34.25,34.09978103637695,65630
2015-04-07,34.400001525878906,35.400001525878906,34.099998474121094,34.650001525878906,34.49802780151367,52576
2015-04-08,34.900001525878906,36.79999923706055,34.650001525878906,35.900001525878906,35.74254608154297,110779
2015-04-09,36.0,36.25,34.75,35.04999923706055,34.896270751953125,60931
2015-04-10,35.20000076293945,37.29999923706055,35.0,36.650001525878906,36.4892578125,182380
2015-04-13,36.349998474121094,38.25,36.04999923706055,37.099998474121094,36.937278747558594,126560
2015-04-15,37.099998474121094,38.349998474121094,35.70000076293945,36.54999923706055,36.38969421386719,242424
2015-04-16,37.0,37.29999923706055,35.70000076293945,36.0,35.842105865478516,61358
2015-04-17,35.849998474121094,36.25,34.79999923706055,35.0,34.846492767333984,43528
2015-04-20,34.900001525878906,35.5,33.599998474121094,33.79999923706055,33.65175247192383,53809
2015-04-21,33.70000076293945,34.400001525878906,33.25,33.400001525878906,33.253509521484375,60272
2015-04-22,33.70000076293945,34.900001525878906,33.099998474121094,33.900001525878906,33.75131607055664,43332
2015-04-23,34.0,35.0,33.29999923706055,33.54999923706055,33.40285110473633,32893
2015-04-24,33.25,33.599998474121094,32.599998474121094,32.849998474121094,32.7059211730957,43308
2015-04-27,33.5,33.5,31.0,31.299999237060547,31.1627197265625,67943
2015-04-28,31.299999237060547,31.950000762939453,29.850000381469727,30.200000762939453,30.06754493713379,136142
2015-04-29,29.75,31.399999618530273,29.75,30.700000762939453,30.565351486206055,94832
2015-04-30,30.75,31.399999618530273,30.0,31.049999237060547,30.913816452026367,50140
2015-05-04,31.5,32.400001525878906,31.200000762939453,32.150001525878906,32.008995056152344,63804
2015-05-05,32.400001525878906,32.95000076293945,31.549999237060547,31.75,31.610746383666992,54615
2015-05-06,31.75,32.29999923706055,29.899999618530273,30.100000381469727,29.96798324584961,70649
2015-05-07,30.0,31.100000381469727,25.5,28.899999618530273,28.773244857788086,114811
2015-05-08,30.0,30.450000762939453,29.0,29.799999237060547,29.66929817199707,35979
2015-05-11,30.100000381469727,30.700000762939453,30.0,30.350000381469727,30.216886520385742,19586
2015-05-12,30.350000381469727,30.450000762939453,29.149999618530273,29.299999237060547,29.171491622924805,58481
2015-05-13,29.600000381469727,30.5,29.149999618530273,29.700000762939453,29.569738388061523,65985
2015-05-14,29.899999618530273,30.25,29.5,29.850000381469727,29.719079971313477,32987
2015-05-15,29.899999618530273,29.899999618530273,29.299999237060547,29.549999237060547,29.420394897460938,22913
2015-05-18,30.0,31.850000381469727,29.600000381469727,31.75,31.610746383666992,74358
2015-05-19,32.20000076293945,32.20000076293945,30.700000762939453,30.899999618530273,30.76447296142578,125335
2015-05-20,31.0,31.450000762939453,29.899999618530273,30.0,29.86842155456543,72736
2015-05-21,30.0,31.200000762939453,29.850000381469727,31.0,30.864036560058594,40505
2015-05-22,30.950000762939453,31.799999237060547,30.299999237060547,30.450000762939453,30.316448211669922,76677
2015-05-25,30.450000762939453,31.850000381469727,30.0,30.600000381469727,30.465789794921875,57029
2015-05-26,30.299999237060547,31.5,30.299999237060547,30.850000381469727,30.714693069458008,19590
2015-05-27,30.950000762939453,31.899999618530273,30.299999237060547,31.649999618530273,31.511184692382812,41681
2015-05-28,31.200000762939453,32.45000076293945,30.850000381469727,32.04999923706055,31.9094295501709,45586
2015-05-29,31.600000381469727,31.850000381469727,30.100000381469727,30.700000762939453,30.565351486206055,44450
2015-06-01,30.700000762939453,31.350000381469727,29.600000381469727,29.799999237060547,29.66929817199707,58154
2015-06-02,30.399999618530273,30.399999618530273,29.0,29.25,29.12171173095703,36916
2015-06-03,29.200000762939453,29.549999237060547,25.549999237060547,27.200000762939453,27.080703735351562,152674
2015-06-04,28.399999618530273,28.450000762939453,26.100000381469727,26.75,26.632675170898438,56244
2015-06-05,27.0,28.149999618530273,26.100000381469727,27.399999618530273,27.27982521057129,67557
2015-06-08,27.0,27.799999237060547,27.0,27.049999237060547,26.931360244750977,13247
2015-06-09,26.799999237060547,27.600000381469727,26.450000762939453,26.799999237060547,26.68245506286621,40558
2015-06-10,26.799999237060547,27.25,26.75,26.950000762939453,26.831798553466797,20784
2015-06-11,27.0,27.25,26.100000381469727,26.450000762939453,26.33399200439453,37139
2015-06-12,26.25,27.100000381469727,25.899999618530273,26.799999237060547,26.68245506286621,33148
2015-06-15,27.0,27.0,25.799999237060547,25.950000762939453,25.836185455322266,60049
2015-06-16,25.200000762939453,26.5,25.200000762939453,26.399999618530273,26.284210205078125,28813
2015-06-17,26.25,26.75,25.799999237060547,26.100000381469727,25.98552703857422,31079
2015-06-18,26.25,26.899999618530273,25.899999618530273,26.049999237060547,25.935745239257812,49905
2015-06-19,26.600000381469727,29.0,26.350000381469727,28.100000381469727,27.976755142211914,164423
2015-06-22,28.200000762939453,29.549999237060547,27.149999618530273,28.950000762939453,28.823026657104492,110125
2015-06-23,28.549999237060547,30.299999237060547,27.350000381469727,27.700000762939453,27.578510284423828,215726
2015-06-24,28.399999618530273,28.399999618530273,27.549999237060547,27.700000762939453,27.578510284423828,31906
2015-06-25,27.5,28.0,26.399999618530273,27.549999237060547,27.429166793823242,31196
2015-06-26,28.149999618530273,28.899999618530273,27.25,28.350000381469727,28.225658416748047,178610
2015-06-29,27.299999237060547,28.299999237060547,26.399999618530273,27.700000762939453,27.578510284423828,57238
2015-06-30,28.600000381469727,29.799999237060547,28.350000381469727,28.850000381469727,28.723464965820312,48704
2015-07-01,29.450000762939453,29.850000381469727,28.700000762939453,28.950000762939453,28.823026657104492,57821
2015-07-02,29.600000381469727,29.799999237060547,28.200000762939453,28.5,28.375,46573
2015-07-03,28.399999618530273,29.25,27.799999237060547,28.649999618530273,28.524341583251953,19580
2015-07-06,28.0,29.399999618530273,27.899999618530273,29.149999618530273,29.02215003967285,22375
2015-07-07,28.5,31.5,28.5,30.200000762939453,30.06754493713379,134538
2015-07-08,29.850000381469727,30.75,29.299999237060547,29.450000762939453,29.32083511352539,62275
2015-07-09,29.149999618530273,30.799999237060547,29.149999618530273,29.549999237060547,29.420394897460938,44160
2015-07-10,30.0,30.5,29.549999237060547,29.700000762939453,29.569738388061523,51092
2015-07-13,29.700000762939453,30.299999237060547,29.350000381469727,29.600000381469727,29.470176696777344,33808
2015-07-14,30.0,32.5,29.649999618530273,31.399999618530273,31.26228141784668,951305
2015-07-15,31.600000381469727,33.900001525878906,31.600000381469727,33.54999923706055,33.40285110473633,403699
2015-07-16,34.0,34.5,33.150001525878906,34.04999923706055,33.900657653808594,301425
2015-07-17,34.099998474121094,34.29999923706055,32.599998474121094,32.849998474121094,32.7059211730957,116357
2015-07-20,32.95000076293945,32.95000076293945,31.950000762939453,32.599998474121094,32.45701599121094,64468
2015-07-21,32.400001525878906,33.5,31.0,31.549999237060547,31.411623001098633,142726
2015-07-22,31.700000762939453,32.5,31.299999237060547,31.950000762939453,31.80986976623535,175109
2015-07-23,32.349998474121094,32.5,30.0,31.5,31.36184310913086,70690
2015-07-24,31.5,32.900001525878906,31.5,31.950000762939453,31.80986976623535,128888
2015-07-27,32.5,32.5,30.299999237060547,30.600000381469727,30.465789794921875,49638
2015-07-28,31.200000762939453,31.450000762939453,30.100000381469727,30.5,30.366228103637695,77356
2015-07-29,30.299999237060547,31.799999237060547,29.5,30.049999237060547,29.918201446533203,134159
2015-07-30,30.75,30.75,30.0,30.399999618530273,30.266666412353516,43728
2015-07-31,30.600000381469727,31.950000762939453,29.649999618530273,30.950000762939453,30.814254760742188,123844
2015-08-03,30.700000762939453,32.29999923706055,30.700000762939453,31.649999618530273,31.511184692382812,130149
2015-08-04,31.899999618530273,31.899999618530273,30.799999237060547,31.149999618530273,31.013378143310547,42398
2015-08-05,32.0,34.599998474121094,30.399999618530273,33.54999923706055,33.40285110473633,391289
2015-08-06,34.099998474121094,34.900001525878906,32.099998474121094,32.599998474121094,32.45701599121094,218053
2015-08-07,32.5,32.95000076293945,31.0,31.149999618530273,31.013378143310547,182335
2015-08-10,31.149999618530273,32.349998474121094,30.899999618530273,31.149999618530273,31.013378143310547,105277
2015-08-11,31.5,31.600000381469727,30.299999237060547,30.5,30.366228103637695,82744
2015-08-12,30.25,30.899999618530273,29.0,29.399999618530273,29.271053314208984,81626
2015-08-13,28.799999237060547,29.0,27.200000762939453,27.600000381469727,27.47894859313965,156424
2015-08-14,28.399999618530273,28.399999618530273,27.200000762939453,27.75,27.6282901763916,53510
2015-08-17,28.049999237060547,28.100000381469727,27.049999237060547,27.5,27.37938690185547,64057
2015-08-18,28.0,28.450000762939453,27.200000762939453,27.899999618530273,27.777631759643555,107990
2015-08-19,27.799999237060547,28.25,27.149999618530273,27.25,27.130483627319336,57348
2015-08-20,27.25,28.700000762939453,26.850000381469727,27.399999618530273,27.27982521057129,290490
2015-08-21,28.0,28.0,26.049999237060547,26.5,26.383771896362305,593026
2015-08-24,25.450000762939453,25.649999618530273,24.0,24.049999237060547,23.944517135620117,205610
2015-08-25,24.200000762939453,24.899999618530273,21.100000381469727,22.399999618530273,22.301753997802734,174936
2015-08-26,23.700000762939453,23.700000762939453,22.100000381469727,22.899999618530273,22.799560546875,144102
2015-08-27,23.600000381469727,23.850000381469727,23.100000381469727,23.350000381469727,23.247589111328125,81502
2015-08-28,24.200000762939453,24.75,22.299999237060547,22.75,22.650218963623047,158741
2015-08-31,22.799999237060547,23.0,22.5,22.649999618530273,22.550657272338867,67947
2015-09-01,22.450000762939453,22.5,21.75,21.850000381469727,21.754167556762695,42322
2015-09-02,22.450000762939453,22.450000762939453,21.600000381469727,21.899999618530273,21.80394744873047,35524
2015-09-03,21.549999237060547,22.75,21.549999237060547,22.100000381469727,22.003070831298828,36293
2015-09-04,21.899999618530273,21.899999618530273,20.850000381469727,21.350000381469727,21.25636100769043,42634
2015-09-07,21.549999237060547,21.799999237060547,20.200000762939453,20.399999618530273,20.31052589416504,35762
2015-09-08,20.549999237060547,21.149999618530273,20.049999237060547,20.850000381469727,20.75855255126953,44317
2015-09-09,21.0,21.899999618530273,21.0,21.600000381469727,21.505264282226562,43021
2015-09-10,21.100000381469727,21.5,20.600000381469727,21.25,21.15679931640625,28293
2015-09-11,21.299999237060547,22.5,21.299999237060547,21.899999618530273,21.80394744873047,30520
2015-09-14,22.399999618530273,23.299999237060547,22.25,22.799999237060547,22.69999885559082,67370
2015-09-15,22.899999618530273,23.0,22.5,22.5,22.5,15378
2015-09-16,23.0,23.350000381469727,22.0,22.5,22.5,34563
2015-09-18,23.200000762939453,23.200000762939453,21.25,21.75,21.75,67622
2015-09-21,21.799999237060547,24.0,21.799999237060547,23.149999618530273,23.149999618530273,27772
2015-09-22,23.850000381469727,23.850000381469727,22.0,22.25,22.25,47699
2015-09-23,22.0,22.850000381469727,22.0,22.350000381469727,22.350000381469727,22043
2015-09-24,24.399999618530273,24.399999618530273,22.600000381469727,22.700000762939453,22.700000762939453,33412
2015-09-28,23.25,23.25,22.100000381469727,22.350000381469727,22.350000381469727,15104
2015-09-29,22.850000381469727,22.850000381469727,22.200000762939453,22.399999618530273,22.399999618530273,17864
2015-09-30,22.75,22.75,21.75,22.049999237060547,22.049999237060547,30761
2015-10-01,22.75,24.299999237060547,22.100000381469727,23.950000762939453,23.950000762939453,166863
2015-10-05,25.600000381469727,26.700000762939453,24.5,25.899999618530273,25.899999618530273,672060
2015-10-06,26.899999618530273,27.25,25.850000381469727,26.350000381469727,26.350000381469727,153502
2015-10-07,26.5,26.5,25.149999618530273,25.899999618530273,25.899999618530273,112546
2015-10-08,25.649999618530273,26.0,24.549999237060547,24.899999618530273,24.899999618530273,60374
2015-10-09,24.399999618530273,26.049999237060547,24.399999618530273,25.049999237060547,25.049999237060547,62399
2015-10-12,26.200000762939453,26.200000762939453,25.049999237060547,25.149999618530273,25.149999618530273,44350
2015-10-13,25.200000762939453,25.649999618530273,25.049999237060547,25.200000762939453,25.200000762939453,53228
2015-10-14,25.600000381469727,26.299999237060547,24.5,25.850000381469727,25.850000381469727,68397
2015-10-15,26.350000381469727,26.799999237060547,25.75,26.049999237060547,26.049999237060547,52449
2015-10-16,26.0,26.450000762939453,25.850000381469727,26.0,26.0,34230
2015-10-19,26.100000381469727,26.5,25.700000762939453,25.850000381469727,25.850000381469727,28752
2015-10-20,25.700000762939453,29.600000381469727,25.600000381469727,27.600000381469727,27.600000381469727,343362
2015-10-21,28.0,28.899999618530273,27.100000381469727,27.549999237060547,27.549999237060547,105066
2015-10-23,28.0,28.299999237060547,27.100000381469727,27.299999237060547,27.299999237060547,63511
2015-10-26,28.200000762939453,28.200000762939453,26.399999618530273,26.850000381469727,26.850000381469727,31164
2015-10-27,27.0,27.0,26.0,26.350000381469727,26.350000381469727,31372
2015-10-28,26.899999618530273,27.0,26.25,26.299999237060547,26.299999237060547,38000
2015-10-29,26.299999237060547,26.299999237060547,24.950000762939453,25.0,25.0,64000
2015-10-30,25.100000381469727,25.25,23.600000381469727,23.799999237060547,23.799999237060547,61727
2015-11-02,23.950000762939453,23.950000762939453,23.0,23.5,23.5,32861
2015-11-03,23.399999618530273,24.350000381469727,23.399999618530273,24.0,24.0,39790
2015-11-04,24.200000762939453,24.850000381469727,23.299999237060547,23.299999237060547,23.299999237060547,76841
2015-11-05,23.950000762939453,24.5,23.100000381469727,23.799999237060547,23.799999237060547,360091
2015-11-06,23.549999237060547,23.799999237060547,23.149999618530273,23.200000762939453,23.200000762939453,15544
2015-11-09,23.0,23.700000762939453,22.200000762939453,22.899999618530273,22.899999618530273,44135
2015-11-10,23.0,23.299999237060547,22.700000762939453,22.850000381469727,22.850000381469727,37921
2015-11-13,23.75,23.75,22.5,23.5,23.5,50907
2015-11-16,23.600000381469727,25.700000762939453,23.0,25.450000762939453,25.450000762939453,155819
2015-11-17,27.399999618530273,30.5,27.0,29.700000762939453,29.700000762939453,1293962
2015-11-18,29.899999618530273,30.149999618530273,27.75,28.149999618530273,28.149999618530273,439348
2015-11-19,28.5,29.0,27.0,27.350000381469727,27.350000381469727,180467
2015-11-20,28.149999618530273,28.600000381469727,27.200000762939453,27.450000762939453,27.450000762939453,152623
2015-11-23,28.0,28.600000381469727,26.299999237060547,28.0,28.0,99293
2015-11-24,28.0,28.950000762939453,27.649999618530273,28.149999618530273,28.149999618530273,110155
2015-11-26,27.850000381469727,30.75,27.5,29.5,29.5,372898
2015-11-27,29.799999237060547,30.899999618530273,29.049999237060547,29.799999237060547,29.799999237060547,278345
2015-11-30,29.799999237060547,30.899999618530273,29.350000381469727,29.450000762939453,29.450000762939453,130163
2015-12-01,30.0,33.150001525878906,29.049999237060547,31.75,31.75,689471
2015-12-02,31.75,32.0,30.75,31.25,31.25,132146
2015-12-03,31.399999618530273,32.70000076293945,30.25,31.049999237060547,31.049999237060547,356549
2015-12-04,31.0,33.45000076293945,30.700000762939453,31.899999618530273,31.899999618530273,561918
2015-12-07,32.0,35.400001525878906,32.0,34.5,34.5,1025372
2015-12-08,34.0,34.25,31.549999237060547,32.04999923706055,32.04999923706055,213889
2015-12-09,32.0,32.349998474121094,28.600000381469727,29.049999237060547,29.049999237060547,209102
2015-12-10,29.299999237060547,30.350000381469727,28.200000762939453,30.0,30.0,119345
2015-12-11,30.350000381469727,30.899999618530273,29.200000762939453,30.350000381469727,30.350000381469727,163869
2015-12-14,30.0,31.0,29.600000381469727,30.450000762939453,30.450000762939453,128866
2015-12-15,32.5,32.75,30.75,31.450000762939453,31.450000762939453,546633
2015-12-16,31.549999237060547,32.099998474121094,30.700000762939453,31.049999237060547,31.049999237060547,88822
2015-12-17,31.600000381469727,31.600000381469727,30.899999618530273,31.149999618530273,31.149999618530273,94685
2015-12-18,31.100000381469727,31.799999237060547,31.0,31.25,31.25,79677
2015-12-21,31.450000762939453,32.400001525878906,30.600000381469727,31.799999237060547,31.799999237060547,136336
2015-12-22,32.0,32.5,31.149999618530273,31.25,31.25,127007
2015-12-23,31.899999618530273,32.0,31.049999237060547,31.100000381469727,31.100000381469727,61941
2015-12-24,31.25,35.75,31.200000762939453,35.25,35.25,1389623
2015-12-28,35.54999923706055,36.349998474121094,34.099998474121094,35.099998474121094,35.099998474121094,849189
2015-12-29,34.54999923706055,35.29999923706055,33.599998474121094,33.900001525878906,33.900001525878906,288682
2015-12-30,34.20000076293945,35.25,33.599998474121094,33.849998474121094,33.849998474121094,268130
2015-12-31,34.25,35.20000076293945,33.79999923706055,34.5,34.5,289273
2016-01-01,34.54999923706055,35.5,33.70000076293945,34.5,34.5,282279
2016-01-04,33.75,35.349998474121094,32.349998474121094,32.79999923706055,32.79999923706055,282101
2016-01-05,33.400001525878906,34.70000076293945,32.5,34.099998474121094,34.099998474121094,289166
2016-01-06,34.29999923706055,36.70000076293945,33.79999923706055,34.70000076293945,34.70000076293945,921461
2016-01-07,33.79999923706055,34.349998474121094,31.600000381469727,31.850000381469727,31.850000381469727,395020
2016-01-08,32.20000076293945,33.349998474121094,32.20000076293945,33.0,33.0,130555
2016-01-11,32.79999923706055,33.75,31.799999237060547,33.20000076293945,33.20000076293945,137893
2016-01-12,33.650001525878906,33.650001525878906,31.399999618530273,31.75,31.75,123720
2016-01-13,32.400001525878906,32.5,28.049999237060547,29.649999618530273,29.649999618530273,237832
2016-01-14,28.950000762939453,30.299999237060547,28.0,29.049999237060547,29.049999237060547,96045
2016-01-15,29.149999618530273,29.950000762939453,27.25,27.600000381469727,27.600000381469727,81846
2016-01-18,27.5,27.5,24.899999618530273,25.200000762939453,25.200000762939453,95458
2016-01-19,25.5,27.399999618530273,25.399999618530273,26.700000762939453,26.700000762939453,71726
2016-01-20,26.299999237060547,26.299999237060547,25.0,25.399999618530273,25.399999618530273,51302
2016-01-21,25.649999618530273,26.799999237060547,25.25,25.850000381469727,25.850000381469727,43379
2016-01-22,26.600000381469727,28.0,26.049999237060547,27.299999237060547,27.299999237060547,87436
2016-01-25,27.850000381469727,28.399999618530273,27.350000381469727,27.5,27.5,21777
2016-01-27,27.450000762939453,28.299999237060547,26.899999618530273,27.149999618530273,27.149999618530273,28939
2016-01-28,26.649999618530273,27.75,26.649999618530273,27.399999618530273,27.399999618530273,27808
2016-01-29,27.350000381469727,28.350000381469727,27.350000381469727,27.850000381469727,27.850000381469727,35619
2016-02-01,28.049999237060547,33.400001525878906,28.049999237060547,32.150001525878906,32.150001525878906,632706
2016-02-02,33.0,34.349998474121094,30.5,31.200000762939453,31.200000762939453,774372
2016-02-03,30.100000381469727,30.700000762939453,28.399999618530273,28.899999618530273,28.899999618530273,219615
2016-02-04,29.5,30.700000762939453,27.899999618530273,28.350000381469727,28.350000381469727,129329
2016-02-05,28.75,29.450000762939453,28.049999237060547,28.299999237060547,28.299999237060547,53766
2016-02-08,28.850000381469727,29.5,27.450000762939453,28.25,28.25,81777
2016-02-09,28.0,28.399999618530273,26.399999618530273,27.200000762939453,27.200000762939453,57320
2016-02-10,26.799999237060547,27.25,25.799999237060547,26.0,26.0,97982
2016-02-11,25.600000381469727,26.100000381469727,23.350000381469727,23.799999237060547,23.799999237060547,89619
2016-02-12,24.5,24.5,21.799999237060547,22.899999618530273,22.899999618530273,91773
2016-02-15,23.5,24.899999618530273,23.450000762939453,24.799999237060547,24.799999237060547,55769
2016-02-16,25.149999618530273,25.399999618530273,23.700000762939453,23.850000381469727,23.850000381469727,43760
2016-02-17,23.5,23.950000762939453,23.049999237060547,23.75,23.75,49900
2016-02-18,24.399999618530273,24.899999618530273,23.600000381469727,23.899999618530273,23.899999618530273,22502
2016-02-19,24.299999237060547,24.899999618530273,23.5,24.200000762939453,24.200000762939453,22852
2016-02-22,24.450000762939453,25.25,24.399999618530273,24.649999618530273,24.649999618530273,47609
2016-02-23,24.850000381469727,24.850000381469727,23.399999618530273,23.850000381469727,23.850000381469727,29925
2016-02-24,24.200000762939453,24.200000762939453,23.100000381469727,23.25,23.25,36332
2016-02-25,23.399999618530273,23.649999618530273,22.450000762939453,22.850000381469727,22.850000381469727,70116
2016-02-26,23.0,23.399999618530273,22.350000381469727,22.5,22.5,94069
2016-02-29,22.75,23.0,21.700000762939453,22.450000762939453,22.450000762939453,35010
2016-03-01,23.0,24.0,23.0,23.75,23.75,17621
2016-03-02,23.899999618530273,24.899999618530273,23.899999618530273,24.399999618530273,24.399999618530273,20469
2016-03-03,24.799999237060547,25.0,24.399999618530273,24.799999237060547,24.799999237060547,27777
2016-03-04,25.299999237060547,27.600000381469727,24.399999618530273,27.100000381469727,27.100000381469727,174048
2016-03-08,29.0,29.0,27.399999618530273,28.200000762939453,28.200000762939453,545213
2016-03-09,27.700000762939453,28.350000381469727,27.25,27.450000762939453,27.450000762939453,42483
2016-03-10,27.5,27.899999618530273,26.25,26.700000762939453,26.700000762939453,57893
2016-03-11,26.600000381469727,26.899999618530273,26.0,26.149999618530273,26.149999618530273,37081
2016-03-14,26.0,26.5,25.149999618530273,25.350000381469727,25.350000381469727,68037
2016-03-15,26.0,26.0,24.700000762939453,24.899999618530273,24.899999618530273,46369
2016-03-16,25.700000762939453,26.5,25.049999237060547,25.950000762939453,25.950000762939453,157486
2016-03-17,26.0,27.950000762939453,25.799999237060547,26.299999237060547,26.299999237060547,243068
2016-03-18,26.549999237060547,27.350000381469727,26.25,26.600000381469727,26.600000381469727,82403
2016-03-21,26.549999237060547,27.200000762939453,26.299999237060547,26.350000381469727,26.350000381469727,49034
2016-03-22,26.299999237060547,27.649999618530273,26.299999237060547,26.899999618530273,26.899999618530273,121727
2016-03-23,26.549999237060547,27.799999237060547,26.399999618530273,26.5,26.5,90624
2016-03-28,26.950000762939453,27.299999237060547,25.0,25.149999618530273,25.149999618530273,51814
2016-03-29,25.100000381469727,25.399999618530273,23.899999618530273,24.200000762939453,24.200000762939453,89106
2016-03-30,24.5,26.0,24.299999237060547,25.450000762939453,25.450000762939453,65163
2016-03-31,25.200000762939453,26.200000762939453,25.200000762939453,26.0,26.0,38936
2016-04-01,26.5,26.5,25.149999618530273,25.700000762939453,25.700000762939453,38833
2016-04-04,25.549999237060547,26.399999618530273,25.549999237060547,26.149999618530273,26.149999618530273,29444
2016-04-05,26.200000762939453,26.25,25.200000762939453,25.950000762939453,25.950000762939453,73660
2016-04-06,25.649999618530273,27.100000381469727,25.299999237060547,26.799999237060547,26.799999237060547,72008
2016-04-07,26.950000762939453,27.0,26.0,26.049999237060547,26.049999237060547,33678
2016-04-08,26.100000381469727,27.25,26.100000381469727,26.600000381469727,26.600000381469727,58443
2016-04-11,26.399999618530273,27.25,26.25,26.649999618530273,26.649999618530273,38967
2016-04-12,26.600000381469727,27.549999237060547,26.25,27.299999237060547,27.299999237060547,54186
2016-04-13,27.0,28.100000381469727,26.700000762939453,27.200000762939453,27.200000762939453,61806
2016-04-18,26.600000381469727,27.700000762939453,26.600000381469727,27.049999237060547,27.049999237060547,32307
2016-04-20,27.049999237060547,27.899999618530273,26.600000381469727,27.5,27.5,90339
2016-04-21,27.899999618530273,28.950000762939453,27.0,27.200000762939453,27.200000762939453,156835
2016-04-22,27.0,28.350000381469727,26.350000381469727,28.149999618530273,28.149999618530273,129069
2016-04-25,28.399999618530273,28.700000762939453,27.549999237060547,27.850000381469727,27.850000381469727,60486
2016-04-26,27.899999618530273,28.0,27.399999618530273,27.850000381469727,27.850000381469727,48417
2016-04-27,27.649999618530273,28.350000381469727,27.600000381469727,27.799999237060547,27.799999237060547,47196
2016-04-28,28.200000762939453,28.75,27.5,27.549999237060547,27.549999237060547,56039
2016-04-29,27.5,27.950000762939453,26.899999618530273,27.5,27.5,31813
2016-05-02,27.200000762939453,28.0,26.850000381469727,27.149999618530273,27.149999618530273,28867
2016-05-03,27.5,27.700000762939453,26.899999618530273,27.049999237060547,27.049999237060547,41937
2016-05-04,26.25,27.299999237060547,26.25,26.899999618530273,26.899999618530273,43212
2016-05-05,27.0,27.0,26.399999618530273,26.450000762939453,26.450000762939453,27244
2016-05-06,26.299999237060547,26.700000762939453,26.100000381469727,26.200000762939453,26.200000762939453,10737
2016-05-09,26.299999237060547,26.850000381469727,26.25,26.5,26.5,17846
2016-05-10,26.450000762939453,27.049999237060547,26.25,26.299999237060547,26.299999237060547,56623
2016-05-11,26.0,26.600000381469727,25.600000381469727,26.25,26.25,21249
2016-05-12,26.25,26.649999618530273,26.200000762939453,26.350000381469727,26.350000381469727,25314
2016-05-13,26.700000762939453,26.700000762939453,25.899999618530273,25.950000762939453,25.950000762939453,29346
2016-05-16,26.0,26.049999237060547,25.399999618530273,25.5,25.5,31679
2016-05-17,25.549999237060547,26.25,25.100000381469727,25.299999237060547,25.299999237060547,25854
2016-05-18,25.299999237060547,25.700000762939453,25.100000381469727,25.100000381469727,25.100000381469727,10269
2016-05-19,25.149999618530273,25.149999618530273,24.600000381469727,24.899999618530273,24.899999618530273,21001
2016-05-20,25.25,25.450000762939453,24.799999237060547,24.850000381469727,24.850000381469727,48087
2016-05-23,25.450000762939453,25.450000762939453,24.75,25.049999237060547,25.049999237060547,10659
2016-05-24,24.799999237060547,25.399999618530273,24.399999618530273,24.600000381469727,24.600000381469727,9285
2016-05-25,24.700000762939453,25.299999237060547,24.649999618530273,24.950000762939453,24.950000762939453,12496
2016-05-26,25.0,26.75,24.5,24.899999618530273,24.899999618530273,198932
2016-05-27,25.149999618530273,26.549999237060547,24.899999618530273,26.350000381469727,26.350000381469727,125429
2016-05-30,25.799999237060547,28.100000381469727,25.700000762939453,26.950000762939453,26.950000762939453,165170
2016-05-31,27.950000762939453,28.450000762939453,25.200000762939453,25.399999618530273,25.399999618530273,678248
2016-06-01,25.5,25.950000762939453,25.5,25.549999237060547,25.549999237060547,50821
2016-06-02,25.799999237060547,26.399999618530273,24.799999237060547,25.149999618530273,25.149999618530273,58919
2016-06-03,25.700000762939453,25.700000762939453,24.850000381469727,25.350000381469727,25.350000381469727,46084
2016-06-06,25.100000381469727,25.5,25.0,25.100000381469727,25.100000381469727,12280
2016-06-07,25.600000381469727,25.600000381469727,24.299999237060547,24.5,24.5,47351
2016-06-08,24.850000381469727,25.5,24.600000381469727,25.25,25.25,75919
2016-06-09,25.399999618530273,25.799999237060547,25.0,25.100000381469727,25.100000381469727,39458
2016-06-10,25.200000762939453,25.700000762939453,25.049999237060547,25.100000381469727,25.100000381469727,49455
2016-06-13,25.049999237060547,25.450000762939453,24.549999237060547,25.100000381469727,25.100000381469727,71056
2016-06-14,25.200000762939453,27.450000762939453,24.899999618530273,26.899999618530273,26.899999618530273,212860
2016-06-15,26.649999618530273,27.25,26.149999618530273,26.75,26.75,125449
2016-06-16,28.5,28.899999618530273,27.25,27.549999237060547,27.549999237060547,635543
2016-06-17,27.399999618530273,27.799999237060547,26.950000762939453,27.149999618530273,27.149999618530273,73509
2016-06-20,27.299999237060547,27.299999237060547,26.700000762939453,26.850000381469727,26.850000381469727,25827
2016-06-21,26.700000762939453,27.299999237060547,25.25,26.799999237060547,26.799999237060547,70712
2016-06-22,26.5,26.799999237060547,25.75,25.899999618530273,25.899999618530273,66170
2016-06-23,26.049999237060547,26.399999618530273,25.5,25.600000381469727,25.600000381469727,48680
2016-06-24,25.0,25.5,23.200000762939453,24.899999618530273,24.899999618530273,87408
2016-06-27,25.0,25.700000762939453,24.799999237060547,25.450000762939453,25.450000762939453,49787
2016-06-28,25.25,26.0,25.100000381469727,25.700000762939453,25.700000762939453,59242
2016-06-29,25.649999618530273,27.350000381469727,25.649999618530273,26.5,26.5,142410
2016-06-30,26.899999618530273,27.799999237060547,26.399999618530273,26.549999237060547,26.549999237060547,53990
2016-07-01,26.600000381469727,27.600000381469727,26.5,26.899999618530273,26.899999618530273,101184
2016-07-04,27.0,28.149999618530273,26.600000381469727,27.5,27.5,219867
2016-07-05,27.600000381469727,30.399999618530273,27.600000381469727,28.700000762939453,28.700000762939453,870646
2016-07-07,28.5,29.049999237060547,27.0,27.549999237060547,27.549999237060547,188691
2016-07-08,27.899999618530273,27.899999618530273,27.200000762939453,27.600000381469727,27.600000381469727,92545
2016-07-11,27.899999618530273,28.5,27.600000381469727,27.600000381469727,27.600000381469727,66258
2016-07-12,28.100000381469727,28.149999618530273,27.0,27.200000762939453,27.200000762939453,51133
2016-07-13,27.0,28.450000762939453,26.799999237060547,27.600000381469727,27.600000381469727,107162
2016-07-14,28.0,28.5,27.399999618530273,28.200000762939453,28.200000762939453,178262
2016-07-15,28.649999618530273,30.700000762939453,28.299999237060547,30.100000381469727,30.100000381469727,786025
2016-07-18,30.100000381469727,31.700000762939453,29.649999618530273,30.450000762939453,30.450000762939453,529103
2016-07-19,30.100000381469727,32.70000076293945,30.100000381469727,32.29999923706055,32.29999923706055,551853
2016-07-20,32.599998474121094,33.150001525878906,31.5,31.850000381469727,31.850000381469727,342473
2016-07-21,32.150001525878906,32.900001525878906,31.5,31.649999618530273,31.649999618530273,148015
2016-07-22,31.600000381469727,31.75,30.149999618530273,30.600000381469727,30.600000381469727,116705
2016-07-25,30.200000762939453,33.79999923706055,29.799999237060547,32.849998474121094,32.849998474121094,362775
2016-07-26,32.20000076293945,33.20000076293945,31.299999237060547,31.75,31.75,350197
2016-07-27,31.899999618530273,32.70000076293945,30.25,30.899999618530273,30.899999618530273,121594
2016-07-28,30.5,32.20000076293945,30.5,31.75,31.75,162345
2016-07-29,31.950000762939453,31.950000762939453,30.5,30.799999237060547,30.799999237060547,68123
2016-08-01,31.25,31.700000762939453,30.5,30.549999237060547,30.549999237060547,40951
2016-08-02,30.5,30.850000381469727,30.0,30.200000762939453,30.200000762939453,49178
2016-08-03,30.0,32.5,29.049999237060547,31.75,31.75,253189
2016-08-04,31.200000762939453,31.600000381469727,30.0,30.25,30.25,162341
2016-08-05,30.299999237060547,31.299999237060547,30.200000762939453,30.350000381469727,30.350000381469727,71478
2016-08-08,31.25,31.25,29.549999237060547,30.5,30.5,75204
2016-08-09,30.899999618530273,31.200000762939453,30.049999237060547,30.299999237060547,30.299999237060547,68537
2016-08-10,32.0,32.0,28.299999237060547,28.899999618530273,28.899999618530273,301129
2016-08-11,29.600000381469727,29.600000381469727,28.200000762939453,28.350000381469727,28.350000381469727,38015
2016-08-12,28.75,30.75,27.799999237060547,28.700000762939453,28.700000762939453,137765
2016-08-16,28.299999237060547,29.799999237060547,28.299999237060547,28.850000381469727,28.850000381469727,33053
2016-08-17,28.5,29.100000381469727,28.200000762939453,28.600000381469727,28.600000381469727,132555
2016-08-18,28.600000381469727,29.950000762939453,28.299999237060547,28.899999618530273,28.899999618530273,57133
2016-08-19,29.25,29.350000381469727,28.600000381469727,28.899999618530273,28.899999618530273,28346
2016-08-22,28.950000762939453,29.399999618530273,28.850000381469727,28.899999618530273,28.899999618530273,22761
2016-08-23,28.899999618530273,31.700000762939453,28.899999618530273,30.700000762939453,30.700000762939453,230735
2016-08-24,29.899999618530273,31.350000381469727,29.799999237060547,30.0,30.0,95689
2016-08-25,30.049999237060547,30.75,29.25,29.450000762939453,29.450000762939453,68436
2016-08-26,29.899999618530273,30.200000762939453,29.0,29.049999237060547,29.049999237060547,30103
2016-08-29,29.049999237060547,29.350000381469727,28.549999237060547,28.75,28.75,31694
2016-08-30,28.75,30.0,28.549999237060547,29.700000762939453,29.700000762939453,53389
2016-08-31,29.649999618530273,30.5,29.25,29.350000381469727,29.350000381469727,11218
2016-09-01,29.299999237060547,29.75,27.600000381469727,27.950000762939453,27.950000762939453,397002
2016-09-02,30.100000381469727,33.5,28.5,33.5,33.5,2213079
2016-09-06,36.0,36.29999923706055,32.349998474121094,32.70000076293945,32.70000076293945,1330931
2016-09-07,33.400001525878906,33.5,32.20000076293945,32.70000076293945,32.70000076293945,215315
2016-09-08,32.5,32.75,31.399999618530273,31.700000762939453,31.700000762939453,177927
2016-09-09,32.099998474121094,32.5,30.100000381469727,30.950000762939453,30.950000762939453,154376
2016-09-12,30.399999618530273,30.450000762939453,29.600000381469727,30.149999618530273,30.149999618530273,188731
2016-09-14,29.700000762939453,30.799999237060547,29.700000762939453,30.25,30.25,99947
2016-09-15,30.149999618530273,33.400001525878906,28.850000381469727,30.049999237060547,30.049999237060547,1149393
2016-09-16,30.299999237060547,31.399999618530273,30.100000381469727,30.5,30.5,194731
2016-09-19,30.5,33.29999923706055,30.049999237060547,32.599998474121094,32.599998474121094,1216054
2016-09-20,32.5,33.79999923706055,31.200000762939453,32.70000076293945,32.70000076293945,704785
2016-09-21,32.79999923706055,35.099998474121094,32.349998474121094,33.95000076293945,33.95000076293945,608287
2016-09-22,34.599998474121094,36.0,34.099998474121094,35.099998474121094,35.099998474121094,968066
2016-09-23,35.29999923706055,36.5,34.45000076293945,36.099998474121094,36.099998474121094,1143320
2016-09-26,35.95000076293945,35.95000076293945,34.099998474121094,34.599998474121094,34.599998474121094,953789
2016-09-27,34.79999923706055,37.349998474121094,34.349998474121094,35.400001525878906,35.400001525878906,1129071
2016-09-28,35.650001525878906,36.79999923706055,35.099998474121094,35.29999923706055,35.29999923706055,513279
2016-09-29,35.650001525878906,36.75,30.200000762939453,31.100000381469727,31.100000381469727,945162
2016-09-30,31.700000762939453,32.79999923706055,31.200000762939453,32.20000076293945,32.20000076293945,240186
2016-10-03,32.900001525878906,33.5,32.650001525878906,33.0,33.0,243110
2016-10-04,33.400001525878906,33.400001525878906,32.5,32.70000076293945,32.70000076293945,266113
2016-10-05,33.20000076293945,33.20000076293945,32.0,32.20000076293945,32.20000076293945,178292
2016-10-06,32.599998474121094,34.70000076293945,32.29999923706055,33.54999923706055,33.54999923706055,802597
2016-10-07,33.849998474121094,35.150001525878906,33.25,33.849998474121094,33.849998474121094,893370
2016-10-10,34.349998474121094,34.75,33.400001525878906,33.599998474121094,33.599998474121094,211918
2016-10-13,33.849998474121094,33.849998474121094,30.0,31.600000381469727,31.600000381469727,401942
2016-10-14,32.20000076293945,32.400001525878906,31.5,31.649999618530273,31.649999618530273,91343
2016-10-17,31.649999618530273,32.70000076293945,31.399999618530273,31.549999237060547,31.549999237060547,97274
2016-10-18,31.75,32.79999923706055,31.75,32.45000076293945,32.45000076293945,130840
2016-10-19,32.95000076293945,33.599998474121094,32.25,32.70000076293945,32.70000076293945,244654
2016-10-20,32.79999923706055,33.400001525878906,32.599998474121094,32.79999923706055,32.79999923706055,103980
2016-10-21,33.0,33.70000076293945,32.5,32.79999923706055,32.79999923706055,172130
2016-10-24,32.900001525878906,33.599998474121094,32.900001525878906,32.95000076293945,32.95000076293945,110371
2016-10-25,32.79999923706055,33.349998474121094,32.150001525878906,32.349998474121094,32.349998474121094,76538
2016-10-26,32.70000076293945,32.70000076293945,31.899999618530273,32.04999923706055,32.04999923706055,48371
2016-10-27,32.29999923706055,32.400001525878906,30.399999618530273,31.450000762939453,31.450000762939453,193723
2016-10-28,31.450000762939453,33.0,31.200000762939453,32.0,32.0,160342
2016-11-01,32.599998474121094,35.400001525878906,31.950000762939453,34.5,34.5,1185081
2016-11-02,33.45000076293945,34.45000076293945,32.5,33.099998474121094,33.099998474121094,229409
2016-11-03,33.400001525878906,34.25,32.599998474121094,32.70000076293945,32.70000076293945,129756
2016-11-04,33.0,33.0,30.549999237060547,30.899999618530273,30.899999618530273,179485
2016-11-07,31.100000381469727,32.0,30.700000762939453,31.25,31.25,357498
2016-11-08,31.700000762939453,31.75,30.549999237060547,31.0,31.0,142677
2016-11-09,28.0,29.799999237060547,24.799999237060547,29.149999618530273,29.149999618530273,285002
2016-11-10,29.149999618530273,31.5,29.149999618530273,29.950000762939453,29.950000762939453,228271
2016-11-11,29.299999237060547,30.049999237060547,28.0,28.299999237060547,28.299999237060547,110828
2016-11-15,28.299999237060547,28.799999237060547,25.5,26.450000762939453,26.450000762939453,192125
2016-11-16,27.200000762939453,27.799999237060547,26.200000762939453,26.299999237060547,26.299999237060547,103699
2016-11-17,27.0,28.700000762939453,25.600000381469727,26.850000381469727,26.850000381469727,132018
2016-11-18,27.049999237060547,27.200000762939453,26.0,26.450000762939453,26.450000762939453,73288
2016-11-21,26.450000762939453,26.700000762939453,25.0,25.100000381469727,25.100000381469727,84443
2016-11-22,25.899999618530273,26.100000381469727,25.0,25.149999618530273,25.149999618530273,114598
2016-11-23,25.149999618530273,25.799999237060547,24.399999618530273,24.899999618530273,24.899999618530273,238691
2016-11-24,25.100000381469727,25.5,24.299999237060547,25.25,25.25,80907
2016-11-25,25.049999237060547,25.700000762939453,25.0,25.399999618530273,25.399999618530273,126740
2016-11-28,25.299999237060547,26.0,24.850000381469727,25.649999618530273,25.649999618530273,331133
2016-11-29,26.0,27.149999618530273,25.899999618530273,26.049999237060547,26.049999237060547,185582
2016-11-30,26.600000381469727,27.600000381469727,25.75,27.200000762939453,27.200000762939453,183726
2016-12-01,27.25,27.450000762939453,26.450000762939453,26.5,26.5,43954
2016-12-02,26.450000762939453,27.0,26.399999618530273,26.549999237060547,26.549999237060547,48295
2016-12-05,26.950000762939453,27.350000381469727,26.0,26.149999618530273,26.149999618530273,47730
2016-12-06,26.5,26.600000381469727,26.200000762939453,26.399999618530273,26.399999618530273,32489
2016-12-07,26.950000762939453,28.850000381469727,26.950000762939453,27.350000381469727,27.350000381469727,602828
2016-12-08,27.75,27.799999237060547,27.0,27.399999618530273,27.399999618530273,85026
2016-12-09,27.75,28.450000762939453,27.200000762939453,27.5,27.5,66691
2016-12-12,27.399999618530273,27.600000381469727,26.799999237060547,27.100000381469727,27.100000381469727,58781
2016-12-13,27.350000381469727,29.0,27.0,28.0,28.0,534017
2016-12-14,27.899999618530273,28.5,27.25,27.399999618530273,27.399999618530273,103021
2016-12-15,27.5,28.200000762939453,27.049999237060547,27.399999618530273,27.399999618530273,85150
2016-12-16,27.899999618530273,28.0,27.25,27.75,27.75,61142
2016-12-19,27.399999618530273,27.950000762939453,27.25,27.399999618530273,27.399999618530273,52288
2016-12-20,29.0,29.899999618530273,27.700000762939453,27.950000762939453,27.950000762939453,364526
2016-12-21,28.5,28.600000381469727,27.75,27.850000381469727,27.850000381469727,106774
2016-12-22,27.850000381469727,27.850000381469727,26.950000762939453,27.100000381469727,27.100000381469727,40065
2016-12-23,27.0,27.200000762939453,26.799999237060547,26.850000381469727,26.850000381469727,44426
2016-12-26,26.649999618530273,26.799999237060547,25.75,26.200000762939453,26.200000762939453,69204
2016-12-27,26.100000381469727,27.200000762939453,26.100000381469727,26.850000381469727,26.850000381469727,100228
2016-12-28,27.0,27.299999237060547,26.25,26.5,26.5,48527
2016-12-29,26.5,26.899999618530273,26.399999618530273,26.600000381469727,26.600000381469727,143522
2016-12-30,26.700000762939453,27.5,26.700000762939453,27.049999237060547,27.049999237060547,45878
2017-01-02,27.5,29.0,26.600000381469727,27.950000762939453,27.950000762939453,223353
2017-01-03,28.399999618530273,29.0,27.5,28.5,28.5,145780
2017-01-04,28.5,28.600000381469727,27.549999237060547,27.850000381469727,27.850000381469727,93920
2017-01-05,28.100000381469727,28.299999237060547,27.700000762939453,27.850000381469727,27.850000381469727,67519
2017-01-06,27.75,28.399999618530273,27.75,28.149999618530273,28.149999618530273,69013
2017-01-09,28.200000762939453,28.600000381469727,27.5,28.149999618530273,28.149999618530273,92941
2017-01-10,28.25,28.649999618530273,27.850000381469727,28.5,28.5,200394
2017-01-11,28.600000381469727,28.75,27.950000762939453,28.100000381469727,28.100000381469727,104251
2017-01-12,28.25,28.75,28.0,28.299999237060547,28.299999237060547,109765
2017-01-13,28.149999618530273,28.75,28.0,28.350000381469727,28.350000381469727,62020
2017-01-16,28.299999237060547,29.399999618530273,28.0,29.049999237060547,29.049999237060547,230898
2017-01-17,29.950000762939453,29.950000762939453,29.0,29.149999618530273,29.149999618530273,361965
2017-01-18,29.399999618530273,31.200000762939453,29.149999618530273,29.899999618530273,29.899999618530273,779738
2017-01-19,30.0,30.0,29.299999237060547,29.600000381469727,29.600000381469727,131376
2017-01-20,29.899999618530273,32.400001525878906,29.649999618530273,31.149999618530273,31.149999618530273,2099633
2017-01-23,31.350000381469727,33.25,30.799999237060547,31.450000762939453,31.450000762939453,690851
2017-01-24,31.25,32.0,31.049999237060547,31.299999237060547,31.299999237060547,218248
2017-01-25,31.149999618530273,32.0,31.049999237060547,31.149999618530273,31.149999618530273,125211
2017-01-27,31.450000762939453,31.5,30.200000762939453,30.299999237060547,30.299999237060547,136688
2017-01-30,30.5,30.75,30.0,30.100000381469727,30.100000381469727,84081
2017-01-31,30.149999618530273,30.5,29.399999618530273,29.649999618530273,29.649999618530273,103433
2017-02-01,30.049999237060547,30.450000762939453,29.299999237060547,30.049999237060547,30.049999237060547,78052
2017-02-02,30.0,30.700000762939453,29.799999237060547,30.049999237060547,30.049999237060547,76572
2017-02-03,30.049999237060547,31.0,29.950000762939453,30.5,30.5,149763
2017-02-06,31.149999618530273,32.20000076293945,30.25,31.850000381469727,31.850000381469727,497818
2017-02-07,32.0,32.20000076293945,31.0,31.950000762939453,31.950000762939453,229160
2017-02-08,32.650001525878906,32.79999923706055,31.799999237060547,32.29999923706055,32.29999923706055,405817
2017-02-09,32.599998474121094,33.900001525878906,31.799999237060547,32.25,32.25,349662
2017-02-10,32.54999923706055,33.04999923706055,31.149999618530273,31.350000381469727,31.350000381469727,133148
2017-02-13,31.75,31.799999237060547,30.25,30.399999618530273,30.399999618530273,109189
2017-02-14,30.649999618530273,30.799999237060547,29.600000381469727,29.799999237060547,29.799999237060547,101656
2017-02-15,29.899999618530273,30.299999237060547,28.600000381469727,28.799999237060547,28.799999237060547,428567
2017-02-16,28.950000762939453,29.399999618530273,28.25,29.0,29.0,140524
2017-02-17,29.0,29.850000381469727,28.75,28.950000762939453,28.950000762939453,82680
2017-02-20,29.0,29.649999618530273,28.899999618530273,29.200000762939453,29.200000762939453,116049
2017-02-21,29.450000762939453,30.299999237060547,29.25,29.899999618530273,29.899999618530273,136354
2017-02-22,29.549999237060547,30.0,29.399999618530273,29.600000381469727,29.600000381469727,93519
2017-02-23,29.950000762939453,30.149999618530273,29.049999237060547,29.149999618530273,29.149999618530273,49858
2017-02-27,29.600000381469727,29.600000381469727,27.899999618530273,28.049999237060547,28.049999237060547,181556
2017-02-28,28.0,28.549999237060547,27.850000381469727,27.950000762939453,27.950000762939453,77120
2017-03-01,28.5,28.899999618530273,28.200000762939453,28.350000381469727,28.350000381469727,75846
2017-03-02,28.5,29.149999618530273,27.799999237060547,27.950000762939453,27.950000762939453,94687
2017-03-03,28.0,28.149999618530273,27.100000381469727,27.299999237060547,27.299999237060547,85710
2017-03-06,27.399999618530273,27.850000381469727,27.0,27.25,27.25,62611
2017-03-07,27.5,27.549999237060547,26.899999618530273,27.049999237060547,27.049999237060547,75856
2017-03-08,27.200000762939453,27.25,26.299999237060547,26.799999237060547,26.799999237060547,98852
2017-03-09,26.950000762939453,27.25,26.5,26.850000381469727,26.850000381469727,52565
2017-03-10,27.0,27.299999237060547,26.25,26.450000762939453,26.450000762939453,110796
2017-03-14,28.299999237060547,28.299999237060547,26.299999237060547,26.450000762939453,26.450000762939453,99756
2017-03-15,26.5,27.100000381469727,25.899999618530273,26.049999237060547,26.049999237060547,432982
2017-03-16,26.649999618530273,26.899999618530273,26.0,26.299999237060547,26.299999237060547,252202
2017-03-17,26.149999618530273,26.75,26.0,26.200000762939453,26.200000762939453,180500
2017-03-20,26.450000762939453,26.5,26.149999618530273,26.200000762939453,26.200000762939453,64132
2017-03-21,26.149999618530273,26.399999618530273,26.0,26.149999618530273,26.149999618530273,37055
2017-03-22,26.0,26.100000381469727,25.899999618530273,25.899999618530273,25.899999618530273,75799
2017-03-23,26.0,26.0,25.75,25.799999237060547,25.799999237060547,157632
2017-03-24,25.799999237060547,26.700000762939453,25.799999237060547,26.350000381469727,26.350000381469727,95327
2017-03-27,26.5,26.5,25.899999618530273,26.0,26.0,70753
2017-03-28,26.100000381469727,28.450000762939453,26.100000381469727,27.200000762939453,27.200000762939453,381971
2017-03-29,27.5,28.049999237060547,27.0,27.75,27.75,2187662
2017-03-30,28.600000381469727,29.0,28.100000381469727,28.399999618530273,28.399999618530273,784317
2017-03-31,28.600000381469727,28.600000381469727,27.600000381469727,27.899999618530273,27.899999618530273,118227
2017-04-03,28.350000381469727,29.299999237060547,28.0,28.700000762939453,28.700000762939453,283185
2017-04-05,28.899999618530273,30.0,28.5,29.600000381469727,29.600000381469727,504996
2017-04-06,29.600000381469727,29.75,29.049999237060547,29.549999237060547,29.549999237060547,196095
2017-04-07,29.299999237060547,31.350000381469727,29.100000381469727,30.149999618530273,30.149999618530273,629618
2017-04-10,30.399999618530273,31.649999618530273,29.899999618530273,31.200000762939453,31.200000762939453,741713
2017-04-11,30.850000381469727,31.75,30.549999237060547,31.200000762939453,31.200000762939453,320866
2017-04-12,32.5,33.0,31.0,31.799999237060547,31.799999237060547,1102048
2017-04-13,32.20000076293945,33.599998474121094,31.950000762939453,32.54999923706055,32.54999923706055,1175862
2017-04-17,32.29999923706055,32.849998474121094,31.0,31.399999618530273,31.399999618530273,417880
2017-04-18,31.649999618530273,32.5,30.5,30.649999618530273,30.649999618530273,316205
2017-04-19,30.899999618530273,31.100000381469727,30.350000381469727,30.899999618530273,30.899999618530273,173329
2017-04-20,30.899999618530273,31.899999618530273,30.600000381469727,31.649999618530273,31.649999618530273,351892
2017-04-21,31.649999618530273,32.20000076293945,30.75,30.899999618530273,30.899999618530273,400109
2017-04-24,31.350000381469727,31.350000381469727,29.600000381469727,29.700000762939453,29.700000762939453,389986
2017-04-25,29.950000762939453,30.149999618530273,29.049999237060547,29.149999618530273,29.149999618530273,252400
2017-04-26,29.399999618530273,29.5,28.700000762939453,28.950000762939453,28.950000762939453,297227
2017-04-27,29.0,29.799999237060547,28.649999618530273,29.549999237060547,29.549999237060547,192313
2017-04-28,29.899999618530273,30.0,29.25,29.399999618530273,29.399999618530273,103299
2017-05-02,29.75,29.850000381469727,28.700000762939453,28.75,28.75,266137
2017-05-03,28.799999237060547,29.0,28.5,28.600000381469727,28.600000381469727,72815
2017-05-04,28.649999618530273,29.0,28.600000381469727,28.799999237060547,28.799999237060547,85743
2017-05-05,28.549999237060547,28.75,28.299999237060547,28.399999618530273,28.399999618530273,77222
2017-05-08,28.5,29.0,28.5,28.649999618530273,28.649999618530273,91914
2017-05-09,28.700000762939453,29.0,28.200000762939453,28.299999237060547,28.299999237060547,261836
2017-05-10,28.299999237060547,30.700000762939453,27.899999618530273,28.25,28.25,2658837
2017-05-11,28.5,28.700000762939453,27.75,27.950000762939453,27.950000762939453,549537
2017-05-12,28.100000381469727,28.299999237060547,26.850000381469727,27.299999237060547,27.299999237060547,380506
2017-05-15,27.299999237060547,28.100000381469727,26.899999618530273,27.100000381469727,27.100000381469727,362750
2017-05-16,27.25,28.100000381469727,27.0,27.299999237060547,27.299999237060547,459284
2017-05-17,27.399999618530273,27.549999237060547,26.850000381469727,27.0,27.0,229440
2017-05-18,26.899999618530273,27.100000381469727,26.549999237060547,26.649999618530273,26.649999618530273,170243
2017-05-19,26.899999618530273,27.200000762939453,26.0,26.350000381469727,26.350000381469727,183704
2017-05-22,26.75,26.899999618530273,25.899999618530273,26.049999237060547,26.049999237060547,137243
2017-05-23,26.200000762939453,26.200000762939453,24.799999237060547,25.0,25.0,232863
2017-05-24,25.25,25.450000762939453,24.299999237060547,24.5,24.5,120477
2017-05-25,24.5,25.200000762939453,24.25,25.100000381469727,25.100000381469727,73195
2017-05-26,25.0,26.350000381469727,25.0,25.899999618530273,25.899999618530273,185429
2017-05-29,25.0,25.299999237060547,23.799999237060547,24.0,24.0,299505
2017-05-30,24.0,24.299999237060547,23.5,24.149999618530273,24.149999618530273,75720
2017-05-31,24.0,24.700000762939453,23.799999237060547,24.100000381469727,24.100000381469727,140114
2017-06-01,24.100000381469727,24.399999618530273,23.850000381469727,23.950000762939453,23.950000762939453,59980
2017-06-02,24.549999237060547,25.899999618530273,24.0,25.5,25.5,716512
2017-06-05,27.0,27.5,25.149999618530273,25.549999237060547,25.549999237060547,1199802
2017-06-06,25.149999618530273,25.450000762939453,23.899999618530273,24.200000762939453,24.200000762939453,380497
2017-06-07,24.0,24.75,23.899999618530273,24.350000381469727,24.350000381469727,77686
2017-06-08,24.600000381469727,24.75,24.100000381469727,24.399999618530273,24.399999618530273,57313
2017-06-09,24.5,24.75,24.100000381469727,24.450000762939453,24.450000762939453,76153
2017-06-12,24.5,24.549999237060547,24.0,24.25,24.25,63602
2017-06-13,24.149999618530273,24.5,24.0,24.100000381469727,24.100000381469727,85588
2017-06-14,24.100000381469727,24.25,23.799999237060547,23.899999618530273,23.899999618530273,95524
2017-06-15,23.799999237060547,24.200000762939453,23.649999618530273,23.700000762939453,23.700000762939453,75877
2017-06-16,24.200000762939453,24.600000381469727,23.549999237060547,24.049999237060547,24.049999237060547,174809
2017-06-19,24.399999618530273,24.399999618530273,23.25,23.549999237060547,23.549999237060547,89704
2017-06-20,23.75,24.100000381469727,23.5,23.600000381469727,23.600000381469727,77348
2017-06-21,23.5,25.200000762939453,23.200000762939453,24.299999237060547,24.299999237060547,230051
2017-06-22,24.549999237060547,24.899999618530273,24.149999618530273,24.25,24.25,130879
2017-06-23,24.450000762939453,24.5,23.700000762939453,23.850000381469727,23.850000381469727,69324
2017-06-27,24.5,24.700000762939453,23.549999237060547,23.649999618530273,23.649999618530273,106654
2017-06-28,23.549999237060547,23.700000762939453,23.049999237060547,23.200000762939453,23.200000762939453,85543
2017-06-29,23.549999237060547,23.899999618530273,23.299999237060547,23.399999618530273,23.399999618530273,54292
2017-06-30,23.25,23.600000381469727,23.149999618530273,23.299999237060547,23.299999237060547,56639
2017-07-03,23.299999237060547,23.5,22.799999237060547,22.950000762939453,22.950000762939453,149257
2017-07-04,22.950000762939453,23.5,22.950000762939453,23.25,23.25,77773
2017-07-05,23.149999618530273,23.5,23.049999237060547,23.399999618530273,23.399999618530273,80781
2017-07-06,23.200000762939453,23.549999237060547,23.0,23.049999237060547,23.049999237060547,150121
2017-07-07,23.799999237060547,24.5,23.600000381469727,24.299999237060547,24.299999237060547,556107
2017-07-10,24.049999237060547,24.350000381469727,23.850000381469727,23.899999618530273,23.899999618530273,28219
2017-07-11,24.100000381469727,24.200000762939453,23.399999618530273,23.5,23.5,177001
2017-07-12,23.899999618530273,23.899999618530273,23.200000762939453,23.450000762939453,23.450000762939453,109944
2017-07-13,23.75,25.25,23.600000381469727,24.600000381469727,24.600000381469727,438002
2017-07-14,24.25,24.899999618530273,23.700000762939453,24.0,24.0,196998
2017-07-17,24.450000762939453,24.450000762939453,24.049999237060547,24.049999237060547,24.049999237060547,40142
2017-07-18,24.200000762939453,24.25,23.600000381469727,23.649999618530273,23.649999618530273,111140
2017-07-19,23.700000762939453,24.450000762939453,23.700000762939453,24.049999237060547,24.049999237060547,132204
2017-07-20,24.25,24.25,23.75,23.799999237060547,23.799999237060547,131559
2017-07-21,23.600000381469727,24.100000381469727,23.600000381469727,23.75,23.75,111302
2017-07-24,23.600000381469727,24.100000381469727,23.600000381469727,23.75,23.75,164749
2017-07-25,23.950000762939453,24.0,23.549999237060547,23.649999618530273,23.649999618530273,86271
2017-07-26,24.299999237060547,25.399999618530273,24.299999237060547,24.950000762939453,24.950000762939453,1103562
2017-07-27,25.100000381469727,25.200000762939453,23.899999618530273,24.0,24.0,154514
2017-07-28,24.049999237060547,24.850000381469727,23.799999237060547,24.299999237060547,24.299999237060547,258885
2017-07-31,24.25,25.149999618530273,24.0,24.549999237060547,24.549999237060547,249874
2017-08-01,24.5,24.799999237060547,24.0,24.049999237060547,24.049999237060547,73330
2017-08-02,24.049999237060547,24.399999618530273,23.600000381469727,23.850000381469727,23.850000381469727,114905
2017-08-03,23.799999237060547,23.799999237060547,23.200000762939453,23.399999618530273,23.399999618530273,96295
2017-08-04,23.25,23.649999618530273,23.200000762939453,23.299999237060547,23.299999237060547,56582
2017-08-07,23.399999618530273,23.549999237060547,22.850000381469727,23.049999237060547,23.049999237060547,156439
2017-08-08,23.100000381469727,23.200000762939453,22.450000762939453,22.600000381469727,22.600000381469727,113829
2017-08-09,22.5,22.5,20.649999618530273,21.0,21.0,308231
2017-08-10,20.899999618530273,21.25,19.600000381469727,19.799999237060547,19.799999237060547,199806
2017-08-11,19.299999237060547,20.25,18.100000381469727,19.0,19.0,157836
2017-08-14,19.25,19.5,18.299999237060547,18.850000381469727,18.850000381469727,171552
2017-08-16,18.899999618530273,19.25,18.350000381469727,18.850000381469727,18.850000381469727,124654
2017-08-17,19.0,19.450000762939453,18.549999237060547,18.850000381469727,18.850000381469727,87245
2017-08-18,18.799999237060547,19.149999618530273,18.549999237060547,18.899999618530273,18.899999618530273,43714
2017-08-21,18.799999237060547,19.25,18.549999237060547,18.649999618530273,18.649999618530273,48176
2017-08-22,18.700000762939453,18.950000762939453,18.25,18.350000381469727,18.350000381469727,40651
2017-08-23,18.5,18.850000381469727,17.100000381469727,17.399999618530273,17.399999618530273,255258
2017-08-24,17.799999237060547,17.799999237060547,16.850000381469727,17.0,17.0,182834
2017-08-28,17.799999237060547,18.700000762939453,17.799999237060547,17.950000762939453,17.950000762939453,594483
2017-08-29,17.950000762939453,18.299999237060547,17.600000381469727,18.0,18.0,111855
2017-08-30,18.100000381469727,18.399999618530273,17.75,17.950000762939453,17.950000762939453,108789
2017-08-31,18.25,18.25,17.899999618530273,18.0,18.0,51797
2017-09-01,18.0,19.850000381469727,17.950000762939453,19.399999618530273,19.399999618530273,439822
2017-09-04,19.549999237060547,20.350000381469727,19.299999237060547,19.75,19.75,243094
2017-09-05,20.299999237060547,20.299999237060547,19.649999618530273,19.899999618530273,19.899999618530273,88457
2017-09-06,19.450000762939453,20.200000762939453,19.450000762939453,19.799999237060547,19.799999237060547,75256
2017-09-07,20.0,20.350000381469727,19.850000381469727,19.950000762939453,19.950000762939453,157437
2017-09-08,20.25,22.850000381469727,20.0,22.399999618530273,22.399999618530273,847694
2017-09-11,22.799999237060547,23.450000762939453,22.149999618530273,22.299999237060547,22.299999237060547,279091
2017-09-12,22.450000762939453,22.450000762939453,20.899999618530273,21.149999618530273,21.149999618530273,225271
2017-09-13,21.399999618530273,21.399999618530273,20.299999237060547,20.5,20.5,93454
2017-09-14,20.299999237060547,21.0,20.0,20.649999618530273,20.649999618530273,53825
2017-09-15,20.5,20.899999618530273,19.799999237060547,20.049999237060547,20.049999237060547,51634
2017-09-18,20.299999237060547,20.5,19.350000381469727,19.799999237060547,19.799999237060547,56283
2017-09-19,19.25,20.0,18.850000381469727,19.850000381469727,19.850000381469727,82740
2017-09-20,20.799999237060547,20.799999237060547,20.0,20.549999237060547,20.549999237060547,151933
2017-09-21,20.75,20.799999237060547,20.0,20.549999237060547,20.549999237060547,40501
2017-09-22,20.5,20.5,19.549999237060547,19.700000762939453,19.700000762939453,35844
2017-09-25,19.600000381469727,20.600000381469727,18.799999237060547,19.399999618530273,19.399999618530273,45063
2017-09-26,20.25,20.25,19.549999237060547,20.100000381469727,20.100000381469727,29793
2017-09-27,20.450000762939453,20.5,19.100000381469727,19.25,19.25,35083
2017-09-28,19.25,19.399999618530273,18.299999237060547,18.450000762939453,18.450000762939453,47327
2017-09-29,19.25,19.299999237060547,18.299999237060547,18.950000762939453,18.950000762939453,23303
2017-10-03,19.25,19.850000381469727,18.549999237060547,18.700000762939453,18.700000762939453,39333
2017-10-04,18.5,18.799999237060547,18.100000381469727,18.600000381469727,18.600000381469727,19974
2017-10-05,18.700000762939453,18.799999237060547,18.25,18.399999618530273,18.399999618530273,41619
2017-10-06,18.75,18.950000762939453,18.25,18.350000381469727,18.350000381469727,37371
2017-10-09,18.299999237060547,18.5,17.899999618530273,18.149999618530273,18.149999618530273,29918
2017-10-10,18.100000381469727,19.0,18.049999237060547,18.75,18.75,48502
2017-10-11,18.5,19.0,18.049999237060547,18.149999618530273,18.149999618530273,43319
2017-10-12,18.200000762939453,18.700000762939453,18.049999237060547,18.450000762939453,18.450000762939453,30575
2017-10-13,18.149999618530273,18.700000762939453,18.0,18.399999618530273,18.399999618530273,307511
2017-10-16,18.200000762939453,18.75,17.549999237060547,17.850000381469727,17.850000381469727,34350
2017-10-17,18.5,18.5,17.649999618530273,17.850000381469727,17.850000381469727,32079
2017-10-18,17.649999618530273,18.299999237060547,17.100000381469727,17.299999237060547,17.299999237060547,39682
2017-10-19,17.899999618530273,17.899999618530273,17.100000381469727,17.350000381469727,17.350000381469727,14199
2017-10-23,17.899999618530273,18.0,17.049999237060547,17.200000762939453,17.200000762939453,41016
2017-10-24,17.600000381469727,17.649999618530273,17.200000762939453,17.5,17.5,35202
2017-10-25,17.350000381469727,17.75,17.100000381469727,17.5,17.5,24469
2017-10-26,17.799999237060547,17.799999237060547,17.299999237060547,17.399999618530273,17.399999618530273,16978
2017-10-27,17.450000762939453,17.899999618530273,17.25,17.5,17.5,18201
2017-10-30,18.0,18.0,17.25,17.600000381469727,17.600000381469727,45915
2017-10-31,17.950000762939453,18.0,17.600000381469727,17.950000762939453,17.950000762939453,21123
2017-11-01,18.200000762939453,18.700000762939453,18.200000762939453,18.399999618530273,18.399999618530273,61238
2017-11-02,18.700000762939453,19.200000762939453,18.5,18.950000762939453,18.950000762939453,62650
2017-11-03,19.0,19.850000381469727,19.0,19.850000381469727,19.850000381469727,43255
2017-11-06,20.799999237060547,20.799999237060547,20.799999237060547,20.799999237060547,20.799999237060547,24774
2017-11-07,21.799999237060547,21.799999237060547,19.799999237060547,20.450000762939453,20.450000762939453,177865
2017-11-08,20.450000762939453,20.75,19.75,19.950000762939453,19.950000762939453,49542
2017-11-09,19.75,20.649999618530273,19.5,19.700000762939453,19.700000762939453,34106
2017-11-10,20.200000762939453,20.200000762939453,19.350000381469727,19.75,19.75,24378
2017-11-13,20.25,20.600000381469727,19.600000381469727,19.950000762939453,19.950000762939453,43190
2017-11-14,19.299999237060547,19.649999618530273,19.0,19.0,19.0,33347
2017-11-15,19.0,19.0,18.049999237060547,18.049999237060547,18.049999237060547,43002
2017-11-16,17.5,18.399999618530273,17.200000762939453,17.450000762939453,17.450000762939453,86943
2017-11-17,17.600000381469727,18.149999618530273,17.149999618530273,17.450000762939453,17.450000762939453,107022
2017-11-20,18.0,18.0,17.0,17.25,17.25,84330
2017-11-21,17.5,17.75,16.950000762939453,17.100000381469727,17.100000381469727,109544
2017-11-22,17.450000762939453,17.799999237060547,17.350000381469727,17.700000762939453,17.700000762939453,72115
2017-11-23,17.899999618530273,17.899999618530273,17.299999237060547,17.850000381469727,17.850000381469727,39423
2017-11-24,17.75,17.75,17.0,17.100000381469727,17.100000381469727,233516
2017-11-27,17.350000381469727,17.450000762939453,17.049999237060547,17.399999618530273,17.399999618530273,54209
2017-11-28,17.399999618530273,17.600000381469727,17.0,17.200000762939453,17.200000762939453,123406
2017-11-29,17.200000762939453,18.049999237060547,16.399999618530273,18.0,18.0,496720
2017-11-30,18.399999618530273,18.899999618530273,18.25,18.899999618530273,18.899999618530273,146637
2017-12-01,19.5,19.799999237060547,19.100000381469727,19.600000381469727,19.600000381469727,356543
2017-12-04,19.149999618530273,19.450000762939453,18.649999618530273,18.649999618530273,18.649999618530273,85304
2017-12-05,18.5,19.549999237060547,17.75,19.549999237060547,19.549999237060547,162175
2017-12-06,19.799999237060547,20.5,19.149999618530273,20.5,20.5,336226
2017-12-07,21.25,22.5,20.850000381469727,21.149999618530273,21.149999618530273,487751
2017-12-08,21.350000381469727,23.0,21.0,21.350000381469727,21.350000381469727,389772
2017-12-11,21.799999237060547,21.799999237060547,20.0,20.299999237060547,20.299999237060547,187415
2017-12-12,20.5,20.700000762939453,18.299999237060547,18.5,18.5,687668
2017-12-13,18.700000762939453,19.299999237060547,18.5,18.75,18.75,182631
2017-12-14,18.799999237060547,18.899999618530273,17.899999618530273,18.149999618530273,18.149999618530273,122445
2017-12-15,18.399999618530273,18.75,18.149999618530273,18.450000762939453,18.450000762939453,72964
2017-12-18,18.450000762939453,19.25,18.0,18.649999618530273,18.649999618530273,139335
2017-12-19,19.649999618530273,20.5,19.299999237060547,19.75,19.75,1051931
2017-12-20,19.950000762939453,20.399999618530273,19.299999237060547,19.450000762939453,19.450000762939453,234177
2017-12-21,19.600000381469727,19.75,19.200000762939453,19.450000762939453,19.450000762939453,148068
2017-12-22,19.350000381469727,19.899999618530273,19.299999237060547,19.649999618530273,19.649999618530273,150664
2017-12-26,19.5,19.850000381469727,19.200000762939453,19.299999237060547,19.299999237060547,128125
2017-12-27,19.5,19.75,18.899999618530273,19.25,19.25,178579
2017-12-28,19.450000762939453,20.399999618530273,19.200000762939453,19.899999618530273,19.899999618530273,231518
2017-12-29,20.450000762939453,20.5,19.850000381469727,20.100000381469727,20.100000381469727,225641
2018-01-01,20.299999237060547,21.600000381469727,19.649999618530273,20.850000381469727,20.850000381469727,427543
2018-01-02,21.049999237060547,22.899999618530273,20.100000381469727,22.200000762939453,22.200000762939453,1404065
2018-01-03,22.200000762939453,22.600000381469727,21.600000381469727,21.75,21.75,454717
2018-01-04,21.899999618530273,22.899999618530273,21.700000762939453,22.25,22.25,450225
2018-01-05,22.450000762939453,22.950000762939453,21.799999237060547,21.950000762939453,21.950000762939453,205892
2018-01-08,22.0,22.5,21.5,21.700000762939453,21.700000762939453,181230
2018-01-09,21.899999618530273,22.950000762939453,21.399999618530273,22.200000762939453,22.200000762939453,615685
2018-01-10,22.200000762939453,22.549999237060547,21.0,21.399999618530273,21.399999618530273,476334
2018-01-11,21.200000762939453,22.549999237060547,21.200000762939453,21.950000762939453,21.950000762939453,414009
2018-01-12,22.5,22.700000762939453,21.399999618530273,21.799999237060547,21.799999237060547,377013
2018-01-15,21.899999618530273,22.600000381469727,21.350000381469727,21.450000762939453,21.450000762939453,391977
2018-01-16,21.600000381469727,21.799999237060547,20.0,20.200000762939453,20.200000762939453,352471
2018-01-17,20.0,20.399999618530273,19.5,20.049999237060547,20.049999237060547,123563
2018-01-18,20.200000762939453,20.399999618530273,19.200000762939453,19.350000381469727,19.350000381469727,185566
2018-01-19,19.5,21.25,18.850000381469727,21.25,21.25,585379
2018-01-22,22.25,22.700000762939453,21.549999237060547,22.049999237060547,22.049999237060547,699064
2018-01-23,23.200000762939453,23.549999237060547,22.350000381469727,23.25,23.25,1393173
2018-01-24,23.100000381469727,23.200000762939453,21.75,21.950000762939453,21.950000762939453,479841
2018-01-25,22.0,22.100000381469727,21.0,21.149999618530273,21.149999618530273,169030
2018-01-29,21.600000381469727,22.100000381469727,20.5,20.649999618530273,20.649999618530273,395320
2018-01-30,20.649999618530273,20.850000381469727,20.100000381469727,20.149999618530273,20.149999618530273,154248
2018-01-31,20.100000381469727,20.450000762939453,19.649999618530273,20.0,20.0,101406
2018-02-01,20.25,20.399999618530273,19.450000762939453,19.549999237060547,19.549999237060547,183788
2018-02-02,19.299999237060547,19.299999237060547,18.350000381469727,18.549999237060547,18.549999237060547,167037
2018-02-05,18.0,18.700000762939453,17.450000762939453,18.450000762939453,18.450000762939453,134195
2018-02-06,17.950000762939453,18.200000762939453,17.549999237060547,17.649999618530273,17.649999618530273,75304
2018-02-07,18.399999618530273,18.899999618530273,18.0,18.75,18.75,133836
2018-02-08,18.75,20.5,18.75,19.899999618530273,19.899999618530273,259070
2018-02-09,19.899999618530273,19.899999618530273,19.149999618530273,19.549999237060547,19.549999237060547,83650
2018-02-12,19.549999237060547,20.299999237060547,19.549999237060547,19.850000381469727,19.850000381469727,78494
2018-02-14,19.950000762939453,19.950000762939453,18.5,18.700000762939453,18.700000762939453,297148
2018-02-15,18.850000381469727,19.100000381469727,18.450000762939453,18.549999237060547,18.549999237060547,69454
2018-02-16,18.600000381469727,18.850000381469727,17.700000762939453,18.049999237060547,18.049999237060547,152061
2018-02-19,18.0,18.350000381469727,17.5,17.899999618530273,17.899999618530273,81786
2018-02-20,17.75,18.350000381469727,17.5,17.799999237060547,17.799999237060547,95052
2018-02-21,18.25,18.25,17.5,17.649999618530273,17.649999618530273,34085
2018-02-22,17.75,17.950000762939453,17.399999618530273,17.600000381469727,17.600000381469727,46266
2018-02-23,17.399999618530273,17.899999618530273,17.350000381469727,17.549999237060547,17.549999237060547,298550
2018-02-26,17.5,17.700000762939453,17.100000381469727,17.350000381469727,17.350000381469727,169838
2018-02-27,17.350000381469727,17.5,17.100000381469727,17.200000762939453,17.200000762939453,38480
2018-02-28,17.450000762939453,17.450000762939453,16.75,17.299999237060547,17.299999237060547,35930
2018-03-01,17.5,17.700000762939453,17.0,17.100000381469727,17.100000381469727,143417
2018-03-05,17.5,17.5,16.950000762939453,17.100000381469727,17.100000381469727,43523
2018-03-06,17.450000762939453,17.450000762939453,16.5,16.649999618530273,16.649999618530273,46841
2018-03-07,16.5,16.600000381469727,16.0,16.100000381469727,16.100000381469727,57919
2018-03-08,16.399999618530273,16.450000762939453,15.800000190734863,16.149999618530273,16.149999618530273,103519
2018-03-09,16.399999618530273,16.5,15.699999809265137,16.0,16.0,51192
2018-03-12,16.0,16.0,15.100000381469727,15.300000190734863,15.300000190734863,123232
2018-03-13,15.350000381469727,15.800000190734863,15.199999809265137,15.600000381469727,15.600000381469727,100086
2018-03-14,15.899999618530273,15.899999618530273,15.050000190734863,15.399999618530273,15.399999618530273,386509
2018-03-15,15.800000190734863,16.200000762939453,15.25,16.0,16.0,196083
2018-03-16,16.0,16.299999237060547,15.300000190734863,15.5,15.5,113363
2018-03-19,15.399999618530273,15.5,12.600000381469727,13.050000190734863,13.050000190734863,760502
2018-03-20,13.149999618530273,13.649999618530273,11.300000190734863,11.899999618530273,11.899999618530273,857236
2018-03-21,12.399999618530273,12.449999809265137,10.300000190734863,10.75,10.75,833683
2018-03-22,10.75,11.0,10.199999809265137,10.649999618530273,10.649999618530273,580284
2018-03-23,10.600000381469727,10.600000381469727,9.600000381469727,9.649999618530273,9.649999618530273,586944
2018-03-26,9.649999618530273,10.600000381469727,9.149999618530273,10.149999618530273,10.149999618530273,542636
2018-03-27,10.199999809265137,10.800000190734863,10.149999618530273,10.449999809265137,10.449999809265137,380645
2018-03-28,10.399999618530273,10.699999809265137,10.050000190734863,10.199999809265137,10.199999809265137,329948
2018-04-02,10.699999809265137,11.149999618530273,10.050000190734863,10.75,10.75,151511
2018-04-03,10.800000190734863,11.800000190734863,10.800000190734863,11.699999809265137,11.699999809265137,164575
2018-04-04,11.899999618530273,12.800000190734863,11.699999809265137,11.850000381469727,11.850000381469727,303905
2018-04-05,12.050000190734863,12.5,12.050000190734863,12.149999618530273,12.149999618530273,91088
2018-04-06,12.25,12.350000381469727,11.899999618530273,12.0,12.0,84457
2018-04-09,12.0,12.449999809265137,11.800000190734863,12.350000381469727,12.350000381469727,132266
2018-04-10,12.5,12.800000190734863,12.25,12.449999809265137,12.449999809265137,72888
2018-04-11,12.550000190734863,12.649999618530273,12.25,12.550000190734863,12.550000190734863,64575
2018-04-12,12.699999809265137,12.699999809265137,12.0,12.300000190734863,12.300000190734863,75912
2018-04-13,12.300000190734863,12.550000190734863,12.0,12.149999618530273,12.149999618530273,51195
2018-04-16,12.149999618530273,12.149999618530273,11.800000190734863,11.850000381469727,11.850000381469727,59651
2018-04-17,12.050000190734863,12.399999618530273,11.899999618530273,12.199999809265137,12.199999809265137,117360
2018-04-18,12.399999618530273,13.149999618530273,12.199999809265137,12.899999618530273,12.899999618530273,295908
2018-04-19,13.100000381469727,14.149999618530273,12.699999809265137,14.149999618530273,14.149999618530273,531112
2018-04-20,15.199999809265137,15.449999809265137,13.850000381469727,14.949999809265137,14.949999809265137,844759
2018-04-23,14.850000381469727,14.850000381469727,14.25,14.25,14.25,122141
2018-04-24,13.600000381469727,13.600000381469727,13.550000190734863,13.550000190734863,13.550000190734863,26722
2018-04-25,12.949999809265137,13.149999618530273,12.899999618530273,12.899999618530273,12.899999618530273,257507
2018-04-26,12.300000190734863,12.300000190734863,12.300000190734863,12.300000190734863,12.300000190734863,33244
2018-04-27,11.699999809265137,12.899999618530273,11.699999809265137,12.550000190734863,12.550000190734863,291728
2018-04-30,12.699999809265137,12.850000381469727,11.949999809265137,11.949999809265137,11.949999809265137,86843
2018-05-02,11.800000190734863,12.0,11.399999618530273,11.399999618530273,11.399999618530273,74658
2018-05-03,11.399999618530273,11.399999618530273,10.850000381469727,10.949999809265137,10.949999809265137,58333
2018-05-04,10.649999618530273,11.0,10.449999809265137,10.449999809265137,10.449999809265137,127318
2018-05-07,10.350000381469727,10.699999809265137,9.949999809265137,10.050000190734863,10.050000190734863,92039
2018-05-08,9.600000381469727,10.149999618530273,9.550000190734863,10.0,10.0,47350
2018-05-09,10.050000190734863,10.5,9.600000381469727,10.350000381469727,10.350000381469727,41084
2018-05-10,10.699999809265137,10.699999809265137,9.850000381469727,9.850000381469727,9.850000381469727,55414
2018-05-11,10.25,10.25,9.399999618530273,9.399999618530273,9.399999618530273,80790
2018-05-14,9.399999618530273,9.399999618530273,8.949999809265137,8.949999809265137,8.949999809265137,43983
2018-05-15,8.949999809265137,9.350000381469727,8.550000190734863,8.699999809265137,8.699999809265137,57724
2018-05-16,8.5,8.949999809265137,8.300000190734863,8.399999618530273,8.399999618530273,55057
2018-05-17,8.649999618530273,8.800000190734863,8.0,8.600000381469727,8.600000381469727,60694
2018-05-18,8.899999618530273,8.899999618530273,8.199999809265137,8.300000190734863,8.300000190734863,47883
2018-05-21,8.550000190734863,8.550000190734863,7.900000095367432,8.0,8.0,33950
2018-05-22,8.0,8.199999809265137,7.650000095367432,8.100000381469727,8.100000381469727,21323
2018-05-23,8.199999809265137,8.199999809265137,7.699999809265137,7.699999809265137,7.699999809265137,20948
2018-05-24,7.75,7.800000190734863,7.349999904632568,7.449999809265137,7.449999809265137,29525
2018-05-25,7.400000095367432,7.449999809265137,7.099999904632568,7.099999904632568,7.099999904632568,30524
2018-05-28,6.800000190734863,7.449999809265137,6.800000190734863,7.349999904632568,7.349999904632568,108381
2018-05-29,7.449999809265137,7.599999904632568,7.0,7.300000190734863,7.300000190734863,54863
2018-05-30,7.599999904632568,7.650000095367432,7.150000095367432,7.650000095367432,7.650000095367432,12187
2018-05-31,7.949999809265137,8.0,7.949999809265137,8.0,8.0,18558
2018-06-01,8.050000190734863,8.399999618530273,7.599999904632568,8.0,8.0,119679
2018-06-04,8.350000381469727,8.350000381469727,7.599999904632568,8.050000190734863,8.050000190734863,55959
2018-06-05,8.350000381469727,8.350000381469727,7.650000095367432,7.75,7.75,50761
2018-06-06,7.599999904632568,7.949999809265137,7.5,7.599999904632568,7.599999904632568,19094
2018-06-07,7.599999904632568,7.900000095367432,7.349999904632568,7.900000095367432,7.900000095367432,33098
2018-06-08,7.75,8.25,7.75,8.100000381469727,8.100000381469727,53322
2018-06-11,8.25,8.25,7.800000190734863,8.050000190734863,8.050000190734863,12818
2018-06-12,8.25,8.25,7.75,8.050000190734863,8.050000190734863,12588
2018-06-13,7.949999809265137,8.100000381469727,7.800000190734863,8.0,8.0,6806
2018-06-14,7.949999809265137,8.199999809265137,7.800000190734863,8.0,8.0,15844
2018-06-15,8.25,8.300000190734863,7.699999809265137,7.900000095367432,7.900000095367432,6875
2018-06-18,7.900000095367432,7.900000095367432,7.550000190734863,7.75,7.75,14652
2018-06-19,7.650000095367432,7.849999904632568,7.400000095367432,7.650000095367432,7.650000095367432,12292
2018-06-20,7.449999809265137,7.849999904632568,7.300000190734863,7.300000190734863,7.300000190734863,22050
2018-06-21,7.300000190734863,7.5,7.0,7.050000190734863,7.050000190734863,19760
2018-06-22,6.849999904632568,7.300000190734863,6.849999904632568,7.050000190734863,7.050000190734863,7039
2018-06-25,7.0,7.150000095367432,6.699999809265137,6.849999904632568,6.849999904632568,27296
2018-06-26,6.949999809265137,7.099999904632568,6.75,6.800000190734863,6.800000190734863,34774
2018-06-27,6.800000190734863,6.800000190734863,6.5,6.5,6.5,44117
2018-06-28,6.199999809265137,6.25,6.199999809265137,6.199999809265137,6.199999809265137,39183
2018-06-29,6.449999809265137,6.449999809265137,5.900000095367432,6.050000190734863,6.050000190734863,48616
2018-07-02,6.0,6.349999904632568,5.900000095367432,6.0,6.0,56549
2018-07-03,6.199999809265137,6.300000190734863,5.900000095367432,6.150000095367432,6.150000095367432,45987
2018-07-04,6.099999904632568,6.300000190734863,6.050000190734863,6.150000095367432,6.150000095367432,28036
2018-07-05,6.099999904632568,6.150000095367432,5.900000095367432,6.050000190734863,6.050000190734863,88484
2018-07-06,6.099999904632568,6.199999809265137,5.849999904632568,5.900000095367432,5.900000095367432,22978
2018-07-09,6.099999904632568,6.150000095367432,5.849999904632568,6.050000190734863,6.050000190734863,28731
2018-07-10,6.25,6.349999904632568,6.25,6.349999904632568,6.349999904632568,5196
2018-07-11,6.599999904632568,6.650000095367432,6.5,6.650000095367432,6.650000095367432,9078
2018-07-12,6.900000095367432,6.949999809265137,6.900000095367432,6.949999809265137,6.949999809265137,84952
2018-07-13,7.0,7.25,6.849999904632568,6.900000095367432,6.900000095367432,63473
2018-07-16,6.800000190734863,6.900000095367432,6.599999904632568,6.849999904632568,6.849999904632568,19570
2018-07-17,6.650000095367432,6.800000190734863,6.550000190734863,6.550000190734863,6.550000190734863,12307
2018-07-18,6.550000190734863,6.75,6.25,6.400000095367432,6.400000095367432,5469
2018-07-19,6.599999904632568,6.599999904632568,6.099999904632568,6.099999904632568,6.099999904632568,23871
2018-07-20,5.849999904632568,6.099999904632568,5.800000190734863,5.800000190734863,5.800000190734863,16159
2018-07-23,5.800000190734863,6.050000190734863,5.550000190734863,6.050000190734863,6.050000190734863,78096
2018-07-24,6.349999904632568,6.349999904632568,6.199999809265137,6.349999904632568,6.349999904632568,15852
2018-07-25,6.449999809265137,6.650000095367432,6.449999809265137,6.650000095367432,6.650000095367432,41679
2018-07-26,6.650000095367432,6.949999809265137,6.650000095367432,6.949999809265137,6.949999809265137,14898
2018-07-27,7.25,7.25,7.25,7.25,7.25,26659
2018-07-30,7.599999904632568,7.599999904632568,7.599999904632568,7.599999904632568,7.599999904632568,8825
2018-07-31,7.949999809265137,7.949999809265137,7.949999809265137,7.949999809265137,7.949999809265137,17688
2018-08-01,8.300000190734863,8.300000190734863,8.300000190734863,8.300000190734863,8.300000190734863,7753
2018-08-02,8.699999809265137,8.699999809265137,8.0,8.699999809265137,8.699999809265137,151239
2018-08-03,9.100000381469727,9.100000381469727,9.100000381469727,9.100000381469727,9.100000381469727,10866
2018-08-06,9.550000190734863,9.550000190734863,9.550000190734863,9.550000190734863,9.550000190734863,11659
2018-08-07,10.0,10.0,10.0,10.0,10.0,14546
2018-08-08,10.5,10.5,10.149999618530273,10.5,10.5,119005
2018-08-09,11.0,11.0,11.0,11.0,11.0,33124
2018-08-10,11.550000190734863,11.550000190734863,11.550000190734863,11.550000190734863,11.550000190734863,10446
2018-08-13,12.100000381469727,12.100000381469727,12.100000381469727,12.100000381469727,12.100000381469727,24437
2018-08-14,12.699999809265137,12.699999809265137,12.699999809265137,12.699999809265137,12.699999809265137,17242
2018-08-16,13.300000190734863,13.300000190734863,13.300000190734863,13.300000190734863,13.300000190734863,27809
2018-08-17,13.949999809265137,13.949999809265137,12.649999618530273,12.649999618530273,12.649999618530273,138563
2018-08-20,12.649999618530273,12.649999618530273,12.649999618530273,12.649999618530273,12.649999618530273,14644
2018-08-21,12.050000190734863,12.050000190734863,12.050000190734863,12.050000190734863,12.050000190734863,11586
2018-08-23,11.449999809265137,11.449999809265137,11.449999809265137,11.449999809265137,11.449999809265137,3131
2018-08-24,10.899999618530273,10.899999618530273,10.899999618530273,10.899999618530273,10.899999618530273,1736
2018-08-27,10.399999618530273,10.399999618530273,10.399999618530273,10.399999618530273,10.399999618530273,1961
2018-08-28,10.0,10.25,9.899999618530273,9.899999618530273,9.899999618530273,106068
2018-08-29,9.449999809265137,9.449999809265137,9.449999809265137,9.449999809265137,9.449999809265137,6966
2018-08-30,9.050000190734863,9.899999618530273,9.050000190734863,9.899999618530273,9.899999618530273,61221
2018-08-31,10.350000381469727,10.350000381469727,10.350000381469727,10.350000381469727,10.350000381469727,16882
2018-09-03,10.850000381469727,10.850000381469727,9.850000381469727,10.300000190734863,10.300000190734863,75668
2018-09-04,10.050000190734863,10.800000190734863,9.800000190734863,10.050000190734863,10.050000190734863,44815
2018-09-05,9.800000190734863,10.399999618530273,9.550000190734863,9.75,9.75,18848
2018-09-06,9.949999809265137,10.0,9.350000381469727,9.850000381469727,9.850000381469727,24608
2018-09-07,9.850000381469727,9.949999809265137,9.399999618530273,9.649999618530273,9.649999618530273,23764
2018-09-10,9.600000381469727,9.800000190734863,9.199999809265137,9.199999809265137,9.199999809265137,46492
2018-09-11,9.5,9.5,9.0,9.100000381469727,9.100000381469727,16657
2018-09-12,9.0,9.350000381469727,8.649999618530273,8.899999618530273,8.899999618530273,18341
2018-09-14,8.5,9.300000190734863,8.5,8.800000190734863,8.800000190734863,32461
2018-09-17,8.800000190734863,9.0,8.5,9.0,9.0,20598
2018-09-18,9.0,9.25,8.649999618530273,8.899999618530273,8.899999618530273,30463
2018-09-19,9.25,9.25,8.5,8.699999809265137,8.699999809265137,23191
2018-09-21,9.0,9.0,8.300000190734863,8.300000190734863,8.300000190734863,16842
2018-09-24,8.300000190734863,8.300000190734863,7.900000095367432,7.900000095367432,7.900000095367432,14104
2018-09-25,7.550000190734863,7.900000095367432,7.550000190734863,7.550000190734863,7.550000190734863,8132
2018-09-26,7.5,7.5,7.199999809265137,7.199999809265137,7.199999809265137,10769
2018-09-27,7.199999809265137,7.449999809265137,6.849999904632568,6.949999809265137,6.949999809265137,28240
2018-09-28,7.0,7.099999904632568,6.650000095367432,6.650000095367432,6.650000095367432,42417
2018-10-01,6.800000190734863,6.800000190734863,6.349999904632568,6.349999904632568,6.349999904632568,44777
2018-10-03,6.349999904632568,6.550000190734863,6.050000190734863,6.5,6.5,49924
2018-10-04,6.25,6.349999904632568,6.199999809265137,6.199999809265137,6.199999809265137,42407
2018-10-05,6.199999809265137,6.300000190734863,5.900000095367432,5.900000095367432,5.900000095367432,65176
2018-10-08,6.099999904632568,6.150000095367432,5.949999809265137,6.150000095367432,6.150000095367432,40168
2018-10-09,6.300000190734863,6.449999809265137,6.300000190734863,6.449999809265137,6.449999809265137,22639
2018-10-10,6.75,6.75,6.75,6.75,6.75,49518
2018-10-11,7.050000190734863,7.050000190734863,6.599999904632568,7.050000190734863,7.050000190734863,14197
2018-10-12,7.400000095367432,7.400000095367432,7.400000095367432,7.400000095367432,7.400000095367432,9062
2018-10-15,7.75,7.75,7.75,7.75,7.75,13112
2018-10-16,8.100000381469727,8.100000381469727,8.100000381469727,8.100000381469727,8.100000381469727,7911
2018-10-17,8.100000381469727,8.5,7.75,8.350000381469727,8.350000381469727,185101
2018-10-19,7.949999809265137,8.199999809265137,7.949999809265137,8.0,8.0,34275
2018-10-22,8.100000381469727,8.399999618530273,7.900000095367432,7.900000095367432,7.900000095367432,33303
2018-10-23,7.599999904632568,7.900000095367432,7.599999904632568,7.699999809265137,7.699999809265137,19649
2018-10-24,7.650000095367432,7.949999809265137,7.449999809265137,7.449999809265137,7.449999809265137,10781
2018-10-25,7.449999809265137,7.699999809265137,7.099999904632568,7.550000190734863,7.550000190734863,26269
2018-10-26,7.400000095367432,7.699999809265137,7.400000095367432,7.599999904632568,7.599999904632568,30238
2018-10-29,7.699999809265137,7.949999809265137,7.599999904632568,7.949999809265137,7.949999809265137,120369
2018-10-30,8.149999618530273,8.300000190734863,8.149999618530273,8.300000190734863,8.300000190734863,16229
2018-10-31,8.699999809265137,8.699999809265137,8.699999809265137,8.699999809265137,8.699999809265137,12819
2018-11-01,9.100000381469727,9.100000381469727,8.850000381469727,9.050000190734863,9.050000190734863,75692
2018-11-02,9.5,9.5,9.050000190734863,9.100000381469727,9.100000381469727,54838
2018-11-05,9.25,9.25,8.800000190734863,8.949999809265137,8.949999809265137,11298
2018-11-06,8.899999618530273,9.0,8.75,8.850000381469727,8.850000381469727,14497
2018-11-07,8.649999618530273,9.199999809265137,8.649999618530273,9.100000381469727,9.100000381469727,2879
2018-11-09,9.100000381469727,9.25,8.800000190734863,9.199999809265137,9.199999809265137,29049
2018-11-12,9.100000381469727,9.199999809265137,8.75,8.800000190734863,8.800000190734863,13977
2018-11-13,9.050000190734863,9.199999809265137,8.399999618530273,8.449999809265137,8.449999809265137,18427
2018-11-14,8.399999618530273,8.5,8.100000381469727,8.350000381469727,8.350000381469727,18765
2018-11-15,8.399999618530273,8.600000381469727,8.149999618530273,8.199999809265137,8.199999809265137,14514
2018-11-16,8.100000381469727,8.350000381469727,7.800000190734863,8.25,8.25,26612
2018-11-19,8.100000381469727,8.350000381469727,7.949999809265137,8.199999809265137,8.199999809265137,14075
2018-11-20,8.199999809265137,8.199999809265137,7.800000190734863,7.800000190734863,7.800000190734863,6950
2018-11-21,8.0,8.100000381469727,7.800000190734863,8.0,8.0,13597
2018-11-22,8.100000381469727,8.100000381469727,7.599999904632568,7.650000095367432,7.650000095367432,19751
2018-11-26,7.900000095367432,7.900000095367432,7.449999809265137,7.599999904632568,7.599999904632568,24713
2018-11-27,7.599999904632568,7.599999904632568,7.25,7.25,7.25,50528
2018-11-28,7.25,7.599999904632568,6.949999809265137,7.449999809265137,7.449999809265137,68949
2018-11-29,7.699999809265137,7.800000190734863,7.699999809265137,7.800000190734863,7.800000190734863,4206
2018-11-30,8.100000381469727,8.149999618530273,7.849999904632568,7.949999809265137,7.949999809265137,32439
2018-12-03,7.949999809265137,8.300000190734863,7.599999904632568,8.149999618530273,8.149999618530273,31002
2018-12-04,8.149999618530273,8.550000190734863,7.800000190734863,8.050000190734863,8.050000190734863,16050
2018-12-05,8.399999618530273,8.399999618530273,7.949999809265137,8.050000190734863,8.050000190734863,7258
2018-12-06,8.0,8.399999618530273,7.699999809265137,7.75,7.75,44244
2018-12-07,7.949999809265137,8.0,7.599999904632568,7.650000095367432,7.650000095367432,16306
2018-12-10,7.550000190734863,7.550000190734863,6.900000095367432,7.099999904632568,7.099999904632568,21705
2018-12-11,6.75,7.349999904632568,6.400000095367432,7.0,7.0,151101
2018-12-12,7.199999809265137,7.349999904632568,6.800000190734863,7.099999904632568,7.099999904632568,30780
2018-12-13,7.300000190734863,7.400000095367432,6.800000190734863,7.199999809265137,7.199999809265137,25036
2018-12-14,7.050000190734863,7.300000190734863,6.900000095367432,7.099999904632568,7.099999904632568,16903
2018-12-17,7.25,7.449999809265137,7.199999809265137,7.25,7.25,8663
2018-12-18,7.199999809265137,7.449999809265137,7.199999809265137,7.400000095367432,7.400000095367432,9524
2018-12-19,7.349999904632568,7.449999809265137,7.25,7.400000095367432,7.400000095367432,18477
2018-12-20,7.300000190734863,8.0,7.25,7.75,7.75,61999
2018-12-21,7.550000190734863,7.900000095367432,7.400000095367432,7.449999809265137,7.449999809265137,16682
2018-12-24,7.699999809265137,7.900000095367432,7.199999809265137,7.25,7.25,22965
2018-12-26,7.099999904632568,7.5,7.099999904632568,7.300000190734863,7.300000190734863,5872
2018-12-27,7.099999904632568,7.5,7.0,7.199999809265137,7.199999809265137,23369
2018-12-28,7.400000095367432,7.5,7.199999809265137,7.25,7.25,5784
2018-12-31,7.199999809265137,7.449999809265137,7.099999904632568,7.400000095367432,7.400000095367432,21268
2019-01-01,7.449999809265137,7.449999809265137,7.25,7.25,7.25,3736
2019-01-02,7.25,7.349999904632568,7.199999809265137,7.349999904632568,7.349999904632568,6721
2019-01-03,7.300000190734863,7.300000190734863,7.0,7.0,7.0,98620
2019-01-04,7.199999809265137,7.25,6.650000095367432,7.0,7.0,18416
2019-01-07,7.199999809265137,7.25,6.349999904632568,6.849999904632568,6.849999904632568,49583
2019-01-08,6.699999809265137,7.349999904632568,6.699999809265137,7.150000095367432,7.150000095367432,90416
2019-01-09,7.5,7.5,7.099999904632568,7.349999904632568,7.349999904632568,26154
2019-01-10,7.25,7.449999809265137,7.25,7.300000190734863,7.300000190734863,22220
2019-01-11,7.449999809265137,7.699999809265137,7.0,7.25,7.25,40326
2019-01-14,7.199999809265137,7.25,7.099999904632568,7.150000095367432,7.150000095367432,14754
2019-01-15,7.150000095367432,7.199999809265137,6.900000095367432,7.050000190734863,7.050000190734863,12803
2019-01-16,7.0,7.050000190734863,6.900000095367432,7.0,7.0,24306
2019-01-17,7.0,7.0,6.599999904632568,6.699999809265137,6.699999809265137,182680
2019-01-18,6.699999809265137,6.75,6.550000190734863,6.599999904632568,6.599999904632568,17806
2019-01-21,6.550000190734863,6.599999904632568,6.050000190734863,6.199999809265137,6.199999809265137,75420
2019-01-22,6.050000190734863,6.349999904632568,6.0,6.050000190734863,6.050000190734863,25028
2019-01-23,6.050000190734863,6.25,5.949999809265137,6.0,6.0,54177
2019-01-24,5.949999809265137,6.099999904632568,5.650000095367432,5.699999809265137,5.699999809265137,77236
2019-01-25,5.699999809265137,5.699999809265137,5.150000095367432,5.150000095367432,5.150000095367432,90965
2019-01-28,5.199999809265137,5.300000190734863,4.900000095367432,5.0,5.0,84743
2019-01-29,5.150000095367432,5.150000095367432,4.75,4.75,4.75,93313
2019-01-30,4.75,4.75,4.550000190734863,4.650000095367432,4.650000095367432,92519
2019-01-31,4.599999904632568,4.75,4.5,4.550000190734863,4.550000190734863,50322
2019-02-01,4.699999809265137,4.75,4.449999809265137,4.699999809265137,4.699999809265137,20570
2019-02-04,4.800000190734863,4.800000190734863,4.550000190734863,4.650000095367432,4.650000095367432,11131
2019-02-05,4.699999809265137,4.800000190734863,4.650000095367432,4.75,4.75,5407
2019-02-06,4.650000095367432,4.75,4.550000190734863,4.550000190734863,4.550000190734863,50129
2019-02-07,4.400000095367432,4.5,4.349999904632568,4.349999904632568,4.349999904632568,93811
2019-02-08,4.449999809265137,4.550000190734863,4.150000095367432,4.150000095367432,4.150000095367432,55059
2019-02-11,4.349999904632568,4.349999904632568,3.950000047683716,3.950000047683716,3.950000047683716,24048
2019-02-12,4.099999904632568,4.099999904632568,3.799999952316284,3.799999952316284,3.799999952316284,26361
2019-02-14,3.549999952316284,3.549999952316284,3.5,3.5,3.5,7284
2019-02-15,3.3499999046325684,3.5,3.3499999046325684,3.3499999046325684,3.3499999046325684,31812
2019-02-18,3.3499999046325684,3.3499999046325684,3.200000047683716,3.200000047683716,3.200000047683716,6801
2019-02-19,3.1500000953674316,3.299999952316284,3.049999952316284,3.049999952316284,3.049999952316284,48377
2019-02-20,3.200000047683716,3.200000047683716,2.9000000953674316,2.9000000953674316,2.9000000953674316,18558
2019-02-21,2.9000000953674316,3.0,2.799999952316284,3.0,3.0,105051
2019-02-22,3.1500000953674316,3.1500000953674316,3.0999999046325684,3.1500000953674316,3.1500000953674316,15900
2019-02-25,3.25,3.299999952316284,3.0,3.200000047683716,3.200000047683716,85895
2019-02-26,3.25,3.299999952316284,3.049999952316284,3.25,3.25,70301
2019-02-27,3.4000000953674316,3.4000000953674316,3.299999952316284,3.4000000953674316,3.4000000953674316,47788
2019-02-28,3.5,3.549999952316284,3.4000000953674316,3.549999952316284,3.549999952316284,52991
2019-03-01,3.6500000953674316,3.700000047683716,3.450000047683716,3.700000047683716,3.700000047683716,24321
2019-03-05,3.8499999046325684,3.8499999046325684,3.799999952316284,3.8499999046325684,3.8499999046325684,42373
2019-03-06,3.9000000953674316,4.0,3.9000000953674316,4.0,4.0,5681
2019-03-07,4.199999809265137,4.199999809265137,4.150000095367432,4.199999809265137,4.199999809265137,101181
2019-03-08,4.400000095367432,4.400000095367432,4.099999904632568,4.300000190734863,4.300000190734863,233104
2019-03-11,4.400000095367432,4.400000095367432,4.199999809265137,4.199999809265137,4.199999809265137,63134
2019-03-12,4.25,4.349999904632568,4.099999904632568,4.199999809265137,4.199999809265137,40270
2019-03-13,4.25,4.300000190734863,4.0,4.050000190734863,4.050000190734863,47770
2019-03-14,3.8499999046325684,4.25,3.8499999046325684,3.950000047683716,3.950000047683716,29686
2019-03-15,3.950000047683716,4.099999904632568,3.8499999046325684,3.9000000953674316,3.9000000953674316,28633
2019-03-18,3.9000000953674316,3.9000000953674316,3.75,3.799999952316284,3.799999952316284,32777
2019-03-19,3.75,3.9000000953674316,3.6500000953674316,3.75,3.75,33446
2019-03-20,3.8499999046325684,3.9000000953674316,3.6500000953674316,3.8499999046325684,3.8499999046325684,38638
2019-03-22,3.799999952316284,3.950000047683716,3.700000047683716,3.799999952316284,3.799999952316284,13200
2019-03-25,3.700000047683716,3.700000047683716,3.6500000953674316,3.6500000953674316,3.6500000953674316,21704
2019-03-26,3.5999999046325684,3.6500000953674316,3.5,3.5,3.5,35585
2019-03-27,3.5,3.5,3.3499999046325684,3.3499999046325684,3.3499999046325684,45368
2019-03-28,3.25,3.5,3.25,3.5,3.5,6836
2019-04-01,3.6500000953674316,3.799999952316284,3.6500000953674316,3.75,3.75,11327
2019-04-02,3.75,3.75,3.5999999046325684,3.5999999046325684,3.5999999046325684,16312
2019-04-03,3.5999999046325684,3.700000047683716,3.5,3.549999952316284,3.549999952316284,16818
2019-04-04,3.450000047683716,3.700000047683716,3.4000000953674316,3.4000000953674316,3.4000000953674316,17801
2019-04-05,3.549999952316284,3.549999952316284,3.25,3.450000047683716,3.450000047683716,13566
2019-04-08,3.549999952316284,3.549999952316284,3.299999952316284,3.450000047683716,3.450000047683716,4837
2019-04-09,3.3499999046325684,3.450000047683716,3.299999952316284,3.3499999046325684,3.3499999046325684,24244
2019-04-10,3.450000047683716,3.450000047683716,3.3499999046325684,3.3499999046325684,3.3499999046325684,35236
2019-04-11,3.450000047683716,3.5,3.3499999046325684,3.3499999046325684,3.3499999046325684,5676
2019-04-12,3.450000047683716,3.450000047683716,3.200000047683716,3.4000000953674316,3.4000000953674316,15179
2019-04-15,3.4000000953674316,3.450000047683716,3.25,3.4000000953674316,3.4000000953674316,6710
2019-04-16,3.5,3.5,3.25,3.4000000953674316,3.4000000953674316,13999
2019-04-18,3.5,3.5,3.25,3.450000047683716,3.450000047683716,22689
2019-04-22,3.450000047683716,3.5,3.299999952316284,3.299999952316284,3.299999952316284,30615
2019-04-23,3.450000047683716,3.450000047683716,3.299999952316284,3.299999952316284,3.299999952316284,17263
2019-04-24,3.450000047683716,3.450000047683716,3.1500000953674316,3.299999952316284,3.299999952316284,20211
2019-04-25,3.450000047683716,3.450000047683716,3.1500000953674316,3.1500000953674316,3.1500000953674316,47679
2019-04-26,3.299999952316284,3.299999952316284,3.0,3.0,3.0,72867
2019-04-30,3.1500000953674316,3.1500000953674316,2.9000000953674316,2.950000047683716,2.950000047683716,23558
2019-05-02,2.950000047683716,3.0,2.8499999046325684,3.0,3.0,7597
2019-05-03,3.1500000953674316,3.1500000953674316,2.8499999046325684,2.8499999046325684,2.8499999046325684,15508
2019-05-06,2.799999952316284,2.799999952316284,2.75,2.75,2.75,21741
2019-05-07,2.6500000953674316,2.6500000953674316,2.6500000953674316,2.6500000953674316,2.6500000953674316,4015
2019-05-08,2.700000047683716,2.700000047683716,2.549999952316284,2.549999952316284,2.549999952316284,42906
2019-05-09,2.6500000953674316,2.6500000953674316,2.450000047683716,2.450000047683716,2.450000047683716,19268
2019-05-10,2.450000047683716,2.450000047683716,2.3499999046325684,2.3499999046325684,2.3499999046325684,25616
2019-05-13,2.450000047683716,2.450000047683716,2.25,2.25,2.25,4218
2019-05-14,2.1500000953674316,2.1500000953674316,2.1500000953674316,2.1500000953674316,2.1500000953674316,38843
2019-05-15,2.0999999046325684,2.25,2.049999952316284,2.0999999046325684,2.0999999046325684,53310
2019-05-16,2.0999999046325684,2.200000047683716,2.049999952316284,2.0999999046325684,2.0999999046325684,31212
2019-05-17,2.0999999046325684,2.1500000953674316,2.0999999046325684,2.1500000953674316,2.1500000953674316,22752
2019-05-20,2.25,2.25,2.049999952316284,2.0999999046325684,2.0999999046325684,56418
2019-05-21,2.200000047683716,2.200000047683716,2.0999999046325684,2.1500000953674316,2.1500000953674316,16063
2019-05-22,2.25,2.25,2.25,2.25,2.25,2900
2019-05-23,2.3499999046325684,2.3499999046325684,2.1500000953674316,2.25,2.25,160398
2019-05-24,2.200000047683716,2.200000047683716,2.1500000953674316,2.1500000953674316,2.1500000953674316,62515
2019-05-27,2.0999999046325684,2.200000047683716,2.049999952316284,2.049999952316284,2.049999952316284,52326
2019-05-28,2.0999999046325684,2.1500000953674316,1.9500000476837158,1.9500000476837158,1.9500000476837158,128382
2019-05-29,1.9500000476837158,2.0,1.9500000476837158,2.0,2.0,13573
2019-05-30,2.0999999046325684,2.0999999046325684,2.0,2.0999999046325684,2.0999999046325684,12707
2019-05-31,2.200000047683716,2.200000047683716,2.0,2.0,2.0,38953
2019-06-03,1.9500000476837158,2.0999999046325684,1.9500000476837158,2.049999952316284,2.049999952316284,6591
2019-06-04,2.0,2.049999952316284,1.9500000476837158,2.049999952316284,2.049999952316284,24624
2019-06-06,1.9500000476837158,2.049999952316284,1.9500000476837158,2.0,2.0,19840
2019-06-07,1.9500000476837158,2.0,1.899999976158142,1.899999976158142,1.899999976158142,25781
2019-06-10,1.850000023841858,1.850000023841858,1.850000023841858,1.850000023841858,1.850000023841858,14272
2019-06-11,1.7999999523162842,1.899999976158142,1.7999999523162842,1.7999999523162842,1.7999999523162842,11671
2019-06-12,1.7999999523162842,1.850000023841858,1.75,1.75,1.75,8388
2019-06-13,1.7999999523162842,1.7999999523162842,1.7000000476837158,1.7000000476837158,1.7000000476837158,16104
2019-06-14,1.7000000476837158,1.7000000476837158,1.649999976158142,1.649999976158142,1.649999976158142,28709
2019-06-17,1.649999976158142,1.649999976158142,1.600000023841858,1.600000023841858,1.600000023841858,7911
2019-06-18,1.5499999523162842,1.5499999523162842,1.5499999523162842,1.5499999523162842,1.5499999523162842,12316
2019-06-19,1.5499999523162842,1.600000023841858,1.5,1.600000023841858,1.600000023841858,56481
2019-06-20,1.600000023841858,1.649999976158142,1.5499999523162842,1.649999976158142,1.649999976158142,19012
2019-06-21,1.7000000476837158,1.7000000476837158,1.600000023841858,1.7000000476837158,1.7000000476837158,4161
2019-06-24,1.75,1.75,1.649999976158142,1.75,1.75,22256
2019-06-25,1.75,1.7999999523162842,1.75,1.7999999523162842,1.7999999523162842,19944
2019-06-26,1.850000023841858,1.850000023841858,1.850000023841858,1.850000023841858,1.850000023841858,1683
2019-06-27,1.899999976158142,1.899999976158142,1.899999976158142,1.899999976158142,1.899999976158142,2284
2019-06-28,1.9500000476837158,1.9500000476837158,1.9500000476837158,1.9500000476837158,1.9500000476837158,538
2019-07-01,2.0,2.0,2.0,2.0,2.0,6117
2019-07-02,2.0999999046325684,2.0999999046325684,2.0999999046325684,2.0999999046325684,2.0999999046325684,19664
2019-07-03,2.200000047683716,2.200000047683716,2.200000047683716,2.200000047683716,2.200000047683716,24251
2019-07-04,2.299999952316284,2.299999952316284,2.0999999046325684,2.299999952316284,2.299999952316284,30974
2019-07-05,2.299999952316284,2.4000000953674316,2.25,2.25,2.25,12479
2019-07-08,2.3499999046325684,2.3499999046325684,2.200000047683716,2.3499999046325684,2.3499999046325684,9399
2019-07-09,2.4000000953674316,2.450000047683716,2.25,2.4000000953674316,2.4000000953674316,73169
2019-07-10,2.5,2.5,2.299999952316284,2.4000000953674316,2.4000000953674316,17216
2019-07-11,2.5,2.5,2.3499999046325684,2.450000047683716,2.450000047683716,3290
2019-07-12,2.450000047683716,2.549999952316284,2.3499999046325684,2.4000000953674316,2.4000000953674316,323389
2019-07-15,2.299999952316284,2.5,2.299999952316284,2.4000000953674316,2.4000000953674316,22042
2019-07-16,2.5,2.5,2.299999952316284,2.3499999046325684,2.3499999046325684,21118
2019-07-17,2.3499999046325684,2.3499999046325684,2.25,2.25,2.25,7080
2019-07-18,2.200000047683716,2.200000047683716,2.1500000953674316,2.200000047683716,2.200000047683716,560
2019-07-19,2.0999999046325684,2.0999999046325684,2.0999999046325684,2.0999999046325684,2.0999999046325684,5
2019-07-22,2.0,2.0,2.0,2.0,2.0,155
2019-07-23,2.0,2.0,2.0,2.0,2.0,505
2019-07-24,1.899999976158142,1.899999976158142,1.899999976158142,1.899999976158142,1.899999976158142,1411
2019-07-25,1.899999976158142,1.899999976158142,1.850000023841858,1.850000023841858,1.850000023841858,120
2019-07-26,1.7999999523162842,1.7999999523162842,1.7999999523162842,1.7999999523162842,1.7999999523162842,1005
2019-07-29,1.7999999523162842,1.7999999523162842,1.75,1.75,1.75,1418
2019-07-30,1.75,1.75,1.7000000476837158,1.7000000476837158,1.7000000476837158,1071
2019-07-31,1.649999976158142,1.649999976158142,1.649999976158142,1.649999976158142,1.649999976158142,3040
2019-08-01,1.600000023841858,1.600000023841858,1.600000023841858,1.600000023841858,1.600000023841858,1917
2019-08-02,1.5499999523162842,1.5499999523162842,1.5499999523162842,1.5499999523162842,1.5499999523162842,790
2019-08-05,1.5,1.5,1.5,1.5,1.5,1515
2019-08-06,1.5,1.5,1.4500000476837158,1.4500000476837158,1.4500000476837158,2555
2019-08-07,1.4500000476837158,1.4500000476837158,1.399999976158142,1.399999976158142,1.399999976158142,27839
2019-08-08,1.399999976158142,1.399999976158142,1.399999976158142,1.399999976158142,1.399999976158142,1200
2019-08-09,1.399999976158142,1.4500000476837158,1.350000023841858,1.350000023841858,1.350000023841858,64189
2019-08-13,1.350000023841858,1.350000023841858,1.2999999523162842,1.2999999523162842,1.2999999523162842,27104
2019-08-14,1.25,1.350000023841858,1.25,1.2999999523162842,1.2999999523162842,2600
2019-08-16,1.25,1.25,1.25,1.25,1.25,14116
2019-08-19,1.2999999523162842,1.2999999523162842,1.2000000476837158,1.2000000476837158,1.2000000476837158,433
2019-08-20,1.149999976158142,1.25,1.149999976158142,1.149999976158142,1.149999976158142,6016
2019-08-21,1.100000023841858,1.2000000476837158,1.100000023841858,1.149999976158142,1.149999976158142,5626
2019-08-22,1.149999976158142,1.2000000476837158,1.100000023841858,1.100000023841858,1.100000023841858,11544
2019-08-23,1.0499999523162842,1.0499999523162842,1.0499999523162842,1.0499999523162842,1.0499999523162842,5081
2019-08-26,1.0499999523162842,1.100000023841858,1.0499999523162842,1.100000023841858,1.100000023841858,4005
2019-08-27,1.0499999523162842,1.149999976158142,1.0499999523162842,1.149999976158142,1.149999976158142,10133
2019-08-28,1.100000023841858,1.2000000476837158,1.100000023841858,1.2000000476837158,1.2000000476837158,4047
2019-08-29,1.25,1.25,1.25,1.25,1.25,1317
2019-08-30,1.2999999523162842,1.2999999523162842,1.2000000476837158,1.25,1.25,2435
2019-09-03,1.2000000476837158,1.2000000476837158,1.2000000476837158,1.2000000476837158,1.2000000476837158,68
2019-09-04,1.149999976158142,1.149999976158142,1.149999976158142,1.149999976158142,1.149999976158142,2289
2019-09-05,1.2000000476837158,1.2000000476837158,1.100000023841858,1.100000023841858,1.100000023841858,37515
2019-09-06,1.0499999523162842,1.149999976158142,1.0499999523162842,1.0499999523162842,1.0499999523162842,2800
2019-09-09,1.100000023841858,1.100000023841858,1.0,1.100000023841858,1.100000023841858,2510
2019-09-11,1.149999976158142,1.149999976158142,1.0499999523162842,1.0499999523162842,1.0499999523162842,24522
2019-09-12,1.0499999523162842,1.100000023841858,1.0,1.100000023841858,1.100000023841858,11019
2019-09-13,1.100000023841858,1.100000023841858,1.0499999523162842,1.0499999523162842,1.0499999523162842,8905
2019-09-16,1.0499999523162842,1.100000023841858,1.0499999523162842,1.100000023841858,1.100000023841858,3698
2019-09-17,1.149999976158142,1.149999976158142,1.149999976158142,1.149999976158142,1.149999976158142,8740
2019-09-18,1.100000023841858,1.2000000476837158,1.100000023841858,1.100000023841858,1.100000023841858,610
2019-09-19,1.100000023841858,1.100000023841858,1.0499999523162842,1.0499999523162842,1.0499999523162842,2468
2019-09-20,1.0499999523162842,1.0499999523162842,1.0,1.0499999523162842,1.0499999523162842,3139
2019-09-23,1.0,1.100000023841858,1.0,1.0,1.0,23221
2019-09-24,0.949999988079071,0.949999988079071,0.949999988079071,0.949999988079071,0.949999988079071,1939
2019-09-25,1.0,1.0,0.8999999761581421,0.949999988079071,0.949999988079071,21748
2019-09-26,0.8999999761581421,1.0,0.8999999761581421,1.0,1.0,71324
2019-09-27,0.949999988079071,1.0,0.949999988079071,0.949999988079071,0.949999988079071,16042
2019-09-30,0.8999999761581421,1.0,0.8999999761581421,0.8999999761581421,0.8999999761581421,13121
2019-10-01,0.8999999761581421,0.949999988079071,0.8500000238418579,0.8500000238418579,0.8500000238418579,29989
2019-10-03,0.8500000238418579,0.8999999761581421,0.800000011920929,0.8500000238418579,0.8500000238418579,7313
2019-10-04,0.800000011920929,0.8500000238418579,0.800000011920929,0.8500000238418579,0.8500000238418579,6904
2019-10-07,0.8999999761581421,0.8999999761581421,0.8500000238418579,0.8500000238418579,0.8500000238418579,1941
2019-10-09,0.800000011920929,0.800000011920929,0.800000011920929,0.800000011920929,0.800000011920929,9658
2019-10-10,0.800000011920929,0.8500000238418579,0.75,0.800000011920929,0.800000011920929,7590
2019-10-11,0.75,0.8500000238418579,0.75,0.800000011920929,0.800000011920929,840
2019-10-14,0.8500000238418579,0.8500000238418579,0.800000011920929,0.800000011920929,0.800000011920929,10888
2019-10-15,0.75,0.8500000238418579,0.75,0.75,0.75,9901
2019-10-16,0.800000011920929,0.800000011920929,0.699999988079071,0.699999988079071,0.699999988079071,9077
2019-10-17,0.6499999761581421,0.75,0.6499999761581421,0.6499999761581421,0.6499999761581421,17959
2019-10-18,0.699999988079071,0.699999988079071,0.6000000238418579,0.699999988079071,0.699999988079071,16694
2019-10-22,0.699999988079071,0.75,0.699999988079071,0.75,0.75,15389
2019-10-23,0.800000011920929,0.800000011920929,0.75,0.75,0.75,3403
2019-10-24,0.75,0.75,0.75,0.75,0.75,200
2019-10-25,0.75,0.75,0.75,0.75,0.75,1371
2019-10-29,0.75,0.800000011920929,0.699999988079071,0.699999988079071,0.699999988079071,16350
2019-10-30,0.699999988079071,0.75,0.6499999761581421,0.6499999761581421,0.6499999761581421,9028
2019-10-31,0.6000000238418579,0.699999988079071,0.6000000238418579,0.699999988079071,0.699999988079071,14277
2019-11-01,0.75,0.75,0.699999988079071,0.75,0.75,60270
2019-11-04,0.75,0.75,0.699999988079071,0.699999988079071,0.699999988079071,3865
2019-11-05,0.75,0.75,0.699999988079071,0.75,0.75,4265
2019-11-06,0.699999988079071,0.800000011920929,0.699999988079071,0.699999988079071,0.699999988079071,14082
2019-11-07,0.699999988079071,0.699999988079071,0.699999988079071,0.699999988079071,0.699999988079071,0
2019-11-08,0.800000011920929,0.800000011920929,0.699999988079071,0.699999988079071,0.699999988079071,4331
2019-11-11,0.699999988079071,0.75,0.6499999761581421,0.699999988079071,0.699999988079071,3612
2019-11-13,0.6499999761581421,0.75,0.6499999761581421,0.699999988079071,0.699999988079071,3967
2019-11-14,0.75,0.75,0.6499999761581421,0.699999988079071,0.699999988079071,34649
2019-11-15,0.699999988079071,0.75,0.699999988079071,0.699999988079071,0.699999988079071,361
2019-11-18,0.699999988079071,0.75,0.6499999761581421,0.6499999761581421,0.6499999761581421,25263
2019-11-19,0.6499999761581421,0.699999988079071,0.6499999761581421,0.699999988079071,0.699999988079071,12424
2019-11-20,0.75,0.75,0.75,0.75,0.75,1864
2019-11-21,0.699999988079071,0.800000011920929,0.699999988079071,0.800000011920929,0.800000011920929,7528
2019-11-22,0.800000011920929,0.8500000238418579,0.75,0.800000011920929,0.800000011920929,14500
2019-11-25,0.8500000238418579,0.8500000238418579,0.8500000238418579,0.8500000238418579,0.8500000238418579,7046
2019-11-26,0.8500000238418579,0.8999999761581421,0.8500000238418579,0.8999999761581421,0.8999999761581421,15390
2019-11-27,0.8999999761581421,0.949999988079071,0.8999999761581421,0.949999988079071,0.949999988079071,33972
2019-11-28,0.949999988079071,1.0,0.949999988079071,1.0,1.0,4728
2019-11-29,1.0,1.0499999523162842,0.949999988079071,0.949999988079071,0.949999988079071,6612
2019-12-02,0.949999988079071,1.0,0.949999988079071,1.0,1.0,7552
2019-12-03,0.949999988079071,1.0499999523162842,0.949999988079071,1.0,1.0,3495
2019-12-04,1.0,1.0499999523162842,0.949999988079071,1.0,1.0,12174
2019-12-05,1.0,1.0499999523162842,0.949999988079071,1.0499999523162842,1.0499999523162842,4311
2019-12-06,1.0499999523162842,1.100000023841858,1.0,1.0499999523162842,1.0499999523162842,1936
2019-12-09,1.0,1.100000023841858,1.0,1.0,1.0,891
2019-12-10,0.949999988079071,0.949999988079071,0.949999988079071,0.949999988079071,0.949999988079071,3784
2019-12-11,0.8999999761581421,1.0,0.8999999761581421,0.949999988079071,0.949999988079071,13305
2019-12-12,0.8999999761581421,0.8999999761581421,0.8999999761581421,0.8999999761581421,0.8999999761581421,2105
2019-12-13,0.8500000238418579,0.949999988079071,0.8500000238418579,0.8999999761581421,0.8999999761581421,8856
2019-12-16,0.949999988079071,0.949999988079071,0.8500000238418579,0.8999999761581421,0.8999999761581421,3520
2019-12-17,0.8999999761581421,0.8999999761581421,0.8999999761581421,0.8999999761581421,0.8999999761581421,0
2019-12-18,0.8500000238418579,0.949999988079071,0.8500000238418579,0.8500000238418579,0.8500000238418579,1148
2019-12-19,0.8500000238418579,0.8500000238418579,0.800000011920929,0.800000011920929,0.800000011920929,11736
2019-12-20,0.800000011920929,0.800000011920929,0.75,0.75,0.75,3124
2019-12-23,0.75,0.800000011920929,0.699999988079071,0.800000011920929,0.800000011920929,5529
2019-12-24,0.800000011920929,0.800000011920929,0.75,0.75,0.75,1470
2019-12-26,0.75,0.75,0.75,0.75,0.75,2600
2019-12-27,0.699999988079071,0.800000011920929,0.699999988079071,0.699999988079071,0.699999988079071,5585
2019-12-30,0.699999988079071,0.699999988079071,0.6499999761581421,0.6499999761581421,0.6499999761581421,9155
2019-12-31,0.6499999761581421,0.6499999761581421,0.6499999761581421,0.6499999761581421,0.6499999761581421,568
2020-01-01,0.6000000238418579,0.699999988079071,0.6000000238418579,0.6499999761581421,0.6499999761581421,25020
2020-01-02,0.6000000238418579,0.699999988079071,0.6000000238418579,0.699999988079071,0.699999988079071,1052
2020-01-03,0.699999988079071,0.699999988079071,0.699999988079071,0.699999988079071,0.699999988079071,4093
2020-01-06,0.75,0.75,0.6499999761581421,0.75,0.75,4012
2020-01-07,0.75,0.75,0.75,0.75,0.75,374
2020-01-08,0.699999988079071,0.800000011920929,0.699999988079071,0.75,0.75,6649
2020-01-09,0.75,0.800000011920929,0.699999988079071,0.699999988079071,0.699999988079071,3611
2020-01-10,0.6499999761581421,0.75,0.6499999761581421,0.75,0.75,1435
2020-01-13,0.75,0.800000011920929,0.75,0.800000011920929,0.800000011920929,14000
2020-01-14,0.75,0.800000011920929,0.75,0.800000011920929,0.800000011920929,3604
2020-01-15,0.75,0.75,0.75,0.75,0.75,3132
2020-01-16,0.699999988079071,0.75,0.699999988079071,0.699999988079071,0.699999988079071,160
2020-01-17,0.699999988079071,0.75,0.6499999761581421,0.699999988079071,0.699999988079071,6171
2020-01-20,0.75,0.75,0.699999988079071,0.699999988079071,0.699999988079071,2000
2020-01-21,0.75,0.75,0.6499999761581421,0.75,0.75,5601
2020-01-22,0.699999988079071,0.699999988079071,0.699999988079071,0.699999988079071,0.699999988079071,912
2020-01-23,0.75,0.75,0.6499999761581421,0.6499999761581421,0.6499999761581421,13182
2020-01-24,0.6499999761581421,0.699999988079071,0.6499999761581421,0.6499999761581421,0.6499999761581421,4176
2020-01-27,0.699999988079071,0.699999988079071,0.6499999761581421,0.699999988079071,0.699999988079071,8527
2020-01-28,0.75,0.75,0.6499999761581421,0.6499999761581421,0.6499999761581421,6590
2020-01-29,0.6000000238418579,0.699999988079071,0.6000000238418579,0.699999988079071,0.699999988079071,4121
2020-01-30,0.6499999761581421,0.6499999761581421,0.6499999761581421,0.6499999761581421,0.6499999761581421,6000
2020-01-31,0.6499999761581421,0.6499999761581421,0.6000000238418579,0.6499999761581421,0.6499999761581421,2670
2020-02-03,0.6000000238418579,0.6000000238418579,0.6000000238418579,0.6000000238418579,0.6000000238418579,7000
2020-02-04,0.6000000238418579,0.6000000238418579,0.550000011920929,0.550000011920929,0.550000011920929,63131
2020-02-05,0.550000011920929,0.6000000238418579,0.550000011920929,0.6000000238418579,0.6000000238418579,13386
2020-02-06,0.6000000238418579,0.6499999761581421,0.6000000238418579,0.6000000238418579,0.6000000238418579,7871
2020-02-07,0.550000011920929,0.6499999761581421,0.550000011920929,0.6000000238418579,0.6000000238418579,20480
2020-02-10,0.6000000238418579,0.6000000238418579,0.6000000238418579,0.6000000238418579,0.6000000238418579,220
2020-02-11,0.550000011920929,0.6000000238418579,0.550000011920929,0.6000000238418579,0.6000000238418579,4859
2020-02-12,0.550000011920929,0.6000000238418579,0.550000011920929,0.550000011920929,0.550000011920929,6901
2020-02-13,0.550000011920929,0.6000000238418579,0.550000011920929,0.550000011920929,0.550000011920929,18207
2020-02-14,0.550000011920929,0.6000000238418579,0.550000011920929,0.6000000238418579,0.6000000238418579,6332
2020-02-17,0.6000000238418579,0.6499999761581421,0.550000011920929,0.6499999761581421,0.6499999761581421,5702
2020-02-18,0.6000000238418579,0.699999988079071,0.6000000238418579,0.6499999761581421,0.6499999761581421,4205
2020-02-19,0.6499999761581421,0.6499999761581421,0.6000000238418579,0.6499999761581421,0.6499999761581421,4710
2020-02-20,0.6499999761581421,0.6499999761581421,0.6499999761581421,0.6499999761581421,0.6499999761581421,0
2020-02-24,0.6499999761581421,0.699999988079071,0.6499999761581421,0.699999988079071,0.699999988079071,9485
2020-02-25,0.699999988079071,0.75,0.699999988079071,0.699999988079071,0.699999988079071,7771
2020-02-26,0.699999988079071,0.75,0.6499999761581421,0.699999988079071,0.699999988079071,6751
2020-02-27,0.699999988079071,0.699999988079071,0.699999988079071,0.699999988079071,0.699999988079071,675
2020-02-28,0.699999988079071,0.699999988079071,0.699999988079071,0.699999988079071,0.699999988079071,100
2020-03-02,0.6499999761581421,0.6499999761581421,0.6499999761581421,0.6499999761581421,0.6499999761581421,1500
2020-03-03,0.6499999761581421,0.6499999761581421,0.6000000238418579,0.6499999761581421,0.6499999761581421,5051
2020-03-04,0.6000000238418579,0.6499999761581421,0.6000000238418579,0.6000000238418579,0.6000000238418579,9073
2020-03-05,0.550000011920929,0.550000011920929,0.550000011920929,0.550000011920929,0.550000011920929,22411
2020-03-06,0.5,0.6000000238418579,0.5,0.6000000238418579,0.6000000238418579,11314
2020-03-09,0.550000011920929,0.6499999761581421,0.550000011920929,0.6499999761581421,0.6499999761581421,4435
2020-03-11,0.6000000238418579,0.6000000238418579,0.6000000238418579,0.6000000238418579,0.6000000238418579,5120
2020-03-12,0.6000000238418579,0.6000000238418579,0.550000011920929,0.550000011920929,0.550000011920929,245
2020-03-13,0.5,0.550000011920929,0.5,0.5,0.5,4172
2020-03-16,0.5,0.5,0.44999998807907104,0.5,0.5,7226
2020-03-17,0.5,0.5,0.44999998807907104,0.44999998807907104,0.44999998807907104,5226
2020-03-18,0.44999998807907104,0.5,0.4000000059604645,0.5,0.5,36775
2020-03-19,0.5,0.550000011920929,0.5,0.5,0.5,17000
2020-03-20,0.5,0.5,0.44999998807907104,0.44999998807907104,0.44999998807907104,5937
2020-03-23,0.44999998807907104,0.5,0.4000000059604645,0.5,0.5,2711
2020-03-24,0.5,0.5,0.44999998807907104,0.5,0.5,5884
2020-03-25,0.5,0.5,0.5,0.5,0.5,0
2020-03-26,0.44999998807907104,0.5,0.44999998807907104,0.5,0.5,4315
2020-03-27,0.5,0.5,0.44999998807907104,0.44999998807907104,0.44999998807907104,5882
2020-03-30,0.4000000059604645,0.44999998807907104,0.4000000059604645,0.4000000059604645,0.4000000059604645,30102
2020-03-31,0.44999998807907104,0.44999998807907104,0.4000000059604645,0.44999998807907104,0.44999998807907104,7530
2020-04-01,0.44999998807907104,0.44999998807907104,0.4000000059604645,0.4000000059604645,0.4000000059604645,4239
2020-04-03,0.4000000059604645,0.44999998807907104,0.4000000059604645,0.44999998807907104,0.44999998807907104,13548
2020-04-07,0.44999998807907104,0.5,0.4000000059604645,0.44999998807907104,0.44999998807907104,29934
2020-04-08,0.44999998807907104,0.5,0.44999998807907104,0.5,0.5,17062
2020-04-09,0.550000011920929,0.550000011920929,0.550000011920929,0.550000011920929,0.550000011920929,8674
2020-04-13,0.550000011920929,0.6000000238418579,0.550000011920929,0.6000000238418579,0.6000000238418579,6626
2020-04-15,0.6499999761581421,0.6499999761581421,0.6499999761581421,0.6499999761581421,0.6499999761581421,7432
2020-04-16,0.699999988079071,0.699999988079071,0.699999988079071,0.699999988079071,0.699999988079071,6915
2020-04-17,0.75,0.75,0.6499999761581421,0.75,0.75,45996
2020-04-20,0.800000011920929,0.800000011920929,0.800000011920929,0.800000011920929,0.800000011920929,7550
2020-04-21,0.800000011920929,0.8500000238418579,0.800000011920929,0.8500000238418579,0.8500000238418579,6527
2020-04-22,0.8999999761581421,0.8999999761581421,0.800000011920929,0.8500000238418579,0.8500000238418579,39672
2020-04-23,0.8999999761581421,0.8999999761581421,0.8500000238418579,0.8500000238418579,0.8500000238418579,33210
2020-04-24,0.8500000238418579,0.8999999761581421,0.8500000238418579,0.8999999761581421,0.8999999761581421,24995
2020-04-27,0.8999999761581421,0.949999988079071,0.8999999761581421,0.949999988079071,0.949999988079071,12295
2020-04-28,1.0,1.0,0.949999988079071,0.949999988079071,0.949999988079071,16780
2020-04-29,0.949999988079071,1.0,0.949999988079071,1.0,1.0,18333
2020-04-30,1.0499999523162842,1.0499999523162842,1.0499999523162842,1.0499999523162842,1.0499999523162842,10562
2020-05-04,1.100000023841858,1.100000023841858,1.100000023841858,1.100000023841858,1.100000023841858,21335
2020-05-05,1.149999976158142,1.149999976158142,1.149999976158142,1.149999976158142,1.149999976158142,2011
2020-05-06,1.2000000476837158,1.2000000476837158,1.2000000476837158,1.2000000476837158,1.2000000476837158,16159
2020-05-07,1.25,1.25,1.25,1.25,1.25,17692
2020-05-08,1.2999999523162842,1.2999999523162842,1.2999999523162842,1.2999999523162842,1.2999999523162842,13067
2020-05-11,1.350000023841858,1.350000023841858,1.350000023841858,1.350000023841858,1.350000023841858,18602
2020-05-12,1.399999976158142,1.399999976158142,1.399999976158142,1.399999976158142,1.399999976158142,18324
2020-05-13,1.4500000476837158,1.4500000476837158,1.4500000476837158,1.4500000476837158,1.4500000476837158,5525
2020-05-14,1.5,1.5,1.5,1.5,1.5,24499
2020-05-15,1.5499999523162842,1.5499999523162842,1.4500000476837158,1.4500000476837158,1.4500000476837158,26740
2020-05-18,1.399999976158142,1.399999976158142,1.399999976158142,1.399999976158142,1.399999976158142,6520
2020-05-19,1.350000023841858,1.350000023841858,1.350000023841858,1.350000023841858,1.350000023841858,11004
2020-05-20,1.2999999523162842,1.2999999523162842,1.2999999523162842,1.2999999523162842,1.2999999523162842,22633
2020-05-21,1.25,1.25,1.25,1.25,1.25,5854
2020-05-22,1.2000000476837158,1.2000000476837158,1.2000000476837158,1.2000000476837158,1.2000000476837158,8570
2020-05-26,1.149999976158142,1.149999976158142,1.149999976158142,1.149999976158142,1.149999976158142,7725
2020-05-27,1.100000023841858,1.100000023841858,1.100000023841858,1.100000023841858,1.100000023841858,9222
2020-05-28,1.0499999523162842,1.0499999523162842,1.0499999523162842,1.0499999523162842,1.0499999523162842,20071
2020-05-29,1.0,1.0,1.0,1.0,1.0,12825
2020-06-01,0.949999988079071,1.0499999523162842,0.949999988079071,1.0499999523162842,1.0499999523162842,33449
2020-06-02,1.100000023841858,1.100000023841858,1.100000023841858,1.100000023841858,1.100000023841858,23929
2020-06-03,1.149999976158142,1.149999976158142,1.149999976158142,1.149999976158142,1.149999976158142,5025
2020-06-04,1.2000000476837158,1.2000000476837158,1.2000000476837158,1.2000000476837158,1.2000000476837158,17654
2020-06-05,1.25,1.25,1.25,1.25,1.25,2130
