Date,Open,High,Low,Close,Adj Close,Volume
2016-11-24,32.400001525878906,38.25,31.950000762939453,36.75,36.17036437988281,81365
2016-11-25,38.0,39.0,35.5,36.70000076293945,36.121150970458984,73016
2016-11-28,37.25,44.0,35.0,42.349998474121094,41.682037353515625,147642
2016-11-29,44.0,45.0,40.349998474121094,43.5,42.813899993896484,96746
2016-11-30,44.5,45.0,42.099998474121094,42.29999923706055,41.63282775878906,86949
2016-12-01,44.70000076293945,44.70000076293945,38.900001525878906,39.349998474121094,38.72935485839844,165123
2016-12-02,40.5,43.25,38.349998474121094,41.349998474121094,40.697811126708984,293449
2016-12-05,40.70000076293945,42.0,37.25,40.099998474121094,39.467525482177734,1159734
2016-12-06,40.0,42.95000076293945,39.95000076293945,42.099998474121094,41.43598175048828,144593
2016-12-07,43.900001525878906,45.0,40.5,42.25,41.583614349365234,156183
2016-12-08,43.25,43.25,40.29999923706055,41.0,40.35333251953125,82495
2016-12-09,42.900001525878906,42.900001525878906,37.79999923706055,39.0,38.3848762512207,110350
2016-12-12,39.79999923706055,40.54999923706055,38.5,40.150001525878906,39.51673889160156,78451
2016-12-13,40.5,40.5,37.20000076293945,37.599998474121094,37.0069580078125,77164
2016-12-14,39.45000076293945,39.45000076293945,36.5,37.70000076293945,37.10538101196289,81255
2016-12-15,37.0,38.0,36.0,37.349998474121094,36.76089859008789,286452
2016-12-16,37.0,38.650001525878906,36.0,36.0,35.432193756103516,78927
2016-12-19,36.900001525878906,38.900001525878906,36.150001525878906,38.099998474121094,37.49906921386719,86833
2016-12-20,40.0,40.900001525878906,37.5,38.29999923706055,37.69591522216797,246785
2016-12-21,37.75,38.70000076293945,37.25,37.849998474121094,37.253013610839844,133658
2016-12-22,38.900001525878906,38.900001525878906,36.5,36.70000076293945,36.121150970458984,75735
2016-12-23,37.5,38.45000076293945,36.20000076293945,36.25,35.67824935913086,77087
2016-12-26,36.5,38.900001525878906,33.25,35.25,34.69402313232422,77014
2016-12-27,36.5,37.900001525878906,33.599998474121094,34.650001525878906,34.103485107421875,84881
2016-12-28,36.54999923706055,36.54999923706055,33.0,33.5,32.97162628173828,92866
2016-12-29,34.79999923706055,34.79999923706055,33.150001525878906,33.650001525878906,33.119258880615234,84249
2016-12-30,34.75,34.75,32.599998474121094,33.20000076293945,32.67635726928711,87293
2017-01-02,33.75,33.849998474121094,33.04999923706055,33.70000076293945,33.16847229003906,82310
2017-01-03,33.75,37.04999923706055,33.0,36.650001525878906,36.07194137573242,120538
2017-01-04,37.25,38.849998474121094,35.099998474121094,36.79999923706055,36.21957778930664,94405
2017-01-05,36.5,37.900001525878906,36.0,36.599998474121094,36.022727966308594,77049
2017-01-06,36.75,36.75,35.349998474121094,35.849998474121094,35.2845573425293,79392
2017-01-09,35.400001525878906,35.849998474121094,34.70000076293945,35.150001525878906,34.595603942871094,78450
2017-01-10,34.95000076293945,35.45000076293945,34.099998474121094,34.599998474121094,34.05427169799805,79924
2017-01-11,34.5,35.849998474121094,34.5,35.25,34.69402313232422,177192
2017-01-12,35.75,36.95000076293945,34.0,34.650001525878906,34.103485107421875,191692
2017-01-13,35.400001525878906,35.400001525878906,32.75,33.04999923706055,32.528724670410156,338736
2017-01-16,35.0,36.349998474121094,32.79999923706055,34.45000076293945,33.90664291381836,479539
2017-01-17,34.900001525878906,36.0,33.75,33.900001525878906,33.365318298339844,114484
2017-01-18,34.5,34.79999923706055,32.79999923706055,33.0,32.47950744628906,161033
2017-01-19,34.0,34.0,32.75,32.95000076293945,32.4302978515625,90525
2017-01-20,33.29999923706055,33.29999923706055,32.29999923706055,32.849998474121094,32.33187484741211,11703
2017-01-23,33.0,33.849998474121094,31.950000762939453,32.349998474121094,31.83976173400879,52283
2017-01-24,32.5,32.900001525878906,31.0,31.850000381469727,31.34764862060547,114443
2017-01-25,31.5,33.5,31.5,31.75,31.24922752380371,20259
2017-01-27,32.900001525878906,32.900001525878906,28.600000381469727,28.75,28.29654312133789,133519
2017-01-30,28.450000762939453,29.850000381469727,26.299999237060547,29.25,28.788658142089844,55054
2017-01-31,29.0,29.0,27.299999237060547,28.5,28.050487518310547,44685
2017-02-01,28.0,31.350000381469727,27.799999237060547,28.899999618530273,28.444177627563477,131334
2017-02-02,28.549999237060547,30.5,28.100000381469727,30.149999618530273,29.674461364746094,97423
2017-02-03,29.5,29.5,28.299999237060547,28.5,28.050487518310547,34320
2017-02-06,28.899999618530273,30.399999618530273,28.850000381469727,29.350000381469727,28.887081146240234,77253
2017-02-07,28.799999237060547,30.0,28.399999618530273,29.649999618530273,29.182348251342773,29819
2017-02-08,29.0,32.900001525878906,28.5,29.950000762939453,29.477617263793945,114122
2017-02-09,30.950000762939453,35.400001525878906,29.0,34.349998474121094,33.8082160949707,922235
2017-02-10,33.70000076293945,39.599998474121094,33.25,33.75,33.217681884765625,239676
2017-02-13,34.0,34.849998474121094,30.299999237060547,34.0,33.46373748779297,709370
2017-02-14,33.79999923706055,34.20000076293945,32.04999923706055,33.0,32.47950744628906,585635
2017-02-15,33.5,33.70000076293945,30.5,31.200000762939453,30.707901000976562,677089
2017-02-16,31.200000762939453,34.900001525878906,28.450000762939453,34.04999923706055,33.5129508972168,842323
2017-02-17,33.95000076293945,36.5,31.5,33.29999923706055,32.774776458740234,707407
2017-02-20,32.900001525878906,32.900001525878906,30.600000381469727,31.75,31.24922752380371,566529
2017-02-21,31.75,35.0,30.25,30.950000762939453,30.46184539794922,1046347
2017-02-22,31.25,32.70000076293945,29.799999237060547,30.049999237060547,29.576038360595703,632369
2017-02-23,30.75,31.799999237060547,29.0,29.149999618530273,28.69023323059082,631549
2017-02-27,29.950000762939453,31.950000762939453,27.5,28.200000762939453,27.755218505859375,1566510
2017-02-28,28.850000381469727,29.649999618530273,27.549999237060547,29.149999618530273,28.69023323059082,585736
2017-03-01,28.25,29.899999618530273,27.299999237060547,27.5,27.066259384155273,975743
2017-03-02,27.75,28.950000762939453,26.850000381469727,27.200000762939453,26.770992279052734,706766
2017-03-03,27.5,28.450000762939453,26.350000381469727,26.549999237060547,26.131240844726562,792937
2017-03-06,27.5,28.200000762939453,25.25,26.100000381469727,25.68834114074707,1177177
2017-03-07,26.5,27.899999618530273,25.850000381469727,27.549999237060547,27.115468978881836,1238146
2017-03-08,27.75,28.299999237060547,25.600000381469727,25.850000381469727,25.442283630371094,1636410
2017-03-09,25.649999618530273,26.350000381469727,24.350000381469727,24.75,24.359634399414062,1187004
2017-03-10,24.75,25.0,23.5,24.200000762939453,23.818307876586914,563633
2017-03-14,25.25,25.799999237060547,22.75,22.850000381469727,22.489601135253906,561963
2017-03-15,23.0,23.049999237060547,21.299999237060547,21.950000762939453,21.603796005249023,885283
2017-03-16,21.75,25.799999237060547,21.0,24.600000381469727,24.211999893188477,7793150
2017-03-17,24.899999618530273,25.5,23.549999237060547,24.350000381469727,23.9659423828125,273908
2017-03-20,24.299999237060547,24.700000762939453,23.5,24.0,23.621461868286133,37860
2017-03-21,24.0,26.0,20.5,23.299999237060547,22.93250274658203,9607361
2017-03-22,24.200000762939453,24.200000762939453,21.350000381469727,22.649999618530273,22.292753219604492,467105
2017-03-23,23.5,25.399999618530273,22.399999618530273,24.899999618530273,24.507266998291016,5466879
2017-03-24,25.700000762939453,27.75,23.399999618530273,27.0,26.574146270751953,6316867
2017-03-27,28.399999618530273,28.399999618530273,25.600000381469727,27.0,26.574146270751953,217245
2017-03-28,27.399999618530273,28.399999618530273,25.700000762939453,27.200000762939453,26.770992279052734,348386
2017-03-29,27.75,30.399999618530273,25.850000381469727,29.299999237060547,28.837867736816406,10006754
2017-03-30,29.0,31.899999618530273,27.600000381469727,30.450000762939453,29.969730377197266,2505993
2017-03-31,31.0,32.75,28.5,29.049999237060547,28.591812133789062,7361994
2017-04-03,29.399999618530273,29.799999237060547,28.0,28.25,27.80443000793457,593576
2017-04-05,28.25,28.399999618530273,26.399999618530273,26.600000381469727,26.18045425415039,386369
2017-04-06,26.799999237060547,27.5,26.600000381469727,26.700000762939453,26.27887725830078,103420
2017-04-07,27.200000762939453,27.200000762939453,25.950000762939453,26.549999237060547,26.131240844726562,91821
2017-04-10,26.700000762939453,27.700000762939453,25.149999618530273,25.399999618530273,24.999380111694336,153243
2017-04-11,25.25,25.850000381469727,24.850000381469727,25.5,25.097803115844727,108195
2017-04-12,25.5,26.200000762939453,24.649999618530273,24.850000381469727,24.45805549621582,272340
2017-04-13,25.450000762939453,25.899999618530273,24.25,24.399999618530273,24.015153884887695,40497
2017-04-17,25.5,25.5,23.399999618530273,24.100000381469727,23.719884872436523,81825
2017-04-18,24.100000381469727,25.799999237060547,24.0,25.149999618530273,24.753324508666992,469917
2017-04-19,25.149999618530273,25.149999618530273,24.600000381469727,24.700000762939453,24.310420989990234,15840
2017-04-20,25.25,25.25,24.399999618530273,25.100000381469727,24.704113006591797,9779
2017-04-21,25.700000762939453,26.200000762939453,24.75,25.049999237060547,24.65489959716797,21942
2017-04-24,25.0,28.75,24.5,28.299999237060547,27.853639602661133,998339
2017-04-25,28.950000762939453,29.299999237060547,26.5,26.799999237060547,26.377300262451172,558980
2017-04-26,26.950000762939453,27.0,26.149999618530273,26.200000762939453,25.78676414489746,39413
2017-04-27,26.0,26.0,25.299999237060547,25.700000762939453,25.294649124145508,22151
2017-04-28,25.049999237060547,27.0,24.25,24.549999237060547,24.16278839111328,805843
2017-05-02,24.799999237060547,25.450000762939453,23.700000762939453,23.850000381469727,23.473827362060547,267444
2017-05-03,24.399999618530273,24.899999618530273,23.25,23.399999618530273,23.030925750732422,395900
2017-05-04,23.899999618530273,24.899999618530273,23.299999237060547,24.0,23.621461868286133,438896
2017-05-05,24.25,25.299999237060547,22.700000762939453,23.100000381469727,22.735658645629883,2400198
2017-05-08,23.25,24.350000381469727,22.549999237060547,23.350000381469727,22.981714248657227,3266908
2017-05-09,22.950000762939453,23.200000762939453,22.450000762939453,22.5,22.145122528076172,182509
2017-05-10,22.5,23.25,22.5,22.600000381469727,22.24354362487793,72974
2017-05-11,23.0,23.149999618530273,22.299999237060547,22.5,22.145122528076172,63877
2017-05-12,22.25,22.5,22.0,22.100000381469727,21.75143051147461,40579
2017-05-15,22.100000381469727,22.549999237060547,21.950000762939453,22.299999237060547,21.948274612426758,52834
2017-05-16,22.5,22.5,22.200000762939453,22.299999237060547,21.948274612426758,8421
2017-05-17,22.5,25.799999237060547,21.299999237060547,24.700000762939453,24.310420989990234,1806313
2017-05-18,24.5,25.75,22.899999618530273,23.950000762939453,23.57225227355957,275758
2017-05-19,24.0,27.399999618530273,23.450000762939453,25.700000762939453,25.294649124145508,1557175
2017-05-22,26.799999237060547,27.200000762939453,23.299999237060547,23.649999618530273,23.276981353759766,662719
2017-05-23,23.950000762939453,24.149999618530273,23.100000381469727,23.399999618530273,23.030925750732422,77667
2017-05-24,23.149999618530273,23.899999618530273,22.5,22.700000762939453,22.341968536376953,97112
2017-05-25,23.450000762939453,25.899999618530273,22.5,25.399999618530273,24.999380111694336,447261
2017-05-26,25.950000762939453,25.950000762939453,23.899999618530273,25.149999618530273,24.753324508666992,320435
2017-05-29,25.0,27.799999237060547,22.399999618530273,22.549999237060547,22.194332122802734,2408357
2017-05-30,22.75,23.399999618530273,21.399999618530273,21.600000381469727,21.259315490722656,837019
2017-05-31,21.649999618530273,23.149999618530273,21.0,21.299999237060547,20.964048385620117,1847470
2017-06-01,22.350000381469727,23.399999618530273,20.600000381469727,22.299999237060547,21.948274612426758,1527733
2017-06-02,22.100000381469727,24.75,20.5,24.0,23.621461868286133,2693736
2017-06-05,24.100000381469727,24.799999237060547,21.299999237060547,21.75,21.406949996948242,2164256
2017-06-06,22.850000381469727,22.850000381469727,21.0,21.149999618530273,20.81641387939453,1109213
2017-06-07,21.450000762939453,21.850000381469727,19.649999618530273,21.25,20.914836883544922,5999201
2017-06-08,21.25,21.25,19.299999237060547,19.450000762939453,19.14322853088379,1420088
2017-06-09,19.5,20.149999618530273,19.0,19.799999237060547,19.487707138061523,303002
2017-06-12,20.299999237060547,20.5,19.299999237060547,20.049999237060547,19.733762741088867,630499
2017-06-13,20.350000381469727,21.0,17.799999237060547,18.25,17.962154388427734,2134940
2017-06-14,18.149999618530273,18.549999237060547,17.350000381469727,18.149999618530273,17.86372947692871,393887
2017-06-15,18.5,18.799999237060547,17.700000762939453,18.25,17.962154388427734,235214
2017-06-16,18.299999237060547,18.299999237060547,17.200000762939453,17.25,16.97792625427246,679629
2017-06-19,17.899999618530273,17.899999618530273,16.899999618530273,17.0,16.731868743896484,390580
2017-06-20,16.950000762939453,17.75,16.649999618530273,17.549999237060547,17.273195266723633,628619
2017-06-21,17.5,17.5,16.25,16.549999237060547,16.28896713256836,240794
2017-06-22,16.549999237060547,16.75,15.25,15.850000381469727,15.600008010864258,293791
2017-06-23,16.049999237060547,16.299999237060547,15.449999809265137,15.550000190734863,15.304739952087402,1262749
2017-06-27,15.699999809265137,16.0,14.300000190734863,14.5,14.271300315856934,1509280
2017-06-28,14.600000381469727,14.949999809265137,14.149999618530273,14.449999809265137,14.222088813781738,1254387
2017-06-29,14.600000381469727,16.850000381469727,14.5,16.049999237060547,15.796852111816406,2347821
2017-06-30,16.450000762939453,16.850000381469727,15.5,15.75,15.501585006713867,1019962
2017-07-03,15.800000190734863,16.799999237060547,14.899999618530273,15.100000381469727,14.861837387084961,336165
2017-07-04,15.100000381469727,15.399999618530273,14.350000381469727,15.149999618530273,14.91104793548584,205404
2017-07-05,15.199999809265137,16.0,14.199999809265137,14.350000381469727,14.123666763305664,1268911
2017-07-06,14.399999618530273,14.850000381469727,13.699999809265137,14.100000381469727,13.877609252929688,686679
2017-07-07,14.149999618530273,14.800000190734863,13.850000381469727,14.5,14.271300315856934,461860
2017-07-10,16.75,16.75,14.850000381469727,15.25,15.00947093963623,47902
2017-07-11,15.600000381469727,16.0,13.800000190734863,14.0,13.779186248779297,1556889
2017-07-12,14.149999618530273,14.699999809265137,13.399999618530273,14.399999618530273,14.172876358032227,441708
2017-07-13,14.550000190734863,14.800000190734863,13.25,13.300000190734863,13.090227127075195,1251550
2017-07-14,13.600000381469727,14.0,12.800000190734863,13.0,12.79495906829834,4600934
2017-07-17,13.199999809265137,13.449999809265137,12.600000381469727,13.199999809265137,12.991804122924805,255090
2017-07-18,13.25,13.550000190734863,12.949999809265137,13.399999618530273,13.188650131225586,196057
2017-07-19,13.399999618530273,13.850000381469727,12.199999809265137,12.449999809265137,12.253633499145508,1537621
2017-07-20,12.399999618530273,12.600000381469727,12.050000190734863,12.199999809265137,12.007576942443848,285669
2017-07-21,12.300000190734863,12.600000381469727,12.25,12.350000381469727,12.155210494995117,197360
2017-07-24,12.5,12.5,12.100000381469727,12.199999809265137,12.007576942443848,104175
2017-07-25,12.399999618530273,12.899999618530273,11.699999809265137,11.75,11.564674377441406,825884
2017-07-26,11.949999809265137,12.5,11.699999809265137,12.300000190734863,12.105999946594238,348666
2017-07-27,12.449999809265137,12.449999809265137,11.899999618530273,12.100000381469727,11.909153938293457,244620
2017-07-28,12.100000381469727,12.199999809265137,11.899999618530273,12.0,11.810730934143066,71573
2017-07-31,12.0,12.149999618530273,11.899999618530273,12.0,11.810730934143066,108481
2017-08-01,12.100000381469727,12.300000190734863,11.649999618530273,11.949999809265137,11.761520385742188,71994
2017-08-02,12.0,12.100000381469727,11.600000381469727,11.649999618530273,11.466251373291016,168523
2017-08-03,11.800000190734863,11.899999618530273,11.399999618530273,11.550000190734863,11.367829322814941,110223
2017-08-04,11.649999618530273,11.649999618530273,11.449999809265137,11.5,11.31861686706543,69759
2017-08-07,11.5,11.5,11.050000190734863,11.100000381469727,10.9249267578125,682843
2017-08-08,11.0,11.350000381469727,11.0,11.100000381469727,10.9249267578125,109940
2017-08-09,11.0,11.0,9.75,9.899999618530273,9.743853569030762,133095
2017-08-10,9.899999618530273,10.699999809265137,8.199999809265137,9.050000190734863,8.907259941101074,253884
2017-08-11,8.949999809265137,9.5,8.199999809265137,8.75,8.611990928649902,223113
2017-08-14,8.5,10.25,8.5,9.949999809265137,9.79306411743164,1052803
2017-08-16,10.100000381469727,11.449999809265137,10.050000190734863,10.850000381469727,10.67887020111084,826549
2017-08-17,11.25,11.5,11.0,11.100000381469727,10.9249267578125,1040546
2017-08-18,11.25,11.25,10.149999618530273,10.800000190734863,10.629657745361328,166360
2017-08-21,11.0,12.25,10.949999809265137,11.5,11.31861686706543,433197
2017-08-22,11.5,12.350000381469727,11.350000381469727,12.199999809265137,12.007576942443848,473771
2017-08-23,12.5,12.649999618530273,11.899999618530273,12.100000381469727,11.909153938293457,407099
2017-08-24,12.199999809265137,12.25,11.0,11.300000190734863,11.121771812438965,180103
2017-08-28,11.399999618530273,12.300000190734863,11.300000190734863,11.699999809265137,11.515462875366211,379987
2017-08-29,11.600000381469727,12.100000381469727,10.0,10.800000190734863,10.629657745361328,153223
2017-08-30,10.800000190734863,11.800000190734863,10.800000190734863,11.350000381469727,11.170984268188477,367037
2017-08-31,11.5,11.600000381469727,10.0,10.199999809265137,10.0391206741333,288418
2017-09-01,10.399999618530273,10.699999809265137,10.199999809265137,10.550000190734863,10.383601188659668,237260
2017-09-04,10.600000381469727,11.199999809265137,10.300000190734863,10.449999809265137,10.285178184509277,475504
2017-09-05,10.399999618530273,10.699999809265137,9.949999809265137,10.100000381469727,9.940698623657227,198370
2017-09-06,10.350000381469727,10.649999618530273,10.0,10.449999809265137,10.285178184509277,125623
2017-09-07,10.5,11.300000190734863,10.149999618530273,10.800000190734863,10.629657745361328,351572
2017-09-08,10.800000190734863,10.800000190734863,9.949999809265137,10.149999618530273,9.989910125732422,524082
2017-09-11,10.25,11.5,10.149999618530273,11.100000381469727,10.9249267578125,1160662
2017-09-12,11.899999618530273,12.449999809265137,10.300000190734863,10.75,10.58044719696045,5282194
2017-09-13,11.0,11.800000190734863,10.399999618530273,11.25,11.072561264038086,1341598
2017-09-14,11.550000190734863,12.199999809265137,10.850000381469727,11.75,11.564674377441406,1081346
2017-09-15,11.899999618530273,12.899999618530273,11.050000190734863,12.149999618530273,11.958364486694336,1838012
2017-09-18,12.0,12.800000190734863,10.449999809265137,10.550000190734863,10.469772338867188,3119989
2017-09-19,10.899999618530273,11.199999809265137,10.25,10.300000190734863,10.221673011779785,1599119
2017-09-20,10.600000381469727,12.100000381469727,10.449999809265137,11.649999618530273,11.561407089233398,1419720
2017-09-21,11.699999809265137,13.75,10.699999809265137,11.100000381469727,11.015589714050293,10036591
2017-09-22,11.550000190734863,11.699999809265137,10.949999809265137,11.399999618530273,11.313307762145996,907392
2017-09-25,11.449999809265137,11.800000190734863,10.449999809265137,11.300000190734863,11.214069366455078,1298638
2017-09-26,11.25,11.899999618530273,11.25,11.600000381469727,11.511787414550781,388561
2017-09-27,11.649999618530273,12.800000190734863,10.350000381469727,10.600000381469727,10.519392013549805,4466361
2017-09-28,10.75,10.949999809265137,10.399999618530273,10.5,10.42015266418457,402170
2017-09-29,10.649999618530273,10.850000381469727,10.5,10.550000190734863,10.469772338867188,312130
2017-10-03,10.649999618530273,11.649999618530273,10.199999809265137,10.25,10.172053337097168,4230023
2017-10-04,10.399999618530273,11.100000381469727,10.25,10.399999618530273,10.32091236114502,729011
2017-10-05,10.5,10.600000381469727,10.25,10.300000190734863,10.221673011779785,371418
2017-10-06,10.449999809265137,11.100000381469727,9.949999809265137,10.0,9.923954963684082,2499504
2017-10-09,10.100000381469727,10.350000381469727,9.699999809265137,9.699999809265137,9.626235961914062,859971
2017-10-10,9.699999809265137,10.399999618530273,9.550000190734863,9.75,9.67585563659668,1194102
2017-10-11,9.850000381469727,10.800000190734863,9.649999618530273,9.699999809265137,9.626235961914062,3646085
2017-10-12,9.949999809265137,10.050000190734863,9.600000381469727,9.699999809265137,9.626235961914062,1552099
2017-10-13,9.800000190734863,10.199999809265137,9.399999618530273,9.449999809265137,9.37813663482666,1270684
2017-10-16,9.550000190734863,9.899999618530273,9.25,9.699999809265137,9.626235961914062,349853
2017-10-17,9.699999809265137,10.050000190734863,9.25,9.550000190734863,9.477376937866211,1372908
2017-10-18,9.75,10.350000381469727,9.199999809265137,9.300000190734863,9.229277610778809,2177555
2017-10-19,9.399999618530273,9.699999809265137,9.199999809265137,9.300000190734863,9.229277610778809,293779
2017-10-23,9.399999618530273,9.600000381469727,8.949999809265137,9.0,8.931559562683105,558292
2017-10-24,9.149999618530273,9.199999809265137,8.600000381469727,8.949999809265137,8.881938934326172,668871
2017-10-25,9.149999618530273,9.5,8.850000381469727,8.899999618530273,8.832319259643555,1021079
2017-10-26,8.899999618530273,9.100000381469727,8.75,8.800000190734863,8.73307991027832,265534
2017-10-27,8.899999618530273,9.0,8.75,8.850000381469727,8.782700538635254,167787
2017-10-30,8.850000381469727,9.5,8.75,9.350000381469727,9.278898239135742,1158350
2017-10-31,9.399999618530273,9.899999618530273,8.949999809265137,9.100000381469727,9.03079891204834,397433
2017-11-01,9.199999809265137,9.25,8.850000381469727,9.149999618530273,9.08041763305664,264380
2017-11-02,9.0,9.25,9.0,9.100000381469727,9.03079891204834,143832
2017-11-03,9.199999809265137,9.199999809265137,8.5,8.899999618530273,8.832319259643555,277042
2017-11-06,9.0,9.149999618530273,8.800000190734863,8.850000381469727,8.782700538635254,253038
2017-11-07,8.949999809265137,9.0,8.800000190734863,8.899999618530273,8.832319259643555,174537
2017-11-08,8.899999618530273,9.699999809265137,8.699999809265137,8.800000190734863,8.73307991027832,1163612
2017-11-09,8.949999809265137,8.949999809265137,8.600000381469727,8.699999809265137,8.633840560913086,202588
2017-11-10,8.699999809265137,8.850000381469727,8.550000190734863,8.600000381469727,8.534601211547852,182445
2017-11-13,8.800000190734863,9.149999618530273,8.600000381469727,8.699999809265137,8.633840560913086,749473
2017-11-14,8.649999618530273,8.800000190734863,8.649999618530273,8.699999809265137,8.633840560913086,64856
2017-11-15,8.800000190734863,8.850000381469727,8.300000190734863,8.5,8.435361862182617,166488
2017-11-16,8.550000190734863,8.649999618530273,8.199999809265137,8.25,8.187262535095215,191548
2017-11-17,8.350000381469727,8.649999618530273,8.100000381469727,8.199999809265137,8.137642860412598,240883
2017-11-20,8.199999809265137,8.399999618530273,8.050000190734863,8.25,8.187262535095215,115320
2017-11-21,8.199999809265137,8.800000190734863,8.149999618530273,8.649999618530273,8.584219932556152,282855
2017-11-22,8.699999809265137,8.75,8.550000190734863,8.600000381469727,8.534601211547852,75874
2017-11-23,8.75,9.5,8.699999809265137,9.199999809265137,9.130038261413574,730682
2017-11-24,9.300000190734863,11.0,9.149999618530273,11.0,10.916350364685059,1861034
2017-11-27,12.100000381469727,13.199999809265137,11.550000190734863,13.199999809265137,13.09961986541748,3217421
2017-11-28,13.600000381469727,14.5,12.5,12.949999809265137,12.851521492004395,7154479
2017-11-29,12.699999809265137,14.0,11.949999809265137,13.300000190734863,13.198860168457031,2526308
2017-11-30,13.399999618530273,14.399999618530273,13.100000381469727,14.199999809265137,14.092015266418457,1684956
2017-12-01,14.399999618530273,15.25,14.199999809265137,14.649999618530273,14.538593292236328,2818852
2017-12-04,15.0,16.100000381469727,15.0,16.100000381469727,15.977567672729492,3098544
2017-12-05,16.0,17.25,15.600000381469727,17.149999618530273,17.019580841064453,2502103
2017-12-06,17.100000381469727,17.600000381469727,16.75,17.399999618530273,17.267681121826172,2525449
2017-12-07,17.700000762939453,18.25,17.700000762939453,18.25,18.111217498779297,2725251
2017-12-08,18.799999237060547,19.100000381469727,18.600000381469727,18.850000381469727,18.706655502319336,2255651
2017-12-11,19.149999618530273,19.5,18.899999618530273,19.399999618530273,19.252471923828125,1269000
2017-12-12,19.5,19.600000381469727,18.450000762939453,18.450000762939453,18.309696197509766,635587
2017-12-13,17.549999237060547,17.549999237060547,17.549999237060547,17.549999237060547,17.416540145874023,38491
2017-12-14,16.700000762939453,17.549999237060547,16.700000762939453,16.700000762939453,16.57300567626953,1970015
2017-12-15,15.899999618530273,16.299999237060547,15.899999618530273,15.899999618530273,15.77908706665039,553480
2017-12-18,15.149999618530273,15.649999618530273,15.149999618530273,15.149999618530273,15.034790992736816,1328763
2017-12-19,14.399999618530273,15.899999618530273,14.399999618530273,15.899999618530273,15.77908706665039,3037284
2017-12-20,16.649999618530273,16.649999618530273,16.25,16.649999618530273,16.52338409423828,784980
2017-12-21,16.850000381469727,17.399999618530273,16.5,17.100000381469727,16.96996307373047,1147763
2017-12-22,17.100000381469727,17.25,16.25,16.25,16.126426696777344,443629
2017-12-26,15.5,16.549999237060547,15.5,16.049999237060547,15.927946090698242,874955
2017-12-27,16.0,16.850000381469727,15.850000381469727,16.5,16.37452507019043,829515
2017-12-28,16.350000381469727,16.700000762939453,15.699999809265137,15.699999809265137,15.580608367919922,276825
2017-12-29,14.949999809265137,16.450000762939453,14.949999809265137,16.350000381469727,16.225666046142578,1603712
2018-01-01,16.350000381469727,16.5,15.600000381469727,15.75,15.630228042602539,359710
2018-01-02,16.350000381469727,16.350000381469727,15.399999618530273,15.850000381469727,15.72946834564209,736408
2018-01-03,15.949999809265137,16.600000381469727,15.649999618530273,16.350000381469727,16.225666046142578,1385304
2018-01-04,17.149999618530273,17.149999618530273,16.25,16.5,16.37452507019043,977260
2018-01-05,16.799999237060547,17.0,16.399999618530273,16.75,16.622623443603516,808014
2018-01-08,16.899999618530273,17.0,16.649999618530273,16.799999237060547,16.672243118286133,995683
2018-01-09,16.75,17.450000762939453,16.600000381469727,17.25,17.11882209777832,543034
2018-01-10,17.700000762939453,17.700000762939453,16.399999618530273,16.399999618530273,16.275285720825195,4336366
2018-01-11,15.600000381469727,16.299999237060547,15.600000381469727,15.600000381469727,15.481369972229004,2135484
2018-01-12,14.850000381469727,14.850000381469727,14.850000381469727,14.850000381469727,14.737072944641113,732764
2018-01-15,14.149999618530273,15.100000381469727,14.149999618530273,14.600000381469727,14.488974571228027,4887924
2018-01-16,14.600000381469727,15.0,13.899999618530273,14.0,13.893536567687988,1009281
2018-01-17,14.149999618530273,14.149999618530273,13.300000190734863,13.649999618530273,13.546197891235352,418353
2018-01-18,14.0,14.300000190734863,13.199999809265137,13.75,13.645437240600586,943266
2018-01-19,14.100000381469727,14.399999618530273,13.649999618530273,14.399999618530273,14.290493965148926,1185558
2018-01-22,14.0,14.300000190734863,13.699999809265137,13.899999618530273,13.794296264648438,363499
2018-01-23,14.050000190734863,14.050000190734863,13.25,13.600000381469727,13.496578216552734,752537
2018-01-24,13.600000381469727,13.699999809265137,13.25,13.550000190734863,13.446958541870117,193956
2018-01-25,13.300000190734863,14.100000381469727,13.100000381469727,13.899999618530273,13.794296264648438,238352
2018-01-29,13.800000190734863,14.550000190734863,13.800000190734863,14.550000190734863,14.439353942871094,414213
2018-01-30,14.550000190734863,14.800000190734863,14.0,14.300000190734863,14.191255569458008,195904
2018-01-31,14.149999618530273,14.5,13.699999809265137,13.899999618530273,13.794296264648438,187544
2018-02-01,13.699999809265137,14.199999809265137,13.350000381469727,13.649999618530273,13.546197891235352,213620
2018-02-02,13.5,13.899999618530273,13.0,13.0,12.901141166687012,315996
2018-02-05,12.600000381469727,12.850000381469727,12.350000381469727,12.350000381469727,12.256084442138672,205385
2018-02-06,11.75,11.75,11.75,11.75,11.660646438598633,73978
2018-02-07,12.300000190734863,12.300000190734863,11.699999809265137,12.0,11.908745765686035,216242
2018-02-08,12.5,12.600000381469727,12.100000381469727,12.600000381469727,12.504182815551758,356781
2018-02-09,12.399999618530273,12.600000381469727,12.0,12.199999809265137,12.107224464416504,282129
2018-02-12,12.300000190734863,12.800000190734863,12.300000190734863,12.699999809265137,12.603422164916992,187128
2018-02-14,13.0,13.300000190734863,12.75,13.100000381469727,13.000380516052246,147573
2018-02-15,13.300000190734863,13.75,12.449999809265137,12.5,12.404943466186523,512105
2018-02-16,12.300000190734863,12.699999809265137,11.899999618530273,11.899999618530273,11.809505462646484,260197
2018-02-19,12.050000190734863,12.25,11.350000381469727,11.600000381469727,11.511787414550781,138466
2018-02-20,11.699999809265137,11.949999809265137,11.199999809265137,11.550000190734863,11.462167739868164,94934
2018-02-21,11.449999809265137,11.850000381469727,11.149999618530273,11.25,11.164448738098145,159402
2018-02-22,11.199999809265137,11.699999809265137,10.800000190734863,11.449999809265137,11.362927436828613,98893
2018-02-23,11.800000190734863,11.800000190734863,11.100000381469727,11.550000190734863,11.462167739868164,144841
2018-02-26,11.5,11.600000381469727,11.300000190734863,11.449999809265137,11.362927436828613,101517
2018-02-27,11.350000381469727,11.850000381469727,11.0,11.149999618530273,11.06520938873291,100146
2018-02-28,11.100000381469727,11.399999618530273,10.949999809265137,11.100000381469727,11.015589714050293,141741
2018-03-01,11.100000381469727,11.350000381469727,11.0,11.100000381469727,11.015589714050293,68024
2018-03-05,11.25,11.350000381469727,11.0,11.050000190734863,10.965970039367676,98663
2018-03-06,11.100000381469727,11.25,10.850000381469727,11.0,10.916350364685059,152693
2018-03-07,10.850000381469727,11.100000381469727,10.449999809265137,10.5,10.42015266418457,212148
2018-03-08,10.399999618530273,10.699999809265137,10.0,10.550000190734863,10.469772338867188,188270
2018-03-09,10.350000381469727,10.600000381469727,10.25,10.5,10.42015266418457,61057
2018-03-12,10.5,10.699999809265137,10.050000190734863,10.25,10.172053337097168,284683
2018-03-13,10.25,10.300000190734863,10.050000190734863,10.149999618530273,10.072813987731934,371846
2018-03-14,10.0,10.25,9.949999809265137,10.149999618530273,10.072813987731934,68836
2018-03-15,10.100000381469727,10.649999618530273,10.100000381469727,10.449999809265137,10.370532035827637,480875
2018-03-16,10.649999618530273,10.949999809265137,10.5,10.649999618530273,10.569011688232422,146532
2018-03-19,10.699999809265137,10.800000190734863,10.199999809265137,10.5,10.42015266418457,70341
2018-03-20,10.300000190734863,10.5,10.100000381469727,10.199999809265137,10.12243366241455,49507
2018-03-21,10.199999809265137,10.449999809265137,9.899999618530273,10.050000190734863,9.9735746383667,110057
2018-03-22,10.199999809265137,10.300000190734863,9.899999618530273,10.149999618530273,10.072813987731934,208388
2018-03-23,9.899999618530273,10.25,9.75,10.050000190734863,9.9735746383667,174183
2018-03-26,10.199999809265137,10.199999809265137,9.600000381469727,9.699999809265137,9.626235961914062,178526
2018-03-27,9.550000190734863,10.100000381469727,9.550000190734863,9.899999618530273,9.824714660644531,89491
2018-03-28,9.699999809265137,10.199999809265137,9.449999809265137,10.050000190734863,9.9735746383667,216270
2018-04-02,10.350000381469727,10.350000381469727,10.0,10.25,10.172053337097168,39303
2018-04-03,10.100000381469727,10.75,10.100000381469727,10.649999618530273,10.569011688232422,84393
2018-04-04,11.149999618530273,11.149999618530273,10.5,10.649999618530273,10.569011688232422,134064
2018-04-05,10.75,11.149999618530273,10.399999618530273,10.699999809265137,10.618631362915039,268390
2018-04-06,10.850000381469727,11.149999618530273,10.600000381469727,10.75,10.668251037597656,99008
2018-04-09,10.899999618530273,10.899999618530273,10.550000190734863,10.75,10.668251037597656,610696
2018-04-10,10.899999618530273,11.800000190734863,10.75,11.800000190734863,11.710267066955566,1467504
2018-04-11,12.050000190734863,12.949999809265137,12.050000190734863,12.949999809265137,12.851521492004395,1784659
2018-04-12,13.149999618530273,14.199999809265137,12.5,13.300000190734863,13.198860168457031,2711313
2018-04-13,13.399999618530273,13.600000381469727,12.0,12.050000190734863,11.958365440368652,2403256
2018-04-16,11.800000190734863,12.5,11.399999618530273,11.850000381469727,11.759886741638184,996447
2018-04-17,11.949999809265137,12.050000190734863,11.100000381469727,11.300000190734863,11.214069366455078,1284029
2018-04-18,11.399999618530273,11.550000190734863,11.100000381469727,11.149999618530273,11.06520938873291,95866
2018-04-19,11.25,12.25,11.149999618530273,12.25,12.156844139099121,474894
2018-04-20,12.300000190734863,13.199999809265137,12.300000190734863,12.5,12.404943466186523,245608
2018-04-23,12.899999618530273,13.75,12.399999618530273,13.75,13.645437240600586,911105
2018-04-24,14.550000190734863,14.550000190734863,12.399999618530273,12.399999618530273,12.305703163146973,1903653
2018-04-25,11.899999618530273,12.75,11.800000190734863,12.0,11.908745765686035,703364
2018-04-26,11.800000190734863,13.199999809265137,11.800000190734863,13.199999809265137,13.09961986541748,955526
2018-04-27,13.0,14.050000190734863,12.949999809265137,13.699999809265137,13.595817565917969,1144529
2018-04-30,13.350000381469727,14.25,13.100000381469727,13.399999618530273,13.29809856414795,852553
2018-05-02,13.5,13.850000381469727,12.5,12.75,12.65304183959961,421219
2018-05-03,12.550000190734863,12.699999809265137,12.199999809265137,12.300000190734863,12.206464767456055,94059
2018-05-04,12.100000381469727,12.600000381469727,12.0,12.199999809265137,12.107224464416504,379159
2018-05-07,12.199999809265137,12.600000381469727,12.050000190734863,12.25,12.156844139099121,559035
2018-05-08,12.300000190734863,12.699999809265137,12.25,12.5,12.404943466186523,342605
2018-05-09,12.800000190734863,12.800000190734863,12.5,12.600000381469727,12.504182815551758,153602
2018-05-10,12.800000190734863,12.800000190734863,12.100000381469727,12.300000190734863,12.206464767456055,107174
2018-05-11,12.149999618530273,12.300000190734863,12.0,12.0,11.908745765686035,107758
2018-05-14,12.399999618530273,12.399999618530273,12.0,12.050000190734863,11.958365440368652,205344
2018-05-15,12.050000190734863,12.25,12.0,12.050000190734863,11.958365440368652,70606
2018-05-16,12.100000381469727,12.100000381469727,11.75,11.800000190734863,11.710267066955566,521177
2018-05-17,12.25,12.25,11.649999618530273,11.899999618530273,11.809505462646484,65289
2018-05-18,12.0,12.0,11.649999618530273,11.75,11.660646438598633,429689
2018-05-21,12.199999809265137,12.199999809265137,11.550000190734863,11.600000381469727,11.511787414550781,205849
2018-05-22,11.949999809265137,11.949999809265137,11.449999809265137,11.5,11.412548065185547,177021
2018-05-23,11.550000190734863,11.75,11.399999618530273,11.449999809265137,11.362927436828613,828378
2018-05-24,11.75,11.75,11.399999618530273,11.449999809265137,11.362927436828613,76855
2018-05-25,11.949999809265137,11.949999809265137,11.399999618530273,11.449999809265137,11.362927436828613,138363
2018-05-28,11.5,12.0,11.5,11.949999809265137,11.859125137329102,39983
2018-05-29,12.300000190734863,13.100000381469727,11.699999809265137,13.100000381469727,13.000380516052246,402115
2018-05-30,13.399999618530273,13.75,12.300000190734863,13.0,12.901141166687012,443586
2018-05-31,13.149999618530273,13.199999809265137,12.149999618530273,12.350000381469727,12.256084442138672,282583
2018-06-01,12.5,12.5,12.0,12.199999809265137,12.107224464416504,223742
2018-06-04,12.449999809265137,12.449999809265137,12.0,12.199999809265137,12.107224464416504,712085
2018-06-05,12.399999618530273,12.600000381469727,12.0,12.25,12.156844139099121,421650
2018-06-06,12.25,12.649999618530273,11.850000381469727,12.25,12.156844139099121,225728
2018-06-07,12.550000190734863,14.5,12.550000190734863,14.0,13.893536567687988,1482552
2018-06-08,13.899999618530273,14.899999618530273,13.300000190734863,14.75,14.637832641601562,997041
2018-06-11,14.800000190734863,14.800000190734863,13.550000190734863,13.75,13.645437240600586,200192
2018-06-12,13.699999809265137,14.100000381469727,13.199999809265137,13.300000190734863,13.198860168457031,453685
2018-06-13,13.149999618530273,14.300000190734863,13.149999618530273,14.050000190734863,13.943156242370605,650833
2018-06-14,14.149999618530273,16.850000381469727,13.899999618530273,16.850000381469727,16.721864700317383,2706245
2018-06-15,16.850000381469727,17.649999618530273,16.0,16.950000762939453,16.821104049682617,3024092
2018-06-18,16.899999618530273,16.899999618530273,15.800000190734863,15.949999809265137,15.828707695007324,189296
2018-06-19,15.850000381469727,16.5,15.300000190734863,15.649999618530273,15.530988693237305,236671
2018-06-20,16.149999618530273,16.75,15.899999618530273,16.700000762939453,16.57300567626953,1320649
2018-06-21,16.899999618530273,17.200000762939453,16.25,16.450000762939453,16.324905395507812,1469666
2018-06-22,16.25,16.450000762939453,15.350000381469727,15.850000381469727,15.72946834564209,100723
2018-06-25,15.699999809265137,16.649999618530273,15.5,15.550000190734863,15.43174934387207,125993
2018-06-26,16.149999618530273,16.149999618530273,14.550000190734863,14.699999809265137,14.588212966918945,581467
2018-06-27,14.949999809265137,14.949999809265137,14.5,14.600000381469727,14.488974571228027,2302032
2018-06-28,14.5,14.800000190734863,14.5,14.600000381469727,14.488974571228027,1739104
2018-06-29,14.600000381469727,15.449999809265137,14.5,14.600000381469727,14.488974571228027,1451500
2018-07-02,14.850000381469727,15.0,14.100000381469727,14.550000190734863,14.439353942871094,546084
2018-07-03,14.550000190734863,14.699999809265137,14.5,14.5,14.389734268188477,75749
2018-07-04,14.550000190734863,14.949999809265137,14.5,14.75,14.637832641601562,38530
2018-07-05,15.300000190734863,15.300000190734863,14.5,14.5,14.389734268188477,788899
2018-07-06,14.550000190734863,15.0,12.25,13.800000190734863,13.69505786895752,824928
2018-07-09,14.5,14.899999618530273,14.100000381469727,14.5,14.389734268188477,2121221
2018-07-10,14.550000190734863,14.699999809265137,14.100000381469727,14.25,14.141634941101074,601307
2018-07-11,14.25,14.5,14.0,14.149999618530273,14.04239559173584,456530
2018-07-12,14.149999618530273,14.399999618530273,14.050000190734863,14.149999618530273,14.04239559173584,68640
2018-07-13,14.300000190734863,14.300000190734863,14.0,14.050000190734863,13.943156242370605,77857
2018-07-16,14.050000190734863,14.300000190734863,13.300000190734863,13.550000190734863,13.446958541870117,171830
2018-07-17,13.350000381469727,13.850000381469727,13.0,13.5,13.3973388671875,213466
2018-07-18,13.399999618530273,13.600000381469727,13.0,13.050000190734863,12.950760841369629,260996
2018-07-19,13.5,13.5,13.050000190734863,13.100000381469727,13.000380516052246,145157
2018-07-20,13.050000190734863,13.25,13.0,13.050000190734863,12.950760841369629,32416
2018-07-23,13.100000381469727,13.100000381469727,12.550000190734863,12.649999618530273,12.553802490234375,64375
2018-07-24,12.699999809265137,13.649999618530273,12.649999618530273,13.25,13.149239540100098,71929
2018-07-25,13.300000190734863,13.550000190734863,13.0,13.449999809265137,13.347719192504883,101976
2018-07-26,13.149999618530273,15.800000190734863,13.050000190734863,15.0,14.885931968688965,1422961
2018-07-27,15.600000381469727,15.75,14.100000381469727,14.600000381469727,14.488974571228027,1634566
2018-07-30,14.600000381469727,14.600000381469727,13.649999618530273,14.199999809265137,14.092015266418457,431121
2018-07-31,14.300000190734863,14.300000190734863,13.649999618530273,13.800000190734863,13.69505786895752,2137691
2018-08-01,13.800000190734863,14.050000190734863,13.800000190734863,13.949999809265137,13.843916893005371,32066
2018-08-02,13.800000190734863,14.5,13.600000381469727,14.300000190734863,14.191255569458008,53246
2018-08-03,14.449999809265137,14.699999809265137,13.899999618530273,14.100000381469727,13.992775917053223,94287
2018-08-06,14.0,14.25,13.600000381469727,13.899999618530273,13.794296264648438,171771
2018-08-07,13.949999809265137,14.050000190734863,13.75,13.850000381469727,13.744677543640137,69454
2018-08-08,13.800000190734863,14.25,13.100000381469727,13.5,13.3973388671875,176127
2018-08-09,13.25,14.199999809265137,13.0,13.149999618530273,13.050000190734863,361067
2018-08-10,13.600000381469727,13.699999809265137,13.300000190734863,13.449999809265137,13.347719192504883,46146
2018-08-13,13.199999809265137,13.899999618530273,12.699999809265137,13.449999809265137,13.347719192504883,799098
2018-08-14,13.050000190734863,14.25,13.050000190734863,13.949999809265137,13.843916893005371,1685715
2018-08-16,14.050000190734863,14.050000190734863,13.050000190734863,13.100000381469727,13.000380516052246,154232
2018-08-17,13.699999809265137,13.699999809265137,13.0,13.100000381469727,13.000380516052246,62806
2018-08-20,13.199999809265137,13.399999618530273,12.850000381469727,13.0,12.901141166687012,278298
2018-08-21,13.300000190734863,13.300000190734863,12.899999618530273,13.100000381469727,13.000380516052246,399219
2018-08-23,12.899999618530273,13.149999618530273,12.699999809265137,12.949999809265137,12.851521492004395,222098
2018-08-24,13.0,13.149999618530273,12.100000381469727,12.550000190734863,12.45456314086914,580671
2018-08-27,12.699999809265137,13.0,12.199999809265137,12.550000190734863,12.45456314086914,165873
2018-08-28,12.550000190734863,12.75,12.149999618530273,12.350000381469727,12.256084442138672,184065
2018-08-29,12.25,13.350000381469727,12.25,13.199999809265137,13.09961986541748,353367
2018-08-30,13.300000190734863,13.850000381469727,12.75,13.600000381469727,13.496578216552734,419758
2018-08-31,13.699999809265137,13.699999809265137,12.649999618530273,12.899999618530273,12.801900863647461,136754
2018-09-03,12.800000190734863,13.199999809265137,12.699999809265137,12.899999618530273,12.801900863647461,358239
2018-09-04,13.050000190734863,13.050000190734863,12.449999809265137,12.600000381469727,12.504182815551758,411861
2018-09-05,12.449999809265137,12.899999618530273,12.399999618530273,12.550000190734863,12.45456314086914,61230
2018-09-06,12.449999809265137,13.100000381469727,12.449999809265137,12.949999809265137,12.851521492004395,98825
2018-09-07,13.199999809265137,13.199999809265137,12.649999618530273,12.850000381469727,12.75228214263916,31188
2018-09-10,12.800000190734863,12.800000190734863,12.100000381469727,12.699999809265137,12.603422164916992,467746
2018-09-11,12.649999618530273,12.699999809265137,12.199999809265137,12.350000381469727,12.256084442138672,679525
2018-09-12,12.199999809265137,12.899999618530273,12.199999809265137,12.600000381469727,12.504182815551758,1386323
2018-09-14,12.949999809265137,13.199999809265137,12.350000381469727,13.149999618530273,13.050000190734863,1342826
2018-09-17,12.899999618530273,13.149999618530273,12.649999618530273,12.699999809265137,12.699999809265137,24870
2018-09-18,12.649999618530273,13.149999618530273,12.649999618530273,12.899999618530273,12.899999618530273,750788
2018-09-19,12.800000190734863,12.800000190734863,12.399999618530273,12.5,12.5,482393
2018-09-21,12.649999618530273,12.899999618530273,11.850000381469727,12.149999618530273,12.149999618530273,92477
2018-09-24,12.0,12.300000190734863,10.5,11.399999618530273,11.399999618530273,346865
2018-09-25,11.149999618530273,11.399999618530273,10.0,11.0,11.0,260390
2018-09-26,10.899999618530273,11.449999809265137,10.600000381469727,10.899999618530273,10.899999618530273,478400
2018-09-27,11.199999809265137,11.199999809265137,10.399999618530273,10.550000190734863,10.550000190734863,856992
2018-09-28,10.699999809265137,10.75,9.5,9.550000190734863,9.550000190734863,415346
2018-10-01,9.699999809265137,9.699999809265137,7.75,8.149999618530273,8.149999618530273,751291
2018-10-03,7.949999809265137,9.5,7.800000190734863,9.25,9.25,546837
2018-10-04,9.0,9.600000381469727,8.550000190734863,9.0,9.0,123948
2018-10-05,9.0,10.25,9.0,9.600000381469727,9.600000381469727,65945
2018-10-08,9.600000381469727,9.899999618530273,9.399999618530273,9.5,9.5,123969
2018-10-09,9.5,9.5,9.149999618530273,9.399999618530273,9.399999618530273,19986
2018-10-10,9.800000190734863,10.449999809265137,9.449999809265137,10.199999809265137,10.199999809265137,246499
2018-10-11,10.199999809265137,10.199999809265137,8.649999618530273,9.050000190734863,9.050000190734863,537217
2018-10-12,9.199999809265137,9.5,8.949999809265137,9.25,9.25,195040
2018-10-15,9.699999809265137,9.699999809265137,9.050000190734863,9.300000190734863,9.300000190734863,20899
2018-10-16,9.199999809265137,9.449999809265137,9.149999618530273,9.300000190734863,9.300000190734863,353377
2018-10-17,9.300000190734863,9.5,9.050000190734863,9.199999809265137,9.199999809265137,1245924
2018-10-19,9.300000190734863,9.300000190734863,8.100000381469727,8.850000381469727,8.850000381469727,1236927
2018-10-22,9.350000381469727,9.350000381469727,8.149999618530273,8.25,8.25,592643
2018-10-23,8.600000381469727,9.0,8.100000381469727,8.800000190734863,8.800000190734863,796220
2018-10-24,8.800000190734863,9.0,8.300000190734863,8.600000381469727,8.600000381469727,236221
2018-10-25,8.649999618530273,8.75,8.050000190734863,8.649999618530273,8.649999618530273,340653
2018-10-26,8.449999809265137,8.899999618530273,7.0,8.149999618530273,8.149999618530273,856856
2018-10-29,8.5,9.149999618530273,8.0,8.949999809265137,8.949999809265137,644183
2018-10-30,8.699999809265137,10.350000381469727,8.699999809265137,9.800000190734863,9.800000190734863,763596
2018-10-31,10.0,10.25,9.800000190734863,10.0,10.0,1283126
2018-11-01,10.25,10.350000381469727,9.550000190734863,9.649999618530273,9.649999618530273,583287
2018-11-02,9.850000381469727,10.350000381469727,9.399999618530273,9.649999618530273,9.649999618530273,466872
2018-11-05,9.800000190734863,10.850000381469727,8.550000190734863,9.800000190734863,9.800000190734863,870668
2018-11-06,9.800000190734863,9.850000381469727,9.199999809265137,9.5,9.5,514792
2018-11-07,9.699999809265137,10.199999809265137,9.100000381469727,10.0,10.0,91977
2018-11-09,10.100000381469727,10.949999809265137,9.800000190734863,10.550000190734863,10.550000190734863,315324
2018-11-12,10.300000190734863,11.0,10.199999809265137,10.949999809265137,10.949999809265137,566031
2018-11-13,10.800000190734863,11.199999809265137,10.600000381469727,11.0,11.0,202818
2018-11-14,11.199999809265137,11.399999618530273,11.0,11.300000190734863,11.300000190734863,246326
2018-11-15,10.899999618530273,11.0,10.050000190734863,10.949999809265137,10.949999809265137,148573
2018-11-16,10.800000190734863,11.0,10.5,10.800000190734863,10.800000190734863,29715
2018-11-19,10.800000190734863,10.800000190734863,10.550000190734863,10.75,10.75,18488
2018-11-20,10.800000190734863,11.0,10.5,10.899999618530273,10.899999618530273,527404
2018-11-21,10.800000190734863,11.149999618530273,10.600000381469727,11.100000381469727,11.100000381469727,99803
2018-11-22,11.100000381469727,11.25,10.75,11.050000190734863,11.050000190734863,345674
2018-11-26,11.199999809265137,11.399999618530273,10.300000190734863,10.649999618530273,10.649999618530273,896363
2018-11-27,10.5,10.5,10.0,10.100000381469727,10.100000381469727,66723
2018-11-28,10.199999809265137,10.350000381469727,10.0,10.100000381469727,10.100000381469727,1859321
2018-11-29,10.25,10.25,9.600000381469727,9.949999809265137,9.949999809265137,434794
2018-11-30,9.949999809265137,10.0,9.399999618530273,9.5,9.5,194093
2018-12-03,9.399999618530273,9.800000190734863,9.399999618530273,9.649999618530273,9.649999618530273,23703
2018-12-04,9.649999618530273,9.699999809265137,9.550000190734863,9.550000190734863,9.550000190734863,29424
2018-12-05,9.5,9.75,9.5,9.600000381469727,9.600000381469727,520628
2018-12-06,9.75,9.75,8.800000190734863,9.25,9.25,2030267
2018-12-07,9.100000381469727,9.300000190734863,8.550000190734863,9.0,9.0,76327
2018-12-10,8.5,9.199999809265137,8.5,9.100000381469727,9.100000381469727,24450
2018-12-11,8.600000381469727,9.649999618530273,8.600000381469727,9.449999809265137,9.449999809265137,254357
2018-12-12,9.699999809265137,9.850000381469727,8.800000190734863,9.100000381469727,9.100000381469727,150310
2018-12-13,9.149999618530273,9.199999809265137,8.949999809265137,9.0,9.0,272565
2018-12-14,8.949999809265137,9.100000381469727,8.699999809265137,9.0,9.0,71865
2018-12-17,9.0,9.100000381469727,8.800000190734863,8.949999809265137,8.949999809265137,255739
2018-12-18,8.949999809265137,9.25,8.850000381469727,9.050000190734863,9.050000190734863,663144
2018-12-19,9.100000381469727,9.300000190734863,8.800000190734863,9.050000190734863,9.050000190734863,252694
2018-12-20,8.75,8.949999809265137,8.699999809265137,8.899999618530273,8.899999618530273,353457
2018-12-21,8.899999618530273,9.0,8.800000190734863,8.850000381469727,8.850000381469727,295355
2018-12-24,8.850000381469727,8.949999809265137,8.350000381469727,8.449999809265137,8.449999809265137,252701
2018-12-26,8.699999809265137,8.699999809265137,8.399999618530273,8.649999618530273,8.649999618530273,41978
2018-12-27,8.649999618530273,8.800000190734863,8.649999618530273,8.699999809265137,8.699999809265137,1465158
2018-12-28,8.850000381469727,8.899999618530273,8.600000381469727,8.75,8.75,321025
2018-12-31,8.949999809265137,9.0,8.600000381469727,8.800000190734863,8.800000190734863,1634390
2019-01-01,8.75,8.949999809265137,8.649999618530273,8.800000190734863,8.800000190734863,420587
2019-01-02,8.850000381469727,9.149999618530273,8.800000190734863,9.0,9.0,41558
2019-01-03,9.0,9.300000190734863,8.850000381469727,9.100000381469727,9.100000381469727,40435
2019-01-04,9.399999618530273,9.5,8.899999618530273,9.350000381469727,9.350000381469727,41482
2019-01-07,9.5,9.649999618530273,9.0,9.050000190734863,9.050000190734863,343658
2019-01-08,9.050000190734863,9.300000190734863,8.949999809265137,9.149999618530273,9.149999618530273,42546
2019-01-09,9.050000190734863,9.350000381469727,8.899999618530273,9.0,9.0,8043
2019-01-10,9.100000381469727,9.149999618530273,8.5,8.649999618530273,8.649999618530273,571477
2019-01-11,8.649999618530273,8.800000190734863,8.649999618530273,8.699999809265137,8.699999809265137,25165
2019-01-14,8.600000381469727,8.800000190734863,8.550000190734863,8.75,8.75,87905
2019-01-15,8.800000190734863,8.800000190734863,8.600000381469727,8.699999809265137,8.699999809265137,214125
2019-01-16,8.75,9.350000381469727,8.600000381469727,9.149999618530273,9.149999618530273,447241
2019-01-17,9.050000190734863,9.25,8.850000381469727,9.050000190734863,9.050000190734863,317738
2019-01-18,9.0,9.199999809265137,8.800000190734863,8.899999618530273,8.899999618530273,114285
2019-01-21,9.0,9.050000190734863,8.75,8.800000190734863,8.800000190734863,55965
2019-01-22,8.850000381469727,9.0,8.550000190734863,8.600000381469727,8.600000381469727,24591
2019-01-23,8.649999618530273,8.949999809265137,8.649999618530273,8.75,8.75,18485
2019-01-24,8.800000190734863,9.0,8.699999809265137,8.800000190734863,8.800000190734863,6743
2019-01-25,8.800000190734863,8.850000381469727,8.600000381469727,8.699999809265137,8.699999809265137,153063
2019-01-28,8.600000381469727,8.75,8.550000190734863,8.699999809265137,8.699999809265137,17731
2019-01-29,8.800000190734863,8.899999618530273,7.5,7.849999904632568,7.849999904632568,359843
2019-01-30,8.100000381469727,8.100000381469727,7.699999809265137,7.75,7.75,29888
2019-01-31,8.0,8.0,7.150000095367432,7.349999904632568,7.349999904632568,136216
2019-02-01,7.25,7.650000095367432,7.25,7.400000095367432,7.400000095367432,26299
2019-02-04,7.400000095367432,7.699999809265137,7.0,7.300000190734863,7.300000190734863,57491
2019-02-05,7.300000190734863,7.300000190734863,6.949999809265137,7.050000190734863,7.050000190734863,159481
2019-02-06,7.050000190734863,7.199999809265137,6.849999904632568,7.0,7.0,123872
2019-02-07,7.0,7.300000190734863,7.0,7.150000095367432,7.150000095367432,34782
2019-02-08,7.099999904632568,7.199999809265137,7.0,7.0,7.0,9430
2019-02-11,7.050000190734863,7.25,7.0,7.099999904632568,7.099999904632568,17072
2019-02-12,7.0,7.349999904632568,7.0,7.0,7.0,32946
2019-02-14,7.400000095367432,7.400000095367432,7.0,7.050000190734863,7.050000190734863,4667
2019-02-15,7.050000190734863,7.25,6.849999904632568,6.900000095367432,6.900000095367432,438048
2019-02-18,7.0,7.0,6.25,6.75,6.75,112560
2019-02-19,6.849999904632568,6.900000095367432,6.300000190734863,6.400000095367432,6.400000095367432,66338
2019-02-20,6.349999904632568,6.550000190734863,6.150000095367432,6.199999809265137,6.199999809265137,70002
2019-02-21,6.300000190734863,6.300000190734863,5.900000095367432,6.0,6.0,393173
2019-02-22,6.199999809265137,6.349999904632568,6.050000190734863,6.25,6.25,74766
2019-02-25,6.099999904632568,6.449999809265137,5.900000095367432,6.25,6.25,49274
2019-02-26,6.099999904632568,6.75,5.900000095367432,6.400000095367432,6.400000095367432,225861
2019-02-27,6.5,6.5,6.199999809265137,6.400000095367432,6.400000095367432,54218
2019-02-28,6.400000095367432,6.449999809265137,6.199999809265137,6.349999904632568,6.349999904632568,96163
2019-03-01,6.400000095367432,6.449999809265137,6.150000095367432,6.349999904632568,6.349999904632568,27430
2019-03-05,6.349999904632568,7.0,6.199999809265137,6.949999809265137,6.949999809265137,97439
2019-03-06,7.099999904632568,7.650000095367432,7.099999904632568,7.349999904632568,7.349999904632568,80704
2019-03-07,7.25,7.25,6.900000095367432,7.099999904632568,7.099999904632568,17432
2019-03-08,7.199999809265137,7.550000190734863,7.0,7.150000095367432,7.150000095367432,28840
2019-03-11,7.349999904632568,7.349999904632568,7.0,7.050000190734863,7.050000190734863,66631
2019-03-12,7.0,7.199999809265137,6.900000095367432,7.099999904632568,7.099999904632568,64966
2019-03-13,7.099999904632568,7.199999809265137,7.0,7.199999809265137,7.199999809265137,6307
2019-03-14,7.0,7.199999809265137,6.849999904632568,7.099999904632568,7.099999904632568,21440
2019-03-15,7.25,7.25,6.949999809265137,7.0,7.0,31333
2019-03-18,7.0,7.099999904632568,6.400000095367432,6.800000190734863,6.800000190734863,28054
2019-03-19,6.900000095367432,7.150000095367432,6.650000095367432,7.050000190734863,7.050000190734863,45011
2019-03-20,7.150000095367432,7.199999809265137,6.800000190734863,7.050000190734863,7.050000190734863,130494
2019-03-22,7.150000095367432,7.199999809265137,6.699999809265137,6.900000095367432,6.900000095367432,66623
2019-03-25,6.900000095367432,7.099999904632568,6.300000190734863,6.900000095367432,6.900000095367432,724845
2019-03-26,6.900000095367432,7.050000190734863,6.800000190734863,7.0,7.0,719836
2019-03-27,7.0,7.0,6.099999904632568,6.550000190734863,6.550000190734863,379987
2019-03-28,6.650000095367432,7.150000095367432,6.650000095367432,7.0,7.0,64636
2019-04-01,7.050000190734863,7.099999904632568,6.75,6.949999809265137,6.949999809265137,16029
2019-04-02,6.900000095367432,7.199999809265137,6.800000190734863,7.099999904632568,7.099999904632568,38804
2019-04-03,7.099999904632568,7.349999904632568,7.0,7.300000190734863,7.300000190734863,27636
2019-04-04,7.349999904632568,7.400000095367432,7.050000190734863,7.25,7.25,24789
2019-04-05,7.25,7.349999904632568,6.949999809265137,7.050000190734863,7.050000190734863,146360
2019-04-08,7.0,7.150000095367432,7.0,7.0,7.0,16123
2019-04-09,7.0,7.099999904632568,6.900000095367432,7.0,7.0,12535
2019-04-10,7.0,7.150000095367432,6.900000095367432,7.050000190734863,7.050000190734863,6714
2019-04-11,7.099999904632568,7.099999904632568,6.900000095367432,7.0,7.0,7105
2019-04-12,7.099999904632568,7.199999809265137,6.949999809265137,6.949999809265137,6.949999809265137,6792
2019-04-15,7.0,7.099999904632568,6.550000190734863,6.949999809265137,6.949999809265137,13478
2019-04-16,6.949999809265137,7.150000095367432,6.800000190734863,6.949999809265137,6.949999809265137,11855
2019-04-18,6.949999809265137,7.199999809265137,6.900000095367432,7.050000190734863,7.050000190734863,13734
2019-04-22,7.050000190734863,7.050000190734863,6.849999904632568,6.900000095367432,6.900000095367432,11261
2019-04-23,6.900000095367432,6.949999809265137,6.800000190734863,6.849999904632568,6.849999904632568,11927
2019-04-24,6.800000190734863,7.0,6.599999904632568,6.75,6.75,13138
2019-04-25,6.800000190734863,6.949999809265137,6.699999809265137,6.800000190734863,6.800000190734863,5173
2019-04-26,6.800000190734863,6.949999809265137,6.599999904632568,6.75,6.75,3373
2019-04-30,6.800000190734863,6.800000190734863,6.349999904632568,6.5,6.5,23853
2019-05-02,6.650000095367432,6.800000190734863,6.5,6.650000095367432,6.650000095367432,10075
2019-05-03,6.650000095367432,6.699999809265137,6.5,6.599999904632568,6.599999904632568,3345
2019-05-06,6.599999904632568,6.599999904632568,6.300000190734863,6.349999904632568,6.349999904632568,22944
2019-05-07,6.400000095367432,6.449999809265137,6.199999809265137,6.25,6.25,16366
2019-05-08,6.25,6.25,5.800000190734863,5.900000095367432,5.900000095367432,62505
2019-05-09,6.0,6.099999904632568,5.800000190734863,5.900000095367432,5.900000095367432,11939
2019-05-10,6.050000190734863,6.050000190734863,5.800000190734863,5.900000095367432,5.900000095367432,24581
2019-05-13,5.900000095367432,5.949999809265137,5.300000190734863,5.449999809265137,5.449999809265137,37781
2019-05-14,5.400000095367432,5.699999809265137,5.25,5.400000095367432,5.400000095367432,3406783
2019-05-15,5.400000095367432,5.449999809265137,4.900000095367432,5.050000190734863,5.050000190734863,66255
2019-05-16,5.050000190734863,5.099999904632568,4.849999904632568,4.900000095367432,4.900000095367432,35956
2019-05-17,4.900000095367432,5.800000190734863,4.900000095367432,5.400000095367432,5.400000095367432,98984
2019-05-20,5.5,6.400000095367432,5.25,5.949999809265137,5.949999809265137,766604
2019-05-21,6.099999904632568,6.449999809265137,5.650000095367432,6.050000190734863,6.050000190734863,282845
2019-05-22,5.800000190734863,6.650000095367432,5.300000190734863,5.849999904632568,5.849999904632568,272448
2019-05-23,5.75,6.0,5.650000095367432,5.800000190734863,5.800000190734863,113277
2019-05-24,5.699999809265137,6.199999809265137,5.699999809265137,6.050000190734863,6.050000190734863,194494
2019-05-27,5.949999809265137,6.5,5.900000095367432,6.400000095367432,6.400000095367432,111679
2019-05-28,6.449999809265137,6.699999809265137,6.199999809265137,6.449999809265137,6.449999809265137,1744552
2019-05-29,6.449999809265137,6.550000190734863,6.25,6.5,6.5,516474
2019-05-30,6.349999904632568,6.5,5.199999809265137,5.349999904632568,5.349999904632568,1615795
2019-05-31,5.300000190734863,6.400000095367432,5.050000190734863,6.400000095367432,6.400000095367432,901891
2019-06-03,6.75,6.75,5.650000095367432,5.949999809265137,5.949999809265137,1067151
2019-06-04,6.050000190734863,6.099999904632568,5.099999904632568,5.199999809265137,5.199999809265137,1902002
2019-06-06,5.199999809265137,5.449999809265137,5.150000095367432,5.199999809265137,5.199999809265137,476678
2019-06-07,5.199999809265137,5.349999904632568,4.75,4.800000190734863,4.800000190734863,1000229
2019-06-10,4.949999809265137,5.0,3.9000000953674316,4.0,4.0,1575181
2019-06-11,3.9000000953674316,4.400000095367432,3.5999999046325684,4.0,4.0,3740883
2019-06-12,3.9000000953674316,4.300000190734863,3.5999999046325684,3.6500000953674316,3.6500000953674316,1235604
2019-06-13,3.6500000953674316,3.700000047683716,3.299999952316284,3.299999952316284,3.299999952316284,521179
2019-06-14,3.049999952316284,3.0999999046325684,3.0,3.0,3.0,3695329
2019-06-17,3.0999999046325684,3.0999999046325684,2.8499999046325684,2.8499999046325684,2.8499999046325684,114342
2019-06-18,2.8499999046325684,2.8499999046325684,2.75,2.75,2.75,356898
2019-06-19,2.799999952316284,2.8499999046325684,2.6500000953674316,2.8499999046325684,2.8499999046325684,147003
2019-06-20,2.799999952316284,2.950000047683716,2.799999952316284,2.950000047683716,2.950000047683716,36926
2019-06-21,2.950000047683716,3.049999952316284,2.8499999046325684,3.049999952316284,3.049999952316284,42824
2019-06-24,3.200000047683716,3.200000047683716,3.0,3.200000047683716,3.200000047683716,84139
2019-06-25,3.3499999046325684,3.3499999046325684,3.049999952316284,3.049999952316284,3.049999952316284,116850
2019-06-26,3.0,3.200000047683716,2.9000000953674316,3.0999999046325684,3.0999999046325684,46720
2019-06-27,3.0,3.25,3.0,3.0999999046325684,3.0999999046325684,32728
2019-06-28,3.0999999046325684,3.0999999046325684,2.950000047683716,3.0,3.0,33942
2019-07-01,3.0999999046325684,3.0999999046325684,2.8499999046325684,2.8499999046325684,2.8499999046325684,48607
2019-07-02,2.75,2.75,2.75,2.75,2.75,19133
2019-07-03,2.8499999046325684,2.8499999046325684,2.6500000953674316,2.700000047683716,2.700000047683716,52840
2019-07-04,2.5999999046325684,2.799999952316284,2.5999999046325684,2.5999999046325684,2.5999999046325684,43111
2019-07-05,2.5,2.6500000953674316,2.5,2.5,2.5,97854
2019-07-08,2.4000000953674316,2.5,2.4000000953674316,2.4000000953674316,2.4000000953674316,33578
2019-07-09,2.4000000953674316,2.4000000953674316,2.299999952316284,2.299999952316284,2.299999952316284,11506
2019-07-10,2.200000047683716,2.200000047683716,2.200000047683716,2.200000047683716,2.200000047683716,34943
2019-07-11,2.200000047683716,2.299999952316284,2.0999999046325684,2.0999999046325684,2.0999999046325684,115830
2019-07-12,2.0,2.200000047683716,2.0,2.049999952316284,2.049999952316284,123220
2019-07-15,1.9500000476837158,2.1500000953674316,1.9500000476837158,2.1500000953674316,2.1500000953674316,100795
2019-07-16,2.049999952316284,2.200000047683716,2.049999952316284,2.1500000953674316,2.1500000953674316,98190
2019-07-17,2.0999999046325684,2.25,2.049999952316284,2.200000047683716,2.200000047683716,84765
2019-07-18,2.1500000953674316,2.299999952316284,2.0999999046325684,2.25,2.25,104674
2019-07-19,2.25,2.3499999046325684,2.1500000953674316,2.1500000953674316,2.1500000953674316,109574
2019-07-22,2.25,2.25,2.0999999046325684,2.1500000953674316,2.1500000953674316,77809
2019-07-23,2.200000047683716,2.200000047683716,2.0999999046325684,2.1500000953674316,2.1500000953674316,25260
2019-07-24,2.1500000953674316,2.200000047683716,2.049999952316284,2.1500000953674316,2.1500000953674316,18310
2019-07-25,2.049999952316284,2.200000047683716,2.049999952316284,2.049999952316284,2.049999952316284,69978
2019-07-26,2.049999952316284,2.0999999046325684,2.0,2.0,2.0,36606
2019-07-29,2.0999999046325684,2.0999999046325684,1.899999976158142,2.049999952316284,2.049999952316284,129665
2019-07-30,2.049999952316284,2.1500000953674316,1.9500000476837158,1.9500000476837158,1.9500000476837158,294112
2019-07-31,1.899999976158142,1.9500000476837158,1.899999976158142,1.899999976158142,1.899999976158142,82420
2019-08-01,1.899999976158142,1.899999976158142,1.850000023841858,1.850000023841858,1.850000023841858,73580
2019-08-02,1.7999999523162842,1.850000023841858,1.7999999523162842,1.7999999523162842,1.7999999523162842,18024
2019-08-05,1.7999999523162842,1.850000023841858,1.75,1.75,1.75,14740
2019-08-06,1.7999999523162842,1.7999999523162842,1.7000000476837158,1.75,1.75,229254
2019-08-07,1.7999999523162842,1.7999999523162842,1.7000000476837158,1.75,1.75,1006453
2019-08-08,1.75,1.7999999523162842,1.7000000476837158,1.7999999523162842,1.7999999523162842,184570
2019-08-09,1.850000023841858,1.850000023841858,1.75,1.75,1.75,189900
2019-08-13,1.7999999523162842,1.7999999523162842,1.7000000476837158,1.7999999523162842,1.7999999523162842,168469
2019-08-14,1.7999999523162842,1.850000023841858,1.75,1.75,1.75,139241
2019-08-16,1.75,1.7999999523162842,1.7000000476837158,1.7999999523162842,1.7999999523162842,12698
2019-08-19,1.7999999523162842,1.7999999523162842,1.75,1.75,1.75,95559
2019-08-20,1.7999999523162842,1.7999999523162842,1.7000000476837158,1.7000000476837158,1.7000000476837158,1750838
2019-08-21,1.75,1.75,1.649999976158142,1.7000000476837158,1.7000000476837158,117856
2019-08-22,1.75,1.75,1.649999976158142,1.649999976158142,1.649999976158142,17676
2019-08-23,1.600000023841858,1.7000000476837158,1.600000023841858,1.649999976158142,1.649999976158142,1030916
2019-08-26,1.7000000476837158,1.7000000476837158,1.600000023841858,1.600000023841858,1.600000023841858,593271
2019-08-27,1.600000023841858,1.649999976158142,1.5499999523162842,1.5499999523162842,1.5499999523162842,27638
2019-08-28,1.5,1.5499999523162842,1.5,1.5,1.5,305121
2019-08-29,1.5,1.5,1.4500000476837158,1.4500000476837158,1.4500000476837158,502617
2019-08-30,1.4500000476837158,1.4500000476837158,1.399999976158142,1.399999976158142,1.399999976158142,7422
2019-09-03,1.350000023841858,1.350000023841858,1.350000023841858,1.350000023841858,1.350000023841858,2002778
2019-09-04,1.2999999523162842,1.2999999523162842,1.2999999523162842,1.2999999523162842,1.2999999523162842,1065622
2019-09-05,1.25,1.25,1.25,1.25,1.25,49628
2019-09-06,1.2999999523162842,1.2999999523162842,1.2000000476837158,1.2000000476837158,1.2000000476837158,1131621
2019-09-09,1.2000000476837158,1.2000000476837158,1.149999976158142,1.149999976158142,1.149999976158142,1029468
2019-09-11,1.100000023841858,1.100000023841858,1.100000023841858,1.100000023841858,1.100000023841858,93696
2019-09-12,1.149999976158142,1.149999976158142,1.0499999523162842,1.100000023841858,1.100000023841858,278776
2019-09-13,1.149999976158142,1.149999976158142,1.0499999523162842,1.100000023841858,1.100000023841858,1070081
2019-09-16,1.149999976158142,1.149999976158142,1.0499999523162842,1.100000023841858,1.100000023841858,161527
2019-09-17,1.149999976158142,1.149999976158142,1.0499999523162842,1.100000023841858,1.100000023841858,242964
2019-09-18,1.0499999523162842,1.100000023841858,1.0499999523162842,1.0499999523162842,1.0499999523162842,169365
2019-09-19,1.0499999523162842,1.0499999523162842,1.0,1.0,1.0,249685
2019-09-20,1.0,1.0,0.949999988079071,0.949999988079071,0.949999988079071,36871
2019-09-23,0.8999999761581421,0.8999999761581421,0.8999999761581421,0.8999999761581421,0.8999999761581421,48556
2019-09-24,0.8500000238418579,0.8500000238418579,0.8500000238418579,0.8500000238418579,0.8500000238418579,49535
2019-09-25,0.800000011920929,0.800000011920929,0.800000011920929,0.800000011920929,0.800000011920929,40491
2019-09-26,0.75,0.75,0.75,0.75,0.75,13917
2019-09-27,0.75,0.75,0.699999988079071,0.699999988079071,0.699999988079071,23913
2019-09-30,0.699999988079071,0.699999988079071,0.6499999761581421,0.6499999761581421,0.6499999761581421,255527
2019-10-01,0.6000000238418579,0.699999988079071,0.6000000238418579,0.699999988079071,0.699999988079071,13417
2019-10-03,0.75,0.75,0.75,0.75,0.75,63245
2019-10-04,0.800000011920929,0.800000011920929,0.75,0.75,0.75,75630
2019-10-07,0.75,0.800000011920929,0.75,0.75,0.75,26651
2019-10-09,0.800000011920929,0.800000011920929,0.75,0.75,0.75,26405
2019-10-10,0.75,0.800000011920929,0.75,0.800000011920929,0.800000011920929,21218
2019-10-11,0.800000011920929,0.800000011920929,0.75,0.75,0.75,31070
2019-10-14,0.699999988079071,0.699999988079071,0.699999988079071,0.699999988079071,0.699999988079071,3236
2019-10-15,0.6499999761581421,0.6499999761581421,0.6499999761581421,0.6499999761581421,0.6499999761581421,17650
2019-10-16,0.6499999761581421,0.6499999761581421,0.6000000238418579,0.6000000238418579,0.6000000238418579,39223
2019-10-17,0.550000011920929,0.550000011920929,0.550000011920929,0.550000011920929,0.550000011920929,48872
2019-10-18,0.5,0.5,0.5,0.5,0.5,39763
2019-10-22,0.44999998807907104,0.44999998807907104,0.44999998807907104,0.44999998807907104,0.44999998807907104,173854
2019-10-23,0.4000000059604645,0.5,0.4000000059604645,0.44999998807907104,0.44999998807907104,6995276
2019-10-24,0.44999998807907104,0.5,0.4000000059604645,0.4000000059604645,0.4000000059604645,273546
2019-10-25,0.4000000059604645,0.4000000059604645,0.3499999940395355,0.4000000059604645,0.4000000059604645,97419
2019-10-29,0.44999998807907104,0.44999998807907104,0.4000000059604645,0.44999998807907104,0.44999998807907104,437271
2019-10-30,0.44999998807907104,0.44999998807907104,0.4000000059604645,0.4000000059604645,0.4000000059604645,337887
2019-10-31,0.4000000059604645,0.44999998807907104,0.3499999940395355,0.4000000059604645,0.4000000059604645,210052
2019-11-01,0.44999998807907104,0.44999998807907104,0.3499999940395355,0.4000000059604645,0.4000000059604645,273390
2019-11-04,0.4000000059604645,0.4000000059604645,0.4000000059604645,0.4000000059604645,0.4000000059604645,0
2019-11-05,0.4000000059604645,0.4000000059604645,0.4000000059604645,0.4000000059604645,0.4000000059604645,0
2019-11-06,0.4000000059604645,0.4000000059604645,0.4000000059604645,0.4000000059604645,0.4000000059604645,0
2019-11-07,0.4000000059604645,0.4000000059604645,0.4000000059604645,0.4000000059604645,0.4000000059604645,0
2019-11-08,0.4000000059604645,0.4000000059604645,0.4000000059604645,0.4000000059604645,0.4000000059604645,0
2019-11-11,0.4000000059604645,0.4000000059604645,0.4000000059604645,0.4000000059604645,0.4000000059604645,0
2019-11-13,0.4000000059604645,0.4000000059604645,0.4000000059604645,0.4000000059604645,0.4000000059604645,0
2019-11-14,0.4000000059604645,0.4000000059604645,0.4000000059604645,0.4000000059604645,0.4000000059604645,0
2019-11-15,0.4000000059604645,0.4000000059604645,0.4000000059604645,0.4000000059604645,0.4000000059604645,0
2019-11-18,0.4000000059604645,0.4000000059604645,0.4000000059604645,0.4000000059604645,0.4000000059604645,0
2019-11-19,0.4000000059604645,0.4000000059604645,0.4000000059604645,0.4000000059604645,0.4000000059604645,0
2019-11-20,0.4000000059604645,0.4000000059604645,0.4000000059604645,0.4000000059604645,0.4000000059604645,0
2019-11-21,0.4000000059604645,0.4000000059604645,0.4000000059604645,0.4000000059604645,0.4000000059604645,0
2019-11-22,0.4000000059604645,0.4000000059604645,0.4000000059604645,0.4000000059604645,0.4000000059604645,0
2019-11-25,0.3499999940395355,0.44999998807907104,0.3499999940395355,0.44999998807907104,0.44999998807907104,181198
2019-11-26,0.44999998807907104,0.44999998807907104,0.44999998807907104,0.44999998807907104,0.44999998807907104,0
2019-11-27,0.44999998807907104,0.44999998807907104,0.44999998807907104,0.44999998807907104,0.44999998807907104,0
2019-11-28,0.44999998807907104,0.44999998807907104,0.44999998807907104,0.44999998807907104,0.44999998807907104,0
2019-11-29,0.44999998807907104,0.44999998807907104,0.44999998807907104,0.44999998807907104,0.44999998807907104,0
2019-12-02,0.4000000059604645,0.5,0.4000000059604645,0.44999998807907104,0.44999998807907104,271530
2019-12-03,0.44999998807907104,0.44999998807907104,0.44999998807907104,0.44999998807907104,0.44999998807907104,0
2019-12-04,0.44999998807907104,0.44999998807907104,0.44999998807907104,0.44999998807907104,0.44999998807907104,0
2019-12-05,0.44999998807907104,0.44999998807907104,0.44999998807907104,0.44999998807907104,0.44999998807907104,0
2019-12-06,0.44999998807907104,0.44999998807907104,0.44999998807907104,0.44999998807907104,0.44999998807907104,0
2019-12-09,0.44999998807907104,0.5,0.4000000059604645,0.5,0.5,43379
2019-12-10,0.5,0.5,0.5,0.5,0.5,0
2019-12-11,0.5,0.5,0.5,0.5,0.5,0
2019-12-12,0.5,0.5,0.5,0.5,0.5,0
2019-12-13,0.5,0.5,0.5,0.5,0.5,0
2019-12-16,0.5,0.550000011920929,0.44999998807907104,0.44999998807907104,0.44999998807907104,153499
2019-12-17,0.44999998807907104,0.44999998807907104,0.44999998807907104,0.44999998807907104,0.44999998807907104,0
2019-12-18,0.44999998807907104,0.44999998807907104,0.44999998807907104,0.44999998807907104,0.44999998807907104,0
2019-12-19,0.44999998807907104,0.44999998807907104,0.44999998807907104,0.44999998807907104,0.44999998807907104,0
2019-12-20,0.44999998807907104,0.44999998807907104,0.44999998807907104,0.44999998807907104,0.44999998807907104,0
2019-12-23,0.44999998807907104,0.5,0.44999998807907104,0.5,0.5,18732
2019-12-24,0.5,0.5,0.5,0.5,0.5,0
2019-12-26,0.5,0.5,0.5,0.5,0.5,0
2019-12-27,0.5,0.5,0.5,0.5,0.5,0
2019-12-30,0.5,0.550000011920929,0.44999998807907104,0.5,0.5,280326
2019-12-31,0.5,0.5,0.5,0.5,0.5,0
2020-01-01,0.5,0.5,0.5,0.5,0.5,0
2020-01-02,0.5,0.5,0.5,0.5,0.5,0
2020-01-03,0.5,0.5,0.5,0.5,0.5,0
2020-01-06,0.550000011920929,0.550000011920929,0.44999998807907104,0.44999998807907104,0.44999998807907104,265944
2020-01-07,0.44999998807907104,0.44999998807907104,0.44999998807907104,0.44999998807907104,0.44999998807907104,0
2020-01-08,0.44999998807907104,0.44999998807907104,0.44999998807907104,0.44999998807907104,0.44999998807907104,0
2020-01-09,0.44999998807907104,0.44999998807907104,0.44999998807907104,0.44999998807907104,0.44999998807907104,0
2020-01-10,0.44999998807907104,0.44999998807907104,0.44999998807907104,0.44999998807907104,0.44999998807907104,0
2020-01-13,0.5,0.5,0.4000000059604645,0.44999998807907104,0.44999998807907104,76652
2020-01-14,0.44999998807907104,0.44999998807907104,0.44999998807907104,0.44999998807907104,0.44999998807907104,0
2020-01-15,0.44999998807907104,0.44999998807907104,0.44999998807907104,0.44999998807907104,0.44999998807907104,0
2020-01-16,0.44999998807907104,0.44999998807907104,0.44999998807907104,0.44999998807907104,0.44999998807907104,0
2020-01-17,0.44999998807907104,0.44999998807907104,0.44999998807907104,0.44999998807907104,0.44999998807907104,0
2020-01-20,0.5,0.5,0.4000000059604645,0.44999998807907104,0.44999998807907104,79315
2020-01-21,0.44999998807907104,0.44999998807907104,0.44999998807907104,0.44999998807907104,0.44999998807907104,0
2020-01-22,0.44999998807907104,0.44999998807907104,0.44999998807907104,0.44999998807907104,0.44999998807907104,0
2020-01-23,0.44999998807907104,0.44999998807907104,0.44999998807907104,0.44999998807907104,0.44999998807907104,0
2020-01-24,0.44999998807907104,0.44999998807907104,0.44999998807907104,0.44999998807907104,0.44999998807907104,0
2020-01-27,0.4000000059604645,0.44999998807907104,0.4000000059604645,0.44999998807907104,0.44999998807907104,19377
2020-01-28,0.44999998807907104,0.44999998807907104,0.44999998807907104,0.44999998807907104,0.44999998807907104,0
2020-01-29,0.44999998807907104,0.44999998807907104,0.44999998807907104,0.44999998807907104,0.44999998807907104,0
2020-01-30,0.44999998807907104,0.44999998807907104,0.44999998807907104,0.44999998807907104,0.44999998807907104,0
2020-01-31,0.44999998807907104,0.44999998807907104,0.44999998807907104,0.44999998807907104,0.44999998807907104,0
2020-02-03,0.44999998807907104,0.44999998807907104,0.4000000059604645,0.4000000059604645,0.4000000059604645,27020
2020-02-04,0.4000000059604645,0.4000000059604645,0.4000000059604645,0.4000000059604645,0.4000000059604645,0
2020-02-05,0.4000000059604645,0.4000000059604645,0.4000000059604645,0.4000000059604645,0.4000000059604645,0
2020-02-06,0.4000000059604645,0.4000000059604645,0.4000000059604645,0.4000000059604645,0.4000000059604645,0
2020-02-07,0.4000000059604645,0.4000000059604645,0.4000000059604645,0.4000000059604645,0.4000000059604645,0
2020-02-10,0.3499999940395355,0.4000000059604645,0.3499999940395355,0.3499999940395355,0.3499999940395355,151413
2020-02-11,0.3499999940395355,0.3499999940395355,0.3499999940395355,0.3499999940395355,0.3499999940395355,0
2020-02-12,0.3499999940395355,0.3499999940395355,0.3499999940395355,0.3499999940395355,0.3499999940395355,0
2020-02-13,0.3499999940395355,0.3499999940395355,0.3499999940395355,0.3499999940395355,0.3499999940395355,0
2020-02-14,0.3499999940395355,0.3499999940395355,0.3499999940395355,0.3499999940395355,0.3499999940395355,0
2020-02-17,0.4000000059604645,0.4000000059604645,0.30000001192092896,0.3499999940395355,0.3499999940395355,72434
2020-02-18,0.3499999940395355,0.3499999940395355,0.3499999940395355,0.3499999940395355,0.3499999940395355,0
2020-02-19,0.3499999940395355,0.3499999940395355,0.3499999940395355,0.3499999940395355,0.3499999940395355,0
2020-02-20,0.3499999940395355,0.3499999940395355,0.3499999940395355,0.3499999940395355,0.3499999940395355,0
2020-02-24,0.30000001192092896,0.3499999940395355,0.30000001192092896,0.30000001192092896,0.30000001192092896,25837
2020-02-25,0.30000001192092896,0.30000001192092896,0.30000001192092896,0.30000001192092896,0.30000001192092896,0
2020-02-26,0.30000001192092896,0.30000001192092896,0.30000001192092896,0.30000001192092896,0.30000001192092896,0
2020-02-27,0.30000001192092896,0.30000001192092896,0.30000001192092896,0.30000001192092896,0.30000001192092896,0
2020-02-28,0.30000001192092896,0.30000001192092896,0.30000001192092896,0.30000001192092896,0.30000001192092896,0
2020-03-02,0.3499999940395355,0.3499999940395355,0.25,0.3499999940395355,0.3499999940395355,62905
2020-03-03,0.3499999940395355,0.3499999940395355,0.3499999940395355,0.3499999940395355,0.3499999940395355,0
2020-03-04,0.3499999940395355,0.3499999940395355,0.3499999940395355,0.3499999940395355,0.3499999940395355,0
2020-03-05,0.3499999940395355,0.3499999940395355,0.3499999940395355,0.3499999940395355,0.3499999940395355,0
2020-03-06,0.3499999940395355,0.3499999940395355,0.3499999940395355,0.3499999940395355,0.3499999940395355,0
2020-03-09,0.3499999940395355,0.3499999940395355,0.30000001192092896,0.30000001192092896,0.30000001192092896,77015
2020-03-11,0.30000001192092896,0.30000001192092896,0.30000001192092896,0.30000001192092896,0.30000001192092896,0
2020-03-12,0.30000001192092896,0.30000001192092896,0.30000001192092896,0.30000001192092896,0.30000001192092896,0
2020-03-13,0.30000001192092896,0.30000001192092896,0.30000001192092896,0.30000001192092896,0.30000001192092896,0
2020-03-16,0.30000001192092896,0.3499999940395355,0.30000001192092896,0.30000001192092896,0.30000001192092896,76801
2020-03-17,0.30000001192092896,0.30000001192092896,0.30000001192092896,0.30000001192092896,0.30000001192092896,0
2020-03-18,0.30000001192092896,0.30000001192092896,0.30000001192092896,0.30000001192092896,0.30000001192092896,0
2020-03-19,0.30000001192092896,0.30000001192092896,0.30000001192092896,0.30000001192092896,0.30000001192092896,0
2020-03-20,0.30000001192092896,0.30000001192092896,0.30000001192092896,0.30000001192092896,0.30000001192092896,0
2020-03-23,0.30000001192092896,0.30000001192092896,0.25,0.30000001192092896,0.30000001192092896,12500
2020-03-24,0.30000001192092896,0.30000001192092896,0.30000001192092896,0.30000001192092896,0.30000001192092896,0
2020-03-25,0.30000001192092896,0.30000001192092896,0.30000001192092896,0.30000001192092896,0.30000001192092896,0
2020-03-26,0.30000001192092896,0.30000001192092896,0.30000001192092896,0.30000001192092896,0.30000001192092896,0
2020-03-27,0.30000001192092896,0.30000001192092896,0.30000001192092896,0.30000001192092896,0.30000001192092896,0
2020-03-30,0.30000001192092896,0.3499999940395355,0.25,0.30000001192092896,0.30000001192092896,32887
2020-03-31,0.30000001192092896,0.30000001192092896,0.30000001192092896,0.30000001192092896,0.30000001192092896,0
2020-04-01,0.30000001192092896,0.30000001192092896,0.30000001192092896,0.30000001192092896,0.30000001192092896,0
2020-04-03,0.30000001192092896,0.30000001192092896,0.30000001192092896,0.30000001192092896,0.30000001192092896,0
2020-04-07,0.30000001192092896,0.3499999940395355,0.30000001192092896,0.30000001192092896,0.30000001192092896,42630
2020-04-08,0.30000001192092896,0.30000001192092896,0.30000001192092896,0.30000001192092896,0.30000001192092896,0
2020-04-09,0.30000001192092896,0.30000001192092896,0.30000001192092896,0.30000001192092896,0.30000001192092896,0
2020-04-13,0.3499999940395355,0.3499999940395355,0.25,0.30000001192092896,0.30000001192092896,49344
2020-04-15,0.30000001192092896,0.30000001192092896,0.30000001192092896,0.30000001192092896,0.30000001192092896,0
2020-04-16,0.30000001192092896,0.30000001192092896,0.30000001192092896,0.30000001192092896,0.30000001192092896,0
2020-04-17,0.30000001192092896,0.30000001192092896,0.30000001192092896,0.30000001192092896,0.30000001192092896,0
2020-04-20,0.30000001192092896,0.3499999940395355,0.25,0.3499999940395355,0.3499999940395355,87957
2020-04-21,0.3499999940395355,0.3499999940395355,0.3499999940395355,0.3499999940395355,0.3499999940395355,0
2020-04-22,0.3499999940395355,0.3499999940395355,0.3499999940395355,0.3499999940395355,0.3499999940395355,0
2020-04-23,0.3499999940395355,0.3499999940395355,0.3499999940395355,0.3499999940395355,0.3499999940395355,0
2020-04-24,0.3499999940395355,0.3499999940395355,0.3499999940395355,0.3499999940395355,0.3499999940395355,0
2020-04-27,0.3499999940395355,0.4000000059604645,0.30000001192092896,0.3499999940395355,0.3499999940395355,144199
2020-04-28,0.3499999940395355,0.3499999940395355,0.3499999940395355,0.3499999940395355,0.3499999940395355,0
2020-04-29,0.3499999940395355,0.3499999940395355,0.3499999940395355,0.3499999940395355,0.3499999940395355,0
2020-04-30,0.3499999940395355,0.3499999940395355,0.3499999940395355,0.3499999940395355,0.3499999940395355,0
2020-05-04,0.30000001192092896,0.4000000059604645,0.30000001192092896,0.4000000059604645,0.4000000059604645,120034
2020-05-05,0.4000000059604645,0.4000000059604645,0.4000000059604645,0.4000000059604645,0.4000000059604645,0
2020-05-06,0.4000000059604645,0.4000000059604645,0.4000000059604645,0.4000000059604645,0.4000000059604645,0
2020-05-07,0.4000000059604645,0.4000000059604645,0.4000000059604645,0.4000000059604645,0.4000000059604645,0
2020-05-08,0.4000000059604645,0.4000000059604645,0.4000000059604645,0.4000000059604645,0.4000000059604645,0
2020-05-11,0.4000000059604645,0.4000000059604645,0.4000000059604645,0.4000000059604645,0.4000000059604645,4025
2020-05-12,0.4000000059604645,0.4000000059604645,0.4000000059604645,0.4000000059604645,0.4000000059604645,0
2020-05-13,0.4000000059604645,0.4000000059604645,0.4000000059604645,0.4000000059604645,0.4000000059604645,0
2020-05-14,0.4000000059604645,0.4000000059604645,0.4000000059604645,0.4000000059604645,0.4000000059604645,0
2020-05-15,0.4000000059604645,0.4000000059604645,0.4000000059604645,0.4000000059604645,0.4000000059604645,0
2020-05-18,0.3499999940395355,0.4000000059604645,0.3499999940395355,0.3499999940395355,0.3499999940395355,13779
2020-05-19,0.3499999940395355,0.3499999940395355,0.3499999940395355,0.3499999940395355,0.3499999940395355,0
2020-05-20,0.3499999940395355,0.3499999940395355,0.3499999940395355,0.3499999940395355,0.3499999940395355,0
2020-05-21,0.3499999940395355,0.3499999940395355,0.3499999940395355,0.3499999940395355,0.3499999940395355,0
2020-05-22,0.3499999940395355,0.3499999940395355,0.3499999940395355,0.3499999940395355,0.3499999940395355,0
2020-05-26,0.3499999940395355,0.3499999940395355,0.30000001192092896,0.30000001192092896,0.30000001192092896,43318
2020-05-27,0.30000001192092896,0.30000001192092896,0.30000001192092896,0.30000001192092896,0.30000001192092896,0
2020-05-28,0.30000001192092896,0.30000001192092896,0.30000001192092896,0.30000001192092896,0.30000001192092896,0
2020-05-29,0.30000001192092896,0.30000001192092896,0.30000001192092896,0.30000001192092896,0.30000001192092896,0
2020-06-01,0.30000001192092896,0.30000001192092896,0.30000001192092896,0.30000001192092896,0.30000001192092896,0
2020-06-02,0.30000001192092896,0.30000001192092896,0.30000001192092896,0.30000001192092896,0.30000001192092896,0
2020-06-03,0.30000001192092896,0.30000001192092896,0.30000001192092896,0.30000001192092896,0.30000001192092896,0
2020-06-04,0.30000001192092896,0.30000001192092896,0.30000001192092896,0.30000001192092896,0.30000001192092896,0
2020-06-05,0.30000001192092896,0.30000001192092896,0.30000001192092896,0.30000001192092896,0.30000001192092896,0
