Date,Open,High,Low,Close,Adj Close,Volume
2000-07-21,8.649999618530273,8.699999809265137,8.649999618530273,8.699999809265137,8.699999809265137,800
2000-07-24,8.699999809265137,8.699999809265137,8.699999809265137,8.699999809265137,8.699999809265137,0
2000-07-25,8.199999809265137,8.199999809265137,8.199999809265137,8.199999809265137,8.199999809265137,300
2000-07-26,8.5,8.5,8.5,8.5,8.5,700
2000-07-27,8.5,8.5,8.5,8.5,8.5,0
2000-07-28,8.5,8.5,8.5,8.5,8.5,0
2000-07-31,8.5,8.5,8.5,8.5,8.5,0
2000-08-01,8.5,8.5,8.5,8.5,8.5,0
2000-08-02,8.5,8.5,8.5,8.5,8.5,0
2000-08-03,8.5,8.5,8.5,8.5,8.5,0
2000-08-04,7.25,7.25,7.25,7.25,7.25,500
2000-08-07,7.25,7.25,7.25,7.25,7.25,0
2000-08-08,7.25,7.25,7.25,7.25,7.25,0
2000-08-09,7.25,7.25,7.25,7.25,7.25,0
2000-08-10,7.25,7.25,7.25,7.25,7.25,0
2000-08-11,7.25,7.25,7.25,7.25,7.25,0
2000-08-14,7.25,7.25,7.25,7.25,7.25,0
2000-08-15,7.25,7.25,7.25,7.25,7.25,0
2000-08-16,7.25,7.25,7.25,7.25,7.25,0
2000-08-17,7.25,7.25,7.25,7.25,7.25,0
2000-08-18,7.25,7.25,7.25,7.25,7.25,0
2000-08-21,7.25,7.25,7.25,7.25,7.25,0
2000-08-22,7.25,7.25,7.25,7.25,7.25,0
2000-08-23,7.25,7.25,7.25,7.25,7.25,0
2000-08-24,7.25,7.25,7.25,7.25,7.25,0
2000-08-25,7.25,7.25,7.25,7.25,7.25,0
2000-08-28,7.25,7.25,7.25,7.25,7.25,0
2000-08-29,7.25,7.25,7.25,7.25,7.25,0
2000-08-30,7.25,7.25,7.25,7.25,7.25,0
2000-08-31,7.25,7.25,7.25,7.25,7.25,0
2000-09-01,7.25,7.25,7.25,7.25,7.25,0
2000-09-04,7.25,7.25,7.25,7.25,7.25,0
2000-09-05,7.25,7.25,7.25,7.25,7.25,0
2000-09-06,7.25,7.25,7.25,7.25,7.25,0
2000-09-07,7.25,7.25,7.25,7.25,7.25,0
2000-09-08,7.25,7.25,7.25,7.25,7.25,0
2000-09-11,5.5,9.0,5.5,9.0,9.0,100
2000-09-12,10.5,10.5,8.25,8.25,8.25,11200
2000-09-13,10.300000190734863,10.300000190734863,10.300000190734863,10.300000190734863,10.300000190734863,100
2000-09-14,10.800000190734863,10.800000190734863,10.800000190734863,10.800000190734863,10.800000190734863,500
2000-09-15,10.850000381469727,10.850000381469727,10.850000381469727,10.850000381469727,10.850000381469727,1
2000-09-18,10.850000381469727,10.850000381469727,10.850000381469727,10.850000381469727,10.850000381469727,0
2000-09-19,10.850000381469727,10.850000381469727,10.850000381469727,10.850000381469727,10.850000381469727,0
2000-09-20,11.699999809265137,11.699999809265137,10.800000190734863,10.800000190734863,10.800000190734863,300
2000-09-21,10.800000190734863,10.800000190734863,10.0,10.800000190734863,10.800000190734863,1500
2000-09-22,11.600000381469727,11.600000381469727,11.600000381469727,11.600000381469727,11.600000381469727,700
2000-09-25,11.600000381469727,11.600000381469727,11.600000381469727,11.600000381469727,11.600000381469727,0
2000-09-26,11.600000381469727,11.600000381469727,11.600000381469727,11.600000381469727,11.600000381469727,0
2000-09-27,11.600000381469727,11.600000381469727,11.600000381469727,11.600000381469727,11.600000381469727,0
2000-09-28,9.850000381469727,9.850000381469727,9.850000381469727,9.850000381469727,9.850000381469727,500
2000-09-29,9.850000381469727,9.850000381469727,9.850000381469727,9.850000381469727,9.850000381469727,0
2000-10-02,9.850000381469727,9.850000381469727,9.850000381469727,9.850000381469727,9.850000381469727,0
2000-10-03,9.850000381469727,9.850000381469727,9.850000381469727,9.850000381469727,9.850000381469727,0
2000-10-04,11.050000190734863,11.050000190734863,11.050000190734863,11.050000190734863,11.050000190734863,200
2000-10-05,11.899999618530273,11.899999618530273,11.899999618530273,11.899999618530273,11.899999618530273,1
2000-10-06,11.899999618530273,11.899999618530273,11.899999618530273,11.899999618530273,11.899999618530273,0
2000-10-09,12.75,12.75,12.75,12.75,12.75,1
2000-10-10,13.75,13.75,11.75,11.75,11.75,3
2000-10-11,11.75,11.75,11.75,11.75,11.75,0
2000-10-12,12.649999618530273,12.649999618530273,12.649999618530273,12.649999618530273,12.649999618530273,1
2000-10-13,12.949999809265137,13.5,12.949999809265137,13.5,13.5,3
2000-10-16,14.25,14.25,12.449999809265137,12.449999809265137,12.449999809265137,2
2000-10-17,13.399999618530273,13.399999618530273,11.5,11.5,11.5,2
2000-10-18,11.5,11.5,11.5,11.5,11.5,0
2000-10-19,11.5,11.5,11.5,11.5,11.5,0
2000-10-20,11.5,11.5,11.5,11.5,11.5,0
2000-10-23,11.5,11.5,11.5,11.5,11.5,0
2000-10-24,11.5,11.5,11.5,11.5,11.5,0
2000-10-25,11.5,11.5,11.5,11.5,11.5,0
2000-10-26,11.5,11.5,11.5,11.5,11.5,0
2000-10-27,11.5,11.5,11.5,11.5,11.5,0
2000-10-30,11.5,11.5,11.5,11.5,11.5,0
2000-10-31,11.5,11.5,11.5,11.5,11.5,0
2000-11-01,11.5,11.5,11.5,11.5,11.5,0
2000-11-02,11.5,11.5,11.5,11.5,11.5,0
2000-11-03,11.5,11.5,11.5,11.5,11.5,1000
2000-11-06,11.5,11.5,11.5,11.5,11.5,0
2000-11-07,12.25,12.25,12.25,12.25,12.25,1
2000-11-08,12.25,12.25,12.25,12.25,12.25,0
2000-11-09,12.199999809265137,12.199999809265137,11.300000190734863,11.300000190734863,11.300000190734863,2
2000-11-10,12.149999618530273,12.149999618530273,12.149999618530273,12.149999618530273,12.149999618530273,2
2000-11-13,12.149999618530273,12.149999618530273,12.149999618530273,12.149999618530273,12.149999618530273,0
2000-11-14,12.149999618530273,12.149999618530273,12.149999618530273,12.149999618530273,12.149999618530273,0
2000-11-15,12.149999618530273,12.149999618530273,12.149999618530273,12.149999618530273,12.149999618530273,0
2000-11-16,12.149999618530273,12.149999618530273,12.149999618530273,12.149999618530273,12.149999618530273,0
2000-11-17,12.149999618530273,12.149999618530273,12.149999618530273,12.149999618530273,12.149999618530273,0
2000-11-20,12.149999618530273,12.149999618530273,12.149999618530273,12.149999618530273,12.149999618530273,0
2000-11-21,12.149999618530273,12.149999618530273,12.149999618530273,12.149999618530273,12.149999618530273,0
2002-01-01,3.4000000953674316,3.5999999046325684,3.4000000953674316,3.5999999046325684,3.5999999046325684,500
2002-01-04,3.9000000953674316,4.25,3.9000000953674316,4.25,4.25,600
2002-01-07,4.0,4.0,4.0,4.0,4.0,100
2002-01-15,4.0,4.0,4.0,4.0,4.0,500
2002-01-16,4.0,4.150000095367432,4.0,4.0,4.0,1400
2002-01-21,4.0,4.0,4.0,4.0,4.0,7500
2002-01-29,3.8499999046325684,3.8499999046325684,3.8499999046325684,3.8499999046325684,3.8499999046325684,300
2002-02-15,3.75,3.75,3.75,3.75,3.75,100
2002-02-21,3.6500000953674316,3.6500000953674316,3.6500000953674316,3.6500000953674316,3.6500000953674316,1
2002-02-22,3.549999952316284,3.549999952316284,3.549999952316284,3.549999952316284,3.549999952316284,1000
2002-02-27,3.450000047683716,3.6500000953674316,3.450000047683716,3.5,3.5,3500
2002-03-04,3.5,3.5,3.4000000953674316,3.4000000953674316,3.4000000953674316,1100
2002-03-06,3.299999952316284,3.299999952316284,3.299999952316284,3.299999952316284,3.299999952316284,2500
2002-03-07,3.299999952316284,3.299999952316284,3.299999952316284,3.299999952316284,3.299999952316284,100
2002-03-08,3.200000047683716,3.299999952316284,3.200000047683716,3.299999952316284,3.299999952316284,600
2002-03-11,3.4000000953674316,3.4000000953674316,3.200000047683716,3.200000047683716,3.200000047683716,1000
2002-03-13,3.0999999046325684,3.0999999046325684,3.0999999046325684,3.0999999046325684,3.0999999046325684,50
2002-03-15,3.0,3.0,3.0,3.0,3.0,500
2002-03-18,3.0,3.049999952316284,3.0,3.049999952316284,3.049999952316284,200
2002-03-19,2.950000047683716,2.950000047683716,2.950000047683716,2.950000047683716,2.950000047683716,200
2002-03-20,2.8499999046325684,3.049999952316284,2.8499999046325684,3.049999952316284,3.049999952316284,1500
2002-03-22,3.049999952316284,3.049999952316284,3.049999952316284,3.049999952316284,3.049999952316284,200
2002-03-27,3.1500000953674316,3.1500000953674316,3.0,3.0,3.0,1100
2002-04-02,3.0,3.0,3.0,3.0,3.0,1
2002-04-03,2.950000047683716,2.950000047683716,2.950000047683716,2.950000047683716,2.950000047683716,200
2002-04-05,3.0,3.0,3.0,3.0,3.0,1200
2002-04-10,3.200000047683716,3.200000047683716,3.200000047683716,3.200000047683716,3.200000047683716,400
2002-04-11,3.0,3.799999952316284,2.799999952316284,3.049999952316284,3.049999952316284,4400
2002-04-12,2.799999952316284,2.799999952316284,2.799999952316284,2.799999952316284,2.799999952316284,300
2002-04-15,3.1500000953674316,3.1500000953674316,3.0999999046325684,3.0999999046325684,3.0999999046325684,1000
2002-04-16,3.700000047683716,3.700000047683716,3.25,3.700000047683716,3.700000047683716,2700
2002-04-17,4.300000190734863,4.400000095367432,4.300000190734863,4.400000095367432,4.400000095367432,2100
2002-04-18,5.199999809265137,5.199999809265137,4.400000095367432,4.400000095367432,4.400000095367432,700
2002-04-19,5.199999809265137,5.199999809265137,4.949999809265137,4.949999809265137,4.949999809265137,2
2002-04-22,4.199999809265137,4.199999809265137,4.150000095367432,4.150000095367432,4.150000095367432,1900
2002-04-29,3.700000047683716,3.700000047683716,3.700000047683716,3.700000047683716,3.700000047683716,1000
2002-05-03,4.349999904632568,4.349999904632568,4.349999904632568,4.349999904632568,4.349999904632568,100
2002-05-06,4.349999904632568,4.349999904632568,4.349999904632568,4.349999904632568,4.349999904632568,200
2002-05-07,4.5,4.5,3.5,3.5,3.5,18500
2002-05-08,4.199999809265137,4.199999809265137,4.199999809265137,4.199999809265137,4.199999809265137,200
2002-05-10,4.199999809265137,4.199999809265137,4.199999809265137,4.199999809265137,4.199999809265137,200
2002-05-13,5.0,5.0,5.0,5.0,5.0,1100
2002-05-14,5.699999809265137,6.0,5.699999809265137,5.900000095367432,5.900000095367432,1400
2002-05-15,5.599999904632568,5.599999904632568,5.599999904632568,5.599999904632568,5.599999904632568,200
2002-05-17,6.599999904632568,6.599999904632568,5.0,5.0,5.0,1300
2002-05-20,4.150000095367432,4.150000095367432,4.150000095367432,4.150000095367432,4.150000095367432,100
2002-05-21,4.550000190734863,4.550000190734863,4.550000190734863,4.550000190734863,4.550000190734863,300
2002-05-22,5.25,5.25,5.25,5.25,5.25,100
2002-05-23,4.349999904632568,4.349999904632568,4.349999904632568,4.349999904632568,4.349999904632568,100
2002-05-24,4.900000095367432,5.0,4.900000095367432,5.0,5.0,200
2002-05-27,5.849999904632568,6.0,5.849999904632568,6.0,6.0,1000
2002-05-28,6.050000190734863,6.050000190734863,6.0,6.0,6.0,1000
2002-05-29,5.150000095367432,5.150000095367432,5.150000095367432,5.150000095367432,5.150000095367432,200
2002-05-30,5.25,5.25,5.25,5.25,5.25,1200
2002-05-31,5.0,5.0,5.0,5.0,5.0,1200
2002-06-03,5.5,6.0,5.5,6.0,6.0,8300
2002-06-04,6.25,6.699999809265137,5.800000190734863,5.800000190734863,5.800000190734863,2100
2002-06-05,6.199999809265137,6.949999809265137,6.0,6.949999809265137,6.949999809265137,5900
2002-06-06,6.800000190734863,7.199999809265137,6.599999904632568,7.0,7.0,3600
2002-06-07,7.099999904632568,7.099999904632568,6.099999904632568,6.099999904632568,6.099999904632568,2600
2002-06-10,6.349999904632568,6.349999904632568,6.349999904632568,6.349999904632568,6.349999904632568,500
2002-06-11,6.800000190734863,7.550000190734863,6.5,6.599999904632568,6.599999904632568,7100
2002-06-12,6.900000095367432,7.900000095367432,6.900000095367432,7.800000190734863,7.800000190734863,12700
2002-06-13,7.900000095367432,9.350000381469727,7.900000095367432,8.75,8.75,6000
2002-06-14,9.0,9.5,8.699999809265137,9.300000190734863,9.300000190734863,4400
2002-06-17,9.350000381469727,11.149999618530273,9.350000381469727,11.0,11.0,28300
2002-06-18,11.350000381469727,12.5,11.350000381469727,11.850000381469727,11.850000381469727,12500
2002-06-19,10.649999618530273,11.75,10.25,10.300000190734863,10.300000190734863,7900
2002-06-20,10.100000381469727,10.800000190734863,10.100000381469727,10.300000190734863,10.300000190734863,11000
2002-06-21,9.600000381469727,9.899999618530273,9.350000381469727,9.550000190734863,9.550000190734863,5900
2002-06-24,10.0,10.0,9.0,9.0,9.0,3000
2002-06-25,8.5,8.899999618530273,8.149999618530273,8.75,8.75,6400
2002-06-26,8.600000381469727,8.600000381469727,8.050000190734863,8.25,8.25,5500
2002-07-01,9.5,9.949999809265137,9.5,9.949999809265137,9.949999809265137,4700
2002-07-02,10.350000381469727,10.899999618530273,10.350000381469727,10.600000381469727,10.600000381469727,6667
2002-07-03,11.399999618530273,11.5,10.550000190734863,10.899999618530273,10.899999618530273,5100
2002-07-04,11.0,11.300000190734863,11.0,11.0,11.0,830
2002-07-05,11.0,11.25,10.100000381469727,10.399999618530273,10.399999618530273,2600
2002-07-08,10.100000381469727,11.399999618530273,10.100000381469727,11.149999618530273,11.149999618530273,10328
2002-07-09,11.899999618530273,12.25,11.399999618530273,11.399999618530273,11.399999618530273,8386
2002-07-10,11.899999618530273,12.0,10.350000381469727,10.350000381469727,10.350000381469727,1750
2002-07-11,9.800000190734863,9.800000190734863,9.350000381469727,9.649999618530273,9.649999618530273,3052
2002-07-12,9.050000190734863,9.75,9.0,9.600000381469727,9.600000381469727,3700
2002-07-15,9.199999809265137,9.5,8.899999618530273,8.899999618530273,8.899999618530273,758
2002-07-16,8.5,8.5,8.050000190734863,8.050000190734863,8.050000190734863,6150
2002-07-17,8.25,8.850000381469727,8.25,8.850000381469727,8.850000381469727,8625
2002-07-19,8.5,8.5,8.100000381469727,8.100000381469727,8.100000381469727,1700
2002-07-22,7.449999809265137,7.550000190734863,7.449999809265137,7.550000190734863,7.550000190734863,2350
2002-07-23,7.050000190734863,7.050000190734863,7.0,7.0,7.0,650
2002-07-24,7.199999809265137,7.199999809265137,7.0,7.0,7.0,4000
2002-07-25,7.099999904632568,7.099999904632568,7.0,7.0,7.0,1100
2002-07-26,7.0,7.0,6.599999904632568,6.650000095367432,6.650000095367432,800
2002-07-29,6.25,6.25,6.199999809265137,6.25,6.25,1150
2002-08-02,5.900000095367432,6.0,5.900000095367432,5.949999809265137,5.949999809265137,500
2002-08-05,6.5,6.5,6.5,6.5,6.5,950
2002-08-07,6.5,6.5,6.099999904632568,6.199999809265137,6.199999809265137,1500
2002-08-08,6.0,6.0,5.900000095367432,5.900000095367432,5.900000095367432,3600
2002-08-09,5.599999904632568,5.599999904632568,5.599999904632568,5.599999904632568,5.599999904632568,1000
2002-08-14,5.849999904632568,5.849999904632568,5.050000190734863,5.050000190734863,5.050000190734863,500
2002-08-16,5.099999904632568,5.099999904632568,4.75,4.75,4.75,4000
2002-08-20,4.449999809265137,4.449999809265137,4.449999809265137,4.449999809265137,4.449999809265137,214
2002-08-21,4.150000095367432,4.449999809265137,4.150000095367432,4.449999809265137,4.449999809265137,550
2002-08-22,4.5,4.5,4.150000095367432,4.150000095367432,4.150000095367432,5500
2002-08-28,4.5,4.5,4.5,4.5,4.5,3900
2002-08-30,4.800000190734863,4.800000190734863,4.5,4.800000190734863,4.800000190734863,4800
2002-09-02,5.599999904632568,5.599999904632568,4.5,4.5,4.5,5700
2002-09-03,4.5,4.849999904632568,4.5,4.5,4.5,1900
2002-09-05,4.5,4.5,4.5,4.5,4.5,100
2002-09-06,4.650000095367432,4.650000095367432,4.650000095367432,4.650000095367432,4.650000095367432,300
2002-09-09,4.5,4.5,4.5,4.5,4.5,400
2002-09-13,4.900000095367432,5.400000095367432,4.900000095367432,5.25,5.25,160
2002-09-16,6.0,6.300000190734863,6.0,6.300000190734863,6.300000190734863,1000
2002-09-17,6.0,6.0,5.699999809265137,5.699999809265137,5.699999809265137,1900
2002-09-18,5.75,5.75,5.5,5.5,5.5,1300
2002-09-19,5.699999809265137,5.75,5.5,5.5,5.5,875
2002-09-24,6.0,6.0,6.0,6.0,6.0,1300
2002-09-26,5.5,5.5,5.5,5.5,5.5,200
2002-09-27,5.5,5.5,5.199999809265137,5.199999809265137,5.199999809265137,1000
2002-09-30,4.800000190734863,4.900000095367432,4.5,4.800000190734863,4.800000190734863,1900
2002-10-01,5.0,5.0,5.0,5.0,5.0,600
2002-10-03,5.0,5.0,4.650000095367432,4.650000095367432,4.650000095367432,1200
2002-10-04,4.800000190734863,4.800000190734863,4.800000190734863,4.800000190734863,4.800000190734863,500
2002-10-07,4.550000190734863,4.550000190734863,4.5,4.5,4.5,500
2002-10-08,5.0,5.0,5.0,5.0,5.0,700
2002-10-17,5.699999809265137,6.0,5.699999809265137,6.0,6.0,2400
2002-10-18,5.449999809265137,6.0,5.449999809265137,5.699999809265137,5.699999809265137,100
2002-10-21,6.0,6.0,6.0,6.0,6.0,200
2002-10-22,5.75,5.75,5.75,5.75,5.75,500
2002-10-23,5.25,5.25,5.25,5.25,5.25,100
2002-10-24,5.0,5.0,5.0,5.0,5.0,25
2002-10-25,5.5,5.5,5.5,5.5,5.5,1200
2002-11-01,5.650000095367432,5.650000095367432,5.650000095367432,5.650000095367432,5.650000095367432,200
2002-11-04,5.199999809265137,5.199999809265137,5.199999809265137,5.199999809265137,5.199999809265137,13
2002-11-05,5.25,5.25,4.900000095367432,4.900000095367432,4.900000095367432,500
2002-11-08,5.25,5.25,5.25,5.25,5.25,100
2002-11-13,5.25,5.25,5.25,5.25,5.25,500
2002-11-14,5.199999809265137,5.199999809265137,5.199999809265137,5.199999809265137,5.199999809265137,500
2002-11-20,4.900000095367432,4.900000095367432,4.900000095367432,4.900000095367432,4.900000095367432,100
2002-11-21,5.25,5.75,5.099999904632568,5.099999904632568,5.099999904632568,300
2002-11-22,5.949999809265137,5.949999809265137,5.949999809265137,5.949999809265137,5.949999809265137,50
2002-11-26,5.0,5.099999904632568,5.0,5.099999904632568,5.099999904632568,1100
2002-11-28,5.0,5.0,5.0,5.0,5.0,100
2002-11-29,5.699999809265137,5.699999809265137,5.699999809265137,5.699999809265137,5.699999809265137,1500
2002-12-02,5.949999809265137,6.0,5.5,5.5,5.5,1300
2002-12-03,5.300000190734863,5.5,5.300000190734863,5.5,5.5,1300
2002-12-04,5.0,5.0,5.0,5.0,5.0,1200
2002-12-06,5.400000095367432,5.400000095367432,5.400000095367432,5.400000095367432,5.400000095367432,499
2002-12-09,5.5,5.699999809265137,5.400000095367432,5.699999809265137,5.699999809265137,2300
2002-12-11,5.699999809265137,5.699999809265137,4.900000095367432,4.900000095367432,4.900000095367432,7600
2002-12-12,4.900000095367432,4.900000095367432,4.900000095367432,4.900000095367432,4.900000095367432,15000
2002-12-13,5.0,5.0,5.0,5.0,5.0,100
2002-12-16,4.800000190734863,4.800000190734863,4.800000190734863,4.800000190734863,4.800000190734863,200
2002-12-18,5.0,5.0,5.0,5.0,5.0,100
2002-12-19,4.800000190734863,5.0,4.800000190734863,4.949999809265137,4.949999809265137,2000
2002-12-20,4.900000095367432,4.900000095367432,4.900000095367432,4.900000095367432,4.900000095367432,200
2002-12-24,4.849999904632568,4.849999904632568,4.75,4.75,4.75,1000
2002-12-26,5.0,5.0,5.0,5.0,5.0,500
2002-12-27,5.0,5.0,4.699999809265137,5.0,5.0,1400
2002-12-30,4.800000190734863,4.800000190734863,4.800000190734863,4.800000190734863,4.800000190734863,1500
2002-12-31,5.0,5.449999809265137,4.800000190734863,4.800000190734863,4.800000190734863,1500
2003-01-03,5.199999809265137,5.199999809265137,5.199999809265137,5.199999809265137,5.199999809265137,2800
2003-01-09,4.599999904632568,5.0,4.599999904632568,4.949999809265137,4.949999809265137,1400
2003-01-13,4.900000095367432,4.900000095367432,4.849999904632568,4.849999904632568,4.849999904632568,400
2003-01-14,4.900000095367432,4.949999809265137,4.800000190734863,4.900000095367432,4.900000095367432,2300
2003-01-15,5.300000190734863,5.300000190734863,5.300000190734863,5.300000190734863,5.300000190734863,100
2003-01-16,5.25,5.300000190734863,5.25,5.300000190734863,5.300000190734863,4200
2003-01-17,5.300000190734863,5.300000190734863,5.300000190734863,5.300000190734863,5.300000190734863,700
2003-01-20,5.199999809265137,5.300000190734863,5.199999809265137,5.199999809265137,5.199999809265137,1500
2003-01-21,5.400000095367432,5.75,5.349999904632568,5.349999904632568,5.349999904632568,1400
2003-01-22,5.150000095367432,5.150000095367432,4.900000095367432,4.949999809265137,4.949999809265137,1700
2003-01-23,5.150000095367432,5.150000095367432,4.949999809265137,4.949999809265137,4.949999809265137,1275
2003-01-24,5.0,5.0,4.900000095367432,4.900000095367432,4.900000095367432,1100
2003-01-27,5.199999809265137,5.199999809265137,4.5,4.5,4.5,200
2003-01-29,4.699999809265137,4.699999809265137,4.5,4.550000190734863,4.550000190734863,1400
2003-01-30,4.550000190734863,4.650000095367432,4.5,4.650000095367432,4.650000095367432,500
2003-01-31,4.75,4.75,4.75,4.75,4.75,500
2003-02-04,4.599999904632568,4.599999904632568,4.599999904632568,4.599999904632568,4.599999904632568,700
2003-02-05,4.550000190734863,4.550000190734863,4.550000190734863,4.550000190734863,4.550000190734863,200
2003-02-07,4.5,4.650000095367432,4.5,4.650000095367432,4.650000095367432,600
2003-02-11,4.75,4.75,4.699999809265137,4.699999809265137,4.699999809265137,600
2003-02-14,4.75,4.800000190734863,4.5,4.75,4.75,10500
2003-02-17,4.599999904632568,4.849999904632568,4.599999904632568,4.849999904632568,4.849999904632568,350
2003-02-18,4.599999904632568,4.599999904632568,4.599999904632568,4.599999904632568,4.599999904632568,200
2003-02-19,5.300000190734863,5.300000190734863,5.300000190734863,5.300000190734863,5.300000190734863,50
2003-02-20,4.900000095367432,5.0,4.699999809265137,4.699999809265137,4.699999809265137,2000
2003-02-21,5.599999904632568,5.599999904632568,4.599999904632568,4.599999904632568,4.599999904632568,100
2003-02-24,5.400000095367432,5.449999809265137,5.0,5.449999809265137,5.449999809265137,80
2003-02-25,4.400000095367432,4.400000095367432,4.400000095367432,4.400000095367432,4.400000095367432,100
2003-02-26,4.550000190734863,4.550000190734863,4.5,4.5,4.5,350
2003-02-28,4.949999809265137,4.949999809265137,4.650000095367432,4.699999809265137,4.699999809265137,200
2003-03-03,5.550000190734863,5.550000190734863,4.199999809265137,4.25,4.25,400
2003-03-05,5.0,5.0,5.0,5.0,5.0,5000
2003-03-07,4.150000095367432,5.900000095367432,4.050000190734863,5.900000095367432,5.900000095367432,400
2003-03-10,7.050000190734863,7.050000190734863,4.75,4.75,4.75,200
2003-03-11,4.300000190734863,4.300000190734863,4.199999809265137,4.199999809265137,4.199999809265137,900
2003-03-13,4.25,4.25,4.25,4.25,4.25,200
2003-03-17,4.5,4.699999809265137,4.300000190734863,4.699999809265137,4.699999809265137,1100
2003-03-19,4.25,4.25,4.199999809265137,4.199999809265137,4.199999809265137,300
2003-03-20,4.199999809265137,4.949999809265137,4.199999809265137,4.349999904632568,4.349999904632568,2500
2003-03-21,4.0,4.0,4.0,4.0,4.0,500
2003-03-24,5.050000190734863,5.050000190734863,4.25,4.25,4.25,2100
2003-03-26,4.0,4.0,3.9000000953674316,3.9000000953674316,3.9000000953674316,40100
2003-03-28,4.150000095367432,4.150000095367432,4.150000095367432,4.150000095367432,4.150000095367432,500
2003-03-31,4.099999904632568,4.199999809265137,4.099999904632568,4.199999809265137,4.199999809265137,1000
2003-04-01,4.099999904632568,4.5,4.099999904632568,4.5,4.5,700
2003-04-04,4.099999904632568,4.099999904632568,4.0,4.050000190734863,4.050000190734863,2100
2003-04-07,3.950000047683716,3.950000047683716,3.9000000953674316,3.9000000953674316,3.9000000953674316,500
2003-04-08,3.75,3.75,3.5999999046325684,3.5999999046325684,3.5999999046325684,1000
2003-04-10,3.75,3.75,3.75,3.75,3.75,200
2003-04-11,4.449999809265137,4.449999809265137,4.449999809265137,4.449999809265137,4.449999809265137,25
2003-04-15,4.5,4.5,4.5,4.5,4.5,500
2003-04-16,4.050000190734863,4.050000190734863,3.950000047683716,3.950000047683716,3.950000047683716,4000
2003-04-17,3.9000000953674316,4.150000095367432,3.9000000953674316,4.099999904632568,4.099999904632568,550
2003-04-21,4.0,4.0,4.0,4.0,4.0,1600
2003-04-28,3.549999952316284,3.549999952316284,3.549999952316284,3.549999952316284,3.549999952316284,200
2003-04-30,3.5999999046325684,3.5999999046325684,3.5,3.5,3.5,1000
2003-05-02,3.549999952316284,3.549999952316284,3.549999952316284,3.549999952316284,3.549999952316284,1400
2003-05-05,3.6500000953674316,3.6500000953674316,3.5999999046325684,3.5999999046325684,3.5999999046325684,500
2003-05-06,3.700000047683716,4.150000095367432,3.700000047683716,4.150000095367432,4.150000095367432,999
2003-05-07,3.8499999046325684,3.8499999046325684,3.799999952316284,3.8499999046325684,3.8499999046325684,1100
2003-05-09,3.799999952316284,3.799999952316284,3.799999952316284,3.799999952316284,3.799999952316284,25
2003-05-14,4.550000190734863,4.550000190734863,4.550000190734863,4.550000190734863,4.550000190734863,800
2003-05-15,4.849999904632568,4.849999904632568,4.849999904632568,4.849999904632568,4.849999904632568,25
2003-05-16,5.599999904632568,5.800000190734863,5.5,5.699999809265137,5.699999809265137,2700
2003-05-19,6.699999809265137,6.699999809265137,5.25,5.25,5.25,1400
2003-05-20,5.5,5.5,5.5,5.5,5.5,500
2003-05-21,5.400000095367432,5.400000095367432,5.099999904632568,5.099999904632568,5.099999904632568,600
2003-05-22,5.099999904632568,5.5,5.099999904632568,5.25,5.25,5900
2003-05-23,5.5,5.75,5.25,5.400000095367432,5.400000095367432,1900
2003-05-26,5.650000095367432,5.699999809265137,5.5,5.5,5.5,1000
2003-05-27,5.5,5.5,5.5,5.5,5.5,750
2003-05-28,5.400000095367432,5.400000095367432,5.400000095367432,5.400000095367432,5.400000095367432,147
2003-05-29,5.400000095367432,5.5,5.400000095367432,5.5,5.5,1800
2003-05-30,5.449999809265137,5.599999904632568,5.400000095367432,5.400000095367432,5.400000095367432,4800
2003-06-02,5.599999904632568,6.46999979019165,5.599999904632568,6.239999771118164,6.239999771118164,4200
2003-06-03,6.199999809265137,6.599999904632568,6.199999809265137,6.53000020980835,6.53000020980835,5600
2003-06-04,6.0,7.829999923706055,5.949999809265137,7.829999923706055,7.829999923706055,7700
2003-06-05,7.630000114440918,7.659999847412109,6.5,7.349999904632568,7.349999904632568,5700
2003-06-06,7.099999904632568,7.099999904632568,6.449999809265137,6.449999809265137,6.449999809265137,650
2003-06-09,6.949999809265137,6.949999809265137,6.5,6.5,6.5,2400
2003-06-10,7.099999904632568,7.150000095367432,7.050000190734863,7.050000190734863,7.050000190734863,1000
2003-06-11,6.900000095367432,6.900000095367432,6.900000095367432,6.900000095367432,6.900000095367432,100
2003-06-12,6.800000190734863,6.949999809265137,6.5,6.869999885559082,6.869999885559082,1100
2003-06-13,6.5,6.5,6.5,6.5,6.5,50
2003-06-16,6.5,6.75,6.25,6.5,6.5,1800
2003-06-17,6.5,7.25,5.699999809265137,7.25,7.25,3200
2003-06-18,8.0,8.699999809265137,7.400000095367432,8.630000114440918,8.630000114440918,26800
2003-06-19,9.25,9.25,8.199999809265137,8.899999618530273,8.899999618530273,3600
2003-06-20,8.300000190734863,8.300000190734863,8.0,8.0,8.0,3900
2003-06-23,8.0,8.5,7.800000190734863,7.800000190734863,7.800000190734863,7900
2003-06-24,7.900000095367432,8.800000190734863,7.75,8.529999732971191,8.529999732971191,10200
2003-06-25,7.900000095367432,8.25,7.699999809265137,8.25,8.25,4600
2003-06-26,7.050000190734863,7.050000190734863,7.050000190734863,7.050000190734863,7.050000190734863,1
2003-06-27,7.900000095367432,8.460000038146973,7.5,8.449999809265137,8.449999809265137,6200
2003-06-30,8.5,8.5,8.350000381469727,8.399999618530273,8.399999618530273,800
2003-07-01,7.199999809265137,7.900000095367432,7.199999809265137,7.699999809265137,7.699999809265137,400
2003-07-02,7.949999809265137,9.239999771118164,7.949999809265137,9.239999771118164,9.239999771118164,15300
2003-07-03,9.5,9.699999809265137,8.699999809265137,9.640000343322754,9.640000343322754,5000
2003-07-04,9.0,9.100000381469727,8.600000381469727,8.609999656677246,8.609999656677246,6700
2003-07-07,8.899999618530273,9.0,8.350000381469727,8.350000381469727,8.350000381469727,5100
2003-07-08,8.199999809265137,8.4399995803833,7.949999809265137,8.0,8.0,3600
2003-07-09,7.900000095367432,8.289999961853027,7.849999904632568,7.849999904632568,7.849999904632568,3000
2003-07-10,8.0,8.0,7.550000190734863,7.619999885559082,7.619999885559082,2400
2003-07-11,7.5,8.0,7.5,7.550000190734863,7.550000190734863,2300
2003-07-14,7.5,7.599999904632568,7.449999809265137,7.570000171661377,7.570000171661377,2100
2003-07-15,7.449999809265137,7.800000190734863,7.449999809265137,7.800000190734863,7.800000190734863,1700
2003-07-16,7.75,9.0,7.75,8.800000190734863,8.800000190734863,19100
2003-07-17,9.449999809265137,10.5600004196167,9.25,9.510000228881836,9.510000228881836,86200
2003-07-18,9.649999618530273,9.75,9.0,9.34000015258789,9.34000015258789,33500
2003-07-21,9.75,9.75,8.850000381469727,8.930000305175781,8.930000305175781,19400
2003-07-22,9.0,9.079999923706055,8.789999961853027,8.789999961853027,8.789999961853027,11600
2003-07-23,8.649999618530273,9.149999618530273,8.649999618530273,8.699999809265137,8.699999809265137,15000
2003-07-24,8.899999618530273,9.039999961853027,8.899999618530273,9.039999961853027,9.039999961853027,3400
2003-07-25,7.550000190734863,9.25,7.550000190734863,8.5,8.5,18900
2003-07-28,8.75,10.199999809265137,8.75,10.199999809265137,10.199999809265137,13600
2003-07-29,11.0,12.239999771118164,9.399999618530273,10.359999656677246,10.359999656677246,109300
2003-07-30,10.869999885559082,11.390000343322754,10.210000038146973,11.3100004196167,11.3100004196167,93700
2003-07-31,11.149999618530273,12.4399995803833,11.149999618530273,12.4399995803833,12.4399995803833,122400
2003-08-01,13.449999809265137,13.449999809265137,11.5,12.260000228881836,12.260000228881836,116300
2003-08-04,12.9399995803833,13.479999542236328,12.5,13.479999542236328,13.479999542236328,63000
2003-08-05,14.0,14.699999809265137,12.140000343322754,12.140000343322754,12.140000343322754,137300
2003-08-06,12.199999809265137,12.75,10.930000305175781,11.260000228881836,11.260000228881836,201700
2003-08-07,11.800000190734863,12.380000114440918,11.75,12.380000114440918,12.380000114440918,43200
2003-08-08,13.0,13.600000381469727,12.829999923706055,12.989999771118164,12.989999771118164,84400
2003-08-11,13.050000190734863,13.050000190734863,12.25,12.619999885559082,12.619999885559082,63100
2003-08-12,13.850000381469727,13.850000381469727,12.520000457763672,12.59000015258789,12.59000015258789,55900
2003-08-13,12.0,13.0,12.0,12.529999732971191,12.529999732971191,46700
2003-08-14,12.5,12.899999618530273,12.0,12.550000190734863,12.550000190734863,39500
2003-08-18,12.899999618530273,13.75,12.5,13.420000076293945,13.420000076293945,91400
2003-08-19,13.5,13.75,12.079999923706055,12.15999984741211,12.15999984741211,47200
2003-08-20,11.649999618530273,12.329999923706055,11.5,11.920000076293945,11.920000076293945,18300
2003-08-21,11.699999809265137,12.5,11.649999618530273,11.899999618530273,11.899999618530273,23500
2003-08-22,11.5,11.5,10.989999771118164,11.100000381469727,11.100000381469727,24700
2003-08-25,11.199999809265137,11.699999809265137,10.0,10.0,10.0,20100
2003-08-26,9.5,11.0,9.100000381469727,11.0,11.0,14200
2003-08-27,11.399999618530273,11.399999618530273,10.5,10.520000457763672,10.520000457763672,9200
2003-08-28,10.949999809265137,10.949999809265137,9.75,9.75,9.75,10300
2003-08-29,9.5,10.5,9.5,10.0,10.0,13200
2003-09-01,10.0,11.0,9.550000190734863,10.8100004196167,10.8100004196167,27700
2003-09-02,10.5,11.0,9.729999542236328,10.739999771118164,10.739999771118164,19300
2003-09-03,10.5,10.800000190734863,10.0,10.5,10.5,32300
2003-09-04,10.470000267028809,10.75,10.0,10.0,10.0,14200
2003-09-05,9.949999809265137,9.949999809265137,9.760000228881836,9.760000228881836,9.760000228881836,2500
2003-09-08,9.25,10.199999809265137,8.800000190734863,8.829999923706055,8.829999923706055,12600
2003-09-09,8.199999809265137,8.8100004196167,7.949999809265137,8.180000305175781,8.180000305175781,22300
2003-09-10,7.559999942779541,8.0,7.369999885559082,7.5,7.5,14700
2003-09-11,7.199999809265137,7.5,6.800000190734863,6.849999904632568,6.849999904632568,9600
2003-09-12,7.199999809265137,7.449999809265137,7.0,7.449999809265137,7.449999809265137,8100
2003-09-15,6.900000095367432,6.900000095367432,6.849999904632568,6.849999904632568,6.849999904632568,500
2003-09-16,6.900000095367432,7.5,6.900000095367432,6.900000095367432,6.900000095367432,1700
2003-09-17,6.860000133514404,7.25,6.849999904632568,6.849999904632568,6.849999904632568,3800
2003-09-18,6.849999904632568,6.849999904632568,6.170000076293945,6.190000057220459,6.190000057220459,4000
2003-09-19,6.210000038146973,6.800000190734863,6.210000038146973,6.800000190734863,6.800000190734863,5500
2003-09-22,6.510000228881836,6.550000190734863,6.5,6.5,6.5,4000
2003-09-23,6.75,6.949999809265137,6.199999809265137,6.199999809265137,6.199999809265137,1200
2003-09-24,6.110000133514404,6.820000171661377,6.110000133514404,6.809999942779541,6.809999942779541,3700
2003-09-25,6.300000190734863,7.090000152587891,6.150000095367432,6.199999809265137,6.199999809265137,3500
2003-09-26,5.909999847412109,6.300000190734863,5.909999847412109,6.300000190734863,6.300000190734863,1300
2003-09-29,6.079999923706055,6.079999923706055,6.079999923706055,6.079999923706055,6.079999923706055,1000
2003-09-30,6.050000190734863,6.679999828338623,6.050000190734863,6.25,6.25,900
2003-10-01,6.699999809265137,6.869999885559082,6.699999809265137,6.869999885559082,6.869999885559082,8700
2003-10-03,6.75,7.25,6.75,7.0,7.0,2800
2003-10-06,6.5,6.599999904632568,6.5,6.519999980926514,6.519999980926514,700
2003-10-07,6.010000228881836,7.0,6.010000228881836,6.5,6.5,2800
2003-10-08,6.25,6.789999961853027,6.25,6.300000190734863,6.300000190734863,11800
2003-10-09,6.199999809265137,6.929999828338623,6.199999809265137,6.929999828338623,6.929999828338623,9300
2003-10-10,7.619999885559082,7.619999885559082,6.75,6.809999942779541,6.809999942779541,6100
2003-10-13,6.21999979019165,6.800000190734863,6.21999979019165,6.800000190734863,6.800000190734863,1000
2003-10-14,6.800000190734863,6.800000190734863,6.139999866485596,6.5,6.5,8100
2003-10-15,5.989999771118164,6.5,5.989999771118164,6.5,6.5,7700
2003-10-16,6.050000190734863,6.150000095367432,5.869999885559082,5.869999885559082,5.869999885559082,13900
2003-10-17,5.409999847412109,5.989999771118164,5.409999847412109,5.5,5.5,16300
2003-10-20,5.75,6.050000190734863,5.75,5.860000133514404,5.860000133514404,3900
2003-10-21,5.550000190734863,5.550000190734863,5.28000020980835,5.5,5.5,5600
2003-10-22,5.0,5.5,4.96999979019165,5.400000095367432,5.400000095367432,10300
2003-10-23,5.03000020980835,5.400000095367432,5.03000020980835,5.099999904632568,5.099999904632568,4200
2003-10-24,5.099999904632568,5.5,4.599999904632568,4.789999961853027,4.789999961853027,4600
2003-10-27,4.400000095367432,5.0,4.400000095367432,4.449999809265137,4.449999809265137,9700
2003-10-28,4.889999866485596,4.889999866485596,4.889999866485596,4.889999866485596,4.889999866485596,300
2003-10-29,4.460000038146973,4.610000133514404,4.409999847412109,4.409999847412109,4.409999847412109,7500
2003-10-30,4.079999923706055,4.849999904632568,4.010000228881836,4.849999904632568,4.849999904632568,20000
2003-10-31,4.800000190734863,5.0,4.369999885559082,5.0,5.0,5000
2003-11-03,4.53000020980835,4.53000020980835,4.53000020980835,4.53000020980835,4.53000020980835,148
2003-11-04,4.210000038146973,4.5,4.190000057220459,4.5,4.5,10800
2003-11-05,4.099999904632568,4.099999904632568,4.099999904632568,4.099999904632568,4.099999904632568,2000
2003-11-06,4.099999904632568,4.5,4.099999904632568,4.5,4.5,900
2003-11-07,4.300000190734863,4.420000076293945,4.059999942779541,4.369999885559082,4.369999885559082,16000
2003-11-10,4.800000190734863,4.800000190734863,4.400000095367432,4.800000190734863,4.800000190734863,6400
2003-11-11,5.28000020980835,5.28000020980835,5.28000020980835,5.28000020980835,5.28000020980835,600
2003-11-12,5.789999961853027,5.800000190734863,5.349999904632568,5.800000190734863,5.800000190734863,15900
2003-11-13,6.25,6.320000171661377,5.5,5.510000228881836,5.510000228881836,17300
2003-11-14,5.610000133514404,5.889999866485596,5.099999904632568,5.329999923706055,5.329999923706055,3200
2003-11-17,5.400000095367432,5.71999979019165,5.400000095367432,5.71999979019165,5.71999979019165,11900
2003-11-18,6.28000020980835,6.289999961853027,6.0,6.289999961853027,6.289999961853027,11100
2003-11-19,6.349999904632568,6.800000190734863,6.349999904632568,6.739999771118164,6.739999771118164,11100
2003-11-20,6.900000095367432,6.900000095367432,6.099999904632568,6.110000133514404,6.110000133514404,10000
2003-11-21,6.099999904632568,6.099999904632568,6.0,6.0,6.0,7600
2003-11-24,6.199999809265137,6.599999904632568,6.099999904632568,6.599999904632568,6.599999904632568,7000
2003-11-25,6.739999771118164,6.949999809265137,6.599999904632568,6.949999809265137,6.949999809265137,11500
2003-11-27,6.900000095367432,7.400000095367432,6.599999904632568,7.269999980926514,7.269999980926514,10700
2003-11-28,7.150000095367432,7.5,7.050000190734863,7.300000190734863,7.300000190734863,9400
2003-12-01,7.449999809265137,7.800000190734863,7.150000095367432,7.5,7.5,8800
2003-12-02,7.699999809265137,8.25,7.159999847412109,8.25,8.25,14300
2003-12-03,9.0,9.069999694824219,8.800000190734863,9.069999694824219,9.069999694824219,50700
2003-12-04,9.699999809265137,9.949999809265137,9.300000190734863,9.5600004196167,9.5600004196167,31200
2003-12-05,9.600000381469727,10.0,9.25,9.260000228881836,9.260000228881836,30300
2003-12-08,9.5,9.5,9.0,9.020000457763672,9.020000457763672,21100
2003-12-09,9.0,9.920000076293945,9.0,9.920000076293945,9.920000076293945,21900
2003-12-10,9.399999618530273,9.600000381469727,9.0,9.25,9.25,38700
2003-12-11,9.100000381469727,9.399999618530273,8.75,9.229999542236328,9.229999542236328,13400
2003-12-12,9.25,9.5,9.0,9.100000381469727,9.100000381469727,10100
2003-12-15,9.100000381469727,10.0,9.050000190734863,9.829999923706055,9.829999923706055,51900
2003-12-16,9.010000228881836,9.720000267028809,9.010000228881836,9.5,9.5,25600
2003-12-17,9.020000457763672,9.5600004196167,9.020000457763672,9.25,9.25,7900
2003-12-18,9.6899995803833,9.899999618530273,9.25,9.609999656677246,9.609999656677246,18700
2003-12-19,9.869999885559082,9.869999885559082,9.229999542236328,9.229999542236328,9.229999542236328,14200
2003-12-22,9.890000343322754,10.010000228881836,9.010000228881836,9.699999809265137,9.699999809265137,32700
2003-12-23,9.5,9.5,8.800000190734863,8.949999809265137,8.949999809265137,22600
2003-12-24,8.899999618530273,9.84000015258789,8.899999618530273,9.84000015258789,9.84000015258789,50900
2003-12-26,10.779999732971191,10.779999732971191,9.0,10.09000015258789,10.09000015258789,53500
2003-12-29,10.25,11.09000015258789,10.25,11.0,11.0,103500
2003-12-30,11.850000381469727,11.850000381469727,9.90999984741211,9.970000267028809,9.970000267028809,92000
2003-12-31,10.369999885559082,10.380000114440918,9.550000190734863,9.630000114440918,9.630000114440918,38300
2004-01-01,10.170000076293945,10.199999809265137,9.5,9.850000381469727,9.850000381469727,54800
2004-01-02,10.050000190734863,10.050000190734863,9.800000190734863,10.0,10.0,36000
2004-01-05,9.75,10.479999542236328,9.25,9.359999656677246,9.359999656677246,40100
2004-01-06,9.75,9.850000381469727,9.350000381469727,9.350000381469727,9.350000381469727,20700
2004-01-07,8.550000190734863,9.25,8.550000190734863,8.989999771118164,8.989999771118164,60200
2004-01-08,9.0,9.399999618530273,8.949999809265137,9.010000228881836,9.010000228881836,24700
2004-01-09,9.100000381469727,9.100000381469727,8.75,8.75,8.75,38900
2004-01-12,8.75,9.0,8.300000190734863,8.479999542236328,8.479999542236328,18600
2004-01-13,8.65999984741211,8.800000190734863,8.100000381469727,8.649999618530273,8.649999618530273,43800
2004-01-14,8.25,8.949999809265137,8.25,8.9399995803833,8.9399995803833,5600
2004-01-15,8.970000267028809,8.970000267028809,8.600000381469727,8.609999656677246,8.609999656677246,12200
2004-01-16,8.319999694824219,8.489999771118164,7.800000190734863,7.860000133514404,7.860000133514404,13700
2004-01-19,8.0,8.640000343322754,8.0,8.569999694824219,8.569999694824219,39300
2004-01-20,8.699999809265137,9.0,8.0600004196167,8.109999656677246,8.109999656677246,12100
2004-01-21,8.800000190734863,8.800000190734863,7.300000190734863,7.300000190734863,7.300000190734863,24700
2004-01-22,6.849999904632568,7.5,6.75,6.800000190734863,6.800000190734863,2200
2004-01-23,6.5,7.0,6.300000190734863,6.880000114440918,6.880000114440918,32300
2004-01-27,7.0,7.0,6.5,6.789999961853027,6.789999961853027,89700
2004-01-28,6.800000190734863,6.889999866485596,6.400000095367432,6.400000095367432,6.400000095367432,9100
2004-01-29,6.320000171661377,6.539999961853027,6.010000228881836,6.420000076293945,6.420000076293945,39500
2004-01-30,6.010000228881836,6.300000190734863,5.849999904632568,6.170000076293945,6.170000076293945,28200
2004-02-03,5.599999904632568,5.849999904632568,5.599999904632568,5.849999904632568,5.849999904632568,3400
2004-02-04,6.0,6.0,5.320000171661377,5.409999847412109,5.409999847412109,15200
2004-02-05,5.309999942779541,5.5,5.25,5.289999961853027,5.289999961853027,4400
2004-02-06,5.260000228881836,5.260000228881836,4.909999847412109,5.0,5.0,15500
2004-02-09,5.099999904632568,5.5,5.099999904632568,5.309999942779541,5.309999942779541,4200
2004-02-10,5.690000057220459,5.690000057220459,5.329999923706055,5.360000133514404,5.360000133514404,600
2004-02-11,5.5,5.889999866485596,5.5,5.889999866485596,5.889999866485596,3000
2004-02-12,5.699999809265137,6.010000228881836,5.699999809265137,6.0,6.0,4100
2004-02-13,5.699999809265137,6.0,5.659999847412109,6.0,6.0,4700
2004-02-16,6.0,6.0,6.0,6.0,6.0,3000
2004-02-17,5.690000057220459,5.690000057220459,5.690000057220459,5.690000057220459,5.690000057220459,900
2004-02-18,5.989999771118164,6.050000190734863,5.989999771118164,6.0,6.0,9500
2004-02-19,6.0,6.150000095367432,6.0,6.0,6.0,5100
2004-02-20,5.849999904632568,5.849999904632568,5.849999904632568,5.849999904632568,5.849999904632568,8300
2004-02-23,5.550000190734863,6.099999904632568,5.550000190734863,6.099999904632568,6.099999904632568,13300
2004-02-24,5.559999942779541,5.980000019073486,5.5,5.880000114440918,5.880000114440918,18000
2004-02-25,6.0,6.460000038146973,6.0,6.389999866485596,6.389999866485596,26900
2004-02-26,6.199999809265137,6.5,6.199999809265137,6.28000020980835,6.28000020980835,10400
2004-02-27,6.150000095367432,6.25,6.099999904632568,6.099999904632568,6.099999904632568,3900
2004-03-01,6.050000190734863,6.099999904632568,5.679999828338623,5.710000038146973,5.710000038146973,2700
2004-03-03,5.809999942779541,6.0,5.809999942779541,5.989999771118164,5.989999771118164,1500
2004-03-04,5.75,5.75,5.550000190734863,5.550000190734863,5.550000190734863,62000
2004-03-05,5.510000228881836,5.889999866485596,5.5,5.559999942779541,5.559999942779541,2700
2004-03-08,5.599999904632568,5.900000095367432,5.510000228881836,5.849999904632568,5.849999904632568,60600
2004-03-09,5.75,5.800000190734863,5.599999904632568,5.599999904632568,5.599999904632568,8700
2004-03-10,5.300000190734863,5.800000190734863,5.260000228881836,5.800000190734863,5.800000190734863,3100
2004-03-11,5.650000095367432,5.800000190734863,5.599999904632568,5.800000190734863,5.800000190734863,4300
2004-03-12,5.510000228881836,6.239999771118164,5.510000228881836,6.0,6.0,3500
2004-03-15,5.809999942779541,6.429999828338623,5.519999980926514,5.519999980926514,5.519999980926514,24700
2004-03-16,5.599999904632568,5.849999904632568,5.510000228881836,5.579999923706055,5.579999923706055,7400
2004-03-17,5.5,6.110000133514404,5.5,6.079999923706055,6.079999923706055,6500
2004-03-18,6.199999809265137,6.199999809265137,5.699999809265137,5.699999809265137,5.699999809265137,6700
2004-03-19,5.989999771118164,6.0,5.710000038146973,5.809999942779541,5.809999942779541,9000
2004-03-22,6.0,6.050000190734863,5.599999904632568,5.599999904632568,5.599999904632568,13600
2004-03-23,5.650000095367432,5.650000095367432,5.349999904632568,5.449999809265137,5.449999809265137,5900
2004-03-24,5.550000190734863,5.650000095367432,5.409999847412109,5.409999847412109,5.409999847412109,30500
2004-03-25,5.300000190734863,5.5,5.25,5.5,5.5,41800
2004-03-26,5.449999809265137,6.0,5.269999980926514,5.5,5.5,21100
2004-03-29,5.929999828338623,5.929999828338623,5.929999828338623,5.929999828338623,5.929999828338623,550
2004-03-30,5.619999885559082,5.619999885559082,5.599999904632568,5.610000133514404,5.610000133514404,1500
2004-03-31,6.079999923706055,6.079999923706055,5.730000019073486,5.860000133514404,5.860000133514404,4100
2004-04-01,5.949999809265137,6.389999866485596,5.949999809265137,6.050000190734863,6.050000190734863,680
2004-04-02,5.900000095367432,6.239999771118164,5.900000095367432,6.239999771118164,6.239999771118164,1300
2004-04-05,6.699999809265137,6.699999809265137,6.230000019073486,6.230000019073486,6.230000019073486,600
2004-04-06,5.699999809265137,6.099999904632568,5.699999809265137,6.099999904632568,6.099999904632568,1200
2004-04-07,5.760000228881836,6.099999904632568,5.75,5.849999904632568,5.849999904632568,2200
2004-04-08,6.099999904632568,6.099999904632568,6.0,6.0,6.0,8000
2004-04-12,5.510000228881836,6.320000171661377,5.510000228881836,6.0,6.0,4400
2004-04-13,5.760000228881836,6.400000095367432,5.760000228881836,6.320000171661377,6.320000171661377,2600
2004-04-15,5.900000095367432,6.260000228881836,5.900000095367432,6.260000228881836,6.260000228881836,600
2004-04-16,6.449999809265137,6.699999809265137,6.150000095367432,6.699999809265137,6.699999809265137,900
2004-04-19,6.260000228881836,6.929999828338623,6.260000228881836,6.929999828338623,6.929999828338623,21000
2004-04-20,6.900000095367432,7.400000095367432,6.849999904632568,7.179999828338623,7.179999828338623,7500
2004-04-21,7.0,7.889999866485596,6.510000228881836,7.769999980926514,7.769999980926514,30900
2004-04-22,8.1899995803833,8.539999961853027,8.1899995803833,8.539999961853027,8.539999961853027,39000
2004-04-23,9.0,9.1899995803833,8.649999618530273,8.760000228881836,8.760000228881836,18300
2004-04-27,8.100000381469727,8.149999618530273,7.900000095367432,7.900000095367432,7.900000095367432,4700
2004-04-28,7.900000095367432,8.399999618530273,7.800000190734863,7.800000190734863,7.800000190734863,9300
2004-04-29,7.699999809265137,7.699999809265137,7.5,7.550000190734863,7.550000190734863,2000
2004-04-30,7.900000095367432,7.900000095367432,7.570000171661377,7.610000133514404,7.610000133514404,600
2004-05-03,7.949999809265137,7.949999809265137,7.130000114440918,7.199999809265137,7.199999809265137,5700
2004-05-04,7.880000114440918,7.920000076293945,7.769999980926514,7.840000152587891,7.840000152587891,3400
2004-05-05,8.300000190734863,8.380000114440918,7.829999923706055,7.829999923706055,7.829999923706055,4000
2004-05-06,8.300000190734863,8.300000190734863,7.650000095367432,8.0,8.0,4100
2004-05-07,8.0,8.449999809265137,7.949999809265137,8.0,8.0,5700
2004-05-10,8.0,8.350000381469727,7.800000190734863,7.889999866485596,7.889999866485596,5700
2004-05-11,7.75,8.210000038146973,7.5,8.130000114440918,8.130000114440918,12600
2004-05-12,8.0,8.100000381469727,7.699999809265137,7.699999809265137,7.699999809265137,2500
2004-05-13,6.949999809265137,8.399999618530273,6.949999809265137,8.149999618530273,8.149999618530273,15400
2004-05-14,8.0,8.0,7.5,7.710000038146973,7.710000038146973,12000
2004-05-17,6.940000057220459,7.889999866485596,6.940000057220459,7.0,7.0,6000
2004-05-18,7.150000095367432,7.400000095367432,6.5,7.349999904632568,7.349999904632568,8700
2004-05-19,7.360000133514404,7.489999771118164,7.25,7.25,7.25,4500
2004-05-20,7.300000190734863,7.96999979019165,7.300000190734863,7.75,7.75,8400
2004-05-21,8.0,8.0,8.0,8.0,8.0,100
2004-05-24,8.0,8.050000190734863,7.599999904632568,7.599999904632568,7.599999904632568,7100
2004-05-25,7.599999904632568,8.100000381469727,7.300000190734863,8.09000015258789,8.09000015258789,3100
2004-05-26,7.800000190734863,8.149999618530273,7.510000228881836,7.550000190734863,7.550000190734863,7700
2004-05-27,7.210000038146973,7.25,7.150000095367432,7.21999979019165,7.21999979019165,3500
2004-05-28,6.599999904632568,7.099999904632568,6.550000190734863,7.039999961853027,7.039999961853027,4500
2004-05-31,6.510000228881836,6.599999904632568,6.510000228881836,6.599999904632568,6.599999904632568,950
2004-06-01,6.28000020980835,6.300000190734863,6.28000020980835,6.300000190734863,6.300000190734863,1200
2004-06-02,6.150000095367432,7.0,6.150000095367432,6.920000076293945,6.920000076293945,12600
2004-06-03,6.230000019073486,6.940000057220459,6.199999809265137,6.28000020980835,6.28000020980835,6400
2004-06-04,6.940000057220459,6.940000057220459,5.960000038146973,5.960000038146973,5.960000038146973,1000
2004-06-07,6.0,6.300000190734863,6.0,6.150000095367432,6.150000095367432,2200
2004-06-08,6.0,6.0,6.0,6.0,6.0,500
2004-06-09,6.300000190734863,7.199999809265137,6.300000190734863,6.800000190734863,6.800000190734863,11900
2004-06-10,7.150000095367432,7.150000095367432,7.150000095367432,7.150000095367432,7.150000095367432,2500
2004-06-11,6.449999809265137,6.449999809265137,6.059999942779541,6.190000057220459,6.190000057220459,5900
2004-06-14,5.900000095367432,6.0,5.860000133514404,5.920000076293945,5.920000076293945,3600
2004-06-16,6.0,6.0,5.800000190734863,5.800000190734863,5.800000190734863,1800
2004-06-17,6.0,6.0,5.699999809265137,5.849999904632568,5.849999904632568,3100
2004-06-18,5.809999942779541,6.5,5.809999942779541,5.849999904632568,5.849999904632568,4
2004-06-21,6.0,6.0,5.75,5.75,5.75,1000
2004-06-22,5.409999847412109,5.789999961853027,5.409999847412109,5.789999961853027,5.789999961853027,2200
2004-06-23,5.449999809265137,5.449999809265137,5.400000095367432,5.400000095367432,5.400000095367432,1000
2004-06-24,5.25,5.25,5.25,5.25,5.25,1700
2004-06-25,5.650000095367432,5.699999809265137,5.349999904632568,5.349999904632568,5.349999904632568,4000
2004-06-28,6.0,6.0,5.900000095367432,5.900000095367432,5.900000095367432,1000
2004-06-29,6.190000057220459,6.300000190734863,6.099999904632568,6.239999771118164,6.239999771118164,2700
2004-06-30,5.78000020980835,7.010000228881836,5.78000020980835,6.989999771118164,6.989999771118164,15700
2004-07-01,7.0,7.150000095367432,6.349999904632568,6.900000095367432,6.900000095367432,700
2004-07-02,6.900000095367432,7.0,6.900000095367432,7.0,7.0,200
2004-07-06,6.21999979019165,6.260000228881836,6.21999979019165,6.260000228881836,6.260000228881836,2900
2004-07-07,6.690000057220459,6.690000057220459,6.690000057220459,6.690000057220459,6.690000057220459,650
2004-07-08,6.699999809265137,6.699999809265137,6.0,6.079999923706055,6.079999923706055,3900
2004-07-09,6.0,6.789999961853027,6.0,6.789999961853027,6.789999961853027,2300
2004-07-12,6.849999904632568,6.900000095367432,6.610000133514404,6.610000133514404,6.610000133514404,5300
2004-07-13,6.690000057220459,6.690000057220459,6.150000095367432,6.25,6.25,10100
2004-07-14,6.5,6.650000095367432,6.489999771118164,6.5,6.5,3300
2004-07-15,6.25,7.800000190734863,6.25,7.150000095367432,7.150000095367432,20800
2004-07-16,7.900000095367432,7.900000095367432,7.25,7.25,7.25,5100
2004-07-19,7.25,7.849999904632568,7.25,7.599999904632568,7.599999904632568,6000
2004-07-20,7.25,7.300000190734863,7.25,7.300000190734863,7.300000190734863,700
2004-07-21,7.300000190734863,7.300000190734863,7.019999980926514,7.019999980926514,7.019999980926514,700
2004-07-22,7.5,7.5,6.510000228881836,7.190000057220459,7.190000057220459,1200
2004-07-23,6.0,7.21999979019165,6.0,6.909999847412109,6.909999847412109,3000
2004-07-26,6.0,7.800000190734863,6.0,7.25,7.25,10000
2004-07-28,6.300000190734863,6.300000190734863,6.300000190734863,6.300000190734863,6.300000190734863,2
2004-07-30,7.400000095367432,7.400000095367432,7.400000095367432,7.400000095367432,7.400000095367432,1000
2004-08-02,7.0,7.0,6.800000190734863,6.849999904632568,6.849999904632568,900
2004-08-03,5.5,7.050000190734863,5.5,6.420000076293945,6.420000076293945,4100
2004-08-04,6.75,7.150000095367432,6.75,6.940000057220459,6.940000057220459,217
2004-08-05,6.550000190734863,6.989999771118164,6.550000190734863,6.989999771118164,6.989999771118164,1900
2004-08-06,6.809999942779541,6.809999942779541,6.800000190734863,6.800000190734863,6.800000190734863,1900
2004-08-09,6.699999809265137,7.150000095367432,6.699999809265137,7.150000095367432,7.150000095367432,2400
2004-08-10,6.75,6.900000095367432,6.710000038146973,6.900000095367432,6.900000095367432,300
2004-08-11,7.0,7.0,6.599999904632568,6.599999904632568,6.599999904632568,400
2004-08-13,6.28000020980835,6.28000020980835,6.269999980926514,6.269999980926514,6.269999980926514,2600
2004-08-16,6.099999904632568,6.199999809265137,6.099999904632568,6.190000057220459,6.190000057220459,2500
2004-08-17,6.0,6.800000190734863,6.0,6.800000190734863,6.800000190734863,16100
2004-08-18,6.75,7.099999904632568,6.5,7.03000020980835,7.03000020980835,6100
2004-08-19,7.400000095367432,7.400000095367432,6.900000095367432,7.0,7.0,3500
2004-08-20,6.900000095367432,6.900000095367432,6.900000095367432,6.900000095367432,6.900000095367432,1200
2004-08-23,6.510000228881836,6.599999904632568,6.510000228881836,6.599999904632568,6.599999904632568,1100
2004-08-24,6.760000228881836,7.0,6.75,6.78000020980835,6.78000020980835,8200
2004-08-25,6.699999809265137,7.239999771118164,6.699999809265137,6.900000095367432,6.900000095367432,891
2004-08-26,6.699999809265137,7.590000152587891,6.699999809265137,7.590000152587891,7.590000152587891,15200
2004-08-27,7.599999904632568,8.300000190734863,7.599999904632568,7.980000019073486,7.980000019073486,16100
2004-08-30,8.5,8.5,7.659999847412109,7.690000057220459,7.690000057220459,7200
2004-08-31,7.449999809265137,8.449999809265137,7.400000095367432,8.25,8.25,29700
2004-09-01,8.649999618530273,8.649999618530273,7.96999979019165,8.40999984741211,8.40999984741211,17600
2004-09-02,8.25,8.609999656677246,8.140000343322754,8.140000343322754,8.140000343322754,14600
2004-09-03,7.949999809265137,8.029999732971191,7.929999828338623,8.0,8.0,3400
2004-09-06,7.710000038146973,8.079999923706055,7.710000038146973,8.069999694824219,8.069999694824219,1790
2004-09-07,8.199999809265137,8.470000267028809,8.0,8.109999656677246,8.109999656677246,5500
2004-09-08,7.849999904632568,8.5,7.849999904632568,8.350000381469727,8.350000381469727,8800
2004-09-09,8.010000228881836,8.479999542236328,7.940000057220459,8.4399995803833,8.4399995803833,5900
2004-09-10,8.800000190734863,9.25,8.600000381469727,8.90999984741211,8.90999984741211,27600
2004-09-13,9.0,9.800000190734863,9.0,9.25,9.25,18000
2004-09-14,9.0,9.199999809265137,9.0,9.050000190734863,9.050000190734863,2200
2004-09-15,8.609999656677246,8.6899995803833,8.319999694824219,8.680000305175781,8.680000305175781,4500
2004-09-16,9.1899995803833,9.1899995803833,8.300000190734863,8.699999809265137,8.699999809265137,8300
2004-09-17,8.40999984741211,8.949999809265137,8.40999984741211,8.649999618530273,8.649999618530273,6200
2004-09-20,8.5,8.800000190734863,8.109999656677246,8.430000305175781,8.430000305175781,5000
2004-09-21,8.25,8.600000381469727,8.149999618530273,8.279999732971191,8.279999732971191,2200
2004-09-22,8.5,8.5,8.25,8.25,8.25,700
2004-09-23,8.25,8.399999618530273,8.050000190734863,8.050000190734863,8.050000190734863,3800
2004-09-24,8.100000381469727,8.550000190734863,8.050000190734863,8.399999618530273,8.399999618530273,3100
2004-09-27,8.210000038146973,8.699999809265137,8.210000038146973,8.350000381469727,8.350000381469727,11800
2004-09-28,8.399999618530273,8.399999618530273,8.350000381469727,8.350000381469727,8.350000381469727,2200
2004-09-29,8.149999618530273,8.699999809265137,8.149999618530273,8.399999618530273,8.399999618530273,2500
2004-09-30,8.449999809265137,8.800000190734863,8.449999809265137,8.800000190734863,8.800000190734863,4900
2004-10-01,8.899999618530273,8.899999618530273,8.609999656677246,8.609999656677246,8.609999656677246,4800
2004-10-04,8.449999809265137,8.850000381469727,8.0,8.5600004196167,8.5600004196167,20000
2004-10-05,8.600000381469727,8.699999809265137,8.300000190734863,8.300000190734863,8.300000190734863,2500
2004-10-06,8.5,9.130000114440918,8.5,9.130000114440918,9.130000114440918,29500
2004-10-07,8.600000381469727,9.600000381469727,8.600000381469727,9.050000190734863,9.050000190734863,3500
2004-10-08,8.5,9.100000381469727,8.5,9.0,9.0,6800
2004-10-11,8.989999771118164,8.989999771118164,8.5,8.510000228881836,8.510000228881836,2100
2004-10-12,8.5,8.800000190734863,8.210000038146973,8.260000228881836,8.260000228881836,3800
2004-10-14,8.25,8.670000076293945,8.25,8.670000076293945,8.670000076293945,3500
2004-10-15,8.050000190734863,8.649999618530273,7.849999904632568,7.949999809265137,7.949999809265137,3100
2004-10-18,8.25,8.899999618530273,8.25,8.449999809265137,8.449999809265137,8400
2004-10-19,8.149999618530273,8.899999618530273,8.149999618530273,8.510000228881836,8.510000228881836,4300
2004-10-20,8.550000190734863,8.649999618530273,8.550000190734863,8.550000190734863,8.550000190734863,1300
2004-10-21,8.0,8.0,7.5,7.550000190734863,7.550000190734863,3400
2004-10-25,7.849999904632568,7.849999904632568,7.849999904632568,7.849999904632568,7.849999904632568,1100
2004-10-26,8.25,8.25,7.599999904632568,7.599999904632568,7.599999904632568,1300
2004-10-27,7.800000190734863,8.899999618530273,7.800000190734863,8.300000190734863,8.300000190734863,7400
2004-10-28,8.25,8.699999809265137,8.25,8.649999618530273,8.649999618530273,6500
2004-10-29,8.5,8.5,8.0,8.25,8.25,5000
2004-11-01,8.449999809265137,8.600000381469727,7.75,7.75,7.75,1500
2004-11-02,7.900000095367432,8.5,7.900000095367432,8.0,8.0,5500
2004-11-03,8.5,8.899999618530273,8.350000381469727,8.649999618530273,8.649999618530273,7000
2004-11-04,8.5600004196167,8.649999618530273,8.399999618530273,8.399999618530273,8.399999618530273,2400
2004-11-05,8.25,8.600000381469727,8.25,8.5,8.5,2400
2004-11-08,8.300000190734863,8.75,8.210000038146973,8.75,8.75,1400
2004-11-09,8.75,8.75,8.010000228881836,8.279999732971191,8.279999732971191,11200
2004-11-10,7.920000076293945,9.0,7.920000076293945,8.729999542236328,8.729999542236328,7500
2004-11-11,9.949999809265137,9.949999809265137,8.359999656677246,8.529999732971191,8.529999732971191,2700
2004-11-12,9.0,9.0,8.5,8.859999656677246,8.859999656677246,6600
2004-11-16,9.100000381469727,9.720000267028809,8.800000190734863,9.449999809265137,9.449999809265137,9100
2004-11-17,9.949999809265137,11.34000015258789,9.5,11.300000190734863,11.300000190734863,92800
2004-11-18,12.5,13.5600004196167,11.300000190734863,13.550000190734863,13.550000190734863,169700
2004-11-19,14.300000190734863,14.5,12.510000228881836,12.6899995803833,12.6899995803833,137180
2004-11-22,12.899999618530273,13.399999618530273,12.5,12.989999771118164,12.989999771118164,50800
2004-11-23,13.899999618530273,13.899999618530273,12.25,12.670000076293945,12.670000076293945,49100
2004-11-24,13.600000381469727,13.600000381469727,12.210000038146973,12.550000190734863,12.550000190734863,40800
2004-11-25,12.850000381469727,13.800000190734863,12.800000190734863,12.970000267028809,12.970000267028809,51600
2004-11-29,13.600000381469727,14.260000228881836,13.600000381469727,14.260000228881836,14.260000228881836,167200
2004-11-30,14.989999771118164,15.25,12.899999618530273,13.199999809265137,13.199999809265137,78600
2004-12-01,13.5,14.5,12.020000457763672,12.470000267028809,12.470000267028809,41700
2004-12-02,13.550000190734863,13.710000038146973,12.270000457763672,13.649999618530273,13.649999618530273,141900
2004-12-03,13.350000381469727,13.550000190734863,12.600000381469727,13.079999923706055,13.079999923706055,97400
2004-12-06,13.739999771118164,14.0,13.170000076293945,13.359999656677246,13.359999656677246,123700
2004-12-07,13.449999809265137,13.449999809265137,12.75,12.800000190734863,12.800000190734863,33100
2004-12-08,13.800000190734863,13.800000190734863,12.5,12.59000015258789,12.59000015258789,24900
2004-12-09,12.0,12.75,12.0,12.739999771118164,12.739999771118164,35100
2004-12-10,12.880000114440918,12.880000114440918,12.5,12.550000190734863,12.550000190734863,44000
2004-12-13,12.5,12.600000381469727,12.25,12.260000228881836,12.260000228881836,21900
2004-12-14,12.399999618530273,12.75,12.319999694824219,12.510000228881836,12.510000228881836,50500
2004-12-15,12.210000038146973,13.5,12.199999809265137,12.6899995803833,12.6899995803833,105900
2004-12-16,13.5,13.949999809265137,12.850000381469727,13.949999809265137,13.949999809265137,359400
2004-12-17,14.399999618530273,15.300000190734863,14.100000381469727,14.40999984741211,14.40999984741211,309200
2004-12-20,14.899999618530273,15.850000381469727,14.75,15.850000381469727,15.850000381469727,221900
2004-12-21,16.639999389648438,16.639999389648438,15.399999618530273,16.6299991607666,16.6299991607666,425900
2004-12-22,17.200000762939453,17.350000381469727,15.800000190734863,15.859999656677246,15.859999656677246,250800
2004-12-23,16.25,16.649999618530273,16.100000381469727,16.649999618530273,16.649999618530273,133500
2004-12-24,17.3799991607666,17.479999542236328,17.049999237060547,17.479999542236328,17.479999542236328,155300
2004-12-27,18.200000762939453,18.200000762939453,16.65999984741211,17.100000381469727,17.100000381469727,181500
2004-12-28,17.299999237060547,17.950000762939453,17.209999084472656,17.950000762939453,17.950000762939453,104400
2004-12-29,18.799999237060547,18.799999237060547,17.059999465942383,17.06999969482422,17.06999969482422,139700
2004-12-30,17.5,17.5,16.219999313354492,16.34000015258789,16.34000015258789,68600
2004-12-31,16.709999084472656,16.739999771118164,15.699999809265137,15.819999694824219,15.819999694824219,30100
2005-01-03,16.5,16.600000381469727,16.049999237060547,16.200000762939453,16.200000762939453,73200
2005-01-04,16.0,16.399999618530273,15.5,15.800000190734863,15.800000190734863,39200
2005-01-05,15.899999618530273,16.549999237060547,15.050000190734863,15.100000381469727,15.100000381469727,94200
2005-01-06,14.75,14.949999809265137,14.350000381469727,14.550000190734863,14.550000190734863,43500
2005-01-07,14.649999618530273,14.649999618530273,13.850000381469727,14.0,14.0,69100
2005-01-10,14.649999618530273,15.850000381469727,14.350000381469727,14.699999809265137,14.699999809265137,95600
2005-01-11,14.699999809265137,15.0,13.5,13.649999618530273,13.649999618530273,22000
2005-01-12,13.5,14.699999809265137,12.399999618530273,12.5,12.5,45800
2005-01-13,12.25,14.5,12.100000381469727,14.0,14.0,55000
2005-01-14,14.050000190734863,14.050000190734863,12.699999809265137,12.949999809265137,12.949999809265137,35600
2005-01-17,14.949999809265137,14.949999809265137,11.5,12.449999809265137,12.449999809265137,27500
2005-01-18,12.5,13.0,12.5,12.75,12.75,6700
2005-01-19,12.949999809265137,13.25,12.5,12.5,12.5,6700
2005-01-20,12.300000190734863,12.75,12.100000381469727,12.699999809265137,12.699999809265137,3800
2005-01-24,12.600000381469727,12.600000381469727,11.149999618530273,11.550000190734863,11.550000190734863,11200
2005-01-25,11.5,12.5,11.5,11.649999618530273,11.649999618530273,46400
2005-01-27,12.25,13.850000381469727,12.25,13.050000190734863,13.050000190734863,43300
2005-01-28,13.350000381469727,13.899999618530273,13.100000381469727,13.649999618530273,13.649999618530273,21800
2005-01-31,13.949999809265137,13.949999809265137,12.550000190734863,12.600000381469727,12.600000381469727,17900
2005-02-01,12.949999809265137,13.199999809265137,12.600000381469727,12.760000228881836,12.760000228881836,5800
2005-02-02,13.0,13.149999618530273,12.5,12.619999885559082,12.619999885559082,9500
2005-02-03,13.449999809265137,13.449999809265137,12.0,12.720000267028809,12.720000267028809,16200
2005-02-04,12.699999809265137,15.260000228881836,12.5,15.260000228881836,15.260000228881836,232600
2005-02-07,15.949999809265137,16.700000762939453,15.0,15.579999923706055,15.579999923706055,171900
2005-02-08,15.949999809265137,15.949999809265137,15.149999618530273,15.430000305175781,15.430000305175781,49700
2005-02-09,15.710000038146973,15.850000381469727,14.8100004196167,15.09000015258789,15.09000015258789,38900
2005-02-10,15.550000190734863,15.550000190734863,14.600000381469727,14.779999732971191,14.779999732971191,42500
2005-02-11,14.100000381469727,15.300000190734863,14.0,14.5,14.5,25200
2005-02-14,15.300000190734863,15.300000190734863,14.210000038146973,14.300000190734863,14.300000190734863,16700
2005-02-15,14.449999809265137,14.449999809265137,13.5,13.600000381469727,13.600000381469727,12100
2005-02-16,14.5,14.699999809265137,13.699999809265137,13.899999618530273,13.899999618530273,14100
2005-02-17,13.649999618530273,14.199999809265137,13.350000381469727,13.350000381469727,13.350000381469727,15100
2005-02-18,13.899999618530273,14.130000114440918,13.5,13.649999618530273,13.649999618530273,16100
2005-02-21,14.0,14.100000381469727,13.140000343322754,13.369999885559082,13.369999885559082,4600
2005-02-22,13.300000190734863,13.5,13.039999961853027,13.5,13.5,4500
2005-02-23,13.130000114440918,14.75,13.119999885559082,13.699999809265137,13.699999809265137,56600
2005-02-24,14.0,14.5,13.899999618530273,13.920000076293945,13.920000076293945,29200
2005-02-25,13.680000305175781,14.1899995803833,13.350000381469727,13.550000190734863,13.550000190734863,23300
2005-02-28,14.0,14.800000190734863,12.75,12.979999542236328,12.979999542236328,28600
2005-03-01,12.899999618530273,13.5,12.75,13.039999961853027,13.039999961853027,21100
2005-03-02,13.0,13.1899995803833,12.600000381469727,12.75,12.75,28400
2005-03-03,13.25,13.600000381469727,12.90999984741211,13.479999542236328,13.479999542236328,23500
2005-03-04,13.5,13.699999809265137,13.0,13.399999618530273,13.399999618530273,30300
2005-03-07,13.680000305175781,16.079999923706055,13.399999618530273,15.289999961853027,15.289999961853027,301100
2005-03-08,15.550000190734863,17.450000762939453,15.550000190734863,16.799999237060547,16.799999237060547,446600
2005-03-09,17.25,17.25,14.899999618530273,15.380000114440918,15.380000114440918,92800
2005-03-10,15.899999618530273,17.989999771118164,15.050000190734863,16.959999084472656,16.959999084472656,413800
2005-03-11,17.0,20.350000381469727,17.0,20.350000381469727,20.350000381469727,2075800
2005-03-14,20.850000381469727,21.350000381469727,18.56999969482422,18.780000686645508,18.780000686645508,597100
2005-03-15,18.420000076293945,19.899999618530273,18.059999465942383,18.399999618530273,18.399999618530273,325500
2005-03-16,18.0,19.399999618530273,18.0,18.6299991607666,18.6299991607666,146600
2005-03-17,17.799999237060547,18.75,17.25,17.520000457763672,17.520000457763672,102400
2005-03-18,18.100000381469727,18.100000381469727,16.100000381469727,17.149999618530273,17.149999618530273,57900
2005-03-21,16.530000686645508,16.950000762939453,16.530000686645508,16.639999389648438,16.639999389648438,22200
2005-03-22,16.5,16.5,15.0,15.170000076293945,15.170000076293945,28100
2005-03-23,15.0,15.9399995803833,14.0,14.399999618530273,14.399999618530273,35600
2005-03-24,14.800000190734863,14.899999618530273,13.6899995803833,13.949999809265137,13.949999809265137,53400
2005-03-28,13.800000190734863,14.479999542236328,13.359999656677246,13.789999961853027,13.789999961853027,66800
2005-03-29,13.979999542236328,13.989999771118164,13.119999885559082,13.460000038146973,13.460000038146973,33600
2005-03-30,13.890000343322754,14.119999885559082,13.399999618530273,13.960000038146973,13.960000038146973,28900
2005-03-31,14.010000228881836,14.649999618530273,14.010000228881836,14.649999618530273,14.649999618530273,12400
2005-04-01,15.300000190734863,15.380000114440918,15.0,15.380000114440918,15.380000114440918,68300
2005-04-04,16.0,16.139999389648438,14.850000381469727,15.9399995803833,15.9399995803833,60000
2005-04-05,16.350000381469727,16.350000381469727,15.149999618530273,15.279999732971191,15.279999732971191,21900
2005-04-06,15.899999618530273,15.899999618530273,14.899999618530273,15.3100004196167,15.3100004196167,25600
2005-04-07,15.850000381469727,16.06999969482422,15.050000190734863,15.880000114440918,15.880000114440918,26200
2005-04-08,16.399999618530273,16.399999618530273,15.09000015258789,15.15999984741211,15.15999984741211,29200
2005-04-11,15.75,15.75,14.550000190734863,14.699999809265137,14.699999809265137,10000
2005-04-12,14.25,14.850000381469727,14.25,14.850000381469727,14.850000381469727,8300
2005-04-13,15.0,15.0,14.699999809265137,14.930000305175781,14.930000305175781,14100
2005-04-15,14.899999618530273,14.899999618530273,14.0,14.380000114440918,14.380000114440918,7800
2005-04-18,14.5,14.5,13.800000190734863,14.050000190734863,14.050000190734863,4506
2005-04-19,14.350000381469727,14.550000190734863,13.8100004196167,13.819999694824219,13.819999694824219,7850
2005-04-20,13.100000381469727,14.0,13.0,13.84000015258789,13.84000015258789,8380
2005-04-21,13.800000190734863,14.550000190734863,13.800000190734863,14.029999732971191,14.029999732971191,12400
2005-04-22,14.550000190734863,14.970000267028809,14.25,14.739999771118164,14.739999771118164,16600
2005-04-25,14.100000381469727,16.209999084472656,14.0,16.049999237060547,16.049999237060547,73548
2005-04-26,17.100000381469727,17.649999618530273,16.25,17.280000686645508,17.280000686645508,129498
2005-04-27,17.399999618530273,17.450000762939453,16.420000076293945,17.110000610351562,17.110000610351562,42027
2005-04-28,17.5,17.5,16.260000228881836,16.639999389648438,16.639999389648438,21550
2005-04-29,16.0,17.399999618530273,15.8100004196167,16.700000762939453,16.700000762939453,43051
2005-05-02,17.5,17.5,16.5,17.5,17.5,77800
2005-05-03,17.600000381469727,18.100000381469727,17.100000381469727,17.899999618530273,17.899999618530273,120200
2005-05-04,18.0,18.549999237060547,17.600000381469727,18.399999618530273,18.399999618530273,76400
2005-05-05,18.5,19.25,17.5,19.0,19.0,186500
2005-05-06,19.0,19.25,18.299999237060547,18.799999237060547,18.799999237060547,74800
2005-05-09,18.600000381469727,19.149999618530273,18.200000762939453,18.700000762939453,18.700000762939453,58800
2005-05-10,18.100000381469727,18.799999237060547,18.0,18.5,18.5,52100
2005-05-11,18.950000762939453,19.399999618530273,18.450000762939453,19.399999618530273,19.399999618530273,164800
2005-05-12,20.0,20.100000381469727,19.100000381469727,19.600000381469727,19.600000381469727,174200
2005-05-13,19.25,20.549999237060547,19.200000762939453,20.549999237060547,20.549999237060547,298200
2005-05-16,21.100000381469727,21.549999237060547,19.649999618530273,19.899999618530273,19.899999618530273,165371
2005-05-17,20.399999618530273,20.399999618530273,18.950000762939453,18.950000762939453,18.950000762939453,71900
2005-05-18,18.100000381469727,19.200000762939453,18.049999237060547,18.799999237060547,18.799999237060547,41032
2005-05-19,19.100000381469727,19.25,18.0,18.850000381469727,18.850000381469727,39300
2005-05-20,18.600000381469727,19.0,17.950000762939453,17.950000762939453,17.950000762939453,52900
2005-05-23,18.25,18.600000381469727,17.700000762939453,18.5,18.5,49242
2005-05-24,18.899999618530273,19.399999618530273,18.5,18.950000762939453,18.950000762939453,131646
2005-05-25,19.5,19.850000381469727,19.100000381469727,19.25,19.25,92251
2005-05-26,20.149999618530273,20.149999618530273,18.600000381469727,18.75,18.75,37787
2005-05-27,18.700000762939453,18.700000762939453,17.850000381469727,17.850000381469727,17.850000381469727,31800
2005-05-30,17.950000762939453,18.25,17.049999237060547,17.200000762939453,17.200000762939453,30375
2005-05-31,17.149999618530273,17.5,17.0,17.5,17.5,18900
2005-06-01,17.700000762939453,18.0,17.200000762939453,17.549999237060547,17.549999237060547,25600
2005-06-02,17.950000762939453,18.0,16.899999618530273,17.0,17.0,28600
2005-06-03,17.5,17.5,16.950000762939453,17.100000381469727,17.100000381469727,37335
2005-06-06,18.450000762939453,18.450000762939453,17.600000381469727,17.799999237060547,17.799999237060547,76650
2005-06-07,17.850000381469727,18.0,17.5,17.700000762939453,17.700000762939453,24300
2005-06-08,18.399999618530273,18.399999618530273,17.399999618530273,17.700000762939453,17.700000762939453,27400
2005-06-09,17.5,17.899999618530273,17.100000381469727,17.149999618530273,17.149999618530273,40700
2005-06-10,17.75,18.850000381469727,17.700000762939453,18.850000381469727,18.850000381469727,142600
2005-06-13,19.649999618530273,20.700000762939453,19.0,20.700000762939453,20.700000762939453,195100
2005-06-14,22.0,22.0,20.299999237060547,20.600000381469727,20.600000381469727,222100
2005-06-15,21.0,21.399999618530273,20.049999237060547,20.149999618530273,20.149999618530273,102400
2005-06-16,20.5,20.5,18.25,18.350000381469727,18.350000381469727,79275
2005-06-17,18.5,18.5,17.299999237060547,17.75,17.75,33400
2005-06-20,18.100000381469727,18.399999618530273,17.5,17.5,17.5,24200
2005-06-21,17.100000381469727,18.450000762939453,17.100000381469727,17.549999237060547,17.549999237060547,24900
2005-06-22,17.0,18.5,17.0,17.899999618530273,17.899999618530273,15900
2005-06-23,18.0,18.0,17.5,17.649999618530273,17.649999618530273,11400
2005-06-24,17.649999618530273,18.200000762939453,17.299999237060547,17.799999237060547,17.799999237060547,26900
2005-06-27,18.899999618530273,18.950000762939453,17.350000381469727,17.450000762939453,17.450000762939453,25566
2005-06-28,17.0,17.5,16.600000381469727,16.649999618530273,16.649999618530273,17000
2005-06-29,16.5,17.100000381469727,16.5,16.700000762939453,16.700000762939453,21000
2005-06-30,17.0,17.350000381469727,16.549999237060547,16.700000762939453,16.700000762939453,22700
2005-07-01,16.600000381469727,17.0,16.549999237060547,16.700000762939453,16.700000762939453,9241
2005-07-04,17.399999618530273,17.5,17.0,17.200000762939453,17.200000762939453,12338
2005-07-05,17.5,18.850000381469727,17.049999237060547,17.75,17.75,49400
2005-07-06,17.899999618530273,18.399999618530273,17.0,17.350000381469727,17.350000381469727,24253
2005-07-07,17.0,17.950000762939453,17.0,17.200000762939453,17.200000762939453,30067
2005-07-08,18.0,18.100000381469727,17.25,17.350000381469727,17.350000381469727,14900
2005-07-11,17.549999237060547,18.0,17.5,17.549999237060547,17.549999237060547,27900
2005-07-12,17.950000762939453,17.950000762939453,17.149999618530273,17.299999237060547,17.299999237060547,17300
2005-07-13,17.299999237060547,19.0,17.149999618530273,18.950000762939453,18.950000762939453,89600
2005-07-14,19.399999618530273,19.600000381469727,18.299999237060547,18.450000762939453,18.450000762939453,96701
2005-07-15,18.5,18.899999618530273,18.100000381469727,18.399999618530273,18.399999618530273,42000
2005-07-18,19.0,20.0,18.850000381469727,19.799999237060547,19.799999237060547,154300
2005-07-19,19.450000762939453,20.0,18.850000381469727,19.299999237060547,19.299999237060547,62848
2005-07-20,19.600000381469727,19.75,18.799999237060547,18.950000762939453,18.950000762939453,56500
2005-07-21,19.0,19.850000381469727,18.549999237060547,18.799999237060547,18.799999237060547,59800
2005-07-22,19.100000381469727,19.5,18.350000381469727,18.75,18.75,55394
2005-07-25,19.450000762939453,19.5,18.0,18.149999618530273,18.149999618530273,41600
2005-07-26,18.0,18.75,17.75,17.850000381469727,17.850000381469727,41305
2005-07-27,18.649999618530273,19.600000381469727,17.850000381469727,19.600000381469727,19.600000381469727,69600
2005-07-29,21.549999237060547,21.549999237060547,21.549999237060547,21.549999237060547,21.549999237060547,105700
2005-08-01,23.5,23.700000762939453,20.600000381469727,21.100000381469727,21.100000381469727,255800
2005-08-02,21.700000762939453,21.899999618530273,20.600000381469727,20.950000762939453,20.950000762939453,136900
2005-08-03,20.200000762939453,21.049999237060547,20.0,20.350000381469727,20.350000381469727,84800
2005-08-04,20.149999618530273,20.649999618530273,19.700000762939453,20.100000381469727,20.100000381469727,44200
2005-08-05,19.75,20.450000762939453,19.700000762939453,20.049999237060547,20.049999237060547,41311
2005-08-08,20.049999237060547,20.799999237060547,19.350000381469727,19.5,19.5,51400
2005-08-09,20.350000381469727,20.350000381469727,19.149999618530273,19.799999237060547,19.799999237060547,20075
2005-08-10,19.100000381469727,20.200000762939453,19.100000381469727,20.0,20.0,21152
2005-08-11,19.75,21.0,19.649999618530273,20.700000762939453,20.700000762939453,46938
2005-08-12,21.0,21.950000762939453,20.0,21.399999618530273,21.399999618530273,93800
2005-08-16,21.5,23.450000762939453,21.5,22.299999237060547,22.299999237060547,97552
2005-08-17,22.799999237060547,23.399999618530273,22.100000381469727,22.25,22.25,87430
2005-08-18,22.899999618530273,22.950000762939453,21.549999237060547,21.649999618530273,21.649999618530273,51400
2005-08-19,22.0,22.200000762939453,21.0,21.399999618530273,21.399999618530273,60844
2005-08-22,21.799999237060547,23.5,21.600000381469727,22.100000381469727,22.100000381469727,90060
2005-08-23,22.850000381469727,22.850000381469727,21.0,21.200000762939453,21.200000762939453,50351
2005-08-24,21.5,21.5,19.049999237060547,20.0,20.0,38300
2005-08-25,20.5,20.799999237060547,19.799999237060547,19.899999618530273,19.899999618530273,23510
2005-08-26,19.850000381469727,21.200000762939453,19.799999237060547,20.450000762939453,20.450000762939453,20516
2005-08-29,21.100000381469727,21.100000381469727,19.700000762939453,20.549999237060547,20.549999237060547,23835
2005-08-30,21.399999618530273,21.850000381469727,20.100000381469727,21.200000762939453,21.200000762939453,53900
2005-08-31,21.799999237060547,21.899999618530273,20.899999618530273,20.950000762939453,20.950000762939453,46816
2005-09-01,21.950000762939453,22.0,20.950000762939453,21.100000381469727,21.100000381469727,56369
2005-09-02,21.450000762939453,21.600000381469727,20.5,20.549999237060547,20.549999237060547,41321
2005-09-05,21.450000762939453,21.5,20.5,20.600000381469727,20.600000381469727,42200
2005-09-06,20.950000762939453,21.399999618530273,20.0,20.549999237060547,20.549999237060547,46401
2005-09-08,21.100000381469727,21.100000381469727,19.950000762939453,20.450000762939453,20.450000762939453,40625
2005-09-09,21.450000762939453,21.450000762939453,19.450000762939453,19.549999237060547,19.549999237060547,38000
2005-09-12,19.850000381469727,20.0,18.5,18.75,18.75,42100
2005-09-13,19.5,19.5,18.75,18.899999618530273,18.899999618530273,45177
2005-09-14,19.0,19.950000762939453,18.950000762939453,19.399999618530273,19.399999618530273,25950
2005-09-15,19.600000381469727,20.399999618530273,19.299999237060547,19.549999237060547,19.549999237060547,23626
2005-09-16,20.350000381469727,20.350000381469727,18.649999618530273,19.549999237060547,19.549999237060547,19400
2005-09-19,19.799999237060547,20.0,19.100000381469727,19.450000762939453,19.450000762939453,24430
2005-09-20,19.200000762939453,19.450000762939453,18.600000381469727,18.700000762939453,18.700000762939453,21500
2005-09-21,18.799999237060547,18.799999237060547,17.799999237060547,17.950000762939453,17.950000762939453,34863
2005-09-22,17.100000381469727,18.0,17.100000381469727,17.100000381469727,17.100000381469727,7800
2005-09-23,16.25,16.799999237060547,16.25,16.299999237060547,16.299999237060547,43400
2005-09-26,16.0,16.700000762939453,15.5,16.299999237060547,16.299999237060547,40000
2005-09-27,16.5,17.100000381469727,16.0,16.149999618530273,16.149999618530273,36106
2005-09-28,15.550000190734863,16.149999618530273,15.550000190734863,16.0,16.0,7900
2005-09-29,16.25,16.5,15.25,15.25,15.25,12900
2005-09-30,14.600000381469727,15.0,14.5,14.5,14.5,21800
2005-10-03,14.25,15.100000381469727,13.779999732971191,14.800000190734863,14.800000190734863,24431
2005-10-04,14.75,15.25,14.550000190734863,14.920000076293945,14.920000076293945,9502
2005-10-05,15.0,15.399999618530273,14.800000190734863,15.0,15.0,20500
2005-10-06,15.0,15.550000190734863,14.5,14.5,14.5,8500
2005-10-07,14.75,14.75,13.920000076293945,14.34000015258789,14.34000015258789,10389
2005-10-10,14.899999618530273,14.899999618530273,13.630000114440918,13.630000114440918,13.630000114440918,10800
2005-10-11,13.25,13.25,12.949999809265137,13.199999809265137,13.199999809265137,9700
2005-10-13,13.350000381469727,13.619999885559082,13.020000457763672,13.140000343322754,13.140000343322754,7600
2005-10-14,13.25,13.25,12.5,12.5600004196167,12.5600004196167,14250
2005-10-17,11.949999809265137,12.430000305175781,11.949999809265137,12.430000305175781,12.430000305175781,5200
2005-10-18,13.050000190734863,13.050000190734863,12.0,12.0600004196167,12.0600004196167,12289
2005-10-19,11.460000038146973,11.460000038146973,11.460000038146973,11.460000038146973,11.460000038146973,17000
2005-10-20,11.300000190734863,12.0,10.890000343322754,10.890000343322754,10.890000343322754,33800
2005-10-21,11.0,11.0,10.350000381469727,10.779999732971191,10.779999732971191,12800
2005-10-24,11.199999809265137,11.25,10.619999885559082,10.6899995803833,10.6899995803833,12300
2005-10-25,10.75,10.970000267028809,10.199999809265137,10.430000305175781,10.430000305175781,7580
2005-10-26,10.25,10.949999809265137,10.25,10.5,10.5,2300
2005-10-27,11.0,11.0,10.40999984741211,10.40999984741211,10.40999984741211,3700
2005-10-28,10.020000457763672,10.25,10.0,10.0,10.0,8100
2005-10-31,10.5,10.5,10.119999885559082,10.1899995803833,10.1899995803833,6150
2005-11-02,10.699999809265137,10.75,10.699999809265137,10.710000038146973,10.710000038146973,1350
2005-11-07,10.199999809265137,11.239999771118164,10.199999809265137,11.020000457763672,11.020000457763672,14801
2005-11-08,11.569999694824219,11.569999694824219,11.0,11.199999809265137,11.199999809265137,15800
2005-11-09,10.649999618530273,11.109999656677246,10.649999618530273,10.979999542236328,10.979999542236328,13000
2005-11-10,11.100000381469727,11.239999771118164,10.800000190734863,11.239999771118164,11.239999771118164,5200
2005-11-11,11.430000305175781,11.4399995803833,11.25,11.4399995803833,11.4399995803833,3800
2005-11-14,11.100000381469727,11.640000343322754,11.100000381469727,11.239999771118164,11.239999771118164,2750
2005-11-16,10.850000381469727,10.949999809265137,10.819999694824219,10.949999809265137,10.949999809265137,9300
2005-11-17,11.100000381469727,11.489999771118164,10.850000381469727,11.489999771118164,11.489999771118164,10900
2005-11-18,12.0600004196167,12.0600004196167,11.5,11.5,11.5,6600
2005-11-21,11.199999809265137,11.989999771118164,11.109999656677246,11.550000190734863,11.550000190734863,3002
2005-11-22,11.300000190734863,11.5,11.149999618530273,11.220000267028809,11.220000267028809,8130
2005-11-23,10.760000228881836,11.550000190734863,10.760000228881836,11.229999542236328,11.229999542236328,5900
2005-11-24,11.100000381469727,11.149999618530273,11.100000381469727,11.149999618530273,11.149999618530273,800
2005-11-25,11.100000381469727,11.699999809265137,11.100000381469727,11.260000228881836,11.260000228881836,15321
2005-11-28,11.0,11.5,11.0,11.149999618530273,11.149999618530273,2300
2005-11-29,10.890000343322754,11.0600004196167,10.800000190734863,10.819999694824219,10.819999694824219,12600
2005-11-30,10.65999984741211,11.359999656677246,10.649999618530273,11.100000381469727,11.100000381469727,6528
2005-12-01,10.800000190734863,11.0,10.699999809265137,11.0,11.0,2700
2005-12-02,10.609999656677246,11.0,10.600000381469727,10.680000305175781,10.680000305175781,3271
2005-12-05,10.550000190734863,11.0,10.210000038146973,10.229999542236328,10.229999542236328,9736
2005-12-06,10.600000381469727,10.739999771118164,10.600000381469727,10.739999771118164,10.739999771118164,4500
2005-12-07,11.229999542236328,11.229999542236328,10.359999656677246,10.399999618530273,10.399999618530273,4300
2005-12-08,10.5,10.920000076293945,10.170000076293945,10.350000381469727,10.350000381469727,10407
2005-12-09,10.5,10.75,10.199999809265137,10.300000190734863,10.300000190734863,10300
2005-12-12,10.5,10.729999542236328,10.15999984741211,10.220000267028809,10.220000267028809,13600
2005-12-13,10.210000038146973,10.729999542236328,10.15999984741211,10.5600004196167,10.5600004196167,15625
2005-12-14,10.359999656677246,10.979999542236328,10.359999656677246,10.979999542236328,10.979999542236328,5500
2005-12-15,10.5600004196167,10.5600004196167,10.4399995803833,10.4399995803833,10.4399995803833,25100
2005-12-16,9.970000267028809,10.0,9.920000076293945,9.920000076293945,9.920000076293945,15000
2005-12-19,10.40999984741211,10.40999984741211,9.430000305175781,9.430000305175781,9.430000305175781,36200
2005-12-20,9.899999618530273,9.899999618530273,8.960000038146973,9.069999694824219,9.069999694824219,9800
2005-12-21,9.0,9.239999771118164,8.920000076293945,9.010000228881836,9.010000228881836,5100
2005-12-22,8.819999694824219,9.0,8.75,8.850000381469727,8.850000381469727,13700
2005-12-23,8.510000228881836,9.140000343322754,8.510000228881836,8.760000228881836,8.760000228881836,6400
2005-12-26,8.75,9.09000015258789,8.5,8.760000228881836,8.760000228881836,2900
2005-12-27,8.989999771118164,9.170000076293945,8.5600004196167,9.050000190734863,9.050000190734863,16880
2005-12-28,9.470000267028809,9.470000267028809,8.899999618530273,9.020000457763672,9.020000457763672,4740
2005-12-29,8.899999618530273,9.289999961853027,8.640000343322754,9.0,9.0,6600
2005-12-30,8.75,9.449999809265137,8.75,9.390000343322754,9.390000343322754,15950
2006-01-02,9.84000015258789,9.84000015258789,9.359999656677246,9.760000228881836,9.760000228881836,12900
2006-01-03,10.0,10.239999771118164,10.0,10.239999771118164,10.239999771118164,19400
2006-01-04,10.75,10.75,10.25,10.619999885559082,10.619999885559082,27625
2006-01-05,10.630000114440918,10.699999809265137,10.210000038146973,10.4399995803833,10.4399995803833,6732
2006-01-06,10.010000228881836,10.489999771118164,9.920000076293945,10.220000267028809,10.220000267028809,23291
2006-01-09,9.710000038146973,10.100000381469727,9.710000038146973,9.779999732971191,9.779999732971191,9501
2006-01-10,9.649999618530273,10.050000190734863,9.5,9.869999885559082,9.869999885559082,11300
2006-01-12,9.699999809265137,9.989999771118164,9.399999618530273,9.460000038146973,9.460000038146973,24500
2006-01-13,9.420000076293945,9.5,9.40999984741211,9.5,9.5,2600
2006-01-16,9.229999542236328,9.3100004196167,9.109999656677246,9.109999656677246,9.109999656677246,9500
2006-01-17,9.039999961853027,9.5600004196167,9.029999732971191,9.5,9.5,4800
2006-01-18,9.109999656677246,9.539999961853027,9.029999732971191,9.029999732971191,9.029999732971191,24700
2006-01-19,8.670000076293945,9.0,8.670000076293945,8.720000267028809,8.720000267028809,3450
2006-01-20,8.75,9.149999618530273,8.550000190734863,8.90999984741211,8.90999984741211,15350
2006-01-23,8.5,9.0,8.5,8.600000381469727,8.600000381469727,14801
2006-01-24,9.029999732971191,9.029999732971191,8.600000381469727,8.789999961853027,8.789999961853027,14100
2006-01-25,8.989999771118164,9.0,8.609999656677246,8.970000267028809,8.970000267028809,20500
2006-01-27,8.649999618530273,9.40999984741211,8.579999923706055,9.1899995803833,9.1899995803833,9650
2006-01-30,8.869999885559082,9.0,8.850000381469727,8.9399995803833,8.9399995803833,11588
2006-01-31,8.699999809265137,8.800000190734863,8.5,8.800000190734863,8.800000190734863,12200
2006-02-01,8.5,8.5,8.369999885559082,8.369999885559082,8.369999885559082,13000
2006-02-02,8.25,8.25,7.960000038146973,8.0,8.0,32931
2006-02-03,7.900000095367432,8.0,7.610000133514404,7.699999809265137,7.699999809265137,16867
2006-02-06,8.079999923706055,8.079999923706055,7.610000133514404,7.989999771118164,7.989999771118164,12400
2006-02-07,7.75,8.260000228881836,7.659999847412109,7.800000190734863,7.800000190734863,11550
2006-02-08,7.75,7.989999771118164,7.550000190734863,7.650000095367432,7.650000095367432,5800
2006-02-10,7.5,8.0,7.320000171661377,7.880000114440918,7.880000114440918,8000
2006-02-13,7.510000228881836,8.0,7.510000228881836,7.800000190734863,7.800000190734863,19231
2006-02-14,7.610000133514404,7.960000038146973,7.610000133514404,7.75,7.75,5500
2006-02-15,7.699999809265137,7.880000114440918,7.630000114440918,7.880000114440918,7.880000114440918,12500
2006-02-16,7.610000133514404,7.940000057220459,7.610000133514404,7.800000190734863,7.800000190734863,6000
2006-02-17,8.0,8.0,7.420000076293945,7.420000076293945,7.420000076293945,15300
2006-02-20,7.420000076293945,7.639999866485596,7.070000171661377,7.5,7.5,20300
2006-02-21,7.840000152587891,7.849999904632568,7.139999866485596,7.25,7.25,22700
2006-02-22,7.03000020980835,7.309999942779541,7.010000228881836,7.019999980926514,7.019999980926514,8168
2006-02-23,7.0,7.0,6.670000076293945,6.730000019073486,6.730000019073486,24868
2006-02-24,7.050000190734863,7.050000190734863,6.400000095367432,6.739999771118164,6.739999771118164,9830
2006-02-27,6.460000038146973,7.0,6.460000038146973,6.78000020980835,6.78000020980835,10300
2006-02-28,6.550000190734863,7.0,6.550000190734863,6.710000038146973,6.710000038146973,41900
2006-03-01,6.889999866485596,7.039999961853027,6.889999866485596,7.039999961853027,7.039999961853027,3400
2006-03-02,7.389999866485596,7.389999866485596,7.010000228881836,7.269999980926514,7.269999980926514,11276
2006-03-03,7.199999809265137,7.349999904632568,7.059999942779541,7.150000095367432,7.150000095367432,15000
2006-03-06,7.25,7.25,6.800000190734863,6.920000076293945,6.920000076293945,29400
2006-03-07,7.0,7.0,6.800000190734863,6.800000190734863,6.800000190734863,10400
2006-03-08,6.929999828338623,6.989999771118164,6.71999979019165,6.760000228881836,6.760000228881836,4900
2006-03-09,6.510000228881836,7.0,6.5,6.559999942779541,6.559999942779541,2600
2006-03-10,6.25,6.800000190734863,6.25,6.53000020980835,6.53000020980835,18677
2006-03-13,6.300000190734863,6.699999809265137,6.300000190734863,6.5,6.5,17500
2006-03-14,6.809999942779541,6.820000171661377,6.650000095367432,6.820000171661377,6.820000171661377,16800
2006-03-16,7.099999904632568,7.159999847412109,6.769999980926514,7.159999847412109,7.159999847412109,23800
2006-03-17,6.820000171661377,7.300000190734863,6.820000171661377,7.090000152587891,7.090000152587891,8820
2006-03-20,6.760000228881836,7.0,6.760000228881836,6.789999961853027,6.789999961853027,10325
2006-03-21,6.460000038146973,6.949999809265137,6.460000038146973,6.460000038146973,6.460000038146973,19000
2006-03-22,6.139999866485596,6.300000190734863,6.139999866485596,6.25,6.25,43200
2006-03-23,6.519999980926514,6.53000020980835,6.050000190734863,6.099999904632568,6.099999904632568,18645
2006-03-24,6.099999904632568,6.320000171661377,6.039999961853027,6.039999961853027,6.039999961853027,16700
2006-03-27,5.75,6.199999809265137,5.75,5.949999809265137,5.949999809265137,44700
2006-03-28,5.849999904632568,6.199999809265137,5.809999942779541,5.920000076293945,5.920000076293945,32100
2006-03-29,6.210000038146973,6.210000038146973,5.869999885559082,5.960000038146973,5.960000038146973,9500
2006-03-30,6.050000190734863,6.25,5.96999979019165,6.25,6.25,3000
2006-03-31,6.559999942779541,6.559999942779541,6.559999942779541,6.559999942779541,6.559999942779541,7500
2006-04-03,6.880000114440918,6.880000114440918,6.880000114440918,6.880000114440918,6.880000114440918,3800
2006-04-04,7.210000038146973,7.21999979019165,7.210000038146973,7.21999979019165,7.21999979019165,7000
2006-04-05,7.579999923706055,7.579999923706055,7.579999923706055,7.579999923706055,7.579999923706055,2800
2006-04-07,7.949999809265137,7.949999809265137,7.75,7.949999809265137,7.949999809265137,21200
2006-04-10,8.34000015258789,8.34000015258789,8.0600004196167,8.270000457763672,8.270000457763672,30570
2006-04-12,8.329999923706055,8.600000381469727,8.0,8.0,8.0,15800
2006-04-13,8.399999618530273,8.399999618530273,8.050000190734863,8.399999618530273,8.399999618530273,16100
2006-04-17,8.300000190734863,8.350000381469727,7.989999771118164,7.989999771118164,7.989999771118164,15900
2006-04-18,7.650000095367432,7.949999809265137,7.599999904632568,7.940000057220459,7.940000057220459,5400
2006-04-19,7.849999904632568,8.329999923706055,7.599999904632568,8.109999656677246,8.109999656677246,15700
2006-04-20,8.109999656677246,8.149999618530273,8.109999656677246,8.149999618530273,8.149999618530273,7800
2006-04-21,8.149999618530273,8.199999809265137,7.75,7.75,7.75,42600
2006-04-24,8.130000114440918,8.130000114440918,7.599999904632568,7.900000095367432,7.900000095367432,4500
2006-04-25,8.25,8.25,7.78000020980835,7.840000152587891,7.840000152587891,4000
2006-04-26,7.829999923706055,8.229999542236328,7.820000171661377,8.229999542236328,8.229999542236328,13300
2006-04-27,8.640000343322754,8.640000343322754,8.640000343322754,8.640000343322754,8.640000343322754,9300
2006-04-28,8.800000190734863,9.069999694824219,8.300000190734863,8.850000381469727,8.850000381469727,10000
2006-05-02,8.75,9.609999656677246,8.720000267028809,8.75,8.75,9600
2006-05-03,9.0,9.140000343322754,9.0,9.039999961853027,9.039999961853027,2350
2006-05-04,8.800000190734863,9.380000114440918,8.600000381469727,9.0,9.0,13400
2006-05-05,9.390000343322754,9.449999809265137,8.800000190734863,9.449999809265137,9.449999809265137,24200
2006-05-08,9.300000190734863,9.920000076293945,9.300000190734863,9.90999984741211,9.90999984741211,34805
2006-05-09,10.050000190734863,10.399999618530273,10.010000228881836,10.399999618530273,10.399999618530273,36000
2006-05-10,10.890000343322754,10.920000076293945,10.699999809265137,10.920000076293945,10.920000076293945,43100
2006-05-11,11.4399995803833,11.460000038146973,11.0,11.420000076293945,11.420000076293945,36000
2006-05-12,11.199999809265137,11.649999618530273,10.850000381469727,10.989999771118164,10.989999771118164,37719
2006-05-15,11.430000305175781,11.430000305175781,10.5,10.960000038146973,10.960000038146973,12294
2006-05-16,10.800000190734863,10.800000190734863,10.420000076293945,10.569999694824219,10.569999694824219,13585
2006-05-17,10.569999694824219,10.989999771118164,10.050000190734863,10.359999656677246,10.359999656677246,16800
2006-05-18,10.739999771118164,10.739999771118164,9.850000381469727,9.850000381469727,9.850000381469727,15800
2006-05-19,9.449999809265137,9.449999809265137,9.359999656677246,9.359999656677246,9.359999656677246,15800
2006-05-23,8.949999809265137,9.75,8.949999809265137,9.199999809265137,9.199999809265137,11450
2006-05-24,8.75,9.25,8.75,8.75,8.75,9700
2006-05-25,8.319999694824219,8.5,8.319999694824219,8.319999694824219,8.319999694824219,5000
2006-05-26,8.720000267028809,8.729999542236328,7.909999847412109,7.96999979019165,7.96999979019165,10393
2006-05-29,8.0,8.239999771118164,7.610000133514404,7.75,7.75,7700
2006-05-30,7.5,8.130000114440918,7.5,7.869999885559082,7.869999885559082,3588
2006-05-31,8.0,8.140000343322754,7.5,8.140000343322754,8.140000343322754,500
2006-06-01,8.300000190734863,8.300000190734863,7.800000190734863,7.800000190734863,7.800000190734863,700
2006-06-02,7.980000019073486,7.989999771118164,7.420000076293945,7.980000019073486,7.980000019073486,4600
2006-06-05,7.610000133514404,8.350000381469727,7.599999904632568,8.0,8.0,2600
2006-06-06,7.610000133514404,7.610000133514404,7.610000133514404,7.610000133514404,7.610000133514404,110
2006-06-07,7.230000019073486,7.230000019073486,7.230000019073486,7.230000019073486,7.230000019073486,2900
2006-06-08,6.869999885559082,6.869999885559082,6.869999885559082,6.869999885559082,6.869999885559082,800
2006-06-09,6.53000020980835,7.210000038146973,6.53000020980835,7.210000038146973,7.210000038146973,10300
2006-06-12,7.5,7.5,7.300000190734863,7.300000190734863,7.300000190734863,1290
2006-06-13,7.199999809265137,7.199999809265137,6.940000057220459,6.940000057220459,6.940000057220459,900
2006-06-14,6.599999904632568,6.599999904632568,6.599999904632568,6.599999904632568,6.599999904632568,2500
2006-06-15,6.309999942779541,6.900000095367432,6.28000020980835,6.800000190734863,6.800000190734863,29960
2006-06-16,6.519999980926514,7.119999885559082,6.519999980926514,6.699999809265137,6.699999809265137,4310
2006-06-20,6.5,7.0,6.5,6.619999885559082,6.619999885559082,600
2006-06-21,6.519999980926514,6.949999809265137,6.289999961853027,6.880000114440918,6.880000114440918,30615
2006-06-22,7.21999979019165,7.21999979019165,7.010000228881836,7.21999979019165,7.21999979019165,6800
2006-06-23,7.0,7.440000057220459,7.0,7.349999904632568,7.349999904632568,13700
2006-06-26,7.309999942779541,7.349999904632568,7.269999980926514,7.269999980926514,7.269999980926514,350
2006-06-27,6.909999847412109,6.909999847412109,6.909999847412109,6.909999847412109,6.909999847412109,1800
2006-06-28,7.190000057220459,7.199999809265137,6.679999828338623,7.139999866485596,7.139999866485596,3700
2006-06-29,6.800000190734863,7.489999771118164,6.800000190734863,7.420000076293945,7.420000076293945,6400
2006-06-30,7.099999904632568,7.099999904632568,7.070000171661377,7.070000171661377,7.070000171661377,200
2006-07-03,6.75,7.199999809265137,6.75,6.809999942779541,6.809999942779541,4000
2006-07-04,6.800000190734863,7.150000095367432,6.800000190734863,6.869999885559082,6.869999885559082,1100
2006-07-05,7.210000038146973,7.210000038146973,7.0,7.210000038146973,7.210000038146973,1900
2006-07-06,7.489999771118164,7.570000171661377,7.019999980926514,7.440000057220459,7.440000057220459,5200
2006-07-07,7.400000095367432,7.5,6.75,6.909999847412109,6.909999847412109,6101
2006-07-11,6.429999828338623,7.0,6.429999828338623,6.699999809265137,6.699999809265137,4500
2006-07-12,6.360000133514404,7.199999809265137,6.360000133514404,6.940000057220459,6.940000057220459,4300
2006-07-13,6.53000020980835,6.53000020980835,6.5,6.5,6.5,1100
2006-07-14,6.110000133514404,6.75,6.110000133514404,6.5,6.5,2200
2006-07-17,6.5,6.5,6.300000190734863,6.300000190734863,6.300000190734863,8800
2006-07-18,6.099999904632568,6.099999904632568,5.980000019073486,6.0,6.0,1600
2006-07-19,5.78000020980835,5.78000020980835,5.550000190734863,5.670000076293945,5.670000076293945,5700
2006-07-20,5.889999866485596,5.949999809265137,5.550000190734863,5.949999809265137,5.949999809265137,3600
2006-07-21,6.0,6.239999771118164,5.940000057220459,6.199999809265137,6.199999809265137,1170
2006-07-24,6.0,6.25,5.909999847412109,5.909999847412109,5.909999847412109,2100
2006-07-25,5.909999847412109,6.199999809265137,5.909999847412109,6.199999809265137,6.199999809265137,1700
2006-07-26,6.0,6.0,5.929999828338623,6.0,6.0,4400
2006-07-27,5.989999771118164,5.989999771118164,5.989999771118164,5.989999771118164,5.989999771118164,2200
2006-07-28,6.0,6.0,6.0,6.0,6.0,300
2006-07-31,6.0,6.289999961853027,5.929999828338623,6.289999961853027,6.289999961853027,2700
2006-08-01,6.25,6.25,6.25,6.25,6.25,300
2006-08-04,6.199999809265137,6.559999942779541,6.199999809265137,6.25,6.25,2800
2006-08-07,6.550000190734863,6.550000190734863,6.050000190734863,6.460000038146973,6.460000038146973,1925
2006-08-08,6.5,6.5,6.210000038146973,6.489999771118164,6.489999771118164,7400
2006-08-09,6.739999771118164,6.789999961853027,6.300000190734863,6.409999847412109,6.409999847412109,2900
2006-08-10,6.730000019073486,6.730000019073486,6.449999809265137,6.650000095367432,6.650000095367432,1900
2006-08-11,6.980000019073486,6.980000019073486,6.519999980926514,6.610000133514404,6.610000133514404,6200
2006-08-14,6.300000190734863,6.579999923706055,6.300000190734863,6.559999942779541,6.559999942779541,3600
2006-08-16,6.559999942779541,6.880000114440918,6.559999942779541,6.880000114440918,6.880000114440918,3000
2006-08-17,6.800000190734863,6.900000095367432,6.800000190734863,6.849999904632568,6.849999904632568,3200
2006-08-18,6.599999904632568,6.900000095367432,6.599999904632568,6.889999866485596,6.889999866485596,10000
2006-08-21,6.599999904632568,7.179999828338623,6.599999904632568,7.170000076293945,7.170000076293945,4130
2006-08-22,6.849999904632568,6.909999847412109,6.849999904632568,6.900000095367432,6.900000095367432,1500
2006-08-23,7.050000190734863,7.050000190734863,6.679999828338623,6.710000038146973,6.710000038146973,2600
2006-08-24,6.380000114440918,6.650000095367432,6.380000114440918,6.409999847412109,6.409999847412109,13700
2006-08-25,6.400000095367432,6.5,6.360000133514404,6.400000095367432,6.400000095367432,1700
2006-08-28,6.71999979019165,6.71999979019165,6.699999809265137,6.71999979019165,6.71999979019165,12000
2006-08-29,7.050000190734863,7.050000190734863,7.050000190734863,7.050000190734863,7.050000190734863,3000
2006-08-30,7.400000095367432,7.400000095367432,7.400000095367432,7.400000095367432,7.400000095367432,4300
2006-08-31,7.769999980926514,7.769999980926514,7.769999980926514,7.769999980926514,7.769999980926514,2900
2006-09-01,8.149999618530273,8.149999618530273,8.149999618530273,8.149999618530273,8.149999618530273,2600
2006-09-04,8.550000190734863,8.550000190734863,8.550000190734863,8.550000190734863,8.550000190734863,9500
2006-09-05,8.960000038146973,8.960000038146973,8.5,8.539999961853027,8.539999961853027,17358
2006-09-06,8.960000038146973,8.960000038146973,8.359999656677246,8.649999618530273,8.649999618530273,13269
2006-09-07,8.75,9.0,8.600000381469727,8.600000381469727,8.600000381469727,11800
2006-09-08,8.699999809265137,8.899999618530273,8.5,8.600000381469727,8.600000381469727,9700
2006-09-11,9.029999732971191,9.029999732971191,8.199999809265137,8.3100004196167,8.3100004196167,13265
2006-09-12,8.0,8.399999618530273,8.0,8.359999656677246,8.359999656677246,4400
2006-09-13,8.699999809265137,8.75,8.300000190734863,8.380000114440918,8.380000114440918,4800
2006-09-14,8.449999809265137,8.5,8.210000038146973,8.5,8.5,6000
2006-09-15,8.899999618530273,8.899999618530273,8.100000381469727,8.140000343322754,8.140000343322754,7800
2006-09-18,7.760000228881836,7.949999809265137,7.75,7.829999923706055,7.829999923706055,3800
2006-09-19,7.510000228881836,7.900000095367432,7.510000228881836,7.730000019073486,7.730000019073486,5200
2006-09-20,8.100000381469727,8.100000381469727,7.650000095367432,7.96999979019165,7.96999979019165,4420
2006-09-21,7.75,8.0,7.699999809265137,7.699999809265137,7.699999809265137,6800
2006-09-22,7.449999809265137,7.78000020980835,7.320000171661377,7.320000171661377,7.320000171661377,14100
2006-09-25,7.059999942779541,7.590000152587891,7.059999942779541,7.480000019073486,7.480000019073486,8300
2006-09-26,7.179999828338623,7.690000057220459,7.179999828338623,7.690000057220459,7.690000057220459,7000
2006-09-27,7.699999809265137,7.800000190734863,7.309999942779541,7.699999809265137,7.699999809265137,9500
2006-09-28,7.409999847412109,7.610000133514404,7.400000095367432,7.599999904632568,7.599999904632568,3900
2006-09-29,7.510000228881836,7.769999980926514,7.5,7.769999980926514,7.769999980926514,1700
2006-10-03,7.989999771118164,7.989999771118164,7.389999866485596,7.400000095367432,7.400000095367432,2700
2006-10-04,7.25,7.699999809265137,7.25,7.300000190734863,7.300000190734863,1300
2006-10-05,7.449999809265137,7.659999847412109,7.409999847412109,7.460000038146973,7.460000038146973,1800
2006-10-06,7.829999923706055,7.829999923706055,7.599999904632568,7.75,7.75,4700
2006-10-09,8.109999656677246,8.109999656677246,7.550000190734863,7.710000038146973,7.710000038146973,2200
2006-10-10,7.78000020980835,7.78000020980835,7.599999904632568,7.630000114440918,7.630000114440918,1500
2006-10-11,7.75,8.0,7.659999847412109,7.659999847412109,7.659999847412109,4400
2006-10-12,7.099999904632568,8.180000305175781,7.099999904632568,7.5,7.5,6850
2006-10-13,7.5,7.679999828338623,7.300000190734863,7.349999904632568,7.349999904632568,2850
2006-10-16,7.300000190734863,7.389999866485596,7.300000190734863,7.320000171661377,7.320000171661377,2500
2006-10-17,7.010000228881836,7.730000019073486,6.849999904632568,7.099999904632568,7.099999904632568,10100
2006-10-18,6.71999979019165,7.230000019073486,6.610000133514404,6.679999828338623,6.679999828338623,3836
2006-10-19,6.710000038146973,7.340000152587891,6.699999809265137,7.340000152587891,7.340000152587891,6300
2006-10-20,7.0,7.5,7.0,7.269999980926514,7.269999980926514,7161
2006-10-23,6.840000152587891,7.289999961853027,6.840000152587891,6.960000038146973,6.960000038146973,7350
2006-10-26,7.5,7.5,6.699999809265137,6.989999771118164,6.989999771118164,6154
2006-10-27,7.099999904632568,7.170000076293945,6.900000095367432,6.900000095367432,6.900000095367432,7900
2006-10-30,6.230000019073486,7.0,6.230000019073486,6.800000190734863,6.800000190734863,3990
2006-10-31,6.849999904632568,6.989999771118164,6.849999904632568,6.860000133514404,6.860000133514404,2100
2006-11-01,6.960000038146973,7.5,6.960000038146973,7.300000190734863,7.300000190734863,15109
2006-11-02,7.099999904632568,8.020000457763672,7.050000190734863,7.800000190734863,7.800000190734863,19500
2006-11-03,7.849999904632568,7.849999904632568,7.03000020980835,7.090000152587891,7.090000152587891,9584
2006-11-06,6.809999942779541,6.849999904632568,6.75,6.760000228881836,6.760000228881836,5500
2006-11-07,6.800000190734863,7.139999866485596,6.75,7.099999904632568,7.099999904632568,11000
2006-11-08,7.099999904632568,7.099999904632568,6.5,6.53000020980835,6.53000020980835,12800
2006-11-09,6.460000038146973,6.900000095367432,6.460000038146973,6.599999904632568,6.599999904632568,9550
2006-11-10,6.449999809265137,6.71999979019165,6.400000095367432,6.400000095367432,6.400000095367432,8200
2006-11-13,6.599999904632568,6.699999809265137,6.309999942779541,6.309999942779541,6.309999942779541,4900
2006-11-14,6.349999904632568,6.349999904632568,6.309999942779541,6.309999942779541,6.309999942779541,1100
2006-11-15,6.889999866485596,6.889999866485596,6.360000133514404,6.71999979019165,6.71999979019165,1700
2006-11-16,6.5,6.849999904632568,6.5,6.599999904632568,6.599999904632568,3100
2006-11-17,6.210000038146973,6.71999979019165,6.199999809265137,6.289999961853027,6.289999961853027,5800
2006-11-20,5.920000076293945,6.449999809265137,5.920000076293945,6.449999809265137,6.449999809265137,1200
2006-11-21,6.059999942779541,6.400000095367432,6.059999942779541,6.389999866485596,6.389999866485596,1100
2006-11-22,6.0,6.5,6.0,6.5,6.5,4100
2006-11-23,6.150000095367432,6.400000095367432,6.03000020980835,6.170000076293945,6.170000076293945,12290
2006-11-24,6.489999771118164,6.489999771118164,6.21999979019165,6.230000019073486,6.230000019073486,3000
2006-11-27,6.25,6.46999979019165,6.25,6.300000190734863,6.300000190734863,3400
2006-11-28,6.150000095367432,6.929999828338623,6.150000095367432,6.900000095367432,6.900000095367432,10031
2006-11-29,6.900000095367432,7.579999923706055,6.900000095367432,7.579999923706055,7.579999923706055,5700
2006-11-30,7.949999809265137,7.949999809265137,7.159999847412109,7.429999828338623,7.429999828338623,6903
2006-12-01,6.710000038146973,7.449999809265137,6.710000038146973,7.25,7.25,6319
2006-12-04,7.199999809265137,7.489999771118164,6.75,6.809999942779541,6.809999942779541,3500
2006-12-05,6.760000228881836,7.25,6.710000038146973,6.960000038146973,6.960000038146973,9695
2006-12-06,7.449999809265137,7.449999809265137,6.75,6.840000152587891,6.840000152587891,5500
2006-12-07,7.400000095367432,7.400000095367432,6.159999847412109,6.610000133514404,6.610000133514404,4200
2006-12-08,6.800000190734863,7.269999980926514,6.510000228881836,6.559999942779541,6.559999942779541,6900
2006-12-11,7.159999847412109,7.170000076293945,6.320000171661377,6.539999961853027,6.539999961853027,4800
2006-12-12,6.739999771118164,6.739999771118164,5.889999866485596,6.03000020980835,6.03000020980835,17651
2006-12-13,6.0,6.150000095367432,5.900000095367432,5.980000019073486,5.980000019073486,2650
2006-12-14,6.380000114440918,6.400000095367432,6.119999885559082,6.400000095367432,6.400000095367432,1600
2006-12-15,5.900000095367432,6.400000095367432,5.900000095367432,6.159999847412109,6.159999847412109,12400
2006-12-18,6.690000057220459,6.690000057220459,6.230000019073486,6.449999809265137,6.449999809265137,6500
2006-12-19,6.300000190734863,6.650000095367432,6.28000020980835,6.46999979019165,6.46999979019165,3800
2006-12-20,6.46999979019165,6.650000095367432,6.300000190734863,6.650000095367432,6.650000095367432,4800
2006-12-21,6.510000228881836,6.630000114440918,6.179999828338623,6.179999828338623,6.179999828338623,10800
2006-12-22,6.300000190734863,6.590000152587891,6.199999809265137,6.309999942779541,6.309999942779541,9400
2006-12-26,6.929999828338623,6.929999828338623,6.389999866485596,6.420000076293945,6.420000076293945,7540
2006-12-27,6.769999980926514,6.769999980926514,6.260000228881836,6.5,6.5,3400
2006-12-28,6.730000019073486,6.739999771118164,6.380000114440918,6.579999923706055,6.579999923706055,7487
2006-12-29,6.429999828338623,6.699999809265137,6.429999828338623,6.639999866485596,6.639999866485596,6150
2007-01-02,7.0,7.0,6.5,6.75,6.75,7700
2007-01-03,7.0,7.420000076293945,7.0,7.420000076293945,7.420000076293945,25100
2007-01-04,7.550000190734863,7.949999809265137,7.5,7.550000190734863,7.550000190734863,7669
2007-01-05,7.550000190734863,7.96999979019165,7.550000190734863,7.599999904632568,7.599999904632568,1900
2007-01-08,7.880000114440918,8.300000190734863,7.710000038146973,8.220000267028809,8.220000267028809,16265
2007-01-09,7.949999809265137,8.479999542236328,7.900000095367432,8.3100004196167,8.3100004196167,31097
2007-01-10,7.909999847412109,8.100000381469727,7.900000095367432,8.0,8.0,7400
2007-01-11,8.380000114440918,8.390000343322754,8.0,8.0,8.0,18300
2007-01-12,7.699999809265137,8.050000190734863,7.699999809265137,7.75,7.75,6835
2007-01-15,8.0,8.0,7.71999979019165,7.989999771118164,7.989999771118164,7719
2007-01-16,7.75,8.0,7.599999904632568,7.610000133514404,7.610000133514404,15373
2007-01-17,7.989999771118164,7.989999771118164,7.329999923706055,7.739999771118164,7.739999771118164,7900
2007-01-18,7.510000228881836,8.119999885559082,7.5,7.900000095367432,7.900000095367432,32207
2007-01-19,8.0,8.0,7.650000095367432,7.679999828338623,7.679999828338623,10500
2007-01-22,7.699999809265137,7.789999961853027,7.429999828338623,7.46999979019165,7.46999979019165,20856
2007-01-23,7.690000057220459,7.690000057220459,7.260000228881836,7.389999866485596,7.389999866485596,4800
2007-01-24,7.579999923706055,7.579999923706055,7.170000076293945,7.230000019073486,7.230000019073486,13670
2007-01-25,7.400000095367432,7.489999771118164,6.960000038146973,7.380000114440918,7.380000114440918,21900
2007-01-29,7.03000020980835,7.650000095367432,7.03000020980835,7.300000190734863,7.300000190734863,5600
2007-01-31,7.050000190734863,7.239999771118164,7.039999961853027,7.050000190734863,7.050000190734863,10500
2007-02-01,7.400000095367432,7.400000095367432,7.309999942779541,7.349999904632568,7.349999904632568,3010
2007-02-02,7.400000095367432,7.400000095367432,7.159999847412109,7.25,7.25,3850
2007-02-05,7.5,7.5,7.019999980926514,7.099999904632568,7.099999904632568,5900
2007-02-06,7.099999904632568,7.400000095367432,7.099999904632568,7.260000228881836,7.260000228881836,6400
2007-02-07,7.110000133514404,7.420000076293945,7.110000133514404,7.210000038146973,7.210000038146973,15500
2007-02-08,7.119999885559082,7.309999942779541,6.909999847412109,7.0,7.0,12837
2007-02-09,6.929999828338623,6.929999828338623,6.909999847412109,6.909999847412109,6.909999847412109,4000
2007-02-12,6.889999866485596,7.199999809265137,6.78000020980835,6.820000171661377,6.820000171661377,3900
2007-02-13,6.96999979019165,6.96999979019165,6.599999904632568,6.599999904632568,6.599999904632568,6600
2007-02-14,6.5,6.5,6.179999828338623,6.190000057220459,6.190000057220459,7302
2007-02-15,6.690000057220459,6.690000057220459,6.230000019073486,6.599999904632568,6.599999904632568,3900
2007-02-19,6.849999904632568,6.849999904632568,6.5,6.800000190734863,6.800000190734863,5500
2007-02-20,6.550000190734863,6.639999866485596,6.199999809265137,6.210000038146973,6.210000038146973,7650
2007-02-21,6.25,6.300000190734863,6.150000095367432,6.179999828338623,6.179999828338623,16300
2007-02-22,6.079999923706055,6.340000152587891,5.679999828338623,5.869999885559082,5.869999885559082,15518
2007-02-23,6.050000190734863,6.050000190734863,5.309999942779541,5.800000190734863,5.800000190734863,27400
2007-02-26,5.809999942779541,6.21999979019165,5.75,6.21999979019165,6.21999979019165,11400
2007-02-27,6.21999979019165,6.21999979019165,5.789999961853027,5.869999885559082,5.869999885559082,6200
2007-02-28,5.800000190734863,5.949999809265137,5.599999904632568,5.849999904632568,5.849999904632568,7600
2007-03-01,5.989999771118164,5.989999771118164,5.619999885559082,5.619999885559082,5.619999885559082,2000
2007-03-02,5.849999904632568,5.849999904632568,5.599999904632568,5.619999885559082,5.619999885559082,4000
2007-03-05,5.519999980926514,5.78000020980835,5.099999904632568,5.170000076293945,5.170000076293945,6517
2007-03-06,5.300000190734863,5.300000190734863,5.110000133514404,5.150000095367432,5.150000095367432,4050
2007-03-07,5.099999904632568,5.349999904632568,5.099999904632568,5.309999942779541,5.309999942779541,12300
2007-03-08,5.300000190734863,5.5,5.300000190734863,5.5,5.5,1200
2007-03-09,5.050000190734863,5.659999847412109,5.03000020980835,5.400000095367432,5.400000095367432,2700
2007-03-12,5.159999847412109,5.300000190734863,5.159999847412109,5.289999961853027,5.289999961853027,24350
2007-03-13,5.5,5.739999771118164,5.400000095367432,5.480000019073486,5.480000019073486,7601
2007-03-14,5.440000057220459,5.440000057220459,5.440000057220459,5.440000057220459,5.440000057220459,2000
2007-03-15,5.300000190734863,5.889999866485596,5.300000190734863,5.71999979019165,5.71999979019165,1175
2007-03-16,5.28000020980835,5.5,5.170000076293945,5.170000076293945,5.170000076293945,14200
2007-03-19,5.179999828338623,5.400000095367432,5.0,5.0,5.0,2000
2007-03-20,5.0,5.440000057220459,4.960000038146973,4.960000038146973,4.960000038146973,5400
2007-03-21,5.0,5.440000057220459,4.800000190734863,4.909999847412109,4.909999847412109,16100
2007-03-22,5.360000133514404,5.360000133514404,4.849999904632568,4.860000133514404,4.860000133514404,6263
2007-03-23,4.900000095367432,5.0,4.699999809265137,4.840000152587891,4.840000152587891,6352
2007-03-26,4.769999980926514,4.949999809265137,4.650000095367432,4.670000076293945,4.670000076293945,9861
2007-03-28,4.889999866485596,5.0,4.789999961853027,4.820000171661377,4.820000171661377,750
2007-03-29,4.730000019073486,5.139999866485596,4.71999979019165,4.71999979019165,4.71999979019165,1500
2007-03-30,5.0,5.090000152587891,5.0,5.090000152587891,5.090000152587891,850
2007-04-02,5.480000019073486,5.480000019073486,4.75,4.75,4.75,6500
2007-04-03,5.21999979019165,5.21999979019165,4.75,4.75,4.75,2100
2007-04-04,4.809999942779541,5.0,4.809999942779541,4.980000019073486,4.980000019073486,1000
2007-04-05,5.170000076293945,5.239999771118164,5.170000076293945,5.239999771118164,5.239999771118164,100
2007-04-09,5.429999828338623,5.429999828338623,5.099999904632568,5.150000095367432,5.150000095367432,20600
2007-04-10,5.400000095367432,5.400000095367432,5.03000020980835,5.139999866485596,5.139999866485596,3300
2007-04-11,5.480000019073486,5.480000019073486,5.210000038146973,5.210000038146973,5.210000038146973,1600
2007-04-12,4.760000228881836,5.269999980926514,4.760000228881836,5.099999904632568,5.099999904632568,11700
2007-04-13,5.369999885559082,5.369999885559082,4.820000171661377,4.960000038146973,4.960000038146973,4600
2007-04-16,5.300000190734863,5.320000171661377,4.960000038146973,5.0,5.0,2000
2007-04-17,5.389999866485596,5.389999866485596,5.010000228881836,5.010000228881836,5.010000228881836,400
2007-04-18,5.489999771118164,5.489999771118164,4.96999979019165,5.070000171661377,5.070000171661377,1800
2007-04-19,5.260000228881836,5.440000057220459,5.260000228881836,5.349999904632568,5.349999904632568,8959
2007-04-20,4.909999847412109,5.519999980926514,4.909999847412109,5.46999979019165,5.46999979019165,5700
2007-04-23,5.400000095367432,5.53000020980835,5.360000133514404,5.480000019073486,5.480000019073486,2500
2007-04-24,5.199999809265137,5.539999961853027,5.199999809265137,5.400000095367432,5.400000095367432,700
2007-04-25,5.25,5.400000095367432,5.25,5.400000095367432,5.400000095367432,1600
2007-04-26,5.400000095367432,5.400000095367432,5.0,5.019999980926514,5.019999980926514,10822
2007-04-27,4.900000095367432,5.519999980926514,4.800000190734863,4.880000114440918,4.880000114440918,10327
2007-04-30,5.25,5.25,4.739999771118164,4.96999979019165,4.96999979019165,7586
2007-05-03,4.829999923706055,5.099999904632568,4.829999923706055,5.0,5.0,12300
2007-05-04,4.980000019073486,4.980000019073486,4.699999809265137,4.869999885559082,4.869999885559082,6300
2007-05-07,4.900000095367432,4.900000095367432,4.769999980926514,4.809999942779541,4.809999942779541,7700
2007-05-08,4.900000095367432,4.980000019073486,4.900000095367432,4.900000095367432,4.900000095367432,2000
2007-05-09,4.849999904632568,4.889999866485596,4.699999809265137,4.840000152587891,4.840000152587891,7500
2007-05-10,4.670000076293945,4.900000095367432,4.670000076293945,4.880000114440918,4.880000114440918,6100
2007-05-11,4.800000190734863,4.940000057220459,4.800000190734863,4.940000057220459,4.940000057220459,1000
2007-05-14,4.769999980926514,5.0,4.760000228881836,4.949999809265137,4.949999809265137,10900
2007-05-15,5.150000095367432,5.150000095367432,4.860000133514404,4.989999771118164,4.989999771118164,2200
2007-05-16,5.099999904632568,5.099999904632568,4.949999809265137,5.079999923706055,5.079999923706055,4400
2007-05-17,5.179999828338623,5.190000057220459,5.0,5.0,5.0,2400
2007-05-18,5.340000152587891,5.349999904632568,5.0,5.0,5.0,4000
2007-05-21,4.829999923706055,5.099999904632568,4.829999923706055,4.860000133514404,4.860000133514404,1200
2007-05-22,5.090000152587891,5.090000152587891,4.949999809265137,4.949999809265137,4.949999809265137,700
2007-05-23,4.800000190734863,5.090000152587891,4.800000190734863,4.860000133514404,4.860000133514404,7386
2007-05-24,4.900000095367432,4.900000095367432,4.550000190734863,4.679999828338623,4.679999828338623,12690
2007-05-25,4.619999885559082,4.900000095367432,4.619999885559082,4.869999885559082,4.869999885559082,5800
2007-05-28,5.079999923706055,5.079999923706055,4.730000019073486,5.050000190734863,5.050000190734863,1000
2007-05-29,4.699999809265137,5.130000114440918,4.699999809265137,4.889999866485596,4.889999866485596,7075
2007-05-30,4.940000057220459,4.949999809265137,4.760000228881836,4.800000190734863,4.800000190734863,4900
2007-05-31,4.769999980926514,4.829999923706055,4.769999980926514,4.829999923706055,4.829999923706055,800
2007-06-01,4.849999904632568,5.150000095367432,4.800000190734863,4.809999942779541,4.809999942779541,14752
2007-06-04,4.869999885559082,4.900000095367432,4.760000228881836,4.769999980926514,4.769999980926514,5300
2007-06-05,5.159999847412109,5.159999847412109,4.699999809265137,4.699999809265137,4.699999809265137,6300
2007-06-06,4.71999979019165,4.949999809265137,4.71999979019165,4.78000020980835,4.78000020980835,7600
2007-06-07,4.599999904632568,5.0,4.599999904632568,4.78000020980835,4.78000020980835,4200
2007-06-08,4.710000038146973,4.710000038146973,4.710000038146973,4.710000038146973,4.710000038146973,100
2007-06-11,4.75,4.929999828338623,4.730000019073486,4.929999828338623,4.929999828338623,700
2007-06-12,4.900000095367432,4.940000057220459,4.699999809265137,4.909999847412109,4.909999847412109,2700
2007-06-13,4.71999979019165,5.039999961853027,4.71999979019165,4.809999942779541,4.809999942779541,1600
2007-06-14,5.099999904632568,5.099999904632568,4.739999771118164,4.800000190734863,4.800000190734863,2300
2007-06-15,4.699999809265137,4.849999904632568,4.690000057220459,4.710000038146973,4.710000038146973,5300
2007-06-18,4.690000057220459,4.900000095367432,4.690000057220459,4.869999885559082,4.869999885559082,5100
2007-06-19,4.710000038146973,4.889999866485596,4.690000057220459,4.690000057220459,4.690000057220459,2600
2007-06-20,4.989999771118164,5.139999866485596,4.599999904632568,4.710000038146973,4.710000038146973,11000
2007-06-21,4.710000038146973,4.710000038146973,4.710000038146973,4.710000038146973,4.710000038146973,15300
2007-06-22,4.710000038146973,4.860000133514404,4.690000057220459,4.860000133514404,4.860000133514404,8500
2007-06-25,4.730000019073486,4.880000114440918,4.639999866485596,4.679999828338623,4.679999828338623,5205
2007-06-26,4.699999809265137,4.849999904632568,4.639999866485596,4.699999809265137,4.699999809265137,3000
2007-06-27,4.699999809265137,4.800000190734863,4.619999885559082,4.630000114440918,4.630000114440918,8800
2007-06-28,4.639999866485596,4.75,4.639999866485596,4.75,4.75,4600
2007-06-29,4.699999809265137,4.78000020980835,4.650000095367432,4.769999980926514,4.769999980926514,4099
2007-07-02,5.010000228881836,5.139999866485596,4.800000190734863,4.980000019073486,4.980000019073486,29700
2007-07-03,5.010000228881836,5.079999923706055,4.909999847412109,5.010000228881836,5.010000228881836,9700
2007-07-04,5.110000133514404,5.110000133514404,5.0,5.099999904632568,5.099999904632568,15200
2007-07-05,4.940000057220459,5.090000152587891,4.809999942779541,4.880000114440918,4.880000114440918,7800
2007-07-06,5.199999809265137,5.730000019073486,4.880000114440918,5.300000190734863,5.300000190734863,18100
2007-07-09,5.050000190734863,6.150000095367432,5.010000228881836,5.880000114440918,5.880000114440918,46155
2007-07-10,5.889999866485596,6.139999866485596,5.210000038146973,5.769999980926514,5.769999980926514,35300
2007-07-11,5.610000133514404,5.610000133514404,5.449999809265137,5.550000190734863,5.550000190734863,16500
2007-07-12,5.550000190734863,5.800000190734863,5.5,5.639999866485596,5.639999866485596,12000
2007-07-13,5.53000020980835,6.0,5.53000020980835,5.699999809265137,5.699999809265137,25700
2007-07-16,5.599999904632568,6.050000190734863,5.5,6.019999980926514,6.019999980926514,21255
2007-07-17,6.380000114440918,6.550000190734863,6.0,6.010000228881836,6.010000228881836,27670
2007-07-18,5.809999942779541,6.300000190734863,5.809999942779541,6.159999847412109,6.159999847412109,24200
2007-07-19,6.380000114440918,6.400000095367432,6.0,6.03000020980835,6.03000020980835,3010
2007-07-20,6.25,6.25,5.710000038146973,5.78000020980835,5.78000020980835,11600
2007-07-23,5.579999923706055,5.579999923706055,5.5,5.550000190734863,5.550000190734863,1150
2007-07-24,5.5,5.5,5.0,5.349999904632568,5.349999904632568,7700
2007-07-25,5.400000095367432,5.400000095367432,5.199999809265137,5.199999809265137,5.199999809265137,2800
2007-07-26,5.099999904632568,5.5,5.099999904632568,5.5,5.5,2700
2007-07-27,5.400000095367432,5.400000095367432,5.099999904632568,5.110000133514404,5.110000133514404,3300
2007-07-30,5.349999904632568,5.349999904632568,5.309999942779541,5.309999942779541,5.309999942779541,3700
2007-07-31,5.099999904632568,6.050000190734863,5.099999904632568,5.539999961853027,5.539999961853027,19870
2007-08-01,5.639999866485596,5.639999866485596,4.849999904632568,5.389999866485596,5.389999866485596,13200
2007-08-02,5.389999866485596,5.46999979019165,4.880000114440918,5.03000020980835,5.03000020980835,5700
2007-08-03,4.880000114440918,4.920000076293945,4.880000114440918,4.920000076293945,4.920000076293945,7930
2007-08-06,5.690000057220459,5.710000038146973,5.010000228881836,5.190000057220459,5.190000057220459,3375
2007-08-07,4.929999828338623,4.929999828338623,4.920000076293945,4.920000076293945,4.920000076293945,500
2007-08-08,4.920000076293945,5.5,4.920000076293945,5.360000133514404,5.360000133514404,50954
2007-08-09,5.340000152587891,5.349999904632568,5.199999809265137,5.329999923706055,5.329999923706055,7400
2007-08-10,5.03000020980835,5.349999904632568,5.03000020980835,5.349999904632568,5.349999904632568,4400
2007-08-13,5.5,5.75,5.360000133514404,5.730000019073486,5.730000019073486,5052
2007-08-14,5.75,5.940000057220459,5.5,5.550000190734863,5.550000190734863,21300
2007-08-16,6.0,6.0,5.75,5.940000057220459,5.940000057220459,11500
2007-08-17,5.690000057220459,5.710000038146973,5.5,5.550000190734863,5.550000190734863,7600
2007-08-20,5.599999904632568,5.900000095367432,5.550000190734863,5.559999942779541,5.559999942779541,17448
2007-08-21,5.260000228881836,5.650000095367432,5.260000228881836,5.550000190734863,5.550000190734863,7300
2007-08-22,5.739999771118164,5.75,4.909999847412109,5.110000133514404,5.110000133514404,10510
2007-08-23,5.300000190734863,5.449999809265137,5.099999904632568,5.110000133514404,5.110000133514404,3800
2007-08-24,4.519999980926514,5.679999828338623,4.519999980926514,5.199999809265137,5.199999809265137,6900
2007-08-27,4.800000190734863,5.739999771118164,4.800000190734863,5.099999904632568,5.099999904632568,17400
2007-08-28,5.380000114440918,5.380000114440918,5.150000095367432,5.150000095367432,5.150000095367432,2100
2007-08-29,5.570000171661377,5.599999904632568,5.300000190734863,5.389999866485596,5.389999866485596,12450
2007-08-30,5.480000019073486,5.480000019073486,5.150000095367432,5.46999979019165,5.46999979019165,37050
2007-08-31,5.300000190734863,5.550000190734863,5.28000020980835,5.420000076293945,5.420000076293945,9260
2007-09-03,5.349999904632568,5.989999771118164,5.349999904632568,5.989999771118164,5.989999771118164,8500
2007-09-04,6.0,6.0,5.599999904632568,5.599999904632568,5.599999904632568,9200
2007-09-05,5.610000133514404,5.889999866485596,5.539999961853027,5.840000152587891,5.840000152587891,12419
2007-09-06,5.849999904632568,5.849999904632568,5.829999923706055,5.849999904632568,5.849999904632568,9600
2007-09-07,5.699999809265137,5.989999771118164,5.079999923706055,5.550000190734863,5.550000190734863,22000
2007-09-10,5.699999809265137,5.989999771118164,5.699999809265137,5.860000133514404,5.860000133514404,3600
2007-09-11,5.900000095367432,6.090000152587891,5.800000190734863,5.889999866485596,5.889999866485596,13200
2007-09-12,6.179999828338623,6.25,5.980000019073486,6.130000114440918,6.130000114440918,12300
2007-09-13,6.190000057220459,6.730000019073486,6.190000057220459,6.28000020980835,6.28000020980835,30100
2007-09-14,6.5,6.739999771118164,5.829999923706055,5.929999828338623,5.929999828338623,23200
2007-09-17,5.96999979019165,6.269999980926514,5.909999847412109,5.949999809265137,5.949999809265137,9000
2007-09-18,5.929999828338623,6.349999904632568,5.929999828338623,6.199999809265137,6.199999809265137,9900
2007-09-19,6.389999866485596,6.389999866485596,6.050000190734863,6.139999866485596,6.139999866485596,14300
2007-09-20,6.050000190734863,6.309999942779541,5.800000190734863,5.920000076293945,5.920000076293945,10700
2007-09-21,5.900000095367432,6.150000095367432,5.809999942779541,5.809999942779541,5.809999942779541,11200
2007-09-24,5.800000190734863,6.050000190734863,5.800000190734863,6.050000190734863,6.050000190734863,3200
2007-09-25,6.099999904632568,6.099999904632568,5.809999942779541,5.809999942779541,5.809999942779541,1300
2007-09-26,5.800000190734863,6.039999961853027,5.510000228881836,5.96999979019165,5.96999979019165,4900
2007-09-27,5.809999942779541,6.050000190734863,5.809999942779541,5.909999847412109,5.909999847412109,8100
2007-09-28,6.0,6.050000190734863,5.820000171661377,5.820000171661377,5.820000171661377,8500
2007-10-01,5.820000171661377,5.820000171661377,5.599999904632568,5.78000020980835,5.78000020980835,4700
2007-10-03,5.800000190734863,6.0,5.630000114440918,5.639999866485596,5.639999866485596,9700
2007-10-04,5.699999809265137,5.710000038146973,5.630000114440918,5.630000114440918,5.630000114440918,4000
2007-10-05,5.630000114440918,5.630000114440918,5.210000038146973,5.21999979019165,5.21999979019165,7000
2007-10-08,5.309999942779541,5.309999942779541,5.0,5.039999961853027,5.039999961853027,7400
2007-10-09,5.900000095367432,5.900000095367432,4.96999979019165,5.050000190734863,5.050000190734863,6200
2007-10-10,5.840000152587891,5.840000152587891,5.03000020980835,5.199999809265137,5.199999809265137,19700
2007-10-11,5.550000190734863,5.550000190734863,5.099999904632568,5.409999847412109,5.409999847412109,4200
2007-10-12,5.829999923706055,5.829999923706055,4.809999942779541,5.369999885559082,5.369999885559082,8900
2007-10-15,6.0,6.0,4.929999828338623,5.25,5.25,5800
2007-10-16,5.0,5.079999923706055,4.909999847412109,5.070000171661377,5.070000171661377,7300
2007-10-17,4.829999923706055,5.579999923706055,4.829999923706055,5.579999923706055,5.579999923706055,1000
2007-10-18,5.400000095367432,5.400000095367432,5.110000133514404,5.110000133514404,5.110000133514404,750
2007-10-19,4.909999847412109,5.46999979019165,4.909999847412109,5.010000228881836,5.010000228881836,1600
2007-10-22,4.610000133514404,5.409999847412109,4.5,5.050000190734863,5.050000190734863,4600
2007-10-23,5.869999885559082,5.869999885559082,5.190000057220459,5.190000057220459,5.190000057220459,4700
2007-10-24,5.650000095367432,5.650000095367432,5.0,5.0,5.0,11200
2007-10-25,5.0,5.340000152587891,4.929999828338623,5.230000019073486,5.230000019073486,4400
2007-10-26,4.75,6.059999942779541,4.75,6.059999942779541,6.059999942779541,72400
2007-10-29,7.099999904632568,7.139999866485596,6.5,6.679999828338623,6.679999828338623,83800
2007-10-30,6.199999809265137,6.840000152587891,6.019999980926514,6.019999980926514,6.019999980926514,21500
2007-10-31,6.550000190734863,6.550000190734863,5.900000095367432,6.099999904632568,6.099999904632568,5300
2007-11-01,6.28000020980835,6.28000020980835,5.5,5.630000114440918,5.630000114440918,7400
2007-11-02,5.28000020980835,5.849999904632568,5.28000020980835,5.5,5.5,10600
2007-11-05,5.079999923706055,5.920000076293945,5.079999923706055,5.900000095367432,5.900000095367432,3500
2007-11-06,6.699999809265137,6.699999809265137,5.289999961853027,5.900000095367432,5.900000095367432,5200
2007-11-07,5.849999904632568,5.920000076293945,5.619999885559082,5.920000076293945,5.920000076293945,1500
2007-11-08,5.230000019073486,5.769999980926514,5.230000019073486,5.449999809265137,5.449999809265137,21300
2007-11-12,5.159999847412109,5.900000095367432,5.150000095367432,5.5,5.5,15400
2007-11-13,6.239999771118164,6.25,5.510000228881836,5.570000171661377,5.570000171661377,19100
2007-11-14,5.5,5.78000020980835,5.309999942779541,5.769999980926514,5.769999980926514,12100
2007-11-15,5.210000038146973,6.920000076293945,5.159999847412109,6.699999809265137,6.699999809265137,36300
2007-11-16,6.96999979019165,7.909999847412109,6.96999979019165,7.0,7.0,42400
2007-11-19,7.570000171661377,8.399999618530273,7.010000228881836,8.399999618530273,8.399999618530273,126500
2007-11-20,8.399999618530273,9.239999771118164,8.399999618530273,9.140000343322754,9.140000343322754,192500
2007-11-21,9.75,9.75,8.300000190734863,8.300000190734863,8.300000190734863,50100
2007-11-22,7.519999980926514,7.75,7.480000019073486,7.480000019073486,7.480000019073486,7200
2007-11-23,7.050000190734863,7.300000190734863,6.820000171661377,6.909999847412109,6.909999847412109,19100
2007-11-26,7.110000133514404,7.25,6.75,7.139999866485596,7.139999866485596,14700
2007-11-27,7.210000038146973,7.210000038146973,6.699999809265137,6.96999979019165,6.96999979019165,7000
2007-11-28,7.0,7.460000038146973,6.550000190734863,7.090000152587891,7.090000152587891,7900
2007-11-29,7.28000020980835,7.289999961853027,6.639999866485596,6.980000019073486,6.980000019073486,8600
2007-11-30,7.210000038146973,7.210000038146973,6.550000190734863,6.679999828338623,6.679999828338623,10900
2007-12-03,6.400000095367432,7.010000228881836,6.400000095367432,7.010000228881836,7.010000228881836,6900
2007-12-04,7.360000133514404,7.360000133514404,7.010000228881836,7.360000133514404,7.360000133514404,11000
2007-12-05,7.5,7.690000057220459,7.050000190734863,7.429999828338623,7.429999828338623,10200
2007-12-06,7.5,7.929999828338623,7.230000019073486,7.860000133514404,7.860000133514404,26700
2007-12-07,8.1899995803833,8.1899995803833,7.46999979019165,7.519999980926514,7.519999980926514,19000
2007-12-10,7.300000190734863,7.929999828338623,7.289999961853027,7.610000133514404,7.610000133514404,11500
2007-12-11,7.800000190734863,7.989999771118164,7.639999866485596,7.989999771118164,7.989999771118164,34000
2007-12-12,7.619999885559082,8.380000114440918,7.619999885559082,8.380000114440918,8.380000114440918,34500
2007-12-13,8.789999961853027,8.789999961853027,8.350000381469727,8.5,8.5,55600
2007-12-14,8.899999618530273,8.9399995803833,8.100000381469727,8.9399995803833,8.9399995803833,47000
2007-12-17,9.359999656677246,9.380000114440918,8.5,8.5,8.5,73300
2007-12-18,8.90999984741211,8.920000076293945,8.109999656677246,8.920000076293945,8.920000076293945,45900
2007-12-19,9.0,9.350000381469727,8.539999961853027,8.899999618530273,8.899999618530273,30800
2007-12-20,9.279999732971191,9.279999732971191,8.520000457763672,8.890000343322754,8.890000343322754,34800
2007-12-24,9.199999809265137,9.199999809265137,8.619999885559082,8.850000381469727,8.850000381469727,20400
2007-12-26,8.899999618530273,9.170000076293945,8.75,8.979999542236328,8.979999542236328,49100
2007-12-27,9.399999618530273,9.579999923706055,9.100000381469727,9.569999694824219,9.569999694824219,69400
2007-12-28,10.039999961853027,10.039999961853027,10.029999732971191,10.039999961853027,10.039999961853027,26900
2007-12-31,10.539999961853027,10.539999961853027,10.539999961853027,10.539999961853027,10.539999961853027,24300
2008-01-01,11.0600004196167,11.0600004196167,10.5600004196167,11.0600004196167,11.0600004196167,54453
2008-01-02,11.609999656677246,11.609999656677246,10.520000457763672,11.600000381469727,11.600000381469727,128924
2008-01-03,11.0,12.140000343322754,11.0,12.109999656677246,12.109999656677246,72367
2008-01-04,12.119999885559082,12.5,11.420000076293945,12.34000015258789,12.34000015258789,71916
2008-01-07,12.4399995803833,12.4399995803833,11.619999885559082,11.970000267028809,11.970000267028809,56695
2008-01-08,11.699999809265137,11.800000190734863,11.119999885559082,11.119999885559082,11.119999885559082,15763
2008-01-09,10.569999694824219,10.569999694824219,10.569999694824219,10.569999694824219,10.569999694824219,5700
2008-01-10,10.050000190734863,10.050000190734863,10.050000190734863,10.050000190734863,10.050000190734863,2151
2008-01-11,9.550000190734863,9.550000190734863,9.550000190734863,9.550000190734863,9.550000190734863,1100
2008-01-14,9.079999923706055,9.079999923706055,9.079999923706055,9.079999923706055,9.079999923706055,5000
2008-01-15,8.630000114440918,8.630000114440918,8.630000114440918,8.630000114440918,8.630000114440918,14200
2008-01-16,8.199999809265137,8.199999809265137,8.199999809265137,8.199999809265137,8.199999809265137,7300
2008-01-17,8.0600004196167,8.609999656677246,8.050000190734863,8.130000114440918,8.130000114440918,9494
2008-01-18,8.199999809265137,8.529999732971191,8.149999618530273,8.15999984741211,8.15999984741211,14332
2008-01-21,8.0,8.15999984741211,7.760000228881836,8.0,8.0,2101
2008-01-22,8.0,8.0,8.0,8.0,8.0,8
2008-01-23,8.350000381469727,8.350000381469727,7.610000133514404,7.610000133514404,7.610000133514404,1578
2008-01-24,7.230000019073486,7.230000019073486,7.230000019073486,7.230000019073486,7.230000019073486,820
2008-01-25,6.900000095367432,6.900000095367432,6.869999885559082,6.869999885559082,6.869999885559082,7610
2008-01-28,6.53000020980835,6.860000133514404,6.53000020980835,6.53000020980835,6.53000020980835,1912
2008-01-29,6.210000038146973,6.650000095367432,6.210000038146973,6.230000019073486,6.230000019073486,10086
2008-01-30,5.920000076293945,6.539999961853027,5.920000076293945,5.940000057220459,5.940000057220459,5159
2008-01-31,6.150000095367432,6.230000019073486,5.769999980926514,5.769999980926514,5.769999980926514,3700
2008-02-01,5.570000171661377,6.050000190734863,5.570000171661377,6.050000190734863,6.050000190734863,10769
2008-02-04,5.809999942779541,6.349999904632568,5.75,6.349999904632568,6.349999904632568,1945
2008-02-05,6.650000095367432,6.650000095367432,6.650000095367432,6.650000095367432,6.650000095367432,500
2008-02-06,6.650000095367432,6.980000019073486,6.650000095367432,6.980000019073486,6.980000019073486,1447
2008-02-07,7.309999942779541,7.309999942779541,7.0,7.039999961853027,7.039999961853027,5901
2008-02-08,6.690000057220459,6.800000190734863,6.690000057220459,6.690000057220459,6.690000057220459,4020
2008-02-11,6.989999771118164,6.989999771118164,6.389999866485596,6.389999866485596,6.389999866485596,5465
2008-02-12,6.139999866485596,6.699999809265137,6.079999923706055,6.079999923706055,6.079999923706055,13220
2008-02-13,5.809999942779541,6.349999904632568,5.78000020980835,6.349999904632568,6.349999904632568,5144
2008-02-14,5.559999942779541,6.099999904632568,5.550000190734863,6.099999904632568,6.099999904632568,5627
2008-02-15,6.150000095367432,6.389999866485596,6.099999904632568,6.360000133514404,6.360000133514404,3516
2008-02-18,6.110000133514404,6.539999961853027,6.099999904632568,6.110000133514404,6.110000133514404,4500
2008-02-19,6.0,6.349999904632568,5.869999885559082,6.349999904632568,6.349999904632568,5203
2008-02-20,5.940000057220459,6.349999904632568,5.940000057220459,5.980000019073486,5.980000019073486,2100
2008-02-21,6.269999980926514,6.269999980926514,6.050000190734863,6.050000190734863,6.050000190734863,1130
2008-02-22,5.800000190734863,5.829999923706055,5.800000190734863,5.829999923706055,5.829999923706055,200
2008-02-25,5.659999847412109,5.940000057220459,5.599999904632568,5.940000057220459,5.940000057220459,10150
2008-02-26,5.800000190734863,5.920000076293945,5.71999979019165,5.71999979019165,5.71999979019165,5750
2008-02-27,5.659999847412109,5.75,5.650000095367432,5.650000095367432,5.650000095367432,1250
2008-02-28,5.900000095367432,5.929999828338623,5.840000152587891,5.929999828338623,5.929999828338623,4800
2008-02-29,6.0,6.090000152587891,6.0,6.090000152587891,6.090000152587891,3500
2008-03-03,5.800000190734863,6.0,5.800000190734863,5.800000190734863,5.800000190734863,15291
2008-03-04,6.090000152587891,6.090000152587891,5.519999980926514,5.519999980926514,5.519999980926514,5936
2008-03-05,5.309999942779541,5.309999942779541,5.300000190734863,5.300000190734863,5.300000190734863,1700
2008-03-07,5.039999961853027,5.070000171661377,5.039999961853027,5.039999961853027,5.039999961853027,6260
2008-03-10,4.550000190734863,5.0,4.539999961853027,4.75,4.75,3300
2008-03-11,5.0,5.329999923706055,5.0,5.329999923706055,5.329999923706055,2286
2008-03-12,5.800000190734863,5.800000190734863,5.03000020980835,5.099999904632568,5.099999904632568,51788
2008-03-13,5.559999942779541,5.559999942779541,4.739999771118164,4.900000095367432,4.900000095367432,3603
2008-03-14,5.0,5.130000114440918,4.619999885559082,5.130000114440918,5.130000114440918,978
2008-03-17,4.760000228881836,4.760000228881836,4.75,4.75,4.75,10210
2008-03-18,4.289999961853027,4.920000076293945,4.289999961853027,4.369999885559082,4.369999885559082,4361
2008-03-19,4.179999828338623,4.440000057220459,3.9600000381469727,4.25,4.25,4802
2008-03-24,4.650000095367432,4.650000095367432,4.150000095367432,4.239999771118164,4.239999771118164,522
2008-03-25,4.099999904632568,4.650000095367432,3.930000066757202,4.650000095367432,4.650000095367432,7844
2008-03-26,4.199999809265137,4.989999771118164,4.190000057220459,4.690000057220459,4.690000057220459,6648
2008-03-27,4.699999809265137,5.150000095367432,4.699999809265137,5.150000095367432,5.150000095367432,1912
2008-03-28,5.0,5.650000095367432,5.0,5.630000114440918,5.630000114440918,9232
2008-03-31,5.349999904632568,5.519999980926514,5.349999904632568,5.5,5.5,3326
2008-04-01,5.230000019073486,5.5,5.230000019073486,5.46999979019165,5.46999979019165,825
2008-04-02,5.670000076293945,5.670000076293945,5.25,5.480000019073486,5.480000019073486,11085
2008-04-03,5.21999979019165,5.650000095367432,5.21999979019165,5.650000095367432,5.650000095367432,7270
2008-04-04,5.389999866485596,5.929999828338623,5.389999866485596,5.610000133514404,5.610000133514404,10530
2008-04-07,5.880000114440918,5.880000114440918,5.860000133514404,5.860000133514404,5.860000133514404,250
2008-04-08,5.989999771118164,5.989999771118164,5.570000171661377,5.96999979019165,5.96999979019165,981
2008-04-09,5.610000133514404,5.610000133514404,5.610000133514404,5.610000133514404,5.610000133514404,1000
2008-04-10,5.550000190734863,5.550000190734863,5.550000190734863,5.550000190734863,5.550000190734863,100
2008-04-11,5.289999961853027,5.820000171661377,5.28000020980835,5.739999771118164,5.739999771118164,8022
2008-04-15,5.179999828338623,5.710000038146973,5.179999828338623,5.710000038146973,5.710000038146973,7700
2008-04-16,5.840000152587891,5.840000152587891,5.400000095367432,5.400000095367432,5.400000095367432,8200
2008-04-17,5.559999942779541,5.559999942779541,5.150000095367432,5.150000095367432,5.150000095367432,23093
2008-04-21,5.150000095367432,5.199999809265137,5.050000190734863,5.050000190734863,5.050000190734863,7250
2008-04-22,5.050000190734863,5.199999809265137,5.010000228881836,5.010000228881836,5.010000228881836,4600
2008-04-23,4.880000114440918,5.179999828338623,4.880000114440918,5.179999828338623,5.179999828338623,2790
2008-04-24,4.849999904632568,5.309999942779541,4.849999904632568,5.019999980926514,5.019999980926514,5965
2008-04-25,5.5,5.5,5.019999980926514,5.139999866485596,5.139999866485596,3000
2008-04-28,5.079999923706055,5.119999885559082,5.079999923706055,5.119999885559082,5.119999885559082,550
2008-04-29,4.940000057220459,5.199999809265137,4.940000057220459,5.199999809265137,5.199999809265137,2300
2008-04-30,5.150000095367432,5.239999771118164,5.150000095367432,5.239999771118164,5.239999771118164,1100
2008-05-02,5.010000228881836,5.050000190734863,4.940000057220459,4.96999979019165,4.96999979019165,2302
2008-05-05,4.96999979019165,4.96999979019165,4.96999979019165,4.96999979019165,4.96999979019165,2730
2008-05-06,4.920000076293945,5.190000057220459,4.849999904632568,4.849999904632568,4.849999904632568,1251
2008-05-07,5.0,5.0,4.730000019073486,4.960000038146973,4.960000038146973,3331
2008-05-08,4.650000095367432,5.039999961853027,4.650000095367432,5.039999961853027,5.039999961853027,1175
2008-05-09,5.079999923706055,5.099999904632568,4.730000019073486,5.070000171661377,5.070000171661377,2250
2008-05-12,5.139999866485596,5.28000020980835,4.699999809265137,4.78000020980835,4.78000020980835,3218
2008-05-13,4.800000190734863,5.159999847412109,4.800000190734863,5.159999847412109,5.159999847412109,2100
2008-05-14,5.650000095367432,5.650000095367432,5.650000095367432,5.650000095367432,5.650000095367432,1000
2008-05-15,5.260000228881836,5.269999980926514,5.090000152587891,5.090000152587891,5.090000152587891,1100
2008-05-16,4.760000228881836,5.150000095367432,4.760000228881836,5.150000095367432,5.150000095367432,3351
2008-05-20,4.880000114440918,5.090000152587891,4.880000114440918,5.090000152587891,5.090000152587891,2025
2008-05-21,5.099999904632568,5.099999904632568,4.840000152587891,5.099999904632568,5.099999904632568,708
2008-05-22,4.840000152587891,5.119999885559082,4.829999923706055,5.090000152587891,5.090000152587891,1776
2008-05-23,5.269999980926514,5.269999980926514,4.900000095367432,5.099999904632568,5.099999904632568,6643
2008-05-26,5.0,5.0,4.769999980926514,4.909999847412109,4.909999847412109,904
2008-05-27,4.909999847412109,4.909999847412109,4.789999961853027,4.909999847412109,4.909999847412109,750
2008-05-28,5.199999809265137,5.199999809265137,4.440000057220459,4.96999979019165,4.96999979019165,1794
2008-05-29,4.940000057220459,4.940000057220459,4.940000057220459,4.940000057220459,4.940000057220459,100
2008-05-30,4.659999847412109,4.989999771118164,4.639999866485596,4.900000095367432,4.900000095367432,6510
2008-06-02,4.610000133514404,4.880000114440918,4.610000133514404,4.880000114440918,4.880000114440918,760
2008-06-03,4.550000190734863,4.550000190734863,4.5,4.5,4.5,290
2008-06-04,4.550000190734863,4.690000057220459,4.320000171661377,4.690000057220459,4.690000057220459,951
2008-06-05,4.690000057220459,4.690000057220459,4.329999923706055,4.690000057220459,4.690000057220459,43
2008-06-06,4.170000076293945,4.699999809265137,4.170000076293945,4.25,4.25,10172
2008-06-09,4.650000095367432,4.650000095367432,4.0,4.539999961853027,4.539999961853027,2295
2008-06-10,3.8499999046325684,4.380000114440918,3.8399999141693115,4.380000114440918,4.380000114440918,525
2008-06-11,4.199999809265137,4.400000095367432,3.9700000286102295,4.03000020980835,4.03000020980835,2073
2008-06-12,3.950000047683716,4.360000133514404,3.9000000953674316,4.360000133514404,4.360000133514404,4251
2008-06-13,4.349999904632568,4.349999904632568,4.349999904632568,4.349999904632568,4.349999904632568,250
2008-06-16,4.400000095367432,4.400000095367432,4.400000095367432,4.400000095367432,4.400000095367432,117
2008-06-17,4.489999771118164,4.590000152587891,4.079999923706055,4.199999809265137,4.199999809265137,8451
2008-06-18,4.309999942779541,4.309999942779541,4.309999942779541,4.309999942779541,4.309999942779541,10
2008-06-19,4.199999809265137,4.199999809265137,4.199999809265137,4.199999809265137,4.199999809265137,100
2008-06-20,4.019999980926514,4.300000190734863,4.019999980926514,4.25,4.25,3350
2008-06-23,3.950000047683716,4.230000019073486,3.950000047683716,4.230000019073486,4.230000019073486,1225
2008-06-24,4.150000095367432,4.150000095367432,3.819999933242798,4.130000114440918,4.130000114440918,900
2008-06-25,4.090000152587891,4.090000152587891,4.010000228881836,4.010000228881836,4.010000228881836,500
2008-06-26,4.210000038146973,4.210000038146973,3.75,4.050000190734863,4.050000190734863,5026
2008-06-27,4.050000190734863,4.050000190734863,4.050000190734863,4.050000190734863,4.050000190734863,875
2008-06-30,3.799999952316284,4.0,3.700000047683716,3.990000009536743,3.990000009536743,1640
2008-07-01,3.640000104904175,3.6500000953674316,3.630000114440918,3.6500000953674316,3.6500000953674316,726
2008-07-02,3.299999952316284,3.9200000762939453,3.299999952316284,3.9200000762939453,3.9200000762939453,3625
2008-07-03,3.5399999618530273,3.859999895095825,3.5299999713897705,3.859999895095825,3.859999895095825,1210
2008-07-04,3.619999885559082,3.619999885559082,3.619999885559082,3.619999885559082,3.619999885559082,2000
2008-07-07,3.799999952316284,3.9800000190734863,3.799999952316284,3.9800000190734863,3.9800000190734863,110
2008-07-08,4.059999942779541,4.059999942779541,3.6500000953674316,3.9000000953674316,3.9000000953674316,3175
2008-07-09,4.010000228881836,4.010000228881836,4.010000228881836,4.010000228881836,4.010000228881836,10
2008-07-10,3.799999952316284,4.0,3.5999999046325684,3.5999999046325684,3.5999999046325684,2065
2008-07-11,4.039999961853027,4.059999942779541,3.8499999046325684,4.050000190734863,4.050000190734863,6075
2008-07-14,3.4000000953674316,4.389999866485596,3.4000000953674316,4.320000171661377,4.320000171661377,650
2008-07-15,3.359999895095825,4.309999942779541,3.309999942779541,3.859999895095825,3.859999895095825,4554
2008-07-16,3.4100000858306885,3.7799999713897705,3.390000104904175,3.7799999713897705,3.7799999713897705,611
2008-07-17,3.359999895095825,4.340000152587891,3.359999895095825,3.740000009536743,3.740000009536743,3610
2008-07-18,3.7300000190734863,3.75,3.7300000190734863,3.75,3.75,2500
2008-07-21,3.490000009536743,3.75,3.490000009536743,3.75,3.75,3
2008-07-22,3.2799999713897705,4.289999961853027,3.2799999713897705,4.0,4.0,1873
2008-07-23,3.5199999809265137,4.25,3.5199999809265137,4.25,4.25,2919
2008-07-24,3.5399999618530273,4.829999923706055,3.5399999618530273,4.21999979019165,4.21999979019165,19713
2008-07-25,5.0,5.199999809265137,4.119999885559082,5.199999809265137,5.199999809265137,11500
2008-07-28,5.699999809265137,5.699999809265137,5.0,5.0,5.0,10050
2008-07-29,5.0,5.400000095367432,5.0,5.25,5.25,11500
2008-07-30,4.900000095367432,5.349999904632568,4.900000095367432,5.25,5.25,4800
2008-07-31,5.25,5.25,5.210000038146973,5.25,5.25,13680
2008-08-01,4.989999771118164,5.0,4.75,4.75,4.75,600
2008-08-04,5.050000190734863,5.099999904632568,4.75,4.75,4.75,1100
2008-08-05,4.800000190734863,4.800000190734863,4.789999961853027,4.789999961853027,4.789999961853027,655
2008-08-06,4.75,5.0,4.619999885559082,4.650000095367432,4.650000095367432,3300
2008-08-07,4.75,4.75,4.75,4.75,4.75,655
2008-08-08,4.519999980926514,4.900000095367432,4.519999980926514,4.900000095367432,4.900000095367432,271
2008-08-11,4.75,4.75,4.699999809265137,4.699999809265137,4.699999809265137,300
2008-08-12,4.510000228881836,4.690000057220459,4.510000228881836,4.690000057220459,4.690000057220459,1400
2008-08-13,4.840000152587891,4.849999904632568,4.519999980926514,4.519999980926514,4.519999980926514,2100
2008-08-14,4.699999809265137,4.699999809265137,4.5,4.5,4.5,1000
2008-08-18,4.349999904632568,4.699999809265137,4.349999904632568,4.599999904632568,4.599999904632568,6499
2008-08-19,4.25,4.550000190734863,4.25,4.260000228881836,4.260000228881836,3498
2008-08-20,4.099999904632568,4.46999979019165,4.099999904632568,4.260000228881836,4.260000228881836,8953
2008-08-21,4.260000228881836,4.260000228881836,4.260000228881836,4.260000228881836,4.260000228881836,6400
2008-08-22,4.46999979019165,4.46999979019165,4.099999904632568,4.46999979019165,4.46999979019165,637
2008-08-25,4.139999866485596,4.139999866485596,4.139999866485596,4.139999866485596,4.139999866485596,140
2008-08-26,4.340000152587891,4.340000152587891,4.340000152587891,4.340000152587891,4.340000152587891,51
2008-08-28,4.550000190734863,4.550000190734863,4.199999809265137,4.199999809265137,4.199999809265137,250
2008-08-29,4.0,4.0,4.0,4.0,4.0,548
2008-09-01,4.199999809265137,4.199999809265137,4.199999809265137,4.199999809265137,4.199999809265137,905
2008-09-02,4.300000190734863,4.300000190734863,4.0,4.0,4.0,6505
2008-09-04,3.819999933242798,4.179999828338623,3.809999942779541,3.809999942779541,3.809999942779541,1110
2008-09-05,3.9800000190734863,3.9800000190734863,3.930000066757202,3.940000057220459,3.940000057220459,1690
2008-09-08,3.859999895095825,3.859999895095825,3.8499999046325684,3.8499999046325684,3.8499999046325684,500
2008-09-09,4.039999961853027,4.039999961853027,3.8299999237060547,4.039999961853027,4.039999961853027,1751
2008-09-10,3.9700000286102295,4.159999847412109,3.8399999141693115,4.159999847412109,4.159999847412109,1015
2008-09-11,3.759999990463257,4.0,3.7300000190734863,4.0,4.0,1491
2008-09-12,4.0,4.0,4.0,4.0,4.0,14
2008-09-15,4.050000190734863,4.050000190734863,3.809999942779541,3.809999942779541,3.809999942779541,5850
2008-09-16,3.619999885559082,3.619999885559082,3.619999885559082,3.619999885559082,3.619999885559082,450
2008-09-17,3.799999952316284,3.799999952316284,3.799999952316284,3.799999952316284,3.799999952316284,500
2008-09-18,3.799999952316284,3.799999952316284,3.799999952316284,3.799999952316284,3.799999952316284,1000
2008-09-19,3.630000114440918,3.630000114440918,3.619999885559082,3.619999885559082,3.619999885559082,1000
2008-09-22,3.440000057220459,3.440000057220459,3.440000057220459,3.440000057220459,3.440000057220459,501
2008-09-23,3.2699999809265137,3.380000114440918,3.2699999809265137,3.380000114440918,3.380000114440918,1159
2008-09-24,3.299999952316284,3.299999952316284,3.299999952316284,3.299999952316284,3.299999952316284,100
2008-09-25,3.299999952316284,3.299999952316284,3.299999952316284,3.299999952316284,3.299999952316284,200
2008-09-26,3.1500000953674316,3.1500000953674316,3.140000104904175,3.140000104904175,3.140000104904175,500
2008-09-29,2.990000009536743,3.0999999046325684,2.990000009536743,2.990000009536743,2.990000009536743,2820
2008-09-30,2.8499999046325684,3.0,2.8499999046325684,3.0,3.0,201
2008-10-01,3.0,3.0,3.0,3.0,3.0,1201
2008-10-03,3.0,3.0,3.0,3.0,3.0,400
2008-10-06,2.859999895095825,2.859999895095825,2.859999895095825,2.859999895095825,2.859999895095825,200
2008-10-07,3.0,3.0,3.0,3.0,3.0,50
2008-10-08,3.0,3.0,2.859999895095825,2.859999895095825,2.859999895095825,3150
2008-10-10,3.0,3.0,2.799999952316284,2.799999952316284,2.799999952316284,600
2008-10-13,2.680000066757202,2.680000066757202,2.680000066757202,2.680000066757202,2.680000066757202,100
2008-10-14,2.5999999046325684,2.809999942779541,2.5999999046325684,2.809999942779541,2.809999942779541,1150
2008-10-15,2.6700000762939453,2.950000047683716,2.6700000762939453,2.700000047683716,2.700000047683716,1700
2008-10-16,2.700000047683716,2.700000047683716,2.700000047683716,2.700000047683716,2.700000047683716,4400
2008-10-17,2.5799999237060547,2.5799999237060547,2.569999933242798,2.569999933242798,2.569999933242798,2849
2008-10-20,2.5,2.5,2.450000047683716,2.450000047683716,2.450000047683716,1300
2008-10-21,2.3299999237060547,2.3299999237060547,2.3299999237060547,2.3299999237060547,2.3299999237060547,1690
2008-10-22,2.2200000286102295,2.2200000286102295,2.2200000286102295,2.2200000286102295,2.2200000286102295,100
2008-10-23,2.109999895095825,2.109999895095825,2.109999895095825,2.109999895095825,2.109999895095825,1100
2008-10-24,2.009999990463257,2.009999990463257,2.009999990463257,2.009999990463257,2.009999990463257,3761
2008-10-27,2.049999952316284,2.049999952316284,2.049999952316284,2.049999952316284,2.049999952316284,235
2008-10-29,1.9700000286102295,1.9700000286102295,1.9700000286102295,1.9700000286102295,1.9700000286102295,650
2008-10-31,2.0,2.0,2.0,2.0,2.0,500
2008-11-03,2.0999999046325684,2.0999999046325684,2.0999999046325684,2.0999999046325684,2.0999999046325684,900
2008-11-04,2.200000047683716,2.200000047683716,2.0299999713897705,2.109999895095825,2.109999895095825,6700
2008-11-05,2.1500000953674316,2.2100000381469727,2.1500000953674316,2.1600000858306885,2.1600000858306885,2500
2008-11-06,2.059999942779541,2.259999990463257,2.059999942779541,2.259999990463257,2.259999990463257,1239
2008-11-07,2.259999990463257,2.369999885559082,2.259999990463257,2.369999885559082,2.369999885559082,717
2008-11-10,2.440000057220459,2.440000057220459,2.440000057220459,2.440000057220459,2.440000057220459,1000
2008-11-11,2.440000057220459,2.440000057220459,2.440000057220459,2.440000057220459,2.440000057220459,7000
2008-11-12,2.319999933242798,2.5399999618530273,2.319999933242798,2.3499999046325684,2.3499999046325684,7220
2008-11-14,2.240000009536743,2.240000009536743,2.240000009536743,2.240000009536743,2.240000009536743,20
2008-11-17,2.240000009536743,2.240000009536743,2.240000009536743,2.240000009536743,2.240000009536743,20
2008-11-19,2.130000114440918,2.130000114440918,2.130000114440918,2.130000114440918,2.130000114440918,225
2008-11-20,2.130000114440918,2.130000114440918,2.130000114440918,2.130000114440918,2.130000114440918,300
2008-11-21,2.1600000858306885,2.1600000858306885,2.0799999237060547,2.0799999237060547,2.0799999237060547,900
2008-11-24,1.9900000095367432,1.9900000095367432,1.9800000190734863,1.9800000190734863,1.9800000190734863,500
2008-11-26,1.8899999856948853,2.0,1.8899999856948853,2.0,2.0,1200
2008-11-28,2.0,2.0,2.0,2.0,2.0,1500
2008-12-01,2.0,2.0,2.0,2.0,2.0,300
2008-12-02,2.0,2.0,2.0,2.0,2.0,300
2008-12-05,1.9199999570846558,1.9199999570846558,1.9199999570846558,1.9199999570846558,1.9199999570846558,1000
2008-12-08,1.9199999570846558,1.9199999570846558,1.9199999570846558,1.9199999570846558,1.9199999570846558,750
2008-12-10,2.009999990463257,2.009999990463257,2.009999990463257,2.009999990463257,2.009999990463257,5
2008-12-11,2.109999895095825,2.109999895095825,2.109999895095825,2.109999895095825,2.109999895095825,5
2008-12-12,2.109999895095825,2.109999895095825,2.109999895095825,2.109999895095825,2.109999895095825,25
2008-12-15,2.109999895095825,2.109999895095825,2.109999895095825,2.109999895095825,2.109999895095825,25
2008-12-16,2.1500000953674316,2.2100000381469727,2.1500000953674316,2.2100000381469727,2.2100000381469727,875
2008-12-17,2.319999933242798,2.319999933242798,2.319999933242798,2.319999933242798,2.319999933242798,410
2008-12-18,2.430000066757202,2.430000066757202,2.430000066757202,2.430000066757202,2.430000066757202,1
2008-12-19,2.549999952316284,2.549999952316284,2.549999952316284,2.549999952316284,2.549999952316284,720
2008-12-22,2.6700000762939453,2.6700000762939453,2.6700000762939453,2.6700000762939453,2.6700000762939453,230
2008-12-23,2.7799999713897705,2.7799999713897705,2.7799999713897705,2.7799999713897705,2.7799999713897705,90
2008-12-24,2.7799999713897705,2.7799999713897705,2.7799999713897705,2.7799999713897705,2.7799999713897705,65
2008-12-26,2.869999885559082,2.869999885559082,2.6500000953674316,2.6500000953674316,2.6500000953674316,540
2008-12-29,2.6500000953674316,2.6500000953674316,2.6500000953674316,2.6500000953674316,2.6500000953674316,1500
2008-12-30,2.6500000953674316,2.6500000953674316,2.6500000953674316,2.6500000953674316,2.6500000953674316,1500
2008-12-31,2.5199999809265137,2.5199999809265137,2.5199999809265137,2.5199999809265137,2.5199999809265137,1000
2009-01-02,2.4000000953674316,2.4000000953674316,2.4000000953674316,2.4000000953674316,2.4000000953674316,300
2009-01-05,2.299999952316284,2.299999952316284,2.299999952316284,2.299999952316284,2.299999952316284,70
2009-01-06,2.2100000381469727,2.2100000381469727,2.200000047683716,2.200000047683716,2.200000047683716,1000
2009-01-07,2.200000047683716,2.200000047683716,2.200000047683716,2.200000047683716,2.200000047683716,2000
2009-01-09,2.1500000953674316,2.1500000953674316,2.1500000953674316,2.1500000953674316,2.1500000953674316,600
2009-01-12,2.049999952316284,2.049999952316284,2.049999952316284,2.049999952316284,2.049999952316284,330
2009-01-13,2.049999952316284,2.049999952316284,2.049999952316284,2.049999952316284,2.049999952316284,200
2009-01-14,2.049999952316284,2.049999952316284,2.049999952316284,2.049999952316284,2.049999952316284,500
2009-01-15,1.9600000381469727,2.049999952316284,1.9500000476837158,1.9500000476837158,1.9500000476837158,1700
2009-01-16,1.9500000476837158,1.9900000095367432,1.9500000476837158,1.9500000476837158,1.9500000476837158,900
2009-01-19,2.0,2.0,2.0,2.0,2.0,332
2009-01-20,2.0,2.0,2.0,2.0,2.0,150
2009-01-22,2.0,2.0,2.0,2.0,2.0,50
2009-01-23,1.909999966621399,1.909999966621399,1.909999966621399,1.909999966621399,1.909999966621399,400
2009-01-27,1.8200000524520874,1.8200000524520874,1.8200000524520874,1.8200000524520874,1.8200000524520874,220
2009-01-28,1.8200000524520874,1.8200000524520874,1.8200000524520874,1.8200000524520874,1.8200000524520874,480
2009-01-29,1.7999999523162842,1.7999999523162842,1.7999999523162842,1.7999999523162842,1.7999999523162842,2100
2009-01-30,1.7999999523162842,1.8300000429153442,1.7999999523162842,1.8300000429153442,1.8300000429153442,770
2009-02-02,1.8300000429153442,1.8300000429153442,1.8300000429153442,1.8300000429153442,1.8300000429153442,90
2009-02-03,1.8300000429153442,1.8300000429153442,1.8300000429153442,1.8300000429153442,1.8300000429153442,180
2009-02-04,1.8200000524520874,1.8200000524520874,1.8200000524520874,1.8200000524520874,1.8200000524520874,100
2009-02-05,1.8600000143051147,1.8600000143051147,1.8600000143051147,1.8600000143051147,1.8600000143051147,100
2009-02-06,1.8600000143051147,1.9500000476837158,1.7699999809265137,1.7699999809265137,1.7699999809265137,3600
2009-02-09,1.850000023841858,1.850000023841858,1.850000023841858,1.850000023841858,1.850000023841858,1000
2009-02-10,1.809999942779541,1.809999942779541,1.7799999713897705,1.7799999713897705,1.7799999713897705,1779
2009-02-11,1.7799999713897705,1.7799999713897705,1.7799999713897705,1.7799999713897705,1.7799999713897705,188
2009-02-12,1.809999942779541,1.809999942779541,1.809999942779541,1.809999942779541,1.809999942779541,800
2009-02-13,1.899999976158142,1.899999976158142,1.899999976158142,1.899999976158142,1.899999976158142,500
2009-02-16,1.850000023841858,1.8799999952316284,1.850000023841858,1.8799999952316284,1.8799999952316284,179
2009-02-17,1.8799999952316284,1.8799999952316284,1.8799999952316284,1.8799999952316284,1.8799999952316284,400
2009-02-18,1.899999976158142,1.899999976158142,1.8200000524520874,1.8200000524520874,1.8200000524520874,5500
2009-02-19,1.8200000524520874,1.8200000524520874,1.8200000524520874,1.8200000524520874,1.8200000524520874,67
2009-02-20,1.909999966621399,1.909999966621399,1.909999966621399,1.909999966621399,1.909999966621399,1135
2009-02-24,2.0,2.0,1.899999976158142,1.899999976158142,1.899999976158142,1100
2009-02-25,1.9900000095367432,1.9900000095367432,1.8200000524520874,1.899999976158142,1.899999976158142,572
2009-02-26,1.899999976158142,1.899999976158142,1.899999976158142,1.899999976158142,1.899999976158142,288
2009-03-02,1.899999976158142,1.899999976158142,1.899999976158142,1.899999976158142,1.899999976158142,288
2009-03-03,1.899999976158142,1.899999976158142,1.899999976158142,1.899999976158142,1.899999976158142,500
2009-03-04,1.9299999475479126,1.9299999475479126,1.809999942779541,1.809999942779541,1.809999942779541,400
2009-03-05,1.7400000095367432,1.7400000095367432,1.7300000190734863,1.7300000190734863,1.7300000190734863,1000
2009-03-06,1.7000000476837158,1.7300000190734863,1.7000000476837158,1.7200000286102295,1.7200000286102295,2000
2009-03-09,1.7999999523162842,1.7999999523162842,1.7999999523162842,1.7999999523162842,1.7999999523162842,463
2009-03-12,1.7799999713897705,1.7799999713897705,1.7799999713897705,1.7799999713897705,1.7799999713897705,50
2009-03-13,1.7100000381469727,1.8600000143051147,1.7000000476837158,1.840000033378601,1.840000033378601,5456
2009-03-16,1.75,1.75,1.75,1.75,1.75,3350
2009-03-17,1.6699999570846558,1.8200000524520874,1.6699999570846558,1.8200000524520874,1.8200000524520874,1855
2009-03-18,1.7300000190734863,1.7300000190734863,1.7300000190734863,1.7300000190734863,1.7300000190734863,3600
2009-03-19,1.6699999570846558,1.7799999713897705,1.659999966621399,1.7799999713897705,1.7799999713897705,500
2009-03-20,1.75,1.75,1.75,1.75,1.75,335
2009-03-23,1.6799999475479126,1.690000057220459,1.6699999570846558,1.690000057220459,1.690000057220459,3577
2009-03-24,1.7699999809265137,1.7699999809265137,1.75,1.75,1.75,1300
2009-03-25,1.7899999618530273,1.840000033378601,1.7699999809265137,1.8300000429153442,1.8300000429153442,7800
2009-03-26,1.8700000047683716,1.909999966621399,1.8700000047683716,1.909999966621399,1.909999966621399,269
2009-03-27,1.7799999713897705,1.9500000476837158,1.7799999713897705,1.7799999713897705,1.7799999713897705,1583
2009-03-30,1.7000000476837158,1.7000000476837158,1.7000000476837158,1.7000000476837158,1.7000000476837158,800
2009-03-31,1.7799999713897705,1.7799999713897705,1.7799999713897705,1.7799999713897705,1.7799999713897705,300
2009-04-01,1.8600000143051147,1.8600000143051147,1.7799999713897705,1.7799999713897705,1.7799999713897705,800
2009-04-02,1.7100000381469727,1.8600000143051147,1.7000000476837158,1.7999999523162842,1.7999999523162842,800
2009-04-06,1.8899999856948853,1.8899999856948853,1.7300000190734863,1.8799999952316284,1.8799999952316284,1742
2009-04-08,1.9600000381469727,1.9700000286102295,1.9600000381469727,1.9700000286102295,1.9700000286102295,51
2009-04-09,2.049999952316284,2.049999952316284,1.8899999856948853,2.049999952316284,2.049999952316284,1502
2009-04-13,1.9500000476837158,2.1500000953674316,1.9500000476837158,2.1500000953674316,2.1500000953674316,1187
2009-04-15,2.049999952316284,2.1500000953674316,2.049999952316284,2.049999952316284,2.049999952316284,6825
2009-04-16,2.1500000953674316,2.1500000953674316,2.1500000953674316,2.1500000953674316,2.1500000953674316,300
2009-04-17,2.0999999046325684,2.25,2.049999952316284,2.049999952316284,2.049999952316284,1511
2009-04-20,2.1500000953674316,2.1500000953674316,1.9600000381469727,2.1500000953674316,2.1500000953674316,903
2009-04-21,2.2100000381469727,2.240000009536743,2.059999942779541,2.059999942779541,2.059999942779541,104
2009-04-22,1.9700000286102295,2.1600000858306885,1.9700000286102295,2.1600000858306885,2.1600000858306885,3401
2009-04-23,2.059999942779541,2.259999990463257,2.059999942779541,2.259999990463257,2.259999990463257,2001
2009-04-24,2.1500000953674316,2.1500000953674316,2.1500000953674316,2.1500000953674316,2.1500000953674316,1279
2009-04-27,2.049999952316284,2.25,2.049999952316284,2.059999942779541,2.059999942779541,502
2009-04-28,2.009999990463257,2.009999990463257,2.0,2.0,2.0,116
2009-04-29,1.9299999475479126,2.0899999141693115,1.9299999475479126,1.940000057220459,1.940000057220459,4
2009-05-04,1.8600000143051147,2.0299999713897705,1.8600000143051147,1.8799999952316284,1.8799999952316284,3
2009-05-05,1.9500000476837158,1.9500000476837158,1.9500000476837158,1.9500000476837158,1.9500000476837158,500
2009-05-06,1.8700000047683716,2.0199999809265137,1.8700000047683716,2.0199999809265137,2.0199999809265137,493
2009-05-07,2.109999895095825,2.109999895095825,1.9199999570846558,2.109999895095825,2.109999895095825,2802
2009-05-08,2.0899999141693115,2.200000047683716,2.0899999141693115,2.200000047683716,2.200000047683716,1235
2009-05-11,2.299999952316284,2.309999942779541,2.0999999046325684,2.0999999046325684,2.0999999046325684,1235
2009-05-12,2.190000057220459,2.190000057220459,2.0299999713897705,2.180000066757202,2.180000066757202,1102
2009-05-13,2.2799999713897705,2.2799999713897705,2.0799999237060547,2.2300000190734863,2.2300000190734863,231
2009-05-14,2.119999885559082,2.119999885559082,2.119999885559082,2.119999885559082,2.119999885559082,181
2009-05-15,2.200000047683716,2.200000047683716,2.0199999809265137,2.049999952316284,2.049999952316284,2001
2009-05-18,2.200000047683716,2.200000047683716,2.0199999809265137,2.049999952316284,2.049999952316284,2001
2009-05-19,1.9500000476837158,2.0,1.9500000476837158,2.0,2.0,600
2009-05-20,2.0,2.0999999046325684,2.0,2.0999999046325684,2.0999999046325684,702
2009-05-21,2.200000047683716,2.200000047683716,2.200000047683716,2.200000047683716,2.200000047683716,1200
2009-05-22,2.309999942779541,2.309999942779541,2.309999942779541,2.309999942779541,2.309999942779541,226
2009-05-25,2.4200000762939453,2.4200000762939453,2.309999942779541,2.4200000762939453,2.4200000762939453,2027
2009-05-26,2.5199999809265137,2.5399999618530273,2.5,2.5399999618530273,2.5399999618530273,6082
2009-05-27,2.6600000858306885,2.6600000858306885,2.6500000953674316,2.6600000858306885,2.6600000858306885,1551
2009-05-28,2.7899999618530273,2.7899999618530273,2.700000047683716,2.7899999618530273,2.7899999618530273,5985
2009-05-29,2.9200000762939453,2.9200000762939453,2.8499999046325684,2.8499999046325684,2.8499999046325684,5815
2009-06-01,2.990000009536743,2.990000009536743,2.990000009536743,2.990000009536743,2.990000009536743,3040
2009-06-02,3.119999885559082,3.130000114440918,2.990000009536743,3.130000114440918,3.130000114440918,5800
2009-06-03,3.2799999713897705,3.2799999713897705,3.130000114440918,3.2799999713897705,3.2799999713897705,3600
2009-06-04,3.440000057220459,3.440000057220459,3.440000057220459,3.440000057220459,3.440000057220459,2601
2009-06-05,3.609999895095825,3.609999895095825,3.609999895095825,3.609999895095825,3.609999895095825,1850
2009-06-08,3.7899999618530273,3.7899999618530273,3.630000114440918,3.740000009536743,3.740000009536743,2900
2009-06-09,3.740000009536743,3.740000009536743,3.740000009536743,3.740000009536743,3.740000009536743,6030
2009-06-10,3.740000009536743,3.740000009536743,3.740000009536743,3.740000009536743,3.740000009536743,5695
2009-06-11,3.559999942779541,3.7899999618530273,3.559999942779541,3.559999942779541,3.559999942779541,4700
2009-06-12,3.390000104904175,3.390000104904175,3.390000104904175,3.390000104904175,3.390000104904175,390
2009-06-15,3.440000057220459,3.440000057220459,3.440000057220459,3.440000057220459,3.440000057220459,5
2009-06-16,3.2699999809265137,3.440000057220459,3.2699999809265137,3.440000057220459,3.440000057220459,2000
2009-06-17,3.440000057220459,3.440000057220459,3.440000057220459,3.440000057220459,3.440000057220459,2465
2009-06-18,3.430000066757202,3.5999999046325684,3.430000066757202,3.5999999046325684,3.5999999046325684,600
2009-06-19,3.5999999046325684,3.5999999046325684,3.5999999046325684,3.5999999046325684,3.5999999046325684,6000
2009-06-22,3.430000066757202,3.430000066757202,3.430000066757202,3.430000066757202,3.430000066757202,290
2009-06-23,3.299999952316284,3.5999999046325684,3.259999990463257,3.259999990463257,3.259999990463257,4500
2009-06-24,3.130000114440918,3.130000114440918,3.109999895095825,3.109999895095825,3.109999895095825,2100
2009-06-25,3.069999933242798,3.069999933242798,2.9700000286102295,2.9700000286102295,2.9700000286102295,9800
2009-06-26,3.109999895095825,3.109999895095825,3.0999999046325684,3.0999999046325684,3.0999999046325684,500
2009-06-29,3.0999999046325684,3.0999999046325684,3.0999999046325684,3.0999999046325684,3.0999999046325684,3500
2009-06-30,3.0999999046325684,3.0999999046325684,3.0999999046325684,3.0999999046325684,3.0999999046325684,1000
2009-07-01,2.950000047683716,2.950000047683716,2.950000047683716,2.950000047683716,2.950000047683716,28
2009-07-02,2.4000000953674316,3.5,2.4000000953674316,3.5,3.5,1400
2009-07-03,3.5,3.5,3.5,3.5,3.5,19
2009-07-06,3.3299999237060547,3.3299999237060547,3.3299999237060547,3.3299999237060547,3.3299999237060547,200
2009-07-07,3.3299999237060547,3.3299999237060547,3.3299999237060547,3.3299999237060547,3.3299999237060547,1000
2009-07-08,3.3299999237060547,3.3299999237060547,3.3299999237060547,3.3299999237060547,3.3299999237060547,2000
2009-07-09,3.3299999237060547,3.3299999237060547,3.3299999237060547,3.3299999237060547,3.3299999237060547,1800
2009-07-10,3.3299999237060547,3.3299999237060547,3.3299999237060547,3.3299999237060547,3.3299999237060547,2400
2009-07-13,3.1700000762939453,3.3499999046325684,3.1700000762939453,3.3499999046325684,3.3499999046325684,2
2009-07-14,3.3499999046325684,3.3499999046325684,3.3499999046325684,3.3499999046325684,3.3499999046325684,12
2009-07-15,3.3499999046325684,3.3499999046325684,3.3499999046325684,3.3499999046325684,3.3499999046325684,7
2009-07-16,3.190000057220459,3.190000057220459,3.190000057220459,3.190000057220459,3.190000057220459,1
2009-07-17,3.0399999618530273,3.0399999618530273,3.0399999618530273,3.0399999618530273,3.0399999618530273,114
2009-07-20,3.049999952316284,3.190000057220459,2.890000104904175,3.190000057220459,3.190000057220459,800
2009-07-21,3.0399999618530273,3.3299999237060547,3.0399999618530273,3.3299999237060547,3.3299999237060547,2800
2009-07-22,3.4600000381469727,3.4600000381469727,3.4600000381469727,3.4600000381469727,3.4600000381469727,500
2009-07-23,3.4600000381469727,3.4600000381469727,3.4600000381469727,3.4600000381469727,3.4600000381469727,9000
2009-07-24,3.4600000381469727,3.4600000381469727,3.4600000381469727,3.4600000381469727,3.4600000381469727,4500
2009-07-27,3.2899999618530273,3.2899999618530273,3.2899999618530273,3.2899999618530273,3.2899999618530273,3300
2009-07-28,3.4200000762939453,3.4200000762939453,3.4200000762939453,3.4200000762939453,3.4200000762939453,100
2009-07-29,3.25,3.25,3.25,3.25,3.25,650
2009-07-30,3.4100000858306885,3.4100000858306885,3.0899999141693115,3.0899999141693115,3.0899999141693115,742
2009-07-31,2.950000047683716,3.200000047683716,2.940000057220459,3.200000047683716,3.200000047683716,2000
2009-08-03,3.3499999046325684,3.359999895095825,3.3499999046325684,3.359999895095825,3.359999895095825,1000
2009-08-04,3.25,3.3499999046325684,3.200000047683716,3.200000047683716,3.200000047683716,5600
2009-08-05,3.049999952316284,3.3499999046325684,3.049999952316284,3.299999952316284,3.299999952316284,1000
2009-08-06,3.109999895095825,3.109999895095825,3.109999895095825,3.109999895095825,3.109999895095825,755
2009-08-07,3.109999895095825,3.109999895095825,3.109999895095825,3.109999895095825,3.109999895095825,701
2009-08-10,3.109999895095825,3.109999895095825,3.109999895095825,3.109999895095825,3.109999895095825,400
2009-08-11,3.109999895095825,3.109999895095825,3.109999895095825,3.109999895095825,3.109999895095825,2400
2009-08-12,3.259999990463257,3.259999990463257,3.049999952316284,3.049999952316284,3.049999952316284,3000
2009-08-13,2.9000000953674316,2.9000000953674316,2.9000000953674316,2.9000000953674316,2.9000000953674316,1000
2009-08-14,3.0399999618530273,3.0399999618530273,3.0399999618530273,3.0399999618530273,3.0399999618530273,500
2009-08-17,3.190000057220459,3.190000057220459,3.190000057220459,3.190000057220459,3.190000057220459,1
2009-08-19,3.2799999713897705,3.2799999713897705,3.2799999713897705,3.2799999713897705,3.2799999713897705,550
2009-08-20,3.2799999713897705,3.2799999713897705,3.2799999713897705,3.2799999713897705,3.2799999713897705,900
2009-08-21,3.2799999713897705,3.2799999713897705,3.2799999713897705,3.2799999713897705,3.2799999713897705,400
2009-08-24,3.2799999713897705,3.2799999713897705,3.2799999713897705,3.2799999713897705,3.2799999713897705,400
2009-08-25,3.2799999713897705,3.2799999713897705,3.2799999713897705,3.2799999713897705,3.2799999713897705,400
2009-08-26,3.299999952316284,3.299999952316284,3.119999885559082,3.140000104904175,3.140000104904175,7945
2009-08-27,3.0999999046325684,3.240000009536743,3.0,3.0299999713897705,3.0299999713897705,6150
2009-08-28,3.180000066757202,3.180000066757202,2.9600000381469727,3.180000066757202,3.180000066757202,800
2009-08-31,3.200000047683716,3.309999942779541,3.200000047683716,3.200000047683716,3.200000047683716,2800
2009-09-01,3.3499999046325684,3.3499999046325684,3.0999999046325684,3.3399999141693115,3.3399999141693115,5400
2009-09-02,3.180000066757202,3.3499999046325684,3.180000066757202,3.200000047683716,3.200000047683716,4800
2009-09-03,3.109999895095825,3.3299999237060547,3.109999895095825,3.309999942779541,3.309999942779541,1840
2009-09-04,3.1500000953674316,3.3499999046325684,3.1500000953674316,3.3499999046325684,3.3499999046325684,851
2009-09-07,3.490000009536743,3.490000009536743,3.200000047683716,3.200000047683716,3.200000047683716,5300
2009-09-08,3.069999933242798,3.3299999237060547,3.069999933242798,3.309999942779541,3.309999942779541,1500
2009-09-09,3.4200000762939453,3.4700000286102295,3.2300000190734863,3.4600000381469727,3.4600000381469727,11700
2009-09-10,3.4000000953674316,3.5,3.2899999618530273,3.2899999618530273,3.2899999618530273,1700
2009-09-11,3.440000057220459,3.450000047683716,3.140000104904175,3.440000057220459,3.440000057220459,5400
2009-09-14,3.2699999809265137,3.609999895095825,3.2699999809265137,3.609999895095825,3.609999895095825,3300
2009-09-15,3.440000057220459,3.5,3.430000066757202,3.430000066757202,3.430000066757202,10000
2009-09-16,3.259999990463257,3.5999999046325684,3.259999990463257,3.450000047683716,3.450000047683716,13700
2009-09-17,3.619999885559082,3.619999885559082,3.359999895095825,3.359999895095825,3.359999895095825,1800
2009-09-18,3.5,3.5,3.2200000286102295,3.309999942779541,3.309999942779541,2221
2009-09-22,3.4100000858306885,3.4100000858306885,3.200000047683716,3.200000047683716,3.200000047683716,2000
2009-09-23,3.4100000858306885,3.4100000858306885,3.200000047683716,3.200000047683716,3.200000047683716,2000
2009-09-24,3.359999895095825,3.359999895095825,3.359999895095825,3.359999895095825,3.359999895095825,2200
2009-09-25,3.5199999809265137,3.5199999809265137,3.440000057220459,3.450000047683716,3.450000047683716,2200
2009-09-29,3.5,3.5,3.2799999713897705,3.2899999618530273,3.2899999618530273,1632
2009-09-30,3.450000047683716,3.450000047683716,3.240000009536743,3.440000057220459,3.440000057220459,1800
2009-10-01,3.5,3.609999895095825,3.4000000953674316,3.609999895095825,3.609999895095825,4700
2009-10-05,3.7799999713897705,3.7899999618530273,3.490000009536743,3.490000009536743,3.490000009536743,1200
2009-10-06,3.3299999237060547,3.609999895095825,3.319999933242798,3.5899999141693115,3.5899999141693115,2200
2009-10-07,3.3299999237060547,3.609999895095825,3.319999933242798,3.5899999141693115,3.5899999141693115,2278
2009-10-08,3.4200000762939453,3.7100000381469727,3.4200000762939453,3.430000066757202,3.430000066757202,960
2009-10-09,3.259999990463257,3.430000066757202,3.259999990463257,3.2699999809265137,3.2699999809265137,5000
2009-10-12,3.119999885559082,3.2799999713897705,3.109999895095825,3.109999895095825,3.109999895095825,22900
2009-10-14,2.9800000190734863,3.2100000381469727,2.9800000190734863,3.009999990463257,3.009999990463257,190
2009-10-15,2.890000104904175,3.109999895095825,2.859999895095825,3.109999895095825,3.109999895095825,1600
2009-10-16,2.9600000381469727,3.2100000381469727,2.9600000381469727,3.0299999713897705,3.0299999713897705,2000
2009-10-20,3.240000009536743,3.240000009536743,3.009999990463257,3.059999942779541,3.059999942779541,850
2009-10-21,3.2100000381469727,3.2100000381469727,3.009999990463257,3.200000047683716,3.200000047683716,2200
2009-10-22,3.2899999618530273,3.2899999618530273,3.059999942779541,3.059999942779541,3.059999942779541,1700
2009-10-23,3.2100000381469727,3.2100000381469727,3.049999952316284,3.1600000858306885,3.1600000858306885,3400
2009-10-26,3.2899999618530273,3.2899999618530273,3.049999952316284,3.2699999809265137,3.2699999809265137,1800
2009-10-27,3.2899999618530273,3.359999895095825,3.109999895095825,3.25,3.25,6328
2009-10-28,3.1500000953674316,3.3299999237060547,3.0899999141693115,3.2799999713897705,3.2799999713897705,3700
2009-10-29,3.119999885559082,3.119999885559082,3.119999885559082,3.119999885559082,3.119999885559082,1000
2009-10-30,3.0,3.0,3.0,3.0,3.0,1500
2009-11-03,3.130000114440918,3.130000114440918,3.0,3.0,3.0,1600
2009-11-04,3.1500000953674316,3.1500000953674316,3.1500000953674316,3.1500000953674316,3.1500000953674316,100
2009-11-05,3.0,3.0,3.0,3.0,3.0,100
2009-11-06,3.0,3.0,2.9000000953674316,2.9100000858306885,2.9100000858306885,6779
2009-11-09,2.6600000858306885,3.0899999141693115,2.6600000858306885,3.0899999141693115,3.0899999141693115,4400
2009-11-10,2.819999933242798,3.2899999618530273,2.819999933242798,3.240000009536743,3.240000009536743,2500
2009-11-11,3.4000000953674316,3.4000000953674316,3.200000047683716,3.380000114440918,3.380000114440918,325
2009-11-12,3.049999952316284,3.200000047683716,3.049999952316284,3.049999952316284,3.049999952316284,680
2009-11-13,2.75,3.1700000762939453,2.75,3.1700000762939453,3.1700000762939453,1100
2009-11-16,2.859999895095825,3.309999942779541,2.859999895095825,3.190000057220459,3.190000057220459,6500
2009-11-17,2.890000104904175,3.390000104904175,2.890000104904175,3.0,3.0,800
2009-11-18,2.819999933242798,3.299999952316284,2.819999933242798,3.0199999809265137,3.0199999809265137,4900
2009-11-19,2.819999933242798,3.299999952316284,2.819999933242798,3.0199999809265137,3.0199999809265137,4936
2009-11-20,3.299999952316284,3.309999942779541,2.950000047683716,2.950000047683716,2.950000047683716,5500
2009-11-23,3.299999952316284,3.309999942779541,2.950000047683716,2.950000047683716,2.950000047683716,5570
2009-11-24,3.200000047683716,3.200000047683716,3.0899999141693115,3.190000057220459,3.190000057220459,1025
2009-11-25,3.240000009536743,3.240000009536743,3.0999999046325684,3.0999999046325684,3.0999999046325684,11
2009-11-26,3.2300000190734863,3.2300000190734863,3.049999952316284,3.0999999046325684,3.0999999046325684,2300
2009-11-27,3.059999942779541,3.059999942779541,3.059999942779541,3.059999942779541,3.059999942779541,1000
2009-11-30,3.0199999809265137,3.299999952316284,3.0199999809265137,3.180000066757202,3.180000066757202,3052
2009-12-01,3.0299999713897705,3.2300000190734863,3.0299999713897705,3.2300000190734863,3.2300000190734863,1400
2009-12-02,3.1500000953674316,3.430000066757202,3.1500000953674316,3.259999990463257,3.259999990463257,2901
2009-12-03,3.309999942779541,3.309999942779541,3.309999942779541,3.309999942779541,3.309999942779541,1
2009-12-04,3.2200000286102295,3.4200000762939453,3.2100000381469727,3.2200000286102295,3.2200000286102295,1598
2009-12-07,3.4100000858306885,3.4700000286102295,3.2300000190734863,3.25,3.25,5002
2009-12-08,3.559999942779541,3.559999942779541,3.2300000190734863,3.2300000190734863,3.2300000190734863,2134
2009-12-09,3.5,3.549999952316284,3.3499999046325684,3.549999952316284,3.549999952316284,5725
2009-12-10,3.559999942779541,3.559999942779541,3.549999952316284,3.549999952316284,3.549999952316284,1750
2009-12-11,3.6500000953674316,3.6500000953674316,3.359999895095825,3.4800000190734863,3.4800000190734863,1400
2009-12-14,3.200000047683716,3.819999933242798,3.200000047683716,3.819999933242798,3.819999933242798,14875
2009-12-15,4.199999809265137,4.199999809265137,4.199999809265137,4.199999809265137,4.199999809265137,14743
2009-12-16,4.389999866485596,4.409999847412109,4.199999809265137,4.409999847412109,4.409999847412109,11783
2009-12-17,4.630000114440918,4.630000114440918,4.630000114440918,4.630000114440918,4.630000114440918,4044
2009-12-18,4.860000133514404,4.860000133514404,4.860000133514404,4.860000133514404,4.860000133514404,7005
2009-12-21,5.099999904632568,5.099999904632568,4.619999885559082,4.619999885559082,4.619999885559082,48469
2009-12-22,4.71999979019165,4.71999979019165,4.389999866485596,4.460000038146973,4.460000038146973,9306
2010-01-04,4.349999904632568,4.46999979019165,4.130000114440918,4.46999979019165,4.46999979019165,3050
2010-01-05,4.5,4.5,4.25,4.25,4.25,2731
2010-01-06,4.079999923706055,4.460000038146973,4.079999923706055,4.449999809265137,4.449999809265137,13635
2010-01-07,4.460000038146973,4.639999866485596,4.380000114440918,4.639999866485596,4.639999866485596,5255
2010-01-08,4.420000076293945,4.599999904632568,4.420000076293945,4.489999771118164,4.489999771118164,3501
2010-01-11,4.550000190734863,4.559999942779541,4.269999980926514,4.5,4.5,22081
2010-01-12,4.5,4.599999904632568,4.309999942779541,4.309999942779541,4.309999942779541,4800
2010-01-13,4.300000190734863,4.5,4.300000190734863,4.489999771118164,4.489999771118164,5900
2010-01-14,4.340000152587891,4.699999809265137,4.340000152587891,4.610000133514404,4.610000133514404,15130
2010-01-15,4.679999828338623,4.679999828338623,4.5,4.670000076293945,4.670000076293945,1550
2010-01-18,4.829999923706055,4.829999923706055,4.46999979019165,4.789999961853027,4.789999961853027,7501
2010-01-19,4.829999923706055,4.829999923706055,4.559999942779541,4.559999942779541,4.559999942779541,8613
2010-01-20,4.380000114440918,4.760000228881836,4.380000114440918,4.429999828338623,4.429999828338623,1850
2010-01-21,4.380000114440918,4.380000114440918,4.230000019073486,4.269999980926514,4.269999980926514,2800
2010-01-22,4.059999942779541,4.480000019073486,4.059999942779541,4.480000019073486,4.480000019073486,6600
2010-01-25,4.5,4.679999828338623,4.5,4.599999904632568,4.599999904632568,6350
2010-01-27,4.599999904632568,4.800000190734863,4.440000057220459,4.449999809265137,4.449999809265137,7599
2010-01-28,4.260000228881836,4.5,4.230000019073486,4.5,4.5,8001
2010-01-29,4.28000020980835,4.489999771118164,4.28000020980835,4.46999979019165,4.46999979019165,2905
2010-02-01,4.650000095367432,4.650000095367432,4.5,4.5,4.5,1010
2010-02-02,4.28000020980835,4.670000076293945,4.28000020980835,4.28000020980835,4.28000020980835,1505
2010-02-03,4.090000152587891,4.380000114440918,4.070000171661377,4.380000114440918,4.380000114440918,8552
2010-02-04,4.199999809265137,4.199999809265137,4.190000057220459,4.190000057220459,4.190000057220459,1508
2010-02-05,3.990000009536743,3.990000009536743,3.990000009536743,3.990000009536743,3.990000009536743,500
2010-02-08,3.799999952316284,3.950000047683716,3.799999952316284,3.799999952316284,3.799999952316284,4150
2010-02-09,3.630000114440918,3.630000114440918,3.619999885559082,3.619999885559082,3.619999885559082,850
2010-02-10,3.440000057220459,3.4600000381469727,3.440000057220459,3.450000047683716,3.450000047683716,2049
2010-02-11,3.440000057220459,3.4600000381469727,3.440000057220459,3.450000047683716,3.450000047683716,2049
2010-02-15,3.2799999713897705,3.619999885559082,3.2799999713897705,3.619999885559082,3.619999885559082,1700
2010-02-16,3.799999952316284,3.799999952316284,3.440000057220459,3.5199999809265137,3.5199999809265137,8200
2010-02-17,3.5,3.690000057220459,3.4000000953674316,3.450000047683716,3.450000047683716,4750
2010-02-18,3.619999885559082,3.619999885559082,3.450000047683716,3.5,3.5,1500
2010-02-19,3.450000047683716,3.5999999046325684,3.4000000953674316,3.5999999046325684,3.5999999046325684,3250
2010-02-22,3.7799999713897705,3.7799999713897705,3.430000066757202,3.5399999618530273,3.5399999618530273,1290
2010-02-23,3.5899999141693115,3.5899999141693115,3.5899999141693115,3.5899999141693115,3.5899999141693115,500
2010-02-24,3.5899999141693115,3.5899999141693115,3.5899999141693115,3.5899999141693115,3.5899999141693115,1000
2010-02-25,3.4200000762939453,3.6500000953674316,3.4200000762939453,3.4200000762939453,3.4200000762939453,2551
2010-02-26,3.259999990463257,3.5899999141693115,3.25,3.25,3.25,5400
2010-03-02,3.1600000858306885,3.4100000858306885,3.1600000858306885,3.180000066757202,3.180000066757202,1102
2010-03-03,3.3299999237060547,3.3299999237060547,3.25,3.299999952316284,3.299999952316284,2500
2010-03-04,3.4600000381469727,3.4600000381469727,3.200000047683716,3.3499999046325684,3.3499999046325684,13350
2010-03-05,3.4000000953674316,3.509999990463257,3.2200000286102295,3.2699999809265137,3.2699999809265137,4000
2010-03-08,3.2200000286102295,3.430000066757202,3.2200000286102295,3.2899999618530273,3.2899999618530273,3620
2010-03-09,3.450000047683716,3.450000047683716,3.2699999809265137,3.450000047683716,3.450000047683716,56
2010-03-10,3.619999885559082,3.619999885559082,3.619999885559082,3.619999885559082,3.619999885559082,1
2010-03-11,3.7100000381469727,3.7100000381469727,3.440000057220459,3.5,3.5,33512
2010-03-12,3.549999952316284,3.549999952316284,3.549999952316284,3.549999952316284,3.549999952316284,2
2010-03-15,3.4100000858306885,3.5,3.390000104904175,3.390000104904175,3.390000104904175,413
2010-03-16,3.549999952316284,3.549999952316284,3.319999933242798,3.319999933242798,3.319999933242798,168799
2010-03-17,3.4800000190734863,3.4800000190734863,3.2200000286102295,3.2799999713897705,3.2799999713897705,31697
2010-03-18,3.299999952316284,3.440000057220459,3.1500000953674316,3.25,3.25,16614
2010-03-19,3.390000104904175,3.390000104904175,3.1500000953674316,3.1500000953674316,3.1500000953674316,654
2010-03-22,3.0799999237060547,3.299999952316284,3.0799999237060547,3.299999952316284,3.299999952316284,115601
2010-03-23,3.190000057220459,3.3499999046325684,3.1500000953674316,3.1700000762939453,3.1700000762939453,8475
2010-03-25,3.319999933242798,3.319999933242798,3.0999999046325684,3.130000114440918,3.130000114440918,5393
2010-03-26,3.2799999713897705,3.2799999713897705,3.059999942779541,3.119999885559082,3.119999885559082,1600
2010-03-29,3.0999999046325684,3.25,3.0999999046325684,3.1500000953674316,3.1500000953674316,3500
2010-03-30,3.299999952316284,3.299999952316284,3.299999952316284,3.299999952316284,3.299999952316284,3998
2010-03-31,3.140000104904175,3.140000104904175,3.140000104904175,3.140000104904175,3.140000104904175,1000
2010-04-01,3.0199999809265137,3.2899999618530273,3.0199999809265137,3.2899999618530273,3.2899999618530273,150
2010-04-05,3.299999952316284,3.450000047683716,3.299999952316284,3.450000047683716,3.450000047683716,1620
2010-04-06,3.5,3.5799999237060547,3.4000000953674316,3.569999933242798,3.569999933242798,10020
2010-04-07,3.6600000858306885,3.6600000858306885,3.4100000858306885,3.4100000858306885,3.4100000858306885,1700
2010-04-08,3.569999933242798,3.5799999237060547,3.4100000858306885,3.5799999237060547,3.5799999237060547,705
2010-04-09,3.690000057220459,3.740000009536743,3.6600000858306885,3.6600000858306885,3.6600000858306885,5600
2010-04-12,3.799999952316284,3.819999933242798,3.799999952316284,3.819999933242798,3.819999933242798,2351
2010-04-13,3.819999933242798,3.819999933242798,3.630000114440918,3.630000114440918,3.630000114440918,1551
2010-04-15,3.809999942779541,3.809999942779541,3.5999999046325684,3.5999999046325684,3.5999999046325684,2141
2010-04-16,3.5999999046325684,3.5999999046325684,3.430000066757202,3.5899999141693115,3.5899999141693115,4001
2010-04-19,3.4200000762939453,3.7200000286102295,3.4200000762939453,3.4600000381469727,3.4600000381469727,1325
2010-04-20,3.630000114440918,3.630000114440918,3.630000114440918,3.630000114440918,3.630000114440918,1101
2010-04-21,3.700000047683716,3.809999942779541,3.4700000286102295,3.799999952316284,3.799999952316284,3302
2010-04-22,3.640000104904175,3.880000114440918,3.619999885559082,3.619999885559082,3.619999885559082,6701
2010-04-23,3.799999952316284,3.799999952316284,3.4700000286102295,3.4700000286102295,3.4700000286102295,346
2010-04-26,3.619999885559082,3.640000104904175,3.619999885559082,3.640000104904175,3.640000104904175,350
2010-04-27,3.819999933242798,3.819999933242798,3.700000047683716,3.819999933242798,3.819999933242798,1531
2010-04-28,4.010000228881836,4.010000228881836,3.799999952316284,3.8499999046325684,3.8499999046325684,509
2010-04-29,4.039999961853027,4.039999961853027,3.75,3.75,3.75,2601
2010-04-30,3.9200000762939453,3.930000066757202,3.6500000953674316,3.930000066757202,3.930000066757202,601
2010-05-03,4.099999904632568,4.099999904632568,3.740000009536743,3.740000009536743,3.740000009536743,337
2010-05-04,3.799999952316284,3.799999952316284,3.559999942779541,3.559999942779541,3.559999942779541,1310
2010-05-05,3.559999942779541,3.559999942779541,3.390000104904175,3.549999952316284,3.549999952316284,2502
2010-05-06,3.380000114440918,3.5,3.380000114440918,3.5,3.5,2152
2010-05-07,3.5,3.5,3.5,3.5,3.5,550
2010-05-10,3.8399999141693115,3.8399999141693115,3.5,3.5,3.5,2200
2010-05-11,3.4100000858306885,3.75,3.4100000858306885,3.75,3.75,2600
2010-05-12,4.099999904632568,4.099999904632568,3.509999990463257,3.609999895095825,3.609999895095825,12089
2010-05-13,3.700000047683716,3.700000047683716,3.5999999046325684,3.5999999046325684,3.5999999046325684,1918
2010-05-14,3.8299999237060547,3.9600000381469727,3.619999885559082,3.9000000953674316,3.9000000953674316,7014
2010-05-17,4.090000152587891,4.090000152587891,3.5199999809265137,3.5199999809265137,3.5199999809265137,102
2010-05-18,3.8499999046325684,3.869999885559082,3.8499999046325684,3.859999895095825,3.859999895095825,355
2010-05-19,3.4800000190734863,3.950000047683716,3.4800000190734863,3.5,3.5,1500
2010-05-20,3.75,3.75,3.3299999237060547,3.3299999237060547,3.3299999237060547,680
2010-05-21,3.75,3.75,3.3299999237060547,3.3299999237060547,3.3299999237060547,680
2010-05-24,3.6500000953674316,3.6500000953674316,3.5999999046325684,3.5999999046325684,3.5999999046325684,101
2010-05-25,3.309999942779541,3.309999942779541,3.259999990463257,3.259999990463257,3.259999990463257,3464
2010-05-26,3.5,3.5,3.5,3.5,3.5,200
2010-05-27,3.5,3.5,3.5,3.5,3.5,200
2010-05-28,3.700000047683716,3.700000047683716,3.259999990463257,3.259999990463257,3.259999990463257,1800
2010-05-31,3.5799999237060547,3.5799999237060547,3.5799999237060547,3.5799999237060547,3.5799999237060547,200
2010-06-01,3.299999952316284,3.799999952316284,3.259999990463257,3.2899999618530273,3.2899999618530273,648
2010-06-02,3.299999952316284,3.799999952316284,3.259999990463257,3.2899999618530273,3.2899999618530273,648
2010-06-03,3.309999942779541,3.5799999237060547,3.309999942779541,3.5799999237060547,3.5799999237060547,3250
2010-06-04,3.450000047683716,3.6500000953674316,3.450000047683716,3.6500000953674316,3.6500000953674316,200
2010-06-07,3.3499999046325684,3.8499999046325684,3.3499999046325684,3.8499999046325684,3.8499999046325684,1786
2010-06-08,3.8399999141693115,3.8399999141693115,3.5,3.740000009536743,3.740000009536743,1640
2010-06-09,3.680000066757202,3.7799999713897705,3.5,3.5,3.5,2201
2010-06-10,3.8499999046325684,3.8499999046325684,3.4000000953674316,3.4000000953674316,3.4000000953674316,2338
2010-06-11,3.680000066757202,3.680000066757202,3.680000066757202,3.680000066757202,3.680000066757202,50
2010-06-14,3.75,3.75,3.75,3.75,3.75,25
2010-06-15,3.5,3.8499999046325684,3.450000047683716,3.450000047683716,3.450000047683716,658
2010-06-16,3.450000047683716,3.7899999618530273,3.4200000762939453,3.6700000762939453,3.6700000762939453,1853
2010-06-17,3.5,3.700000047683716,3.450000047683716,3.4600000381469727,3.4600000381469727,1030
2010-06-18,3.3499999046325684,3.680000066757202,3.3499999046325684,3.680000066757202,3.680000066757202,251
2010-06-21,3.6500000953674316,3.7799999713897705,3.4600000381469727,3.740000009536743,3.740000009536743,1669
2010-06-22,3.4600000381469727,3.7899999618530273,3.4600000381469727,3.700000047683716,3.700000047683716,1355
2010-06-23,3.5,3.7799999713897705,3.5,3.619999885559082,3.619999885559082,1659
2010-06-24,3.4700000286102295,3.880000114440918,3.4600000381469727,3.799999952316284,3.799999952316284,6848
2010-06-25,3.940000057220459,4.159999847412109,3.680000066757202,3.680000066757202,3.680000066757202,17212
2010-06-28,3.940000057220459,4.159999847412109,3.680000066757202,3.680000066757202,3.680000066757202,17212
2010-06-29,3.549999952316284,3.75,3.359999895095825,3.5,3.5,5000
2010-06-30,3.5,3.5,3.5,3.5,3.5,500
2010-07-01,3.7699999809265137,3.7699999809265137,3.6500000953674316,3.6500000953674316,3.6500000953674316,1004
2010-07-02,3.700000047683716,3.700000047683716,3.700000047683716,3.700000047683716,3.700000047683716,451
2010-07-05,3.700000047683716,3.700000047683716,3.700000047683716,3.700000047683716,3.700000047683716,451
2010-07-06,3.880000114440918,3.990000009536743,3.880000114440918,3.990000009536743,3.990000009536743,5001
2010-07-07,4.090000152587891,4.090000152587891,3.619999885559082,3.640000104904175,3.640000104904175,1008
2010-07-08,3.990000009536743,4.0,3.8299999237060547,3.8299999237060547,3.8299999237060547,6055
2010-07-09,4.0,4.0,3.7200000286102295,4.0,4.0,2163
2010-07-12,4.389999866485596,4.389999866485596,3.680000066757202,3.8499999046325684,3.8499999046325684,2508
2010-07-13,3.509999990463257,4.21999979019165,3.509999990463257,4.099999904632568,4.099999904632568,345
2010-07-14,4.0,4.0,3.799999952316284,3.950000047683716,3.950000047683716,1440
2010-07-15,4.289999961853027,4.289999961853027,3.759999990463257,3.7799999713897705,3.7799999713897705,2171
2010-07-16,4.150000095367432,4.150000095367432,3.9000000953674316,4.050000190734863,4.050000190734863,2434
2010-07-19,4.28000020980835,4.28000020980835,4.179999828338623,4.179999828338623,4.179999828338623,3
2010-07-20,4.0,4.190000057220459,4.0,4.190000057220459,4.190000057220459,852
2010-07-21,3.8499999046325684,4.099999904632568,3.819999933242798,4.090000152587891,4.090000152587891,701
2010-07-22,3.7200000286102295,4.289999961853027,3.7200000286102295,4.010000228881836,4.010000228881836,925
2010-07-23,3.9000000953674316,4.369999885559082,3.9000000953674316,4.099999904632568,4.099999904632568,9655
2010-07-26,3.759999990463257,4.329999923706055,3.759999990463257,4.019999980926514,4.019999980926514,7101
2010-07-27,3.7100000381469727,4.179999828338623,3.7100000381469727,3.8399999141693115,3.8399999141693115,1191
2010-07-28,3.799999952316284,4.150000095367432,3.799999952316284,4.150000095367432,4.150000095367432,201
2010-07-29,3.8299999237060547,4.150000095367432,3.819999933242798,3.8399999141693115,3.8399999141693115,12151
2010-07-30,4.090000152587891,4.090000152587891,3.869999885559082,4.0,4.0,501
2010-08-02,4.349999904632568,4.349999904632568,3.799999952316284,3.8499999046325684,3.8499999046325684,14303
2010-08-03,3.8499999046325684,4.179999828338623,3.5999999046325684,4.150000095367432,4.150000095367432,3018
2010-08-04,3.799999952316284,4.130000114440918,3.759999990463257,3.809999942779541,3.809999942779541,5740
2010-08-05,3.700000047683716,4.130000114440918,3.700000047683716,4.050000190734863,4.050000190734863,1101
2010-08-06,4.0,4.050000190734863,3.759999990463257,3.759999990463257,3.759999990463257,3300
2010-08-09,4.119999885559082,4.119999885559082,3.759999990463257,3.9100000858306885,3.9100000858306885,5401
2010-08-10,4.099999904632568,4.099999904632568,3.8299999237060547,3.9000000953674316,3.9000000953674316,12401
2010-08-11,4.070000171661377,4.289999961853027,4.0,4.199999809265137,4.199999809265137,24505
2010-08-12,4.400000095367432,4.400000095367432,4.059999942779541,4.099999904632568,4.099999904632568,3844
2010-08-13,4.179999828338623,4.199999809265137,4.050000190734863,4.050000190734863,4.050000190734863,4000
2010-08-16,4.010000228881836,4.329999923706055,3.799999952316284,4.230000019073486,4.230000019073486,9839
2010-08-17,4.210000038146973,4.210000038146973,4.210000038146973,4.210000038146973,4.210000038146973,1
2010-08-18,4.070000171661377,4.199999809265137,4.059999942779541,4.059999942779541,4.059999942779541,3500
2010-08-19,4.340000152587891,4.340000152587891,4.010000228881836,4.110000133514404,4.110000133514404,10330
2010-08-20,4.190000057220459,4.230000019073486,3.9100000858306885,3.9100000858306885,3.9100000858306885,5303
2010-08-23,4.010000228881836,4.099999904632568,3.9100000858306885,3.9100000858306885,3.9100000858306885,3771
2010-08-24,4.099999904632568,4.099999904632568,4.0,4.0,4.0,5353
2010-08-25,3.8499999046325684,4.150000095367432,3.8499999046325684,4.139999866485596,4.139999866485596,1703
2010-08-26,4.150000095367432,4.150000095367432,4.0,4.0,4.0,12002
2010-08-27,4.010000228881836,4.190000057220459,4.010000228881836,4.010000228881836,4.010000228881836,1262
2010-08-30,4.099999904632568,4.099999904632568,3.9200000762939453,3.9200000762939453,3.9200000762939453,12758
2010-08-31,4.090000152587891,4.090000152587891,3.8499999046325684,3.9700000286102295,3.9700000286102295,6473
2010-09-01,4.190000057220459,4.190000057220459,3.950000047683716,4.130000114440918,4.130000114440918,132
2010-09-02,4.150000095367432,4.150000095367432,4.150000095367432,4.150000095367432,4.150000095367432,1
2010-09-03,4.150000095367432,4.5,4.119999885559082,4.420000076293945,4.420000076293945,25240
2010-09-06,4.5,4.5,4.130000114440918,4.320000171661377,4.320000171661377,16277
2010-09-07,4.070000171661377,4.369999885559082,4.070000171661377,4.239999771118164,4.239999771118164,9102
2010-09-08,4.78000020980835,5.079999923706055,4.300000190734863,5.079999923706055,5.079999923706055,38399
2010-09-09,5.849999904632568,6.090000152587891,5.25,6.090000152587891,6.090000152587891,95341
2010-09-13,6.690000057220459,6.690000057220459,6.690000057220459,6.690000057220459,6.690000057220459,47915
2010-09-14,7.349999904632568,7.349999904632568,7.349999904632568,7.349999904632568,7.349999904632568,108179
2010-09-15,8.079999923706055,8.079999923706055,7.5,7.920000076293945,7.920000076293945,207809
2010-09-16,7.900000095367432,7.989999771118164,7.53000020980835,7.550000190734863,7.550000190734863,84713
2010-09-17,7.179999828338623,7.489999771118164,7.179999828338623,7.179999828338623,7.179999828338623,29661
2010-09-20,6.849999904632568,7.340000152587891,6.829999923706055,6.829999923706055,6.829999923706055,13715
2010-09-21,6.489999771118164,6.949999809265137,6.489999771118164,6.840000152587891,6.840000152587891,14733
2010-09-22,6.5,6.820000171661377,6.5,6.5,6.5,21254
2010-09-23,6.179999828338623,6.679999828338623,6.179999828338623,6.179999828338623,6.179999828338623,21761
2010-09-24,6.460000038146973,6.460000038146973,5.949999809265137,5.96999979019165,5.96999979019165,15593
2010-09-27,5.900000095367432,6.260000228881836,5.900000095367432,6.260000228881836,6.260000228881836,10271
2010-09-28,6.050000190734863,6.5,6.050000190734863,6.300000190734863,6.300000190734863,3150
2010-09-29,6.300000190734863,6.610000133514404,6.25,6.610000133514404,6.610000133514404,8060
2010-09-30,6.289999961853027,6.5,6.28000020980835,6.489999771118164,6.489999771118164,10068
2010-10-01,6.789999961853027,6.809999942779541,6.510000228881836,6.809999942779541,6.809999942779541,7235
2010-10-04,6.550000190734863,7.150000095367432,6.550000190734863,6.599999904632568,6.599999904632568,7751
2010-10-05,6.900000095367432,6.900000095367432,6.53000020980835,6.619999885559082,6.619999885559082,6201
2010-10-06,6.550000190734863,6.75,6.300000190734863,6.300000190734863,6.300000190734863,16966
2010-10-07,6.0,6.610000133514404,6.0,6.429999828338623,6.429999828338623,16644
2010-10-08,6.5,6.75,6.5,6.730000019073486,6.730000019073486,6011
2010-10-11,6.739999771118164,6.75,6.739999771118164,6.75,6.75,6750
2010-10-12,6.699999809265137,7.070000171661377,6.699999809265137,6.699999809265137,6.699999809265137,9751
2010-10-13,6.599999904632568,7.03000020980835,6.599999904632568,7.03000020980835,7.03000020980835,8999
2010-10-14,6.699999809265137,7.179999828338623,6.679999828338623,6.679999828338623,6.679999828338623,10601
2010-10-15,6.949999809265137,6.949999809265137,6.400000095367432,6.400000095367432,6.400000095367432,2652
2010-10-18,6.5,6.71999979019165,6.25,6.300000190734863,6.300000190734863,7123
2010-10-19,6.579999923706055,6.599999904632568,6.300000190734863,6.389999866485596,6.389999866485596,6155
2010-10-20,6.489999771118164,6.489999771118164,6.489999771118164,6.489999771118164,6.489999771118164,630
2010-10-21,6.699999809265137,6.699999809265137,6.170000076293945,6.599999904632568,6.599999904632568,2200
2010-10-22,6.28000020980835,6.570000171661377,6.28000020980835,6.320000171661377,6.320000171661377,2501
2010-10-25,6.099999904632568,6.619999885559082,6.039999961853027,6.099999904632568,6.099999904632568,3202
2010-10-26,6.050000190734863,6.400000095367432,6.050000190734863,6.400000095367432,6.400000095367432,2701
2010-10-27,6.110000133514404,6.619999885559082,6.099999904632568,6.449999809265137,6.449999809265137,4557
2010-10-28,6.769999980926514,6.769999980926514,6.150000095367432,6.329999923706055,6.329999923706055,9627
2010-10-29,6.5,6.5,6.039999961853027,6.090000152587891,6.090000152587891,7501
2010-11-01,6.039999961853027,6.389999866485596,6.039999961853027,6.389999866485596,6.389999866485596,202
2010-11-02,6.079999923706055,6.699999809265137,6.079999923706055,6.650000095367432,6.650000095367432,804
2010-11-03,6.599999904632568,6.75,6.320000171661377,6.320000171661377,6.320000171661377,805
2010-11-04,6.610000133514404,6.610000133514404,6.199999809265137,6.550000190734863,6.550000190734863,352
2010-11-08,6.75,6.75,6.300000190734863,6.300000190734863,6.300000190734863,1627
2010-11-09,6.25,6.550000190734863,6.050000190734863,6.190000057220459,6.190000057220459,6246
2010-11-10,6.199999809265137,6.489999771118164,6.199999809265137,6.360000133514404,6.360000133514404,4149
2010-11-11,6.650000095367432,6.650000095367432,6.650000095367432,6.650000095367432,6.650000095367432,1100
2010-11-12,6.320000171661377,6.650000095367432,6.320000171661377,6.619999885559082,6.619999885559082,702
2010-11-15,6.300000190734863,6.75,6.300000190734863,6.300000190734863,6.300000190734863,1692
2010-11-16,6.190000057220459,6.190000057220459,5.989999771118164,5.989999771118164,5.989999771118164,9060
2010-11-18,5.75,6.0,5.710000038146973,6.0,6.0,1203
2010-11-19,5.710000038146973,5.710000038146973,5.710000038146973,5.710000038146973,5.710000038146973,600
2010-11-22,5.429999828338623,5.989999771118164,5.429999828338623,5.440000057220459,5.440000057220459,1903
2010-11-23,5.260000228881836,5.550000190734863,5.170000076293945,5.550000190734863,5.550000190734863,3461
2010-11-24,5.820000171661377,5.820000171661377,5.300000190734863,5.760000228881836,5.760000228881836,353
2010-11-25,5.480000019073486,5.480000019073486,5.480000019073486,5.480000019073486,5.480000019073486,110
2010-11-26,5.210000038146973,5.210000038146973,5.210000038146973,5.210000038146973,5.210000038146973,9
2010-11-29,4.949999809265137,5.46999979019165,4.949999809265137,5.440000057220459,5.440000057220459,1252
2010-11-30,5.170000076293945,5.170000076293945,5.170000076293945,5.170000076293945,5.170000076293945,302
2010-12-02,4.920000076293945,5.420000076293945,4.920000076293945,5.389999866485596,5.389999866485596,3360
2010-12-03,5.130000114440918,5.639999866485596,5.130000114440918,5.639999866485596,5.639999866485596,4300
2010-12-06,5.360000133514404,5.800000190734863,5.360000133514404,5.800000190734863,5.800000190734863,1001
2010-12-08,5.519999980926514,5.519999980926514,5.519999980926514,5.519999980926514,5.519999980926514,100
2010-12-14,5.789999961853027,5.789999961853027,5.269999980926514,5.300000190734863,5.300000190734863,2309
2010-12-15,5.039999961853027,5.489999771118164,5.039999961853027,5.440000057220459,5.440000057220459,600
2010-12-16,5.690000057220459,5.690000057220459,5.170000076293945,5.210000038146973,5.210000038146973,1940
2010-12-20,4.949999809265137,5.400000095367432,4.949999809265137,4.949999809265137,4.949999809265137,1601
2010-12-21,4.71999979019165,5.190000057220459,4.71999979019165,4.900000095367432,4.900000095367432,3556
2010-12-22,4.75,5.0,4.75,4.75,4.75,4304
2010-12-23,4.980000019073486,4.980000019073486,4.539999961853027,4.539999961853027,4.539999961853027,2367
2010-12-24,4.329999923706055,4.760000228881836,4.329999923706055,4.380000114440918,4.380000114440918,5702
2010-12-27,4.590000152587891,4.590000152587891,4.590000152587891,4.590000152587891,4.590000152587891,1099
2010-12-28,4.409999847412109,4.809999942779541,4.409999847412109,4.809999942779541,4.809999942779541,301
2010-12-29,4.579999923706055,4.96999979019165,4.579999923706055,4.96999979019165,4.96999979019165,901
2010-12-30,5.199999809265137,5.199999809265137,4.730000019073486,4.860000133514404,4.860000133514404,404
2010-12-31,4.639999866485596,4.900000095367432,4.619999885559082,4.619999885559082,4.619999885559082,4100
2011-01-03,4.510000228881836,4.829999923706055,4.510000228881836,4.71999979019165,4.71999979019165,300
2011-01-04,4.659999847412109,4.900000095367432,4.650000095367432,4.650000095367432,4.650000095367432,2127
2011-01-05,4.880000114440918,4.880000114440918,4.539999961853027,4.610000133514404,4.610000133514404,368
2011-01-06,4.420000076293945,4.420000076293945,4.420000076293945,4.420000076293945,4.420000076293945,500
2011-01-07,4.860000133514404,4.860000133514404,4.010000228881836,4.03000020980835,4.03000020980835,12400
2011-01-10,4.389999866485596,4.389999866485596,3.809999942779541,3.990000009536743,3.990000009536743,8831
2011-01-11,4.380000114440918,4.380000114440918,3.7100000381469727,3.75,3.75,1400
2011-01-12,4.010000228881836,4.119999885559082,4.0,4.119999885559082,4.119999885559082,6200
2011-01-13,4.21999979019165,4.519999980926514,4.21999979019165,4.449999809265137,4.449999809265137,799
2011-01-14,4.050000190734863,4.590000152587891,4.050000190734863,4.130000114440918,4.130000114440918,3002
2011-01-18,4.099999904632568,4.440000057220459,4.099999904632568,4.440000057220459,4.440000057220459,501
2011-01-19,4.0,4.75,4.0,4.480000019073486,4.480000019073486,504
2011-01-21,4.159999847412109,4.78000020980835,4.050000190734863,4.78000020980835,4.78000020980835,1501
2011-01-24,4.5,4.699999809265137,4.309999942779541,4.309999942779541,4.309999942779541,902
2011-01-25,3.880000114440918,4.5,3.880000114440918,4.0,4.0,752
2011-01-27,4.099999904632568,4.380000114440918,3.7200000286102295,4.090000152587891,4.090000152587891,10411
2011-01-31,4.099999904632568,4.099999904632568,4.099999904632568,4.099999904632568,4.099999904632568,5
2011-02-01,3.700000047683716,4.199999809265137,3.700000047683716,3.700000047683716,3.700000047683716,503
2011-02-02,4.050000190734863,4.050000190734863,4.0,4.050000190734863,4.050000190734863,2002
2011-02-04,4.429999828338623,4.429999828338623,3.700000047683716,3.700000047683716,3.700000047683716,2508
2011-02-07,3.3499999046325684,4.0,3.3499999046325684,3.990000009536743,3.990000009536743,311
2011-02-08,4.199999809265137,4.199999809265137,4.199999809265137,4.199999809265137,4.199999809265137,1
2011-02-09,3.7899999618530273,4.099999904632568,3.7899999618530273,3.7899999618530273,3.7899999618530273,311
2011-02-10,3.8299999237060547,3.8299999237060547,3.8299999237060547,3.8299999237060547,3.8299999237060547,199
2011-02-11,4.099999904632568,4.099999904632568,3.5999999046325684,4.099999904632568,4.099999904632568,1151
2011-02-14,3.7100000381469727,4.199999809265137,3.700000047683716,4.199999809265137,4.199999809265137,301
2011-02-15,4.5,4.5,3.7899999618530273,4.349999904632568,4.349999904632568,1501
2011-02-16,4.349999904632568,4.349999904632568,3.950000047683716,3.950000047683716,3.950000047683716,358
2011-02-17,4.300000190734863,4.300000190734863,4.25,4.25,4.25,3
2011-02-22,4.480000019073486,4.489999771118164,3.8299999237060547,4.349999904632568,4.349999904632568,1763
2011-02-23,3.9200000762939453,4.300000190734863,3.9200000762939453,4.199999809265137,4.199999809265137,4274
2011-02-24,4.400000095367432,4.400000095367432,3.7899999618530273,3.7899999618530273,3.7899999618530273,3639
2011-02-25,4.099999904632568,4.099999904632568,3.4200000762939453,3.5199999809265137,3.5199999809265137,6586
2011-02-28,3.559999942779541,3.869999885559082,3.559999942779541,3.7799999713897705,3.7799999713897705,1860
2011-03-01,3.9000000953674316,4.0,3.799999952316284,3.950000047683716,3.950000047683716,2552
2011-03-03,4.25,4.25,3.7100000381469727,4.150000095367432,4.150000095367432,3331
2011-03-04,4.28000020980835,4.28000020980835,3.8499999046325684,4.099999904632568,4.099999904632568,436
2011-03-07,4.28000020980835,4.28000020980835,3.7100000381469727,4.079999923706055,4.079999923706055,2105
2011-03-08,3.8499999046325684,4.0,3.680000066757202,4.0,4.0,1630
2011-03-09,4.349999904632568,4.349999904632568,3.700000047683716,4.099999904632568,4.099999904632568,2610
2011-03-10,3.75,4.28000020980835,3.75,3.75,3.75,931
2011-03-11,3.950000047683716,3.950000047683716,3.950000047683716,3.950000047683716,3.950000047683716,20
2011-03-14,3.6600000858306885,4.150000095367432,3.6600000858306885,3.7100000381469727,3.7100000381469727,1302
2011-03-15,3.990000009536743,3.990000009536743,3.7100000381469727,3.9000000953674316,3.9000000953674316,3029
2011-03-16,4.179999828338623,4.179999828338623,3.5899999141693115,3.9700000286102295,3.9700000286102295,3529
2011-03-17,4.099999904632568,4.099999904632568,3.5799999237060547,3.5799999237060547,3.5799999237060547,2463
2011-03-18,3.799999952316284,3.799999952316284,3.4000000953674316,3.549999952316284,3.549999952316284,5255
2011-03-21,3.799999952316284,3.799999952316284,3.200000047683716,3.200000047683716,3.200000047683716,57127
2011-03-22,3.200000047683716,3.299999952316284,2.890000104904175,2.9800000190734863,2.9800000190734863,34830
2011-03-23,3.109999895095825,3.109999895095825,2.9200000762939453,2.9700000286102295,2.9700000286102295,3176
2011-03-24,2.9200000762939453,3.109999895095825,2.9200000762939453,3.0,3.0,1540
2011-03-25,3.0,3.0899999141693115,2.859999895095825,2.9000000953674316,2.9000000953674316,12400
2011-03-28,2.990000009536743,3.0399999618530273,2.990000009536743,3.0399999618530273,3.0399999618530273,2000
2011-03-29,2.9000000953674316,3.190000057220459,2.9000000953674316,3.190000057220459,3.190000057220459,2005
2011-03-30,3.0399999618530273,3.299999952316284,3.0399999618530273,3.299999952316284,3.299999952316284,2000
2011-03-31,3.4600000381469727,3.4600000381469727,3.4600000381469727,3.4600000381469727,3.4600000381469727,10
2011-04-01,3.5,3.5,3.299999952316284,3.299999952316284,3.299999952316284,110
2011-04-04,3.299999952316284,3.299999952316284,3.299999952316284,3.299999952316284,3.299999952316284,400
2011-04-05,3.4600000381469727,3.4600000381469727,3.4600000381469727,3.4600000381469727,3.4600000381469727,600
2011-04-06,3.630000114440918,3.630000114440918,3.630000114440918,3.630000114440918,3.630000114440918,501
2011-04-07,3.809999942779541,3.809999942779541,3.75,3.75,3.75,1415
2011-04-08,3.7100000381469727,3.930000066757202,3.6600000858306885,3.930000066757202,3.930000066757202,2099
2011-04-11,4.050000190734863,4.050000190734863,4.050000190734863,4.050000190734863,4.050000190734863,5
2011-04-13,3.859999895095825,4.099999904632568,3.8499999046325684,3.930000066757202,3.930000066757202,5000
2011-04-15,3.930000066757202,3.950000047683716,3.930000066757202,3.950000047683716,3.950000047683716,13220
2011-04-18,4.0,4.139999866485596,4.0,4.050000190734863,4.050000190734863,9900
2011-04-19,3.9000000953674316,3.9000000953674316,3.9000000953674316,3.9000000953674316,3.9000000953674316,200
2011-04-20,3.759999990463257,4.090000152587891,3.7200000286102295,4.070000171661377,4.070000171661377,14174
2011-04-21,4.139999866485596,4.269999980926514,4.110000133514404,4.269999980926514,4.269999980926514,6859
2011-04-25,4.480000019073486,4.480000019073486,4.130000114440918,4.329999923706055,4.329999923706055,6700
2011-04-26,4.119999885559082,4.119999885559082,4.119999885559082,4.119999885559082,4.119999885559082,6600
2011-04-27,4.099999904632568,4.099999904632568,4.099999904632568,4.099999904632568,4.099999904632568,5530
2011-04-28,3.9100000858306885,4.300000190734863,3.9100000858306885,4.300000190734863,4.300000190734863,8866
2011-04-29,4.5,4.5,4.489999771118164,4.489999771118164,4.489999771118164,1310
2011-05-02,4.269999980926514,4.269999980926514,4.269999980926514,4.269999980926514,4.269999980926514,500
2011-05-03,4.099999904632568,4.099999904632568,4.099999904632568,4.099999904632568,4.099999904632568,200
2011-05-04,3.9000000953674316,3.9000000953674316,3.9000000953674316,3.9000000953674316,3.9000000953674316,600
2011-05-05,3.799999952316284,3.799999952316284,3.799999952316284,3.799999952316284,3.799999952316284,250
2011-05-06,3.990000009536743,3.990000009536743,3.6700000762939453,3.6700000762939453,3.6700000762939453,2610
2011-05-09,3.700000047683716,3.8499999046325684,3.509999990463257,3.6600000858306885,3.6600000858306885,833
2011-05-10,3.7300000190734863,3.7300000190734863,3.7300000190734863,3.7300000190734863,3.7300000190734863,33
2011-05-11,3.700000047683716,3.700000047683716,3.700000047683716,3.700000047683716,3.700000047683716,500
2011-05-12,3.609999895095825,3.880000114440918,3.5999999046325684,3.6500000953674316,3.6500000953674316,9054
2011-05-13,3.6500000953674316,3.6700000762939453,3.6500000953674316,3.6600000858306885,3.6600000858306885,2295
2011-05-17,3.5,3.5,3.5,3.5,3.5,100
2011-05-18,3.6500000953674316,3.6500000953674316,3.6500000953674316,3.6500000953674316,3.6500000953674316,1300
2011-05-19,3.5,3.799999952316284,3.4700000286102295,3.4700000286102295,3.4700000286102295,1050
2011-05-23,3.299999952316284,3.619999885559082,3.299999952316284,3.299999952316284,3.299999952316284,202
2011-05-27,3.4600000381469727,3.4600000381469727,3.4600000381469727,3.4600000381469727,3.4600000381469727,100
2011-05-30,3.2899999618530273,3.619999885559082,3.2899999618530273,3.5999999046325684,3.5999999046325684,5334
2011-05-31,3.700000047683716,3.7799999713897705,3.450000047683716,3.7799999713897705,3.7799999713897705,3914
2011-06-01,3.5999999046325684,3.9600000381469727,3.5999999046325684,3.9600000381469727,3.9600000381469727,600
2011-06-02,3.7699999809265137,4.099999904632568,3.7699999809265137,4.099999904632568,4.099999904632568,1305
2011-06-03,3.9100000858306885,4.230000019073486,3.9000000953674316,4.199999809265137,4.199999809265137,4662
2011-06-06,4.199999809265137,4.269999980926514,4.0,4.269999980926514,4.269999980926514,2501
2011-06-07,4.300000190734863,4.300000190734863,4.059999942779541,4.230000019073486,4.230000019073486,452
2011-06-08,4.25,4.28000020980835,4.019999980926514,4.019999980926514,4.019999980926514,751
2011-06-09,3.819999933242798,3.819999933242798,3.819999933242798,3.819999933242798,3.819999933242798,1205
2011-06-10,4.010000228881836,4.010000228881836,4.010000228881836,4.010000228881836,4.010000228881836,500
2011-06-13,3.809999942779541,3.819999933242798,3.809999942779541,3.809999942779541,3.809999942779541,3500
2011-06-14,3.7699999809265137,4.0,3.7699999809265137,3.990000009536743,3.990000009536743,5005
2011-06-15,4.150000095367432,4.150000095367432,3.799999952316284,3.799999952316284,3.799999952316284,9212
2011-06-16,3.700000047683716,3.990000009536743,3.700000047683716,3.990000009536743,3.990000009536743,4921
2011-06-17,4.179999828338623,4.179999828338623,3.799999952316284,3.8299999237060547,3.8299999237060547,7801
2011-06-20,3.809999942779541,4.019999980926514,3.799999952316284,3.799999952316284,3.799999952316284,4502
2011-06-21,3.630000114440918,3.630000114440918,3.619999885559082,3.619999885559082,3.619999885559082,1600
2011-06-22,3.440000057220459,3.799999952316284,3.440000057220459,3.740000009536743,3.740000009536743,11706
2011-06-23,3.569999933242798,3.9200000762939453,3.569999933242798,3.799999952316284,3.799999952316284,10731
2011-06-24,3.990000009536743,3.990000009536743,3.9800000190734863,3.990000009536743,3.990000009536743,7475
2011-06-27,4.179999828338623,4.179999828338623,4.0,4.150000095367432,4.150000095367432,2101
2011-06-28,3.950000047683716,3.950000047683716,3.950000047683716,3.950000047683716,3.950000047683716,1300
2011-06-29,4.139999866485596,4.139999866485596,4.139999866485596,4.139999866485596,4.139999866485596,2
2011-06-30,3.9600000381469727,3.9600000381469727,3.940000057220459,3.940000057220459,3.940000057220459,3750
2011-07-01,4.130000114440918,4.130000114440918,4.099999904632568,4.099999904632568,4.099999904632568,1005
2011-07-04,3.9100000858306885,3.9100000858306885,3.9100000858306885,3.9100000858306885,3.9100000858306885,455
2011-07-05,3.990000009536743,3.990000009536743,3.990000009536743,3.990000009536743,3.990000009536743,500
2011-07-06,3.799999952316284,3.799999952316284,3.799999952316284,3.799999952316284,3.799999952316284,1153
2011-07-07,3.7200000286102295,3.7200000286102295,3.7200000286102295,3.7200000286102295,3.7200000286102295,200
2011-07-08,3.9000000953674316,3.9000000953674316,3.609999895095825,3.609999895095825,3.609999895095825,1353
2011-07-11,3.7899999618530273,3.7899999618530273,3.7899999618530273,3.7899999618530273,3.7899999618530273,200
2011-07-12,3.9700000286102295,3.9700000286102295,3.700000047683716,3.700000047683716,3.700000047683716,2600
2011-07-13,3.880000114440918,3.880000114440918,3.880000114440918,3.880000114440918,3.880000114440918,2000
2011-07-14,4.070000171661377,4.070000171661377,3.859999895095825,4.050000190734863,4.050000190734863,5200
2011-07-15,4.0,4.25,3.9000000953674316,4.230000019073486,4.230000019073486,4003
2011-07-18,4.440000057220459,4.440000057220459,4.03000020980835,4.03000020980835,4.03000020980835,3001
2011-07-19,4.099999904632568,4.099999904632568,3.8299999237060547,3.8399999141693115,3.8399999141693115,4275
2011-07-20,4.0,4.03000020980835,3.8499999046325684,4.03000020980835,4.03000020980835,6625
2011-07-21,4.03000020980835,4.21999979019165,4.0,4.21999979019165,4.21999979019165,3600
2011-07-22,4.010000228881836,4.010000228881836,4.010000228881836,4.010000228881836,4.010000228881836,2375
2011-07-25,4.199999809265137,4.210000038146973,4.019999980926514,4.210000038146973,4.210000038146973,1000
2011-07-26,4.0,4.0,4.0,4.0,4.0,1000
2011-07-28,3.819999933242798,3.819999933242798,3.819999933242798,3.819999933242798,3.819999933242798,47
2011-07-29,3.75,3.75,3.640000104904175,3.6600000858306885,3.6600000858306885,3400
2011-08-02,3.75,3.75,3.5,3.5,3.5,101
2011-08-03,3.4000000953674316,3.6700000762939453,3.4000000953674316,3.6700000762939453,3.6700000762939453,1500
2011-08-04,3.75,3.75,3.549999952316284,3.569999933242798,3.569999933242798,6513
2011-08-05,3.740000009536743,3.740000009536743,3.740000009536743,3.740000009536743,3.740000009536743,1000
2011-08-10,3.430000066757202,3.430000066757202,3.430000066757202,3.430000066757202,3.430000066757202,1800
2011-08-11,3.259999990463257,3.5899999141693115,3.259999990463257,3.5899999141693115,3.5899999141693115,1000
2011-08-12,3.4200000762939453,3.4200000762939453,3.4200000762939453,3.4200000762939453,3.4200000762939453,400
2011-08-16,3.4100000858306885,3.4100000858306885,3.25,3.25,3.25,8306
2011-08-17,3.0899999141693115,3.200000047683716,3.0899999141693115,3.200000047683716,3.200000047683716,2000
2011-08-18,3.049999952316284,3.359999895095825,3.049999952316284,3.359999895095825,3.359999895095825,339
2011-08-23,3.200000047683716,3.200000047683716,3.200000047683716,3.200000047683716,3.200000047683716,1000
2011-08-24,3.0999999046325684,3.0999999046325684,3.0999999046325684,3.0999999046325684,3.0999999046325684,1000
2011-08-25,3.0999999046325684,3.0999999046325684,2.950000047683716,2.950000047683716,2.950000047683716,5100
2011-08-29,2.950000047683716,2.950000047683716,2.950000047683716,2.950000047683716,2.950000047683716,1000
2011-09-02,2.950000047683716,2.950000047683716,2.809999942779541,2.809999942779541,2.809999942779541,2400
2011-09-05,2.6700000762939453,2.6700000762939453,2.6700000762939453,2.6700000762939453,2.6700000762939453,5640
2011-09-06,2.5399999618530273,2.799999952316284,2.5399999618530273,2.799999952316284,2.799999952316284,2302
2011-09-07,2.759999990463257,2.759999990463257,2.6700000762939453,2.6700000762939453,2.6700000762939453,1859
2011-09-08,2.799999952316284,2.799999952316284,2.799999952316284,2.799999952316284,2.799999952316284,500
2011-09-09,2.8499999046325684,2.9000000953674316,2.8499999046325684,2.9000000953674316,2.9000000953674316,1640
2011-09-12,3.0,3.0,3.0,3.0,3.0,1
2011-09-13,2.869999885559082,3.0,2.859999895095825,3.0,3.0,774
2011-09-15,2.9000000953674316,2.9000000953674316,2.859999895095825,2.890000104904175,2.890000104904175,5275
2011-09-16,2.950000047683716,3.0299999713897705,2.950000047683716,3.0299999713897705,3.0299999713897705,725
2011-09-19,2.880000114440918,3.1700000762939453,2.880000114440918,3.059999942779541,3.059999942779541,350
2011-09-20,3.2100000381469727,3.2100000381469727,2.9200000762939453,3.190000057220459,3.190000057220459,202
2011-09-21,3.3399999141693115,3.3399999141693115,3.3399999141693115,3.3399999141693115,3.3399999141693115,1
2011-09-22,3.4000000953674316,3.4000000953674316,3.180000066757202,3.180000066757202,3.180000066757202,656
2011-09-26,3.049999952316284,3.049999952316284,3.0299999713897705,3.0299999713897705,3.0299999713897705,349
2011-09-27,3.180000066757202,3.180000066757202,2.880000114440918,2.930000066757202,2.930000066757202,1352
2011-09-28,3.0399999618530273,3.069999933242798,2.7899999618530273,2.7899999618530273,2.7899999618530273,1652
2011-09-29,2.9200000762939453,2.9200000762939453,2.7100000381469727,2.9200000762939453,2.9200000762939453,1045
2011-09-30,3.059999942779541,3.059999942779541,2.9200000762939453,2.9200000762939453,2.9200000762939453,1001
2011-10-03,2.9000000953674316,2.9000000953674316,2.7799999713897705,2.7899999618530273,2.7899999618530273,3489
2011-10-04,2.690000057220459,2.9000000953674316,2.680000066757202,2.75,2.75,5810
2011-10-10,2.680000066757202,2.680000066757202,2.680000066757202,2.680000066757202,2.680000066757202,1159
2011-10-11,2.740000009536743,2.740000009536743,2.7300000190734863,2.7300000190734863,2.7300000190734863,1480
2011-10-12,2.619999885559082,2.740000009536743,2.5999999046325684,2.640000104904175,2.640000104904175,19218
2011-10-13,2.759999990463257,2.7699999809265137,2.759999990463257,2.7699999809265137,2.7699999809265137,800
2011-10-14,2.700000047683716,2.700000047683716,2.700000047683716,2.700000047683716,2.700000047683716,300
2011-10-17,2.8299999237060547,2.8299999237060547,2.8299999237060547,2.8299999237060547,2.8299999237060547,62
2011-10-18,2.690000057220459,2.880000114440918,2.690000057220459,2.880000114440918,2.880000114440918,305
2011-10-19,3.0,3.0,2.740000009536743,2.740000009536743,2.740000009536743,8
2011-10-20,2.799999952316284,2.799999952316284,2.799999952316284,2.799999952316284,2.799999952316284,5000
2011-10-21,2.700000047683716,2.7100000381469727,2.700000047683716,2.7100000381469727,2.7100000381469727,893
2011-10-24,2.7200000286102295,2.8399999141693115,2.7200000286102295,2.8399999141693115,2.8399999141693115,4100
2011-10-28,2.950000047683716,2.950000047683716,2.8399999141693115,2.8399999141693115,2.8399999141693115,7526
2011-10-31,2.799999952316284,2.799999952316284,2.700000047683716,2.7799999713897705,2.7799999713897705,7051
2011-11-01,2.700000047683716,2.880000114440918,2.6500000953674316,2.8399999141693115,2.8399999141693115,13626
2011-11-02,2.700000047683716,2.930000066757202,2.700000047683716,2.740000009536743,2.740000009536743,6528
2011-11-03,2.859999895095825,2.859999895095825,2.609999895095825,2.630000114440918,2.630000114440918,8652
2011-11-04,2.5299999713897705,2.759999990463257,2.5299999713897705,2.759999990463257,2.759999990463257,800
2011-11-08,2.700000047683716,2.8399999141693115,2.630000114440918,2.8399999141693115,2.8399999141693115,1929
2011-11-09,2.9700000286102295,2.9700000286102295,2.9700000286102295,2.9700000286102295,2.9700000286102295,1
2011-11-11,3.0899999141693115,3.0899999141693115,2.9200000762939453,2.9200000762939453,2.9200000762939453,301
2011-11-14,2.9200000762939453,2.9200000762939453,2.9200000762939453,2.9200000762939453,2.9200000762939453,250
2011-11-15,3.059999942779541,3.059999942779541,2.799999952316284,2.799999952316284,2.799999952316284,2824
2011-11-16,2.799999952316284,2.799999952316284,2.799999952316284,2.799999952316284,2.799999952316284,200
2011-11-17,2.680000066757202,2.680000066757202,2.680000066757202,2.680000066757202,2.680000066757202,2243
2011-11-18,2.75,2.75,2.75,2.75,2.75,580
2011-11-21,2.869999885559082,2.869999885559082,2.619999885559082,2.619999885559082,2.619999885559082,755
2011-11-22,2.5999999046325684,2.6500000953674316,2.5999999046325684,2.6500000953674316,2.6500000953674316,5418
2011-11-23,2.549999952316284,2.549999952316284,2.5199999809265137,2.5199999809265137,2.5199999809265137,5136
2011-11-24,2.640000104904175,2.640000104904175,2.640000104904175,2.640000104904175,2.640000104904175,100
2011-11-25,2.640000104904175,2.640000104904175,2.640000104904175,2.640000104904175,2.640000104904175,0
2011-11-28,2.640000104904175,2.640000104904175,2.640000104904175,2.640000104904175,2.640000104904175,0
2011-11-29,2.680000066757202,2.690000057220459,2.680000066757202,2.690000057220459,2.690000057220459,5001
2011-11-30,2.690000057220459,2.690000057220459,2.690000057220459,2.690000057220459,2.690000057220459,0
2011-12-01,2.559999942779541,2.559999942779541,2.559999942779541,2.559999942779541,2.559999942779541,30
2011-12-02,2.440000057220459,2.680000066757202,2.440000057220459,2.680000066757202,2.680000066757202,799
2011-12-05,2.680000066757202,2.680000066757202,2.680000066757202,2.680000066757202,2.680000066757202,0
2011-12-07,2.549999952316284,2.75,2.549999952316284,2.75,2.75,1545
2011-12-08,2.6500000953674316,2.6500000953674316,2.619999885559082,2.619999885559082,2.619999885559082,8000
2011-12-09,2.490000009536743,2.490000009536743,2.490000009536743,2.490000009536743,2.490000009536743,750
2011-12-12,2.369999885559082,2.369999885559082,2.369999885559082,2.369999885559082,2.369999885559082,300
2011-12-13,2.259999990463257,2.299999952316284,2.259999990463257,2.299999952316284,2.299999952316284,10050
2011-12-14,2.190000057220459,2.380000114440918,2.190000057220459,2.380000114440918,2.380000114440918,5705
2011-12-15,2.380000114440918,2.380000114440918,2.380000114440918,2.380000114440918,2.380000114440918,0
2011-12-16,2.4800000190734863,2.4800000190734863,2.2699999809265137,2.2699999809265137,2.2699999809265137,760
2011-12-19,2.2699999809265137,2.2699999809265137,2.2699999809265137,2.2699999809265137,2.2699999809265137,0
2011-12-20,2.1600000858306885,2.1600000858306885,2.1600000858306885,2.1600000858306885,2.1600000858306885,500
2011-12-21,2.059999942779541,2.059999942779541,2.059999942779541,2.059999942779541,2.059999942779541,1000
2011-12-22,2.0,2.1600000858306885,1.9600000381469727,2.1600000858306885,2.1600000858306885,2371
2011-12-23,2.259999990463257,2.259999990463257,2.059999942779541,2.259999990463257,2.259999990463257,215
2011-12-26,2.369999885559082,2.369999885559082,2.369999885559082,2.369999885559082,2.369999885559082,55
2011-12-27,2.259999990463257,2.4000000953674316,2.259999990463257,2.259999990463257,2.259999990463257,1050
2011-12-28,2.1600000858306885,2.299999952316284,2.1500000953674316,2.299999952316284,2.299999952316284,205
2011-12-29,2.190000057220459,2.190000057220459,2.190000057220459,2.190000057220459,2.190000057220459,800
2011-12-30,2.0899999141693115,2.0899999141693115,2.0899999141693115,2.0899999141693115,2.0899999141693115,2300
2012-01-02,1.9900000095367432,2.1700000762939453,1.9900000095367432,1.9900000095367432,1.9900000095367432,1700
2012-01-03,1.899999976158142,1.9900000095367432,1.899999976158142,1.899999976158142,1.899999976158142,3175
2012-01-04,1.899999976158142,1.9800000190734863,1.809999942779541,1.809999942779541,1.809999942779541,21682
2012-01-05,1.7999999523162842,1.7999999523162842,1.7200000286102295,1.7200000286102295,1.7200000286102295,13810
2012-01-06,1.7899999618530273,1.7999999523162842,1.7899999618530273,1.7999999523162842,1.7999999523162842,3122
2012-01-09,1.9800000190734863,1.9800000190734863,1.7999999523162842,1.8200000524520874,1.8200000524520874,21570
2012-01-10,1.7999999523162842,1.7999999523162842,1.7999999523162842,1.7999999523162842,1.7999999523162842,5000
2012-01-11,1.7999999523162842,1.8799999952316284,1.7999999523162842,1.8799999952316284,1.8799999952316284,1320
2012-01-12,1.899999976158142,1.899999976158142,1.899999976158142,1.899999976158142,1.899999976158142,1000
2012-01-13,1.9700000286102295,1.9900000095367432,1.909999966621399,1.9900000095367432,1.9900000095367432,3077
2012-01-16,2.069999933242798,2.0799999237060547,2.069999933242798,2.0799999237060547,2.0799999237060547,741
2012-01-17,2.1500000953674316,2.180000066757202,2.069999933242798,2.069999933242798,2.069999933242798,7405
2012-01-18,2.1500000953674316,2.1700000762939453,2.140000104904175,2.1700000762939453,2.1700000762939453,5051
2012-01-19,2.0899999141693115,2.259999990463257,2.0899999141693115,2.259999990463257,2.259999990463257,2500
2012-01-20,2.2699999809265137,2.299999952316284,2.200000047683716,2.2100000381469727,2.2100000381469727,3033
2012-01-23,2.200000047683716,2.200000047683716,2.0999999046325684,2.200000047683716,2.200000047683716,1750
2012-01-24,2.200000047683716,2.200000047683716,2.200000047683716,2.200000047683716,2.200000047683716,0
2012-01-25,2.309999942779541,2.309999942779541,2.0999999046325684,2.309999942779541,2.309999942779541,310
2012-01-27,2.309999942779541,2.309999942779541,2.309999942779541,2.309999942779541,2.309999942779541,0
2012-01-30,2.25,2.4000000953674316,2.25,2.25,2.25,361
2012-01-31,2.200000047683716,2.200000047683716,2.140000104904175,2.140000104904175,2.140000104904175,2100
2012-02-01,2.0399999618530273,2.0399999618530273,2.0399999618530273,2.0399999618530273,2.0399999618530273,2857
2012-02-02,1.9600000381469727,2.140000104904175,1.9600000381469727,2.140000104904175,2.140000104904175,1350
2012-02-03,2.059999942779541,2.1500000953674316,2.049999952316284,2.1500000953674316,2.1500000953674316,1400
2012-02-06,2.049999952316284,2.25,2.049999952316284,2.049999952316284,2.049999952316284,5700
2012-02-07,2.1500000953674316,2.1500000953674316,2.049999952316284,2.049999952316284,2.049999952316284,450
2012-02-08,2.1500000953674316,2.1500000953674316,1.9500000476837158,2.1500000953674316,2.1500000953674316,1255
2012-02-09,2.049999952316284,2.049999952316284,2.049999952316284,2.049999952316284,2.049999952316284,3000
2012-02-10,2.0,2.0,2.0,2.0,2.0,350
2012-02-13,1.9700000286102295,2.0999999046325684,1.9700000286102295,2.0999999046325684,2.0999999046325684,105
2012-02-14,2.200000047683716,2.200000047683716,2.200000047683716,2.200000047683716,2.200000047683716,1000
2012-02-15,2.200000047683716,2.309999942779541,2.200000047683716,2.309999942779541,2.309999942779541,78
2012-02-16,2.4200000762939453,2.4200000762939453,2.200000047683716,2.200000047683716,2.200000047683716,160
2012-02-17,2.1500000953674316,2.1500000953674316,2.1500000953674316,2.1500000953674316,2.1500000953674316,500
2012-02-21,2.069999933242798,2.25,2.049999952316284,2.240000009536743,2.240000009536743,1929
2012-02-22,2.240000009536743,2.240000009536743,2.240000009536743,2.240000009536743,2.240000009536743,0
2012-02-23,2.299999952316284,2.299999952316284,2.130000114440918,2.299999952316284,2.299999952316284,648
2012-02-24,2.3299999237060547,2.3299999237060547,2.190000057220459,2.190000057220459,2.190000057220459,1780
2012-02-27,2.0899999141693115,2.2799999713897705,2.0899999141693115,2.25,2.25,10765
2012-02-28,2.1500000953674316,2.1500000953674316,2.1500000953674316,2.1500000953674316,2.1500000953674316,200
2012-02-29,2.049999952316284,2.240000009536743,2.049999952316284,2.240000009536743,2.240000009536743,6444
2012-03-01,2.140000104904175,2.299999952316284,2.140000104904175,2.299999952316284,2.299999952316284,510
2012-03-02,2.200000047683716,2.4100000858306885,2.190000057220459,2.190000057220459,2.190000057220459,5120
2012-03-05,2.130000114440918,2.130000114440918,2.130000114440918,2.130000114440918,2.130000114440918,795
2012-03-06,2.0999999046325684,2.119999885559082,2.0999999046325684,2.119999885559082,2.119999885559082,2200
2012-03-07,2.119999885559082,2.119999885559082,2.119999885559082,2.119999885559082,2.119999885559082,0
2012-03-09,2.0199999809265137,2.0199999809265137,2.0199999809265137,2.0199999809265137,2.0199999809265137,365
2012-03-12,2.0199999809265137,2.0199999809265137,2.0199999809265137,2.0199999809265137,2.0199999809265137,0
2012-03-13,2.119999885559082,2.119999885559082,2.119999885559082,2.119999885559082,2.119999885559082,5
2012-03-14,2.119999885559082,2.119999885559082,2.119999885559082,2.119999885559082,2.119999885559082,0
2012-03-15,2.2799999713897705,2.2799999713897705,2.0999999046325684,2.119999885559082,2.119999885559082,1689
2012-03-16,2.0999999046325684,2.2200000286102295,2.0999999046325684,2.2200000286102295,2.2200000286102295,593
2012-03-19,2.3299999237060547,2.3299999237060547,2.109999895095825,2.25,2.25,7105
2012-03-20,2.140000104904175,2.200000047683716,2.140000104904175,2.200000047683716,2.200000047683716,600
2012-03-21,2.2799999713897705,2.2799999713897705,2.0999999046325684,2.0999999046325684,2.0999999046325684,3198
2012-03-22,2.200000047683716,2.200000047683716,2.0,2.0,2.0,1660
2012-03-23,2.0999999046325684,2.0999999046325684,1.909999966621399,1.909999966621399,1.909999966621399,9010
2012-03-26,1.8300000429153442,1.8300000429153442,1.8200000524520874,1.8200000524520874,1.8200000524520874,4210
2012-03-27,1.909999966621399,1.909999966621399,1.7300000190734863,1.909999966621399,1.909999966621399,120
2012-03-28,1.8200000524520874,1.8200000524520874,1.8200000524520874,1.8200000524520874,1.8200000524520874,125
2012-03-29,1.7300000190734863,1.909999966621399,1.7300000190734863,1.7300000190734863,1.7300000190734863,223
2012-03-30,1.7400000095367432,1.7400000095367432,1.7400000095367432,1.7400000095367432,1.7400000095367432,603
2012-04-02,1.8200000524520874,1.8200000524520874,1.8200000524520874,1.8200000524520874,1.8200000524520874,10
2012-04-03,1.7999999523162842,1.909999966621399,1.7300000190734863,1.909999966621399,1.909999966621399,5065
2012-04-04,1.9500000476837158,2.0,1.9500000476837158,2.0,2.0,1989
2012-04-09,2.0999999046325684,2.0999999046325684,2.0999999046325684,2.0999999046325684,2.0999999046325684,1500
2012-04-10,2.0199999809265137,2.200000047683716,2.0199999809265137,2.200000047683716,2.200000047683716,205
2012-04-11,2.200000047683716,2.2799999713897705,2.130000114440918,2.130000114440918,2.130000114440918,810
2012-04-12,2.0999999046325684,2.200000047683716,2.0299999713897705,2.0299999713897705,2.0299999713897705,501
2012-04-13,2.119999885559082,2.119999885559082,2.119999885559082,2.119999885559082,2.119999885559082,1000
2012-04-16,2.0199999809265137,2.2200000286102295,2.0199999809265137,2.2200000286102295,2.2200000286102295,3100
2012-04-17,2.2200000286102295,2.2200000286102295,2.119999885559082,2.119999885559082,2.119999885559082,16
2012-04-18,2.2200000286102295,2.2200000286102295,2.2200000286102295,2.2200000286102295,2.2200000286102295,15
2012-04-19,2.109999895095825,2.109999895095825,2.109999895095825,2.109999895095825,2.109999895095825,1809
2012-04-20,2.2100000381469727,2.2100000381469727,2.009999990463257,2.2100000381469727,2.2100000381469727,6858
2012-04-23,2.319999933242798,2.319999933242798,2.130000114440918,2.319999933242798,2.319999933242798,5315
2012-04-24,2.430000066757202,2.430000066757202,2.430000066757202,2.430000066757202,2.430000066757202,915
2012-04-25,2.549999952316284,2.549999952316284,2.430000066757202,2.549999952316284,2.549999952316284,3199
2012-04-26,2.6700000762939453,2.6700000762939453,2.6500000953674316,2.6700000762939453,2.6700000762939453,1086
2012-04-27,2.759999990463257,2.799999952316284,2.549999952316284,2.799999952316284,2.799999952316284,11600
2012-04-30,3.0799999237060547,3.0799999237060547,2.819999933242798,3.0799999237060547,3.0799999237060547,8699
2012-05-02,3.2300000190734863,3.2300000190734863,3.2300000190734863,3.2300000190734863,3.2300000190734863,7750
2012-05-03,3.380000114440918,3.390000104904175,3.1700000762939453,3.390000104904175,3.390000104904175,12395
2012-05-04,3.5,3.549999952316284,3.240000009536743,3.549999952316284,3.549999952316284,22687
2012-05-07,3.390000104904175,3.7200000286102295,3.390000104904175,3.690000057220459,3.690000057220459,9061
2012-05-08,3.7200000286102295,3.869999885559082,3.609999895095825,3.609999895095825,3.609999895095825,26860
2012-05-09,3.430000066757202,3.759999990463257,3.430000066757202,3.430000066757202,3.430000066757202,6381
2012-05-10,3.299999952316284,3.5999999046325684,3.259999990463257,3.5999999046325684,3.5999999046325684,11182
2012-05-11,3.430000066757202,3.430000066757202,3.430000066757202,3.430000066757202,3.430000066757202,2000
2012-05-14,3.5,3.5999999046325684,3.5,3.5,3.5,10150
2012-05-15,3.6700000762939453,3.6700000762939453,3.3299999237060547,3.6700000762939453,3.6700000762939453,4700
2012-05-16,3.490000009536743,3.490000009536743,3.490000009536743,3.490000009536743,3.490000009536743,3100
2012-05-17,3.319999933242798,3.319999933242798,3.319999933242798,3.319999933242798,3.319999933242798,1200
2012-05-18,3.180000066757202,3.180000066757202,3.1700000762939453,3.1700000762939453,3.1700000762939453,1800
2012-05-21,3.1700000762939453,3.1700000762939453,3.1700000762939453,3.1700000762939453,3.1700000762939453,0
2012-05-22,3.1700000762939453,3.1700000762939453,3.1700000762939453,3.1700000762939453,3.1700000762939453,0
2012-05-23,3.0199999809265137,3.0199999809265137,3.0199999809265137,3.0199999809265137,3.0199999809265137,120
2012-05-24,3.0,3.0199999809265137,3.0,3.009999990463257,3.009999990463257,230
2012-05-25,2.859999895095825,2.859999895095825,2.859999895095825,2.859999895095825,2.859999895095825,500
2012-05-28,2.7200000286102295,2.7200000286102295,2.7200000286102295,2.7200000286102295,2.7200000286102295,1050
2012-05-29,2.7200000286102295,2.7200000286102295,2.7200000286102295,2.7200000286102295,2.7200000286102295,0
2012-05-30,2.5899999141693115,2.5899999141693115,2.5899999141693115,2.5899999141693115,2.5899999141693115,6
2012-05-31,2.5899999141693115,2.5899999141693115,2.5899999141693115,2.5899999141693115,2.5899999141693115,0
2012-06-01,2.5899999141693115,2.5899999141693115,2.5899999141693115,2.5899999141693115,2.5899999141693115,0
2012-06-04,2.4700000286102295,2.4700000286102295,2.4700000286102295,2.4700000286102295,2.4700000286102295,1005
2012-06-05,2.4800000190734863,2.4800000190734863,2.4700000286102295,2.4700000286102295,2.4700000286102295,500
2012-06-06,2.4700000286102295,2.4700000286102295,2.3499999046325684,2.3499999046325684,2.3499999046325684,2000
2012-06-07,2.25,2.4600000381469727,2.240000009536743,2.4600000381469727,2.4600000381469727,26200
2012-06-08,2.3399999141693115,2.3399999141693115,2.3399999141693115,2.3399999141693115,2.3399999141693115,1000
2012-06-11,2.2300000190734863,2.450000047683716,2.2300000190734863,2.450000047683716,2.450000047683716,3090
2012-06-12,2.559999942779541,2.559999942779541,2.3299999237060547,2.559999942779541,2.559999942779541,1353
2012-06-13,2.450000047683716,2.6700000762939453,2.450000047683716,2.5199999809265137,2.5199999809265137,1505
2012-06-14,2.5199999809265137,2.5199999809265137,2.5199999809265137,2.5199999809265137,2.5199999809265137,0
2012-06-15,2.4100000858306885,2.609999895095825,2.4000000953674316,2.609999895095825,2.609999895095825,2001
2012-06-18,2.609999895095825,2.609999895095825,2.609999895095825,2.609999895095825,2.609999895095825,0
2012-06-19,2.4800000190734863,2.7300000190734863,2.4800000190734863,2.7300000190734863,2.7300000190734863,206
2012-06-20,2.8399999141693115,2.8399999141693115,2.8399999141693115,2.8399999141693115,2.8399999141693115,10
2012-06-21,2.700000047683716,2.700000047683716,2.700000047683716,2.700000047683716,2.700000047683716,2000
2012-06-22,2.700000047683716,2.700000047683716,2.700000047683716,2.700000047683716,2.700000047683716,0
2012-06-25,2.569999933242798,2.8299999237060547,2.569999933242798,2.8299999237060547,2.8299999237060547,10
2012-06-26,2.8299999237060547,2.9700000286102295,2.690000057220459,2.690000057220459,2.690000057220459,3760
2012-06-27,2.819999933242798,2.819999933242798,2.819999933242798,2.819999933242798,2.819999933242798,12
2012-06-28,2.9200000762939453,2.9600000381469727,2.680000066757202,2.9200000762939453,2.9200000762939453,1188
2012-06-29,2.9200000762939453,2.9200000762939453,2.9200000762939453,2.9200000762939453,2.9200000762939453,0
2012-07-02,2.7799999713897705,2.9000000953674316,2.7799999713897705,2.7799999713897705,2.7799999713897705,5162
2012-07-03,2.6500000953674316,2.9100000858306885,2.6500000953674316,2.6500000953674316,2.6500000953674316,12201
2012-07-04,2.7799999713897705,2.7799999713897705,2.5199999809265137,2.6600000858306885,2.6600000858306885,3000
2012-07-05,2.7899999618530273,2.7899999618530273,2.549999952316284,2.549999952316284,2.549999952316284,1500
2012-07-06,2.549999952316284,2.6700000762939453,2.549999952316284,2.6700000762939453,2.6700000762939453,739
2012-07-09,2.5399999618530273,2.7899999618530273,2.5399999618530273,2.7899999618530273,2.7899999618530273,925
2012-07-10,2.9100000858306885,2.9100000858306885,2.6600000858306885,2.880000114440918,2.880000114440918,1302
2012-07-11,3.0,3.0199999809265137,2.75,2.75,2.75,5375
2012-07-12,2.630000114440918,2.8499999046325684,2.630000114440918,2.630000114440918,2.630000114440918,5001
2012-07-13,2.630000114440918,2.630000114440918,2.630000114440918,2.630000114440918,2.630000114440918,0
2012-07-16,2.509999990463257,2.759999990463257,2.509999990463257,2.759999990463257,2.759999990463257,6
2012-07-17,2.759999990463257,2.759999990463257,2.759999990463257,2.759999990463257,2.759999990463257,0
2012-07-18,2.890000104904175,2.890000104904175,2.630000114440918,2.869999885559082,2.869999885559082,2703
2012-07-19,2.869999885559082,2.869999885559082,2.869999885559082,2.869999885559082,2.869999885559082,0
2012-07-20,3.009999990463257,3.009999990463257,3.009999990463257,3.009999990463257,3.009999990463257,1
2012-07-23,2.859999895095825,3.1600000858306885,2.859999895095825,2.859999895095825,2.859999895095825,14862
2012-07-24,2.799999952316284,3.0,2.759999990463257,3.0,3.0,10727
2012-07-25,3.1500000953674316,3.1500000953674316,2.880000114440918,2.9000000953674316,2.9000000953674316,8707
2012-07-26,2.799999952316284,3.0399999618530273,2.799999952316284,2.809999942779541,2.809999942779541,2379
2012-07-27,2.950000047683716,2.950000047683716,2.690000057220459,2.950000047683716,2.950000047683716,3100
2012-07-30,3.0899999141693115,3.0899999141693115,2.8299999237060547,2.8299999237060547,2.8299999237060547,2255
2012-07-31,2.700000047683716,2.700000047683716,2.700000047683716,2.700000047683716,2.700000047683716,100
2012-08-01,2.75,2.819999933242798,2.75,2.819999933242798,2.819999933242798,1525
2012-08-02,2.8299999237060547,2.8299999237060547,2.8299999237060547,2.8299999237060547,2.8299999237060547,500
2012-08-03,2.9700000286102295,2.9700000286102295,2.859999895095825,2.9700000286102295,2.9700000286102295,950
2012-08-06,2.9000000953674316,2.9000000953674316,2.9000000953674316,2.9000000953674316,2.9000000953674316,605
2012-08-07,3.0399999618530273,3.0399999618530273,2.799999952316284,3.0399999618530273,3.0399999618530273,13930
2012-08-08,3.0,3.190000057220459,2.950000047683716,2.950000047683716,2.950000047683716,5525
2012-08-09,3.0,3.0899999141693115,2.8299999237060547,3.0899999141693115,3.0899999141693115,10100
2012-08-10,3.0999999046325684,3.240000009536743,3.0999999046325684,3.200000047683716,3.200000047683716,7495
2012-08-13,3.200000047683716,3.200000047683716,3.200000047683716,3.200000047683716,3.200000047683716,0
2012-08-14,3.1500000953674316,3.200000047683716,3.049999952316284,3.049999952316284,3.049999952316284,13260
2012-08-16,3.049999952316284,3.200000047683716,2.9000000953674316,3.190000057220459,3.190000057220459,11389
2012-08-17,3.25,3.3399999141693115,3.049999952316284,3.319999933242798,3.319999933242798,18408
2012-08-21,3.1600000858306885,3.4800000190734863,3.1600000858306885,3.1600000858306885,3.1600000858306885,1005
2012-08-22,3.0299999713897705,3.1600000858306885,3.0199999809265137,3.0299999713897705,3.0299999713897705,1900
2012-08-23,2.9200000762939453,2.9200000762939453,2.9200000762939453,2.9200000762939453,2.9200000762939453,200
2012-08-24,2.859999895095825,2.950000047683716,2.859999895095825,2.950000047683716,2.950000047683716,1500
2012-08-27,2.859999895095825,2.869999885559082,2.859999895095825,2.869999885559082,2.869999885559082,935
2012-08-28,2.75,3.009999990463257,2.75,2.75,2.75,785
2012-08-29,2.75,2.75,2.75,2.75,2.75,0
2012-08-30,2.630000114440918,2.630000114440918,2.619999885559082,2.619999885559082,2.619999885559082,750
2012-08-31,2.619999885559082,2.619999885559082,2.619999885559082,2.619999885559082,2.619999885559082,0
2012-09-03,2.490000009536743,2.490000009536743,2.490000009536743,2.490000009536743,2.490000009536743,5
2012-09-04,2.369999885559082,2.609999895095825,2.369999885559082,2.4000000953674316,2.4000000953674316,705
2012-09-05,2.4000000953674316,2.4000000953674316,2.4000000953674316,2.4000000953674316,2.4000000953674316,0
2012-09-06,2.319999933242798,2.319999933242798,2.319999933242798,2.319999933242798,2.319999933242798,100
2012-09-07,2.25,2.4200000762939453,2.2100000381469727,2.25,2.25,5075
2012-09-10,2.1700000762939453,2.1700000762939453,2.1700000762939453,2.1700000762939453,2.1700000762939453,5
2012-09-11,2.109999895095825,2.2699999809265137,2.109999895095825,2.2699999809265137,2.2699999809265137,1200
2012-09-12,2.2699999809265137,2.2699999809265137,2.2699999809265137,2.2699999809265137,2.2699999809265137,0
2012-09-13,2.380000114440918,2.380000114440918,2.380000114440918,2.380000114440918,2.380000114440918,15
2012-09-14,2.490000009536743,2.490000009536743,2.2699999809265137,2.490000009536743,2.490000009536743,862
2012-09-17,2.609999895095825,2.609999895095825,2.609999895095825,2.609999895095825,2.609999895095825,130
2012-09-18,2.4800000190734863,2.7300000190734863,2.4800000190734863,2.4800000190734863,2.4800000190734863,445
2012-09-20,2.4800000190734863,2.4800000190734863,2.4800000190734863,2.4800000190734863,2.4800000190734863,785
2012-09-21,2.5999999046325684,2.5999999046325684,2.359999895095825,2.4600000381469727,2.4600000381469727,4427
2012-09-24,2.569999933242798,2.5799999237060547,2.369999885559082,2.450000047683716,2.450000047683716,777
2012-09-25,2.450000047683716,2.569999933242798,2.4100000858306885,2.4100000858306885,2.4100000858306885,6798
2012-09-26,2.319999933242798,2.5299999713897705,2.299999952316284,2.5299999713897705,2.5299999713897705,781
2012-09-27,2.6500000953674316,2.6500000953674316,2.4100000858306885,2.4100000858306885,2.4100000858306885,600
2012-09-28,2.4100000858306885,2.4100000858306885,2.4100000858306885,2.4100000858306885,2.4100000858306885,0
2012-10-01,2.4100000858306885,2.4100000858306885,2.4100000858306885,2.4100000858306885,2.4100000858306885,600
2012-10-03,2.299999952316284,2.5,2.299999952316284,2.5,2.5,100
2012-10-04,2.619999885559082,2.619999885559082,2.619999885559082,2.619999885559082,2.619999885559082,113
2012-10-05,2.75,2.75,2.75,2.75,2.75,8517
2012-10-08,2.75,2.75,2.75,2.75,2.75,1000
2012-10-09,2.75,2.75,2.75,2.75,2.75,0
2012-10-10,2.880000114440918,2.880000114440918,2.75,2.880000114440918,2.880000114440918,1114
2012-10-11,3.009999990463257,3.0199999809265137,3.0,3.0,3.0,4861
2012-10-12,3.0,3.1500000953674316,3.0,3.009999990463257,3.009999990463257,2286
2012-10-15,2.9200000762939453,2.9200000762939453,2.9200000762939453,2.9200000762939453,2.9200000762939453,200
2012-10-16,2.9200000762939453,2.9200000762939453,2.9200000762939453,2.9200000762939453,2.9200000762939453,0
2012-10-17,3.0,3.0,3.0,3.0,3.0,200
2012-10-18,2.9200000762939453,2.930000066757202,2.9200000762939453,2.930000066757202,2.930000066757202,850
2012-10-19,2.930000066757202,2.930000066757202,2.930000066757202,2.930000066757202,2.930000066757202,0
2012-10-22,2.930000066757202,2.930000066757202,2.930000066757202,2.930000066757202,2.930000066757202,0
2012-10-23,2.799999952316284,3.0,2.799999952316284,3.0,3.0,2900
2012-10-25,2.9200000762939453,3.1500000953674316,2.9200000762939453,3.1500000953674316,3.1500000953674316,991
2012-10-29,3.0,3.0,2.859999895095825,2.859999895095825,2.859999895095825,601
2012-10-30,2.859999895095825,2.859999895095825,2.859999895095825,2.859999895095825,2.859999895095825,0
2012-10-31,2.859999895095825,2.859999895095825,2.859999895095825,2.859999895095825,2.859999895095825,0
2012-11-01,2.859999895095825,2.859999895095825,2.859999895095825,2.859999895095825,2.859999895095825,17
2012-11-02,3.0,3.0,3.0,3.0,3.0,2002
2012-11-05,3.0,3.0,3.0,3.0,3.0,0
2012-11-06,3.0,3.0,3.0,3.0,3.0,0
2012-11-07,3.1500000953674316,3.1500000953674316,3.1500000953674316,3.1500000953674316,3.1500000953674316,150
2012-11-08,3.299999952316284,3.299999952316284,3.299999952316284,3.299999952316284,3.299999952316284,5100
2012-11-09,3.450000047683716,3.4600000381469727,3.440000057220459,3.450000047683716,3.450000047683716,12922
2012-11-12,3.619999885559082,3.619999885559082,3.619999885559082,3.619999885559082,3.619999885559082,4856
2012-11-15,3.990000009536743,3.990000009536743,3.700000047683716,3.990000009536743,3.990000009536743,10746
2012-11-16,3.799999952316284,3.950000047683716,3.799999952316284,3.9000000953674316,3.9000000953674316,3900
2012-11-19,4.0,4.0,3.7200000286102295,3.7200000286102295,3.7200000286102295,7601
2012-11-20,3.7699999809265137,3.9000000953674316,3.7699999809265137,3.9000000953674316,3.9000000953674316,1602
2012-11-21,4.079999923706055,4.079999923706055,3.7100000381469727,3.990000009536743,3.990000009536743,512
2012-11-22,3.950000047683716,4.179999828338623,3.940000057220459,4.0,4.0,2990
2012-11-23,3.9000000953674316,4.199999809265137,3.9000000953674316,4.199999809265137,4.199999809265137,17806
2012-11-26,4.0,4.409999847412109,4.0,4.409999847412109,4.409999847412109,11900
2012-11-27,4.630000114440918,4.630000114440918,4.190000057220459,4.550000190734863,4.550000190734863,7426
2012-11-29,4.329999923706055,4.769999980926514,4.329999923706055,4.5,4.5,18500
2012-11-30,4.5,4.71999979019165,4.300000190734863,4.710000038146973,4.710000038146973,5002
2012-12-03,4.480000019073486,4.710000038146973,4.480000019073486,4.699999809265137,4.699999809265137,2525
2012-12-04,4.900000095367432,4.929999828338623,4.639999866485596,4.639999866485596,4.639999866485596,1203
2012-12-05,4.409999847412109,4.409999847412109,4.409999847412109,4.409999847412109,4.409999847412109,700
2012-12-06,4.5,4.5,4.190000057220459,4.389999866485596,4.389999866485596,1800
2012-12-07,4.400000095367432,4.510000228881836,4.179999828338623,4.179999828338623,4.179999828338623,4100
2012-12-10,3.9800000190734863,4.340000152587891,3.9800000190734863,4.170000076293945,4.170000076293945,3950
2012-12-11,4.369999885559082,4.369999885559082,4.050000190734863,4.369999885559082,4.369999885559082,15516
2012-12-12,4.550000190734863,4.579999923706055,4.210000038146973,4.579999923706055,4.579999923706055,11368
2012-12-13,4.769999980926514,4.800000190734863,4.409999847412109,4.800000190734863,4.800000190734863,2980
2012-12-14,5.03000020980835,5.03000020980835,4.650000095367432,4.989999771118164,4.989999771118164,1006
2012-12-17,5.099999904632568,5.099999904632568,5.0,5.050000190734863,5.050000190734863,804
2012-12-18,5.0,5.25,4.880000114440918,5.099999904632568,5.099999904632568,16077
2012-12-19,5.199999809265137,5.349999904632568,4.900000095367432,5.349999904632568,5.349999904632568,15554
2012-12-20,5.610000133514404,5.610000133514404,5.119999885559082,5.610000133514404,5.610000133514404,19380
2012-12-21,5.869999885559082,5.869999885559082,5.409999847412109,5.539999961853027,5.539999961853027,3977
2012-12-24,5.809999942779541,5.809999942779541,5.409999847412109,5.800000190734863,5.800000190734863,13206
2012-12-26,6.090000152587891,6.090000152587891,5.559999942779541,5.909999847412109,5.909999847412109,10294
2012-12-27,5.650000095367432,6.03000020980835,5.650000095367432,5.789999961853027,5.789999961853027,2804
2012-12-28,5.599999904632568,5.630000114440918,5.599999904632568,5.619999885559082,5.619999885559082,1700
2012-12-31,5.889999866485596,5.889999866485596,5.889999866485596,5.889999866485596,5.889999866485596,3
2013-01-01,6.179999828338623,6.179999828338623,5.96999979019165,5.96999979019165,5.96999979019165,1202
2013-01-02,6.260000228881836,6.260000228881836,5.679999828338623,5.679999828338623,5.679999828338623,4598
2013-01-03,5.75,5.900000095367432,5.739999771118164,5.900000095367432,5.900000095367432,3884
2013-01-04,5.900000095367432,5.900000095367432,5.900000095367432,5.900000095367432,5.900000095367432,0
2013-01-07,5.610000133514404,5.610000133514404,5.610000133514404,5.610000133514404,5.610000133514404,5000
2013-01-08,5.599999904632568,5.849999904632568,5.349999904632568,5.849999904632568,5.849999904632568,1499
2013-01-09,5.559999942779541,5.559999942779541,5.559999942779541,5.559999942779541,5.559999942779541,500
2013-01-10,5.820000171661377,5.829999923706055,5.369999885559082,5.800000190734863,5.800000190734863,4300
2013-01-11,5.519999980926514,5.519999980926514,5.519999980926514,5.519999980926514,5.519999980926514,50
2013-01-14,5.25,5.789999961853027,5.25,5.789999961853027,5.789999961853027,17155
2013-01-15,5.800000190734863,5.800000190734863,5.519999980926514,5.800000190734863,5.800000190734863,11500
2013-01-16,5.539999961853027,5.769999980926514,5.519999980926514,5.690000057220459,5.690000057220459,5150
2013-01-17,5.949999809265137,5.96999979019165,5.75,5.96999979019165,5.96999979019165,13064
2013-01-18,6.260000228881836,6.260000228881836,5.679999828338623,5.739999771118164,5.739999771118164,3699
2013-01-21,6.019999980926514,6.019999980926514,6.0,6.0,6.0,21651
2013-01-22,6.050000190734863,6.050000190734863,6.0,6.0,6.0,10850
2013-01-23,6.0,6.300000190734863,6.0,6.050000190734863,6.050000190734863,17943
2013-01-24,6.0,6.050000190734863,6.0,6.0,6.0,4000
2013-01-25,5.739999771118164,5.800000190734863,5.710000038146973,5.710000038146973,5.710000038146973,2315
2013-01-28,5.949999809265137,5.980000019073486,5.53000020980835,5.53000020980835,5.53000020980835,2540
2013-01-29,5.800000190734863,5.800000190734863,5.380000114440918,5.590000152587891,5.590000152587891,6250
2013-01-30,5.800000190734863,5.860000133514404,5.449999809265137,5.449999809265137,5.449999809265137,5501
2013-01-31,5.71999979019165,5.71999979019165,5.71999979019165,5.71999979019165,5.71999979019165,1000
2013-02-01,6.0,6.0,6.0,6.0,6.0,4090
2013-02-04,6.300000190734863,6.300000190734863,6.019999980926514,6.300000190734863,6.300000190734863,11150
2013-02-05,6.610000133514404,6.610000133514404,6.300000190734863,6.599999904632568,6.599999904632568,13065
2013-02-06,6.699999809265137,6.699999809265137,6.400000095367432,6.400000095367432,6.400000095367432,1200
2013-02-07,6.420000076293945,6.71999979019165,6.420000076293945,6.71999979019165,6.71999979019165,8000
2013-02-08,6.610000133514404,6.610000133514404,6.53000020980835,6.53000020980835,6.53000020980835,3283
2013-02-11,6.840000152587891,6.849999904632568,6.840000152587891,6.849999904632568,6.849999904632568,4500
2013-02-12,7.190000057220459,7.190000057220459,7.190000057220459,7.190000057220459,7.190000057220459,1050
2013-02-13,7.539999961853027,7.539999961853027,6.880000114440918,6.880000114440918,6.880000114440918,15445
2013-02-14,7.170000076293945,7.190000057220459,7.0,7.179999828338623,7.179999828338623,21061
2013-02-15,7.25,7.25,6.880000114440918,7.150000095367432,7.150000095367432,7350
2013-02-18,6.920000076293945,7.25,6.909999847412109,7.25,7.25,5700
2013-02-19,7.480000019073486,7.5,7.050000190734863,7.349999904632568,7.349999904632568,12600
2013-02-20,7.269999980926514,7.710000038146973,7.269999980926514,7.690000057220459,7.690000057220459,28941
2013-02-21,7.699999809265137,8.069999694824219,7.699999809265137,8.050000190734863,8.050000190734863,20851
2013-02-22,7.880000114440918,8.149999618530273,7.71999979019165,8.010000228881836,8.010000228881836,63600
2013-02-25,8.100000381469727,8.25,8.0,8.0,8.0,32850
2013-02-26,8.100000381469727,8.100000381469727,8.0,8.0,8.0,11000
2013-02-27,7.710000038146973,7.710000038146973,7.610000133514404,7.610000133514404,7.610000133514404,10100
2013-02-28,7.449999809265137,7.449999809265137,7.230000019073486,7.260000228881836,7.260000228881836,19900
2013-03-01,7.300000190734863,7.619999885559082,7.300000190734863,7.619999885559082,7.619999885559082,27335
2013-03-04,7.989999771118164,7.989999771118164,7.389999866485596,7.400000095367432,7.400000095367432,3600
2013-03-05,7.349999904632568,7.699999809265137,7.349999904632568,7.349999904632568,7.349999904632568,10080
2013-03-06,7.360000133514404,7.369999885559082,7.300000190734863,7.320000171661377,7.320000171661377,4751
2013-03-07,7.309999942779541,7.5,7.059999942779541,7.5,7.5,30650
2013-03-08,7.139999866485596,7.25,7.139999866485596,7.210000038146973,7.210000038146973,1600
2013-03-11,7.210000038146973,7.210000038146973,7.150000095367432,7.150000095367432,7.150000095367432,10100
2013-03-12,7.150000095367432,7.210000038146973,7.150000095367432,7.159999847412109,7.159999847412109,16490
2013-03-13,7.150000095367432,7.199999809265137,7.139999866485596,7.150000095367432,7.150000095367432,8900
2013-03-14,7.130000114440918,7.130000114440918,7.119999885559082,7.130000114440918,7.130000114440918,10000
2013-03-15,7.099999904632568,7.099999904632568,7.059999942779541,7.090000152587891,7.090000152587891,3007
2013-03-18,6.940000057220459,7.150000095367432,6.920000076293945,7.010000228881836,7.010000228881836,10598
2013-03-19,7.050000190734863,7.050000190734863,7.010000228881836,7.010000228881836,7.010000228881836,2500
2013-03-20,7.039999961853027,7.050000190734863,7.019999980926514,7.03000020980835,7.03000020980835,10394
2013-03-21,6.909999847412109,7.019999980926514,6.909999847412109,7.0,7.0,28486
2013-03-22,7.010000228881836,7.199999809265137,7.010000228881836,7.050000190734863,7.050000190734863,10200
2013-03-25,7.199999809265137,7.199999809265137,7.010000228881836,7.03000020980835,7.03000020980835,10055
2013-03-26,7.239999771118164,7.380000114440918,7.239999771118164,7.380000114440918,7.380000114440918,8949
2013-03-28,7.699999809265137,7.739999771118164,7.420000076293945,7.739999771118164,7.739999771118164,10071
2013-04-01,7.5,8.100000381469727,7.5,8.010000228881836,8.010000228881836,58537
2013-04-02,8.09000015258789,8.09000015258789,7.699999809265137,7.699999809265137,7.699999809265137,12710
2013-04-03,7.699999809265137,8.0,7.699999809265137,7.949999809265137,7.949999809265137,3276
2013-04-04,7.71999979019165,7.800000190734863,7.71999979019165,7.800000190734863,7.800000190734863,7550
2013-04-05,7.760000228881836,7.800000190734863,7.760000228881836,7.789999961853027,7.789999961853027,21327
2013-04-08,7.75,7.769999980926514,7.739999771118164,7.760000228881836,7.760000228881836,27843
2013-04-09,7.949999809265137,7.949999809265137,7.730000019073486,7.789999961853027,7.789999961853027,15904
2013-04-10,7.710000038146973,7.900000095367432,7.710000038146973,7.78000020980835,7.78000020980835,12725
2013-04-11,7.800000190734863,7.869999885559082,7.800000190734863,7.809999942779541,7.809999942779541,11090
2013-04-12,7.800000190734863,7.829999923706055,7.75,7.789999961853027,7.789999961853027,37280
2013-04-15,7.730000019073486,7.800000190734863,7.730000019073486,7.789999961853027,7.789999961853027,7400
2013-04-16,7.800000190734863,7.809999942779541,7.78000020980835,7.809999942779541,7.809999942779541,19325
2013-04-17,7.789999961853027,7.840000152587891,7.769999980926514,7.829999923706055,7.829999923706055,49946
2013-04-18,7.800000190734863,7.800000190734863,7.769999980926514,7.78000020980835,7.78000020980835,55790
2013-04-22,7.800000190734863,7.800000190734863,7.769999980926514,7.800000190734863,7.800000190734863,14332
2013-04-23,7.800000190734863,7.849999904632568,7.800000190734863,7.849999904632568,7.849999904632568,33484
2013-04-25,7.849999904632568,7.860000133514404,7.800000190734863,7.860000133514404,7.860000133514404,16100
2013-04-26,7.820000171661377,7.820000171661377,7.820000171661377,7.820000171661377,7.820000171661377,750
2013-04-29,7.849999904632568,7.849999904632568,7.849999904632568,7.849999904632568,7.849999904632568,50
2013-04-30,7.460000038146973,7.460000038146973,7.460000038146973,7.460000038146973,7.460000038146973,50
2013-05-02,7.090000152587891,7.090000152587891,7.090000152587891,7.090000152587891,7.090000152587891,12600
2013-05-03,7.090000152587891,7.090000152587891,7.090000152587891,7.090000152587891,7.090000152587891,0
2013-05-06,6.949999809265137,7.0,6.739999771118164,6.739999771118164,6.739999771118164,1350
2013-05-07,6.420000076293945,6.420000076293945,6.409999847412109,6.409999847412109,6.409999847412109,5200
2013-05-08,6.119999885559082,6.730000019073486,6.099999904632568,6.730000019073486,6.730000019073486,2700
2013-05-09,7.059999942779541,7.059999942779541,7.059999942779541,7.059999942779541,7.059999942779541,100
2013-05-10,7.409999847412109,7.409999847412109,7.409999847412109,7.409999847412109,7.409999847412109,800
2013-05-13,7.409999847412109,7.409999847412109,7.409999847412109,7.409999847412109,7.409999847412109,0
2013-05-14,7.78000020980835,8.0,7.670000076293945,7.670000076293945,7.670000076293945,1400
2013-05-15,7.349999904632568,8.050000190734863,7.349999904632568,8.050000190734863,8.050000190734863,5100
2013-05-16,8.449999809265137,8.449999809265137,7.760000228881836,8.100000381469727,8.100000381469727,4642
2013-05-17,7.820000171661377,7.820000171661377,7.800000190734863,7.820000171661377,7.820000171661377,750
2013-05-20,8.0,8.0,7.650000095367432,7.650000095367432,7.650000095367432,1950
2013-05-21,8.029999732971191,8.029999732971191,8.029999732971191,8.029999732971191,8.029999732971191,1050
2013-05-22,7.75,8.100000381469727,7.699999809265137,8.100000381469727,8.100000381469727,2600
2013-05-23,8.0,8.0,7.900000095367432,7.909999847412109,7.909999847412109,1000
2013-05-24,7.730000019073486,7.730000019073486,7.71999979019165,7.71999979019165,7.71999979019165,1000
2013-05-27,8.0,8.0,7.599999904632568,7.599999904632568,7.599999904632568,3200
2013-05-28,7.599999904632568,7.599999904632568,7.599999904632568,7.599999904632568,7.599999904632568,0
2013-05-29,7.599999904632568,7.599999904632568,7.599999904632568,7.599999904632568,7.599999904632568,0
2013-05-30,7.599999904632568,7.599999904632568,7.599999904632568,7.599999904632568,7.599999904632568,0
2013-05-31,7.909999847412109,7.909999847412109,7.909999847412109,7.909999847412109,7.909999847412109,1
2013-06-03,7.889999866485596,7.900000095367432,7.889999866485596,7.900000095367432,7.900000095367432,720
2013-06-04,7.900000095367432,7.900000095367432,7.900000095367432,7.900000095367432,7.900000095367432,0
2013-06-05,7.75,7.75,7.75,7.75,7.75,499
2013-06-06,7.75,7.75,7.75,7.75,7.75,0
2013-06-07,7.989999771118164,7.989999771118164,7.369999885559082,7.369999885559082,7.369999885559082,3300
2013-06-10,7.369999885559082,7.369999885559082,7.369999885559082,7.369999885559082,7.369999885559082,0
2013-06-11,7.010000228881836,7.010000228881836,7.010000228881836,7.010000228881836,7.010000228881836,2100
2013-06-12,6.659999847412109,7.0,6.659999847412109,7.0,7.0,150
2013-06-13,6.659999847412109,7.0,6.659999847412109,7.0,7.0,101
2013-06-14,6.659999847412109,6.659999847412109,6.659999847412109,6.659999847412109,6.659999847412109,15
2013-06-17,6.659999847412109,6.659999847412109,6.329999923706055,6.329999923706055,6.329999923706055,100
2013-06-18,6.199999809265137,6.300000190734863,6.019999980926514,6.019999980926514,6.019999980926514,2100
2013-06-19,5.71999979019165,5.71999979019165,5.71999979019165,5.71999979019165,5.71999979019165,1030
2013-06-20,5.599999904632568,5.989999771118164,5.449999809265137,5.449999809265137,5.449999809265137,3552
2013-06-21,5.179999828338623,5.71999979019165,5.179999828338623,5.489999771118164,5.489999771118164,2005
2013-06-24,5.309999942779541,5.309999942779541,5.21999979019165,5.230000019073486,5.230000019073486,455
2013-06-25,4.96999979019165,4.96999979019165,4.96999979019165,4.96999979019165,4.96999979019165,395
2013-06-26,4.96999979019165,4.96999979019165,4.96999979019165,4.96999979019165,4.96999979019165,0
2013-06-27,4.730000019073486,4.730000019073486,4.730000019073486,4.730000019073486,4.730000019073486,1050
2013-06-28,4.730000019073486,4.730000019073486,4.730000019073486,4.730000019073486,4.730000019073486,0
2013-07-01,4.730000019073486,4.730000019073486,4.730000019073486,4.730000019073486,4.730000019073486,0
2013-07-02,4.949999809265137,4.949999809265137,4.949999809265137,4.949999809265137,4.949999809265137,100
2013-07-03,4.710000038146973,4.710000038146973,4.710000038146973,4.710000038146973,4.710000038146973,100
2013-07-04,4.480000019073486,4.909999847412109,4.480000019073486,4.909999847412109,4.909999847412109,1900
2013-07-05,4.800000190734863,4.800000190734863,4.800000190734863,4.800000190734863,4.800000190734863,2000
2013-07-08,4.800000190734863,4.800000190734863,4.800000190734863,4.800000190734863,4.800000190734863,0
2013-07-09,4.570000171661377,4.570000171661377,4.570000171661377,4.570000171661377,4.570000171661377,450
2013-07-10,4.570000171661377,4.570000171661377,4.570000171661377,4.570000171661377,4.570000171661377,0
2013-07-11,4.789999961853027,4.789999961853027,4.789999961853027,4.789999961853027,4.789999961853027,1
2013-07-12,4.789999961853027,4.789999961853027,4.789999961853027,4.789999961853027,4.789999961853027,0
2013-07-15,4.800000190734863,4.800000190734863,4.800000190734863,4.800000190734863,4.800000190734863,10
2013-07-16,5.039999961853027,5.039999961853027,5.039999961853027,5.039999961853027,5.039999961853027,2111
2013-07-17,4.820000171661377,4.820000171661377,4.820000171661377,4.820000171661377,4.820000171661377,1000
2013-07-18,4.820000171661377,4.820000171661377,4.820000171661377,4.820000171661377,4.820000171661377,0
2013-07-19,4.820000171661377,4.820000171661377,4.820000171661377,4.820000171661377,4.820000171661377,0
2013-07-22,4.820000171661377,4.820000171661377,4.820000171661377,4.820000171661377,4.820000171661377,0
2013-07-23,4.820000171661377,4.820000171661377,4.820000171661377,4.820000171661377,4.820000171661377,0
2013-07-24,4.820000171661377,4.820000171661377,4.820000171661377,4.820000171661377,4.820000171661377,0
2013-07-25,4.820000171661377,4.820000171661377,4.820000171661377,4.820000171661377,4.820000171661377,0
2013-07-26,5.059999942779541,5.059999942779541,5.059999942779541,5.059999942779541,5.059999942779541,1500
2013-07-29,4.809999942779541,4.809999942779541,4.809999942779541,4.809999942779541,4.809999942779541,50
2013-07-30,4.809999942779541,4.809999942779541,4.809999942779541,4.809999942779541,4.809999942779541,0
2013-07-31,4.809999942779541,4.809999942779541,4.809999942779541,4.809999942779541,4.809999942779541,0
2013-08-01,4.809999942779541,4.809999942779541,4.809999942779541,4.809999942779541,4.809999942779541,0
2013-08-02,4.570000171661377,4.570000171661377,4.570000171661377,4.570000171661377,4.570000171661377,1000
2013-08-05,4.789999961853027,4.789999961853027,4.789999961853027,4.789999961853027,4.789999961853027,500
2013-08-06,4.789999961853027,4.789999961853027,4.789999961853027,4.789999961853027,4.789999961853027,0
2013-08-07,4.559999942779541,4.559999942779541,4.559999942779541,4.559999942779541,4.559999942779541,2200
2013-08-08,4.78000020980835,4.78000020980835,4.340000152587891,4.340000152587891,4.340000152587891,300
2013-08-12,4.340000152587891,4.340000152587891,4.340000152587891,4.340000152587891,4.340000152587891,0
2013-08-13,4.340000152587891,4.340000152587891,4.340000152587891,4.340000152587891,4.340000152587891,0
2013-08-14,4.340000152587891,4.340000152587891,4.340000152587891,4.340000152587891,4.340000152587891,0
2013-08-16,4.130000114440918,4.130000114440918,4.130000114440918,4.130000114440918,4.130000114440918,61
2013-08-19,3.930000066757202,3.930000066757202,3.930000066757202,3.930000066757202,3.930000066757202,80
2013-08-20,3.930000066757202,3.930000066757202,3.930000066757202,3.930000066757202,3.930000066757202,0
2013-08-21,3.740000009536743,3.740000009536743,3.740000009536743,3.740000009536743,3.740000009536743,200
2013-08-22,3.740000009536743,3.740000009536743,3.740000009536743,3.740000009536743,3.740000009536743,0
2013-08-23,3.740000009536743,3.740000009536743,3.740000009536743,3.740000009536743,3.740000009536743,0
2013-08-26,3.740000009536743,3.740000009536743,3.740000009536743,3.740000009536743,3.740000009536743,0
2013-08-27,3.569999933242798,3.569999933242798,3.569999933242798,3.569999933242798,3.569999933242798,1800
2013-08-28,3.569999933242798,3.569999933242798,3.569999933242798,3.569999933242798,3.569999933242798,0
2013-08-29,3.569999933242798,3.569999933242798,3.569999933242798,3.569999933242798,3.569999933242798,0
2013-08-30,3.740000009536743,3.740000009536743,3.740000009536743,3.740000009536743,3.740000009536743,2500
2013-09-02,3.740000009536743,3.740000009536743,3.740000009536743,3.740000009536743,3.740000009536743,0
2013-09-03,3.740000009536743,3.740000009536743,3.740000009536743,3.740000009536743,3.740000009536743,0
2013-09-04,3.740000009536743,3.740000009536743,3.740000009536743,3.740000009536743,3.740000009536743,0
2013-09-05,3.740000009536743,3.740000009536743,3.740000009536743,3.740000009536743,3.740000009536743,0
2013-09-06,3.740000009536743,3.740000009536743,3.740000009536743,3.740000009536743,3.740000009536743,0
2013-09-10,3.569999933242798,3.569999933242798,3.569999933242798,3.569999933242798,3.569999933242798,1000
2013-09-11,3.569999933242798,3.569999933242798,3.569999933242798,3.569999933242798,3.569999933242798,0
2013-09-12,3.569999933242798,3.569999933242798,3.569999933242798,3.569999933242798,3.569999933242798,0
2013-09-13,3.740000009536743,3.740000009536743,3.740000009536743,3.740000009536743,3.740000009536743,300
2013-09-16,3.9200000762939453,3.9200000762939453,3.9000000953674316,3.9000000953674316,3.9000000953674316,2001
2013-09-17,4.090000152587891,4.090000152587891,4.090000152587891,4.090000152587891,4.090000152587891,2
2013-09-18,3.890000104904175,4.289999961853027,3.890000104904175,4.289999961853027,4.289999961853027,548
2013-09-19,4.289999961853027,4.289999961853027,4.289999961853027,4.289999961853027,4.289999961853027,123
2013-09-20,4.289999961853027,4.289999961853027,4.289999961853027,4.289999961853027,4.289999961853027,0
2013-09-23,4.5,4.5,4.5,4.5,4.5,1000
2013-09-24,4.5,4.5,4.5,4.5,4.5,0
2013-09-25,4.71999979019165,4.71999979019165,4.71999979019165,4.71999979019165,4.71999979019165,100
2013-09-26,4.949999809265137,4.949999809265137,4.949999809265137,4.949999809265137,4.949999809265137,500
2013-09-27,4.949999809265137,4.949999809265137,4.949999809265137,4.949999809265137,4.949999809265137,0
2013-09-30,4.949999809265137,4.949999809265137,4.949999809265137,4.949999809265137,4.949999809265137,0
2013-10-01,5.190000057220459,5.190000057220459,5.190000057220459,5.190000057220459,5.190000057220459,200
2013-10-03,5.440000057220459,5.440000057220459,5.440000057220459,5.440000057220459,5.440000057220459,1000
2013-10-04,5.710000038146973,5.710000038146973,5.710000038146973,5.710000038146973,5.710000038146973,10
2013-10-07,5.429999828338623,5.429999828338623,5.429999828338623,5.429999828338623,5.429999828338623,250
2013-10-08,5.429999828338623,5.429999828338623,5.429999828338623,5.429999828338623,5.429999828338623,0
2013-10-09,5.699999809265137,5.699999809265137,5.699999809265137,5.699999809265137,5.699999809265137,3555
2013-10-10,5.699999809265137,5.699999809265137,5.699999809265137,5.699999809265137,5.699999809265137,0
2013-10-11,5.699999809265137,5.699999809265137,5.699999809265137,5.699999809265137,5.699999809265137,0
2013-10-14,5.699999809265137,5.699999809265137,5.699999809265137,5.699999809265137,5.699999809265137,0
2013-10-15,5.699999809265137,5.699999809265137,5.699999809265137,5.699999809265137,5.699999809265137,0
2013-10-17,5.699999809265137,5.699999809265137,5.699999809265137,5.699999809265137,5.699999809265137,0
2013-10-18,5.420000076293945,5.420000076293945,5.420000076293945,5.420000076293945,5.420000076293945,1000
2013-10-21,5.170000076293945,5.199999809265137,5.150000095367432,5.150000095367432,5.150000095367432,600
2013-10-22,4.900000095367432,4.900000095367432,4.900000095367432,4.900000095367432,4.900000095367432,300
2013-10-23,4.699999809265137,4.699999809265137,4.699999809265137,4.699999809265137,4.699999809265137,50
2013-10-24,4.929999828338623,4.929999828338623,4.929999828338623,4.929999828338623,4.929999828338623,3400
2013-10-25,5.170000076293945,5.170000076293945,5.170000076293945,5.170000076293945,5.170000076293945,400
2013-10-28,5.170000076293945,5.170000076293945,5.170000076293945,5.170000076293945,5.170000076293945,0
2013-10-29,5.170000076293945,5.170000076293945,5.170000076293945,5.170000076293945,5.170000076293945,0
2013-10-30,5.010000228881836,5.099999904632568,5.010000228881836,5.099999904632568,5.099999904632568,549
2013-10-31,5.349999904632568,5.349999904632568,5.349999904632568,5.349999904632568,5.349999904632568,1000
2013-11-01,5.349999904632568,5.349999904632568,5.349999904632568,5.349999904632568,5.349999904632568,0
2013-11-05,5.300000190734863,5.309999942779541,5.300000190734863,5.309999942779541,5.309999942779541,3000
2013-11-06,5.309999942779541,5.309999942779541,5.309999942779541,5.309999942779541,5.309999942779541,0
2013-11-07,5.570000171661377,5.570000171661377,5.570000171661377,5.570000171661377,5.570000171661377,500
2013-11-08,5.400000095367432,5.550000190734863,5.400000095367432,5.550000190734863,5.550000190734863,1000
2013-11-11,5.820000171661377,5.820000171661377,5.820000171661377,5.820000171661377,5.820000171661377,1100
2013-11-12,6.110000133514404,6.110000133514404,5.590000152587891,5.590000152587891,5.590000152587891,2515
2013-11-13,5.590000152587891,5.590000152587891,5.590000152587891,5.590000152587891,5.590000152587891,0
2013-11-14,5.400000095367432,5.849999904632568,5.380000114440918,5.849999904632568,5.849999904632568,115
2013-11-18,5.860000133514404,5.860000133514404,5.860000133514404,5.860000133514404,5.860000133514404,2
2013-11-19,5.860000133514404,5.860000133514404,5.860000133514404,5.860000133514404,5.860000133514404,0
2013-11-20,6.0,6.119999885559082,5.579999923706055,6.119999885559082,6.119999885559082,3905
2013-11-21,6.380000114440918,6.380000114440918,6.380000114440918,6.380000114440918,6.380000114440918,5
2013-11-22,6.659999847412109,6.659999847412109,6.659999847412109,6.659999847412109,6.659999847412109,200
2013-11-25,6.329999923706055,6.329999923706055,6.329999923706055,6.329999923706055,6.329999923706055,2083
2013-11-26,6.099999904632568,6.639999866485596,6.099999904632568,6.639999866485596,6.639999866485596,1275
2013-11-27,6.96999979019165,6.96999979019165,6.96999979019165,6.96999979019165,6.96999979019165,2200
2013-11-28,7.309999942779541,7.309999942779541,7.25,7.260000228881836,7.260000228881836,800
2013-11-29,7.619999885559082,7.619999885559082,7.619999885559082,7.619999885559082,7.619999885559082,365
2013-12-02,8.0,8.0,8.0,8.0,8.0,340
2013-12-03,8.350000381469727,8.399999618530273,8.350000381469727,8.399999618530273,8.399999618530273,4407
2013-12-04,8.819999694824219,8.819999694824219,8.0,8.819999694824219,8.819999694824219,4210
2013-12-05,9.260000228881836,9.260000228881836,9.199999809265137,9.199999809265137,9.199999809265137,6400
2013-12-06,9.399999618530273,9.649999618530273,9.399999618530273,9.649999618530273,9.649999618530273,12612
2013-12-09,10.130000114440918,10.130000114440918,10.079999923706055,10.130000114440918,10.130000114440918,11710
2013-12-10,10.5,10.630000114440918,10.199999809265137,10.630000114440918,10.630000114440918,15821
2013-12-11,11.15999984741211,11.15999984741211,11.140000343322754,11.15999984741211,11.15999984741211,17201
2013-12-12,10.75,11.710000038146973,10.75,11.699999809265137,11.699999809265137,17695
2013-12-13,12.279999732971191,12.279999732971191,11.75,12.279999732971191,12.279999732971191,17430
2013-12-16,12.789999961853027,12.789999961853027,11.800000190734863,12.5,12.5,7599
2013-12-17,12.199999809265137,12.279999732971191,11.899999618530273,11.899999618530273,11.899999618530273,4800
2013-12-18,12.449999809265137,12.449999809265137,12.0,12.0,12.0,10285
2013-12-19,12.0,12.050000190734863,12.0,12.0,12.0,4600
2013-12-20,11.949999809265137,11.949999809265137,11.449999809265137,11.449999809265137,11.449999809265137,3120
2013-12-23,11.100000381469727,11.5,10.880000114440918,11.5,11.5,5790
2013-12-24,11.649999618530273,11.989999771118164,11.5,11.989999771118164,11.989999771118164,5850
2013-12-26,12.449999809265137,12.449999809265137,11.399999618530273,11.399999618530273,11.399999618530273,2152
2013-12-27,11.399999618530273,11.399999618530273,10.869999885559082,10.869999885559082,10.869999885559082,2450
2013-12-30,10.510000228881836,11.149999618530273,10.420000076293945,10.420000076293945,10.420000076293945,1300
2013-12-31,10.9399995803833,10.9399995803833,10.109999656677246,10.119999885559082,10.119999885559082,4670
2014-01-01,9.619999885559082,10.020000457763672,9.619999885559082,9.65999984741211,9.65999984741211,730
2014-01-02,10.0,10.140000343322754,10.0,10.140000343322754,10.140000343322754,1740
2014-01-03,10.140000343322754,10.140000343322754,10.140000343322754,10.140000343322754,10.140000343322754,0
2014-01-06,10.0,10.5,10.0,10.399999618530273,10.399999618530273,17300
2014-01-07,10.880000114440918,10.899999618530273,10.75,10.899999618530273,10.899999618530273,13900
2014-01-08,11.4399995803833,11.4399995803833,11.399999618530273,11.4399995803833,11.4399995803833,8219
2014-01-09,11.989999771118164,11.989999771118164,11.699999809265137,11.699999809265137,11.699999809265137,12100
2014-01-10,11.899999618530273,12.279999732971191,11.899999618530273,12.279999732971191,12.279999732971191,9799
2014-01-13,12.880000114440918,12.880000114440918,11.710000038146973,12.1899995803833,12.1899995803833,828
2014-01-14,11.880000114440918,12.0,11.59000015258789,11.59000015258789,11.59000015258789,3330
2014-01-15,12.0,12.0,11.050000190734863,11.100000381469727,11.100000381469727,5986
2014-01-16,10.630000114440918,11.529999732971191,10.579999923706055,10.579999923706055,10.579999923706055,8300
2014-01-17,10.1899995803833,10.5,10.0600004196167,10.0600004196167,10.0600004196167,6955
2014-01-20,10.100000381469727,10.550000190734863,9.800000190734863,10.449999809265137,10.449999809265137,13004
2014-01-21,10.9399995803833,10.9399995803833,10.109999656677246,10.119999885559082,10.119999885559082,1970
2014-01-22,10.149999618530273,10.619999885559082,10.149999618530273,10.619999885559082,10.619999885559082,1649
2014-01-23,10.130000114440918,11.149999618530273,10.130000114440918,10.979999542236328,10.979999542236328,16750
2014-01-24,11.25,11.25,10.5,10.520000457763672,10.520000457763672,1502
2014-01-27,10.069999694824219,11.039999961853027,10.069999694824219,11.039999961853027,11.039999961853027,8373
2014-01-28,11.539999961853027,11.59000015258789,11.0,11.569999694824219,11.569999694824219,5700
2014-01-29,11.029999732971191,11.899999618530273,11.029999732971191,11.859999656677246,11.859999656677246,3700
2014-01-30,11.279999732971191,11.84000015258789,11.270000457763672,11.84000015258789,11.84000015258789,8750
2014-01-31,11.329999923706055,11.960000038146973,11.25,11.34000015258789,11.34000015258789,3400
2014-02-03,11.739999771118164,11.899999618530273,10.779999732971191,10.789999961853027,10.789999961853027,33879
2014-02-04,10.399999618530273,10.399999618530273,10.260000228881836,10.260000228881836,10.260000228881836,5480
2014-02-05,10.739999771118164,10.75,10.020000457763672,10.020000457763672,10.020000457763672,770
2014-02-06,9.800000190734863,10.25,9.800000190734863,10.25,10.25,1053
2014-02-07,9.819999694824219,10.699999809265137,9.819999694824219,10.699999809265137,10.699999809265137,901
2014-02-10,10.210000038146973,10.300000190734863,10.170000076293945,10.170000076293945,10.170000076293945,1490
2014-02-11,9.680000305175781,10.300000190734863,9.680000305175781,10.0,10.0,850
2014-02-12,9.529999732971191,9.529999732971191,9.510000228881836,9.510000228881836,9.510000228881836,200
2014-02-13,9.050000190734863,9.479999542236328,9.050000190734863,9.119999885559082,9.119999885559082,872
2014-02-14,8.850000381469727,9.5,8.850000381469727,9.5,9.5,122
2014-02-17,9.100000381469727,9.479999542236328,9.100000381469727,9.109999656677246,9.109999656677246,1800
2014-02-18,9.119999885559082,9.5,9.119999885559082,9.5,9.5,3200
2014-02-19,9.130000114440918,9.5,9.109999656677246,9.5,9.5,350
2014-02-20,9.109999656677246,9.109999656677246,9.0600004196167,9.0600004196167,9.0600004196167,1446
2014-02-21,8.710000038146973,8.710000038146973,8.619999885559082,8.649999618530273,8.649999618530273,250
2014-02-24,8.229999542236328,9.069999694824219,8.220000267028809,8.220000267028809,8.220000267028809,3012
2014-02-25,8.220000267028809,8.220000267028809,8.220000267028809,8.220000267028809,8.220000267028809,0
2014-02-26,8.220000267028809,8.220000267028809,8.220000267028809,8.220000267028809,8.220000267028809,0
2014-02-28,8.0,8.0,7.920000076293945,7.920000076293945,7.920000076293945,510
2014-03-03,7.699999809265137,7.699999809265137,7.53000020980835,7.550000190734863,7.550000190734863,1300
2014-03-04,7.550000190734863,7.550000190734863,7.550000190734863,7.550000190734863,7.550000190734863,0
2014-03-05,7.920000076293945,7.920000076293945,7.920000076293945,7.920000076293945,7.920000076293945,353
2014-03-06,8.3100004196167,8.3100004196167,8.3100004196167,8.3100004196167,8.3100004196167,151
2014-03-07,8.699999809265137,8.699999809265137,8.699999809265137,8.699999809265137,8.699999809265137,20
2014-03-10,9.100000381469727,9.100000381469727,8.270000457763672,8.270000457763672,8.270000457763672,162
2014-03-11,8.600000381469727,8.680000305175781,8.600000381469727,8.680000305175781,8.680000305175781,1400
2014-03-12,8.300000190734863,9.109999656677246,8.25,8.779999732971191,8.779999732971191,6150
2014-03-13,8.989999771118164,9.0,8.899999618530273,8.899999618530273,8.899999618530273,5500
2014-03-14,8.649999618530273,8.649999618530273,8.649999618530273,8.649999618530273,8.649999618530273,100
2014-03-18,8.5,8.5,8.220000267028809,8.220000267028809,8.220000267028809,304
2014-03-19,7.909999847412109,7.909999847412109,7.909999847412109,7.909999847412109,7.909999847412109,350
2014-03-20,7.769999980926514,7.769999980926514,7.769999980926514,7.769999980926514,7.769999980926514,20
2014-03-21,7.800000190734863,7.800000190734863,7.389999866485596,7.389999866485596,7.389999866485596,500
2014-03-24,7.389999866485596,7.389999866485596,7.389999866485596,7.389999866485596,7.389999866485596,0
2014-03-25,7.03000020980835,7.050000190734863,7.03000020980835,7.050000190734863,7.050000190734863,3100
2014-03-26,6.809999942779541,7.400000095367432,6.809999942779541,7.400000095367432,7.400000095367432,10004
2014-03-27,7.059999942779541,7.769999980926514,7.059999942779541,7.769999980926514,7.769999980926514,806
2014-03-28,7.400000095367432,8.149999618530273,7.389999866485596,8.149999618530273,8.149999618530273,7262
2014-03-31,8.140000343322754,8.5,8.140000343322754,8.5,8.5,1250
2014-04-01,8.149999618530273,8.869999885559082,8.079999923706055,8.079999923706055,8.079999923706055,2801
2014-04-02,7.829999923706055,8.479999542236328,7.829999923706055,8.479999542236328,8.479999542236328,3
2014-04-03,8.890000343322754,8.899999618530273,8.100000381469727,8.890000343322754,8.890000343322754,551
2014-04-04,8.5,9.260000228881836,8.5,9.260000228881836,9.260000228881836,401
2014-04-07,9.600000381469727,9.600000381469727,9.600000381469727,9.600000381469727,9.600000381469727,1
2014-04-09,9.600000381469727,9.600000381469727,9.600000381469727,9.600000381469727,9.600000381469727,0
2014-04-10,9.600000381469727,9.600000381469727,9.600000381469727,9.600000381469727,9.600000381469727,0
2014-04-11,9.479999542236328,9.5,9.0,9.380000114440918,9.380000114440918,5150
2014-04-15,9.380000114440918,9.380000114440918,9.380000114440918,9.380000114440918,9.380000114440918,0
2014-04-16,9.829999923706055,9.84000015258789,9.069999694824219,9.069999694824219,9.069999694824219,1650
2014-04-17,8.819999694824219,8.819999694824219,8.819999694824219,8.819999694824219,8.819999694824219,158
2014-04-21,8.819999694824219,8.819999694824219,8.819999694824219,8.819999694824219,8.819999694824219,0
2014-04-22,8.550000190734863,8.550000190734863,8.420000076293945,8.420000076293945,8.420000076293945,1500
2014-04-23,8.119999885559082,8.5,8.119999885559082,8.119999885559082,8.119999885559082,2100
2014-04-24,8.119999885559082,8.119999885559082,8.119999885559082,8.119999885559082,8.119999885559082,0
2014-04-25,8.119999885559082,8.510000228881836,8.119999885559082,8.510000228881836,8.510000228881836,5833
2014-04-28,8.220000267028809,8.220000267028809,8.220000267028809,8.220000267028809,8.220000267028809,1000
2014-04-29,8.100000381469727,8.630000114440918,8.100000381469727,8.140000343322754,8.140000343322754,2731
2014-04-30,8.520000457763672,8.520000457763672,8.520000457763672,8.520000457763672,8.520000457763672,250
2014-05-02,8.520000457763672,8.520000457763672,8.520000457763672,8.520000457763672,8.520000457763672,549
2014-05-05,8.229999542236328,8.229999542236328,8.229999542236328,8.229999542236328,8.229999542236328,1000
2014-05-06,8.25,8.25,7.869999885559082,8.0,8.0,2108
2014-05-07,8.0,8.0,8.0,8.0,8.0,0
2014-05-08,8.0,8.0,8.0,8.0,8.0,0
2014-05-09,8.800000190734863,8.800000190734863,7.429999828338623,7.429999828338623,7.429999828338623,1200
2014-05-12,7.070000171661377,8.170000076293945,7.070000171661377,8.170000076293945,8.170000076293945,6892
2014-05-13,8.170000076293945,8.170000076293945,8.170000076293945,8.170000076293945,8.170000076293945,0
2014-05-14,7.900000095367432,7.909999847412109,7.900000095367432,7.909999847412109,7.909999847412109,2400
2014-05-15,7.239999771118164,8.5,7.230000019073486,8.3100004196167,8.3100004196167,3113
2014-05-16,9.130000114440918,9.130000114440918,7.940000057220459,8.510000228881836,8.510000228881836,14150
2014-05-19,9.359999656677246,9.359999656677246,8.449999809265137,8.600000381469727,8.600000381469727,952
2014-05-20,9.449999809265137,9.449999809265137,8.210000038146973,8.680000305175781,8.680000305175781,1221
2014-05-21,8.550000190734863,9.539999961853027,8.550000190734863,9.539999961853027,9.539999961853027,5050
2014-05-22,10.350000381469727,10.350000381469727,8.970000267028809,8.970000267028809,8.970000267028809,851
2014-05-23,8.369999885559082,9.25,8.359999656677246,9.170000076293945,9.170000076293945,2100
2014-05-26,9.210000038146973,10.079999923706055,9.119999885559082,10.079999923706055,10.079999923706055,5800
2014-05-27,9.449999809265137,9.5,9.420000076293945,9.479999542236328,9.479999542236328,2600
2014-05-28,9.149999618530273,9.149999618530273,8.75,8.920000076293945,8.920000076293945,5347
2014-05-29,9.779999732971191,9.779999732971191,9.020000457763672,9.100000381469727,9.100000381469727,660
2014-05-30,8.699999809265137,10.010000228881836,8.699999809265137,9.699999809265137,9.699999809265137,7550
2014-06-02,8.729999542236328,9.489999771118164,8.729999542236328,9.1899995803833,9.1899995803833,10530
2014-06-03,9.069999694824219,9.069999694824219,9.069999694824219,9.069999694824219,9.069999694824219,240
2014-06-04,9.960000038146973,9.970000267028809,9.930000305175781,9.970000267028809,9.970000267028809,4414
2014-06-05,10.949999809265137,10.960000038146973,10.670000076293945,10.960000038146973,10.960000038146973,21113
2014-06-06,11.989999771118164,12.050000190734863,11.020000457763672,11.850000381469727,11.850000381469727,46893
2014-06-09,12.779999732971191,13.029999732971191,12.020000457763672,13.0,13.0,21296
2014-06-10,13.5,13.649999618530273,12.520000457763672,13.649999618530273,13.649999618530273,35649
2014-06-11,14.239999771118164,14.329999923706055,13.699999809265137,14.329999923706055,14.329999923706055,16121
2014-06-12,15.029999732971191,15.039999961853027,14.989999771118164,15.039999961853027,15.039999961853027,12315
2014-06-13,15.449999809265137,15.449999809265137,14.289999961853027,14.289999961853027,14.289999961853027,6663
2014-06-16,14.0,14.479999542236328,13.600000381469727,13.600000381469727,13.600000381469727,1588
2014-06-17,14.0,14.279999732971191,13.5,14.199999809265137,14.199999809265137,2446
2014-06-18,14.880000114440918,14.880000114440918,13.489999771118164,13.800000190734863,13.800000190734863,5609
2014-06-19,13.510000228881836,13.899999618530273,13.109999656677246,13.600000381469727,13.600000381469727,1704
2014-06-20,13.989999771118164,13.989999771118164,13.0,13.0,13.0,789
2014-06-23,13.0,13.0,12.350000381469727,12.359999656677246,12.359999656677246,52
2014-06-24,12.050000190734863,12.970000267028809,12.050000190734863,12.970000267028809,12.970000267028809,3476
2014-06-25,12.510000228881836,12.899999618530273,12.460000038146973,12.460000038146973,12.460000038146973,1351
2014-06-26,12.850000381469727,13.079999923706055,12.850000381469727,13.079999923706055,13.079999923706055,12146
2014-06-27,13.729999542236328,13.729999542236328,13.729999542236328,13.729999542236328,13.729999542236328,4235
2014-06-30,14.300000190734863,14.40999984741211,14.1899995803833,14.319999694824219,14.319999694824219,18100
2014-07-01,14.949999809265137,14.949999809265137,13.90999984741211,14.010000228881836,14.010000228881836,6152
2014-07-02,14.710000038146973,14.710000038146973,14.710000038146973,14.710000038146973,14.710000038146973,1087
2014-07-03,15.4399995803833,15.4399995803833,15.4399995803833,15.4399995803833,15.4399995803833,450
2014-07-04,16.209999084472656,16.209999084472656,16.209999084472656,16.209999084472656,16.209999084472656,2401
2014-07-07,17.020000457763672,17.020000457763672,17.020000457763672,17.020000457763672,17.020000457763672,2180
2014-07-08,17.8700008392334,17.8700008392334,17.5,17.8700008392334,17.8700008392334,12050
2014-07-09,18.399999618530273,18.399999618530273,16.979999542236328,16.979999542236328,16.979999542236328,12280
2014-07-10,16.149999618530273,16.5,16.139999389648438,16.489999771118164,16.489999771118164,11091
2014-07-11,15.670000076293945,16.899999618530273,15.670000076293945,16.479999542236328,16.479999542236328,788
2014-07-14,15.65999984741211,15.65999984741211,15.65999984741211,15.65999984741211,15.65999984741211,400
2014-07-15,15.010000228881836,15.739999771118164,14.880000114440918,14.880000114440918,14.880000114440918,2100
2014-07-16,14.970000267028809,14.970000267028809,14.140000343322754,14.140000343322754,14.140000343322754,701
2014-07-17,13.4399995803833,13.4399995803833,13.4399995803833,13.4399995803833,13.4399995803833,2400
2014-07-18,12.800000190734863,13.350000381469727,12.770000457763672,12.770000457763672,12.770000457763672,2101
2014-07-21,13.369999885559082,13.369999885559082,12.260000228881836,13.170000076293945,13.170000076293945,4848
2014-07-22,12.550000190734863,13.449999809265137,12.520000457763672,13.449999809265137,13.449999809265137,5314
2014-07-23,13.800000190734863,13.800000190734863,12.779999732971191,13.0,13.0,5424
2014-07-24,12.600000381469727,13.0,12.600000381469727,13.0,13.0,600
2014-07-25,13.5,13.5,12.399999618530273,12.550000190734863,12.550000190734863,2166
2014-07-28,12.5,12.970000267028809,11.9399995803833,12.960000038146973,12.960000038146973,450
2014-07-30,13.0,13.0,12.319999694824219,12.319999694824219,12.319999694824219,378
2014-07-31,12.930000305175781,12.930000305175781,11.760000228881836,11.760000228881836,11.760000228881836,700
2014-08-01,12.34000015258789,12.34000015258789,12.300000190734863,12.34000015258789,12.34000015258789,2500
2014-08-04,12.0,12.0,12.0,12.0,12.0,700
2014-08-05,11.800000190734863,12.279999732971191,11.420000076293945,12.0,12.0,1957
2014-08-06,11.899999618530273,12.5,11.699999809265137,12.25,12.25,2300
2014-08-07,12.399999618530273,12.859999656677246,12.399999618530273,12.859999656677246,12.859999656677246,3628
2014-08-08,12.25,12.829999923706055,12.229999542236328,12.829999923706055,12.829999923706055,3495
2014-08-11,12.84000015258789,12.84000015258789,12.1899995803833,12.229999542236328,12.229999542236328,1628
2014-08-12,11.619999885559082,11.619999885559082,11.619999885559082,11.619999885559082,11.619999885559082,450
2014-08-13,11.039999961853027,12.0,11.039999961853027,11.989999771118164,11.989999771118164,672
2014-08-14,11.989999771118164,11.989999771118164,11.989999771118164,11.989999771118164,11.989999771118164,0
2014-08-18,12.0,12.0,11.399999618530273,11.399999618530273,11.399999618530273,2350
2014-08-19,11.899999618530273,11.970000267028809,11.449999809265137,11.970000267028809,11.970000267028809,2800
2014-08-20,12.5600004196167,12.5600004196167,12.010000228881836,12.5600004196167,12.5600004196167,11830
2014-08-21,12.239999771118164,12.579999923706055,12.130000114440918,12.579999923706055,12.579999923706055,2401
2014-08-22,11.960000038146973,11.960000038146973,11.960000038146973,11.960000038146973,11.960000038146973,1839
2014-08-25,11.550000190734863,11.600000381469727,11.550000190734863,11.600000381469727,11.600000381469727,410
2014-08-26,11.600000381469727,11.600000381469727,11.600000381469727,11.600000381469727,11.600000381469727,0
2014-08-27,12.180000305175781,12.180000305175781,11.270000457763672,12.140000343322754,12.140000343322754,155
2014-08-28,12.699999809265137,12.739999771118164,11.539999961853027,11.970000267028809,11.970000267028809,2545
2014-09-01,11.970000267028809,11.970000267028809,11.970000267028809,11.970000267028809,11.970000267028809,0
2014-09-02,12.359999656677246,12.390000343322754,11.399999618530273,11.399999618530273,11.399999618530273,640
2014-09-03,11.100000381469727,11.970000267028809,11.100000381469727,11.100000381469727,11.100000381469727,5701
2014-09-04,10.600000381469727,10.600000381469727,10.600000381469727,10.600000381469727,10.600000381469727,184
2014-09-05,10.100000381469727,11.640000343322754,10.100000381469727,10.5,10.5,1842
2014-09-08,10.949999809265137,11.550000190734863,10.949999809265137,11.550000190734863,11.550000190734863,2000
2014-09-09,11.0,12.489999771118164,11.0,12.0,12.0,1665
2014-09-10,11.5,12.979999542236328,11.5,12.319999694824219,12.319999694824219,2006
2014-09-11,13.0,13.550000190734863,12.729999542236328,13.520000457763672,13.520000457763672,4550
2014-09-12,13.069999694824219,13.069999694824219,12.899999618530273,12.899999618530273,12.899999618530273,975
2014-09-15,13.539999961853027,13.539999961853027,13.539999961853027,13.539999961853027,13.539999961853027,5338
2014-09-16,13.5,14.210000038146973,13.5,14.210000038146973,14.210000038146973,3050
2014-09-17,13.649999618530273,14.890000343322754,13.5,14.140000343322754,14.140000343322754,1525
2014-09-18,14.229999542236328,14.229999542236328,13.4399995803833,13.449999809265137,13.449999809265137,1301
2014-09-19,13.670000076293945,13.670000076293945,12.779999732971191,12.949999809265137,12.949999809265137,248
2014-09-22,12.3100004196167,13.0,12.3100004196167,12.979999542236328,12.979999542236328,2131
2014-09-23,12.510000228881836,12.510000228881836,12.5,12.5,12.5,1100
2014-09-24,12.020000457763672,12.130000114440918,12.0,12.130000114440918,12.130000114440918,2100
2014-09-25,11.640000343322754,11.640000343322754,11.640000343322754,11.640000343322754,11.640000343322754,1
2014-09-26,11.640000343322754,11.640000343322754,11.640000343322754,11.640000343322754,11.640000343322754,0
2014-09-29,11.100000381469727,12.0,11.079999923706055,11.180000305175781,11.180000305175781,5907
2014-09-30,11.020000457763672,11.680000305175781,11.020000457763672,11.210000038146973,11.210000038146973,826
2014-10-01,11.260000228881836,11.760000228881836,11.25,11.760000228881836,11.760000228881836,165
2014-10-07,11.779999732971191,11.779999732971191,11.5,11.5,11.5,95
2014-10-08,11.0,11.0,11.0,11.0,11.0,1401
2014-10-09,11.039999961853027,11.039999961853027,11.010000228881836,11.020000457763672,11.020000457763672,200
2014-10-10,11.489999771118164,11.569999694824219,11.0,11.569999694824219,11.569999694824219,2290
2014-10-13,11.25,11.75,11.149999618530273,11.75,11.75,2075
2014-10-14,12.25,12.260000228881836,11.5,11.5,11.5,2174
2014-10-15,11.5,11.5,11.5,11.5,11.5,0
2014-10-16,11.010000228881836,12.069999694824219,11.0,12.069999694824219,12.069999694824219,11052
2014-10-17,11.5,12.289999961853027,11.5,12.289999961853027,12.289999961853027,2001
2014-10-20,12.100000381469727,12.289999961853027,11.680000305175781,12.279999732971191,12.279999732971191,1096
2014-10-21,11.710000038146973,12.239999771118164,11.699999809265137,12.239999771118164,12.239999771118164,1501
2014-10-22,12.239999771118164,12.239999771118164,12.239999771118164,12.239999771118164,12.239999771118164,0
2014-10-27,12.239999771118164,12.239999771118164,12.239999771118164,12.239999771118164,12.239999771118164,0
2014-10-28,11.5,11.5,11.170000076293945,11.470000267028809,11.470000267028809,1314
2014-10-29,11.149999618530273,11.899999618530273,11.0,11.229999542236328,11.229999542236328,2150
2014-10-30,11.300000190734863,11.4399995803833,10.670000076293945,11.4399995803833,11.4399995803833,1176
2014-10-31,11.0,11.6899995803833,11.0,11.6899995803833,11.6899995803833,620
2014-11-03,11.199999809265137,11.199999809265137,11.199999809265137,11.199999809265137,11.199999809265137,200
2014-11-05,11.630000114440918,11.630000114440918,11.630000114440918,11.630000114440918,11.630000114440918,10
2014-11-07,11.5,12.100000381469727,11.5,11.619999885559082,11.619999885559082,10705
2014-11-10,11.199999809265137,12.180000305175781,11.199999809265137,12.180000305175781,12.180000305175781,200
2014-11-11,11.609999656677246,12.579999923706055,11.600000381469727,12.579999923706055,12.579999923706055,376
2014-11-12,12.0,12.0,11.390000343322754,11.529999732971191,11.529999732971191,1701
2014-11-13,11.260000228881836,11.260000228881836,11.260000228881836,11.260000228881836,11.260000228881836,50
2014-11-14,11.050000190734863,12.289999961853027,11.050000190734863,12.100000381469727,12.100000381469727,401
2014-11-17,11.5,11.989999771118164,10.899999618530273,11.989999771118164,11.989999771118164,1359
2014-11-18,11.989999771118164,11.989999771118164,11.989999771118164,11.989999771118164,11.989999771118164,0
2014-11-19,11.8100004196167,11.819999694824219,11.800000190734863,11.819999694824219,11.819999694824219,338
2014-11-20,12.0,12.0,12.0,12.0,12.0,1025
2014-11-21,11.130000114440918,12.970000267028809,11.09000015258789,12.890000343322754,12.890000343322754,1008
2014-11-24,12.0,12.880000114440918,12.0,12.880000114440918,12.880000114440918,400
2014-11-25,11.619999885559082,11.859999656677246,11.619999885559082,11.850000381469727,11.850000381469727,400
2014-11-26,11.100000381469727,12.899999618530273,11.100000381469727,12.0,12.0,1100
2014-11-27,12.0,12.0,12.0,12.0,12.0,0
2014-11-28,11.319999694824219,11.319999694824219,11.3100004196167,11.3100004196167,11.3100004196167,600
2014-12-01,11.3100004196167,11.3100004196167,11.3100004196167,11.3100004196167,11.3100004196167,0
2014-12-02,11.3100004196167,11.3100004196167,11.3100004196167,11.3100004196167,11.3100004196167,0
2014-12-03,12.25,12.300000190734863,12.25,12.270000457763672,12.270000457763672,1900
2014-12-04,12.270000457763672,12.270000457763672,12.270000457763672,12.270000457763672,12.270000457763672,0
2014-12-05,12.25,12.5,12.25,12.5,12.5,2000
2014-12-08,13.0,13.420000076293945,12.75,13.0,13.0,1175
2014-12-09,13.0,13.0,11.84000015258789,11.869999885559082,11.869999885559082,2895
2014-12-10,12.5,12.75,12.25,12.25,12.25,125
2014-12-11,11.550000190734863,12.4399995803833,11.260000228881836,11.489999771118164,11.489999771118164,1802
2014-12-12,11.0,11.989999771118164,11.0,11.989999771118164,11.989999771118164,1914
2014-12-15,11.9399995803833,11.989999771118164,11.9399995803833,11.989999771118164,11.989999771118164,2551
2014-12-16,11.5,11.979999542236328,11.5,11.979999542236328,11.979999542236328,1614
2014-12-17,11.979999542236328,11.979999542236328,11.979999542236328,11.979999542236328,11.979999542236328,0
2014-12-18,11.899999618530273,12.5,11.0,12.5,12.5,11749
2014-12-19,12.979999542236328,13.5,12.510000228881836,12.949999809265137,12.949999809265137,5811
2014-12-22,12.949999809265137,12.949999809265137,12.949999809265137,12.949999809265137,12.949999809265137,0
2014-12-23,13.0,13.0,13.0,13.0,13.0,1000
2014-12-24,12.5,13.25,12.210000038146973,13.25,13.25,1450
2014-12-26,12.5,13.399999618530273,12.109999656677246,13.25,13.25,3999
2014-12-29,12.970000267028809,13.0,12.529999732971191,12.630000114440918,12.630000114440918,1700
2014-12-30,13.699999809265137,13.890000343322754,13.039999961853027,13.880000114440918,13.880000114440918,18422
2014-12-31,13.380000114440918,15.0,13.380000114440918,14.539999961853027,14.539999961853027,8322
2015-01-01,14.210000038146973,15.0,14.210000038146973,14.40999984741211,14.40999984741211,1005
2015-01-02,15.300000190734863,15.300000190734863,14.010000228881836,14.100000381469727,14.100000381469727,2500
2015-01-05,13.510000228881836,13.989999771118164,13.5,13.699999809265137,13.699999809265137,1250
2015-01-06,13.199999809265137,13.199999809265137,13.199999809265137,13.199999809265137,13.199999809265137,150
2015-01-07,13.109999656677246,13.109999656677246,13.100000381469727,13.100000381469727,13.100000381469727,1000
2015-01-08,13.899999618530273,13.899999618530273,13.899999618530273,13.899999618530273,13.899999618530273,100
2015-01-09,13.899999618530273,13.899999618530273,13.800000190734863,13.800000190734863,13.800000190734863,100
2015-01-12,13.149999618530273,13.979999542236328,13.149999618530273,13.979999542236328,13.979999542236328,600
2015-01-13,14.199999809265137,14.199999809265137,13.5,14.0,14.0,818
2015-01-14,13.5,13.989999771118164,13.5,13.800000190734863,13.800000190734863,260
2015-01-15,13.100000381469727,13.100000381469727,13.050000190734863,13.050000190734863,13.050000190734863,650
2015-01-16,13.010000228881836,13.010000228881836,13.0,13.010000228881836,13.010000228881836,100
2015-01-19,13.010000228881836,13.010000228881836,13.0,13.010000228881836,13.010000228881836,150
2015-01-20,12.170000076293945,13.779999732971191,12.15999984741211,12.720000267028809,12.720000267028809,561
2015-01-21,12.0600004196167,13.779999732971191,12.0600004196167,13.579999923706055,13.579999923706055,1400
2015-01-22,13.789999961853027,13.789999961853027,12.510000228881836,13.520000457763672,13.520000457763672,851
2015-01-23,12.300000190734863,12.5600004196167,12.260000228881836,12.550000190734863,12.550000190734863,700
2015-01-27,13.390000343322754,13.390000343322754,12.25,12.300000190734863,12.300000190734863,1680
2015-01-28,11.210000038146973,13.199999809265137,11.210000038146973,12.270000457763672,12.270000457763672,4386
2015-01-29,12.970000267028809,12.989999771118164,12.399999618530273,12.6899995803833,12.6899995803833,7050
2015-01-30,13.050000190734863,13.949999809265137,12.550000190734863,13.010000228881836,13.010000228881836,7552
2015-02-02,13.300000190734863,13.449999809265137,12.949999809265137,12.989999771118164,12.989999771118164,7170
2015-02-03,12.989999771118164,12.989999771118164,12.989999771118164,12.989999771118164,12.989999771118164,0
2015-02-04,12.579999923706055,13.470000267028809,12.579999923706055,13.0,13.0,2237
2015-02-05,12.800000190734863,13.0,12.5600004196167,12.760000228881836,12.760000228881836,800
2015-02-06,13.0,15.3100004196167,13.0,15.3100004196167,15.3100004196167,26158
2015-02-09,15.699999809265137,16.299999237060547,14.600000381469727,15.670000076293945,15.670000076293945,9146
2015-02-10,15.600000381469727,15.65999984741211,14.859999656677246,15.300000190734863,15.300000190734863,4350
2015-02-11,15.300000190734863,15.300000190734863,15.300000190734863,15.300000190734863,15.300000190734863,0
2015-02-12,13.529999732971191,15.0,12.239999771118164,13.100000381469727,13.100000381469727,12093
2015-02-13,13.449999809265137,13.449999809265137,12.5,12.970000267028809,12.970000267028809,4981
2015-02-16,12.970000267028809,12.970000267028809,12.970000267028809,12.970000267028809,12.970000267028809,0
2015-02-18,11.710000038146973,13.390000343322754,11.710000038146973,12.9399995803833,12.9399995803833,680
2015-02-19,11.609999656677246,12.979999542236328,11.609999656677246,12.899999618530273,12.899999618530273,416
2015-02-20,12.100000381469727,12.100000381469727,11.5,12.050000190734863,12.050000190734863,250
2015-02-23,12.0,12.0,11.350000381469727,12.0,12.0,290
2015-02-24,12.75,12.75,12.75,12.75,12.75,50
2015-02-25,12.0,12.699999809265137,11.75,12.699999809265137,12.699999809265137,528
2015-02-26,11.75,12.699999809265137,11.649999618530273,12.699999809265137,12.699999809265137,1225
2015-02-27,12.300000190734863,12.6899995803833,11.5,12.0600004196167,12.0600004196167,2218
2015-03-02,11.600000381469727,12.399999618530273,11.600000381469727,12.300000190734863,12.300000190734863,120
2015-03-03,13.670000076293945,13.670000076293945,12.300000190734863,12.300000190734863,12.300000190734863,172
2015-03-04,12.0,12.0,12.0,12.0,12.0,7000
2015-03-05,12.5,13.760000228881836,11.100000381469727,11.4399995803833,11.4399995803833,911
2015-03-09,11.420000076293945,12.300000190734863,10.3100004196167,11.960000038146973,11.960000038146973,572
2015-03-10,10.430000305175781,11.649999618530273,10.40999984741211,11.640000343322754,11.640000343322754,293
2015-03-11,10.979999542236328,11.600000381469727,10.979999542236328,11.600000381469727,11.600000381469727,252
2015-03-12,11.0,11.449999809265137,10.350000381469727,10.5600004196167,10.5600004196167,330
2015-03-13,10.300000190734863,11.300000190734863,10.300000190734863,11.300000190734863,11.300000190734863,820
2015-03-16,10.270000457763672,10.979999542236328,10.199999809265137,10.210000038146973,10.210000038146973,2001
2015-03-17,10.25,10.960000038146973,10.25,10.960000038146973,10.960000038146973,1380
2015-03-18,10.199999809265137,11.0,10.199999809265137,10.979999542236328,10.979999542236328,351
2015-03-19,12.699999809265137,12.699999809265137,10.109999656677246,10.850000381469727,10.850000381469727,4860
2015-03-20,10.25,10.699999809265137,10.199999809265137,10.25,10.25,1305
2015-03-23,10.100000381469727,10.5,9.0600004196167,10.100000381469727,10.100000381469727,4166
2015-03-24,10.0,10.0,9.25,9.989999771118164,9.989999771118164,2105
2015-03-25,10.0,10.899999618530273,10.0,10.899999618530273,10.899999618530273,101
2015-03-26,9.050000190734863,11.0,9.0,10.579999923706055,10.579999923706055,1641
2015-03-27,9.5,9.5,9.0,9.010000228881836,9.010000228881836,6191
2015-03-30,9.010000228881836,9.010000228881836,9.010000228881836,9.010000228881836,9.010000228881836,0
2015-03-31,9.010000228881836,9.989999771118164,9.010000228881836,9.989999771118164,9.989999771118164,1496
2015-04-01,9.0,9.970000267028809,9.0,9.3100004196167,9.3100004196167,7639
2015-04-06,9.3100004196167,9.3100004196167,9.3100004196167,9.3100004196167,9.3100004196167,0
2015-04-07,9.279999732971191,10.979999542236328,9.279999732971191,10.5,10.5,927
2015-04-08,10.0,10.0,10.0,10.0,10.0,100
2015-04-09,9.069999694824219,10.970000267028809,9.069999694824219,10.970000267028809,10.970000267028809,201
2015-04-10,9.289999961853027,10.600000381469727,9.289999961853027,10.529999732971191,10.529999732971191,502
2015-04-13,10.5,11.0,10.050000190734863,10.199999809265137,10.199999809265137,1056
2015-04-15,10.25,10.25,10.25,10.25,10.25,2000
2015-04-16,9.699999809265137,10.84000015258789,9.699999809265137,10.350000381469727,10.350000381469727,470
2015-04-17,9.270000457763672,11.0,9.270000457763672,11.0,11.0,194
2015-04-20,10.75,10.75,10.199999809265137,10.210000038146973,10.210000038146973,506
2015-04-21,9.119999885559082,10.600000381469727,9.119999885559082,10.010000228881836,10.010000228881836,811
2015-04-22,10.010000228881836,10.010000228881836,10.010000228881836,10.010000228881836,10.010000228881836,0
2015-04-23,10.010000228881836,10.010000228881836,10.010000228881836,10.010000228881836,10.010000228881836,0
2015-04-24,10.010000228881836,10.010000228881836,10.010000228881836,10.010000228881836,10.010000228881836,0
2015-04-27,9.029999732971191,9.25,9.029999732971191,9.25,9.25,800
2015-04-28,9.0,9.0,9.0,9.0,9.0,750
2015-04-29,9.010000228881836,9.010000228881836,9.0,9.0,9.0,1663
2015-04-30,9.0,9.0,9.0,9.0,9.0,5
2015-05-04,9.0,9.75,8.359999656677246,9.449999809265137,9.449999809265137,4228
2015-05-05,9.489999771118164,9.489999771118164,9.489999771118164,9.489999771118164,9.489999771118164,1
2015-05-06,9.489999771118164,9.489999771118164,9.489999771118164,9.489999771118164,9.489999771118164,0
2015-05-07,9.970000267028809,9.970000267028809,8.579999923706055,9.739999771118164,9.739999771118164,355
2015-05-08,9.739999771118164,9.739999771118164,9.739999771118164,9.739999771118164,9.739999771118164,0
2015-05-11,8.779999732971191,8.779999732971191,8.779999732971191,8.779999732971191,8.779999732971191,100
2015-05-12,9.479999542236328,9.479999542236328,8.75,8.75,8.75,2700
2015-05-13,9.0,9.0,9.0,9.0,9.0,2500
2015-05-14,9.899999618530273,9.899999618530273,8.899999618530273,8.899999618530273,8.899999618530273,162
2015-05-15,8.899999618530273,8.899999618530273,8.899999618530273,8.899999618530273,8.899999618530273,0
2015-05-18,8.899999618530273,8.899999618530273,8.899999618530273,8.899999618530273,8.899999618530273,0
2015-05-19,8.899999618530273,8.899999618530273,8.899999618530273,8.899999618530273,8.899999618530273,0
2015-05-20,8.899999618530273,8.899999618530273,8.899999618530273,8.899999618530273,8.899999618530273,100
2015-05-21,9.5,9.699999809265137,9.300000190734863,9.699999809265137,9.699999809265137,2001
2015-05-22,9.199999809265137,10.180000305175781,9.199999809265137,9.359999656677246,9.359999656677246,260
2015-05-25,8.899999618530273,9.34000015258789,8.460000038146973,9.199999809265137,9.199999809265137,1469
2015-05-26,9.199999809265137,9.199999809265137,9.050000190734863,9.199999809265137,9.199999809265137,1730
2015-05-27,8.449999809265137,8.449999809265137,8.449999809265137,8.449999809265137,8.449999809265137,198
2015-05-28,9.279999732971191,9.279999732971191,9.010000228881836,9.010000228881836,9.010000228881836,1850
2015-05-29,9.279999732971191,9.279999732971191,9.010000228881836,9.010000228881836,9.010000228881836,1850
2015-06-01,9.010000228881836,9.010000228881836,9.010000228881836,9.010000228881836,9.010000228881836,0
2015-06-02,8.609999656677246,8.609999656677246,8.609999656677246,8.609999656677246,8.609999656677246,130
2015-06-03,8.600000381469727,8.600000381469727,8.5600004196167,8.5600004196167,8.5600004196167,1500
2015-06-04,8.550000190734863,8.960000038146973,8.550000190734863,8.960000038146973,8.960000038146973,800
2015-06-05,9.050000190734863,9.050000190734863,9.050000190734863,9.050000190734863,9.050000190734863,730
2015-06-08,9.050000190734863,9.050000190734863,9.050000190734863,9.050000190734863,9.050000190734863,0
2015-06-09,9.050000190734863,9.050000190734863,9.050000190734863,9.050000190734863,9.050000190734863,0
2015-06-10,9.880000114440918,9.880000114440918,9.010000228881836,9.010000228881836,9.010000228881836,950
2015-06-11,9.010000228881836,9.010000228881836,9.010000228881836,9.010000228881836,9.010000228881836,0
2015-06-12,8.800000190734863,8.800000190734863,8.800000190734863,8.800000190734863,8.800000190734863,200
2015-06-15,8.800000190734863,8.800000190734863,8.800000190734863,8.800000190734863,8.800000190734863,0
2015-06-16,8.800000190734863,8.800000190734863,8.800000190734863,8.800000190734863,8.800000190734863,0
2015-06-17,8.5,8.510000228881836,8.5,8.5,8.5,509
2015-06-18,8.520000457763672,9.149999618530273,8.5,8.5,8.5,3230
2015-06-19,8.5,8.5,8.5,8.5,8.5,0
2015-06-22,8.5,8.5,8.5,8.5,8.5,0
2015-06-23,8.899999618530273,9.100000381469727,8.800000190734863,9.09000015258789,9.09000015258789,1895
2015-06-24,8.899999618530273,9.0,8.899999618530273,9.0,9.0,206
2015-06-25,8.670000076293945,9.399999618530273,8.670000076293945,8.710000038146973,8.710000038146973,850
2015-06-26,8.75,8.989999771118164,8.75,8.989999771118164,8.989999771118164,505
2015-06-29,8.5,8.979999542236328,8.5,8.979999542236328,8.979999542236328,150
2015-06-30,9.25,9.869999885559082,9.25,9.869999885559082,9.869999885559082,10261
2015-07-01,10.100000381469727,10.850000381469727,10.100000381469727,10.850000381469727,10.850000381469727,2750
2015-07-02,11.800000190734863,11.930000305175781,11.800000190734863,11.930000305175781,11.930000305175781,4475
2015-07-03,12.5,12.520000457763672,12.0,12.520000457763672,12.520000457763672,15415
2015-07-06,13.130000114440918,13.130000114440918,11.899999618530273,11.970000267028809,11.970000267028809,4654
2015-07-07,12.5600004196167,12.5600004196167,12.5600004196167,12.5600004196167,12.5600004196167,5000
2015-07-08,12.020000457763672,13.180000305175781,12.010000228881836,12.5,12.5,5550
2015-07-09,12.5,13.119999885559082,12.5,13.119999885559082,13.119999885559082,1161
2015-07-10,13.119999885559082,13.770000457763672,12.760000228881836,13.770000457763672,13.770000457763672,2971
2015-07-13,14.399999618530273,14.449999809265137,13.510000228881836,14.319999694824219,14.319999694824219,3211
2015-07-14,15.0,15.020000457763672,13.8100004196167,13.930000305175781,13.930000305175781,2600
2015-07-15,14.0,14.5,14.0,14.25,14.25,3100
2015-07-16,14.600000381469727,14.600000381469727,13.539999961853027,13.680000305175781,13.680000305175781,7369
2015-07-17,13.399999618530273,13.399999618530273,13.0,13.079999923706055,13.079999923706055,1690
2015-07-20,12.550000190734863,13.050000190734863,12.430000305175781,13.050000190734863,13.050000190734863,838
2015-07-21,13.550000190734863,13.699999809265137,13.550000190734863,13.699999809265137,13.699999809265137,3501
2015-07-22,14.239999771118164,14.380000114440918,14.199999809265137,14.380000114440918,14.380000114440918,4377
2015-07-23,15.039999961853027,15.09000015258789,14.170000076293945,14.920000076293945,14.920000076293945,6002
2015-07-24,14.600000381469727,15.050000190734863,14.5,14.899999618530273,14.899999618530273,9557
2015-07-27,14.260000228881836,15.25,14.15999984741211,15.25,15.25,2460
2015-07-28,14.489999771118164,15.039999961853027,14.489999771118164,14.920000076293945,14.920000076293945,210
2015-07-29,14.920000076293945,14.920000076293945,14.920000076293945,14.920000076293945,14.920000076293945,0
2015-07-30,14.920000076293945,14.920000076293945,14.920000076293945,14.920000076293945,14.920000076293945,0
2015-07-31,14.600000381469727,15.100000381469727,14.25,15.100000381469727,15.100000381469727,410
2015-08-03,14.350000381469727,14.350000381469727,14.350000381469727,14.350000381469727,14.350000381469727,1
2015-08-04,14.5,14.899999618530273,14.199999809265137,14.699999809265137,14.699999809265137,1194
2015-08-05,15.100000381469727,15.399999618530273,14.5,14.899999618530273,14.899999618530273,1010
2015-08-06,14.25,15.600000381469727,14.199999809265137,15.600000381469727,15.600000381469727,155351
2015-08-07,16.600000381469727,17.149999618530273,16.049999237060547,17.149999618530273,17.149999618530273,107202
2015-08-10,18.399999618530273,18.399999618530273,16.100000381469727,17.049999237060547,17.049999237060547,13001
2015-08-11,17.100000381469727,18.75,16.25,16.600000381469727,16.600000381469727,11416
2015-08-12,16.0,16.100000381469727,15.899999618530273,15.899999618530273,15.899999618530273,850
2015-08-13,16.899999618530273,16.950000762939453,16.0,16.149999618530273,16.149999618530273,3130
2015-08-14,15.550000190734863,16.100000381469727,15.550000190734863,16.100000381469727,16.100000381469727,3605
2015-08-17,14.699999809265137,16.399999618530273,14.699999809265137,15.5,15.5,580
2015-08-18,15.5,15.949999809265137,15.149999618530273,15.199999809265137,15.199999809265137,2769
2015-08-19,15.199999809265137,15.199999809265137,15.199999809265137,15.199999809265137,15.199999809265137,0
2015-08-20,15.199999809265137,15.199999809265137,15.199999809265137,15.199999809265137,15.199999809265137,0
2015-08-21,13.550000190734863,14.850000381469727,13.550000190734863,14.850000381469727,14.850000381469727,2394
2015-08-24,13.5,13.899999618530273,13.399999618530273,13.899999618530273,13.899999618530273,309
2015-08-25,12.550000190734863,14.800000190734863,12.550000190734863,12.550000190734863,12.550000190734863,3198
2015-08-26,12.550000190734863,12.550000190734863,12.550000190734863,12.550000190734863,12.550000190734863,0
2015-08-27,13.399999618530273,13.699999809265137,13.399999618530273,13.699999809265137,13.699999809265137,400
2015-08-28,12.699999809265137,13.550000190734863,12.699999809265137,13.550000190734863,13.550000190734863,74
2015-08-31,12.5,12.5,12.199999809265137,12.199999809265137,12.199999809265137,700
2015-09-01,11.510000228881836,13.079999923706055,11.510000228881836,11.890000343322754,11.890000343322754,1291
2015-09-02,11.460000038146973,11.899999618530273,11.100000381469727,11.270000457763672,11.270000457763672,220
2015-09-03,11.210000038146973,12.350000381469727,10.600000381469727,12.350000381469727,12.350000381469727,5020
2015-09-04,12.350000381469727,12.350000381469727,12.350000381469727,12.350000381469727,12.350000381469727,0
2015-09-07,12.350000381469727,12.350000381469727,12.350000381469727,12.350000381469727,12.350000381469727,0
2015-09-08,11.739999771118164,11.739999771118164,11.739999771118164,11.739999771118164,11.739999771118164,2
2015-09-09,11.15999984741211,11.15999984741211,11.15999984741211,11.15999984741211,11.15999984741211,2
2015-09-10,10.619999885559082,10.619999885559082,10.609999656677246,10.609999656677246,10.609999656677246,51
2015-09-11,10.609999656677246,10.609999656677246,10.609999656677246,10.609999656677246,10.609999656677246,0
2015-09-14,10.609999656677246,10.609999656677246,10.609999656677246,10.609999656677246,10.609999656677246,0
2015-09-15,10.100000381469727,10.960000038146973,10.100000381469727,10.960000038146973,10.960000038146973,267
2015-09-16,10.420000076293945,10.420000076293945,10.420000076293945,10.420000076293945,10.420000076293945,50
2015-09-18,10.539999961853027,10.539999961853027,10.539999961853027,10.539999961853027,10.539999961853027,500
2015-09-21,10.020000457763672,10.460000038146973,10.020000457763672,10.460000038146973,10.460000038146973,2527
2015-09-22,9.9399995803833,10.949999809265137,9.9399995803833,10.949999809265137,10.949999809265137,2861
2015-09-23,10.5,10.5,10.5,10.5,10.5,400
2015-09-24,10.5,10.5,10.5,10.5,10.5,200
2015-09-28,10.5,10.5,10.5,10.5,10.5,200
2015-09-29,10.5,10.5,10.5,10.5,10.5,0
2015-09-30,9.979999542236328,9.979999542236328,9.979999542236328,9.979999542236328,9.979999542236328,50
2015-10-01,9.979999542236328,9.979999542236328,9.979999542236328,9.979999542236328,9.979999542236328,0
2015-10-05,10.850000381469727,10.970000267028809,10.850000381469727,10.880000114440918,10.880000114440918,300
2015-10-06,10.880000114440918,10.880000114440918,9.899999618530273,9.899999618530273,9.899999618530273,2003
2015-10-07,10.0,10.010000228881836,10.0,10.010000228881836,10.010000228881836,1000
2015-10-08,9.899999618530273,9.899999618530273,9.899999618530273,9.899999618530273,9.899999618530273,200
2015-10-09,9.899999618530273,10.890000343322754,9.899999618530273,10.890000343322754,10.890000343322754,4155
2015-10-12,10.180000305175781,10.180000305175781,10.180000305175781,10.180000305175781,10.180000305175781,1170
2015-10-13,10.899999618530273,11.0,10.899999618530273,11.0,11.0,600
2015-10-14,11.600000381469727,11.699999809265137,10.300000190734863,11.0,11.0,6051
2015-10-15,11.880000114440918,12.100000381469727,11.050000190734863,12.100000381469727,12.100000381469727,8326
2015-10-16,12.489999771118164,12.800000190734863,12.489999771118164,12.800000190734863,12.800000190734863,1300
2015-10-19,12.949999809265137,12.949999809265137,12.949999809265137,12.949999809265137,12.949999809265137,450
2015-10-20,12.350000381469727,12.350000381469727,12.350000381469727,12.350000381469727,12.350000381469727,250
2015-10-21,12.350000381469727,12.350000381469727,12.350000381469727,12.350000381469727,12.350000381469727,0
2015-10-23,11.739999771118164,11.739999771118164,11.739999771118164,11.739999771118164,11.739999771118164,50
2015-10-26,12.3100004196167,12.3100004196167,11.369999885559082,11.84000015258789,11.84000015258789,2
2015-10-27,11.40999984741211,11.40999984741211,11.40999984741211,11.40999984741211,11.40999984741211,133
2015-10-28,11.979999542236328,11.979999542236328,11.399999618530273,11.569999694824219,11.569999694824219,10700
2015-10-29,11.079999923706055,12.130000114440918,11.079999923706055,12.130000114440918,12.130000114440918,1001
2015-10-30,12.6899995803833,12.6899995803833,12.6899995803833,12.6899995803833,12.6899995803833,10
2015-11-02,12.75,12.75,12.100000381469727,12.100000381469727,12.100000381469727,800
2015-11-03,12.0,12.0,11.5600004196167,11.5600004196167,11.5600004196167,350
2015-11-04,11.039999961853027,11.039999961853027,11.029999732971191,11.029999732971191,11.029999732971191,500
2015-11-05,11.579999923706055,11.579999923706055,11.579999923706055,11.579999923706055,11.579999923706055,25
2015-11-06,11.579999923706055,11.579999923706055,11.579999923706055,11.579999923706055,11.579999923706055,0
2015-11-09,11.579999923706055,11.579999923706055,11.579999923706055,11.579999923706055,11.579999923706055,0
2015-11-10,11.579999923706055,11.579999923706055,11.579999923706055,11.579999923706055,11.579999923706055,0
2015-11-13,11.600000381469727,11.600000381469727,11.600000381469727,11.600000381469727,11.600000381469727,100
2015-11-16,11.600000381469727,11.600000381469727,11.600000381469727,11.600000381469727,11.600000381469727,0
2015-11-17,11.600000381469727,11.600000381469727,11.600000381469727,11.600000381469727,11.600000381469727,0
2015-11-18,11.600000381469727,11.600000381469727,11.600000381469727,11.600000381469727,11.600000381469727,0
2015-11-19,11.600000381469727,11.600000381469727,11.600000381469727,11.600000381469727,11.600000381469727,0
2015-11-20,11.050000190734863,12.15999984741211,11.020000457763672,11.050000190734863,11.050000190734863,2305
2015-11-23,11.050000190734863,11.050000190734863,11.050000190734863,11.050000190734863,11.050000190734863,0
2015-11-24,10.75,10.75,10.75,10.75,10.75,700
2015-11-26,11.0,11.199999809265137,10.760000228881836,11.0,11.0,1500
2015-11-27,11.0,11.0,10.899999618530273,10.989999771118164,10.989999771118164,1059
2015-11-30,10.989999771118164,10.989999771118164,10.989999771118164,10.989999771118164,10.989999771118164,0
2015-12-01,11.010000228881836,11.010000228881836,11.010000228881836,11.010000228881836,11.010000228881836,100
2015-12-02,11.020000457763672,11.5600004196167,11.020000457763672,11.5600004196167,11.5600004196167,1441
2015-12-03,12.0,12.130000114440918,12.0,12.130000114440918,12.130000114440918,2425
2015-12-04,12.720000267028809,12.720000267028809,11.899999618530273,12.65999984741211,12.65999984741211,1691
2015-12-07,12.65999984741211,12.65999984741211,12.65999984741211,12.65999984741211,12.65999984741211,0
2015-12-08,12.65999984741211,12.65999984741211,12.65999984741211,12.65999984741211,12.65999984741211,0
2015-12-09,12.65999984741211,12.65999984741211,12.65999984741211,12.65999984741211,12.65999984741211,0
2015-12-10,12.029999732971191,12.029999732971191,12.029999732971191,12.029999732971191,12.029999732971191,12
2015-12-11,12.029999732971191,12.029999732971191,12.029999732971191,12.029999732971191,12.029999732971191,0
2015-12-14,11.430000305175781,11.430000305175781,11.430000305175781,11.430000305175781,11.430000305175781,1000
2015-12-15,10.859999656677246,11.819999694824219,10.859999656677246,11.819999694824219,11.819999694824219,500
2015-12-16,11.819999694824219,11.819999694824219,11.819999694824219,11.819999694824219,11.819999694824219,0
2015-12-17,12.239999771118164,12.239999771118164,12.239999771118164,12.239999771118164,12.239999771118164,100
2015-12-18,12.239999771118164,12.239999771118164,12.239999771118164,12.239999771118164,12.239999771118164,0
2015-12-21,12.0,12.0,11.630000114440918,11.9399995803833,11.9399995803833,801
2015-12-22,11.75,11.75,11.350000381469727,11.75,11.75,4450
2015-12-23,12.319999694824219,12.329999923706055,11.600000381469727,11.979999542236328,11.979999542236328,7912
2015-12-24,11.5600004196167,12.5,11.550000190734863,12.100000381469727,12.100000381469727,3399
2015-12-28,12.6899995803833,12.699999809265137,12.199999809265137,12.210000038146973,12.210000038146973,1500
2015-12-29,12.109999656677246,12.819999694824219,12.109999656677246,12.770000457763672,12.770000457763672,1899
2015-12-30,13.0,13.399999618530273,12.899999618530273,13.289999961853027,13.289999961853027,4172
2015-12-31,13.949999809265137,13.949999809265137,13.0,13.739999771118164,13.739999771118164,2051
2016-01-01,14.390000343322754,14.420000076293945,14.0,14.390000343322754,14.390000343322754,9708
2016-01-04,14.989999771118164,14.989999771118164,14.390000343322754,14.680000305175781,14.680000305175781,3926
2016-01-05,15.399999618530273,15.399999618530273,15.0,15.0,15.0,4718
2016-01-06,15.5,15.75,15.0,15.75,15.75,5960
2016-01-07,15.100000381469727,16.0,15.100000381469727,15.149999618530273,15.149999618530273,1630
2016-01-08,15.010000228881836,15.010000228881836,15.010000228881836,15.010000228881836,15.010000228881836,200
2016-01-11,14.350000381469727,14.510000228881836,14.260000228881836,14.289999961853027,14.289999961853027,2550
2016-01-12,14.449999809265137,14.5,13.75,14.0,14.0,1252
2016-01-13,14.6899995803833,14.6899995803833,13.3100004196167,14.0,14.0,9795
2016-01-14,14.199999809265137,14.59000015258789,14.199999809265137,14.59000015258789,14.59000015258789,250
2016-01-15,13.899999618530273,14.4399995803833,13.869999885559082,14.4399995803833,14.4399995803833,955
2016-01-18,14.4399995803833,14.4399995803833,14.4399995803833,14.4399995803833,14.4399995803833,0
2016-01-19,13.720000267028809,14.300000190734863,13.720000267028809,14.300000190734863,14.300000190734863,235
2016-01-20,14.0,14.6899995803833,14.0,14.390000343322754,14.390000343322754,2500
2016-01-21,14.289999961853027,14.289999961853027,14.289999961853027,14.289999961853027,14.289999961853027,30
2016-01-22,14.289999961853027,14.289999961853027,14.289999961853027,14.289999961853027,14.289999961853027,0
2016-01-25,13.579999923706055,14.75,13.579999923706055,14.75,14.75,225
2016-01-27,14.75,14.75,14.75,14.75,14.75,0
2016-01-28,14.399999618530273,14.5,14.050000190734863,14.5,14.5,223
2016-01-29,13.789999961853027,14.890000343322754,13.789999961853027,14.1899995803833,14.1899995803833,1205
2016-02-01,13.489999771118164,14.6899995803833,13.489999771118164,14.5,14.5,510
2016-02-02,14.5,14.5,14.5,14.5,14.5,0
2016-02-03,14.5,14.5,14.5,14.5,14.5,0
2016-02-04,14.5,14.5,14.5,14.5,14.5,0
2016-02-05,13.779999732971191,13.779999732971191,13.779999732971191,13.779999732971191,13.779999732971191,3039
2016-02-08,13.15999984741211,13.15999984741211,13.15999984741211,13.15999984741211,13.15999984741211,1000
2016-02-09,13.800000190734863,13.800000190734863,13.800000190734863,13.800000190734863,13.800000190734863,495
2016-02-10,13.800000190734863,13.800000190734863,13.800000190734863,13.800000190734863,13.800000190734863,0
2016-02-11,13.109999656677246,14.489999771118164,13.109999656677246,13.109999656677246,13.109999656677246,2002
2016-02-12,13.699999809265137,13.699999809265137,13.699999809265137,13.699999809265137,13.699999809265137,10
2016-02-15,13.699999809265137,13.699999809265137,13.699999809265137,13.699999809265137,13.699999809265137,0
2016-02-16,14.350000381469727,14.350000381469727,14.350000381469727,14.350000381469727,14.350000381469727,10
2016-02-17,14.800000190734863,14.800000190734863,14.800000190734863,14.800000190734863,14.800000190734863,10
2016-02-18,14.789999961853027,14.789999961853027,14.789999961853027,14.789999961853027,14.789999961853027,1
2016-02-19,14.880000114440918,14.880000114440918,14.880000114440918,14.880000114440918,14.880000114440918,100
2016-02-22,14.880000114440918,14.880000114440918,14.880000114440918,14.880000114440918,14.880000114440918,0
2016-02-23,14.140000343322754,15.390000343322754,14.140000343322754,15.390000343322754,15.390000343322754,106
2016-02-24,15.390000343322754,15.390000343322754,15.390000343322754,15.390000343322754,15.390000343322754,500
2016-02-25,14.649999618530273,15.0,14.649999618530273,14.949999809265137,14.949999809265137,6050
2016-02-26,15.0,15.0,15.0,15.0,15.0,200
2016-02-29,15.25,15.25,15.25,15.25,15.25,5
2016-03-01,14.5,14.899999618530273,14.5,14.550000190734863,14.550000190734863,2100
2016-03-02,14.449999809265137,14.449999809265137,13.850000381469727,14.449999809265137,14.449999809265137,3832
2016-03-03,13.75,14.899999618530273,13.75,14.899999618530273,14.899999618530273,1295
2016-03-04,14.899999618530273,14.899999618530273,14.899999618530273,14.899999618530273,14.899999618530273,0
2016-03-08,14.350000381469727,15.0,14.350000381469727,15.0,15.0,205
2016-03-09,14.25,15.0,14.25,15.0,15.0,210
2016-03-10,14.300000190734863,14.800000190734863,14.25,14.75,14.75,1061
2016-03-11,14.300000190734863,15.25,14.300000190734863,14.399999618530273,14.399999618530273,2500
2016-03-14,13.699999809265137,15.0,13.699999809265137,14.399999618530273,14.399999618530273,4020
2016-03-15,14.0,14.5,13.800000190734863,14.5,14.5,541
2016-03-16,13.800000190734863,14.550000190734863,13.800000190734863,14.550000190734863,14.550000190734863,2010
2016-03-17,14.550000190734863,14.550000190734863,14.550000190734863,14.550000190734863,14.550000190734863,0
2016-03-18,13.850000381469727,14.75,13.850000381469727,13.850000381469727,13.850000381469727,1952
2016-03-21,14.399999618530273,14.399999618530273,14.399999618530273,14.399999618530273,14.399999618530273,1
2016-03-22,14.5,14.5,14.5,14.5,14.5,1
2016-03-23,14.5,14.5,14.5,14.5,14.5,0
2016-03-28,13.800000190734863,14.199999809265137,13.800000190734863,14.199999809265137,14.199999809265137,2190
2016-03-29,14.0,14.5,13.550000190734863,13.649999618530273,13.649999618530273,4201
2016-03-30,13.100000381469727,13.399999618530273,13.100000381469727,13.399999618530273,13.399999618530273,162854
2016-03-31,13.050000190734863,13.050000190734863,13.0,13.0,13.0,285
2016-04-01,13.399999618530273,13.399999618530273,13.399999618530273,13.399999618530273,13.399999618530273,2900
2016-04-04,12.75,13.75,12.75,13.75,13.75,412
2016-04-05,13.75,13.75,13.75,13.75,13.75,0
2016-04-06,14.430000305175781,14.430000305175781,14.430000305175781,14.430000305175781,14.430000305175781,2400
2016-04-07,15.149999618530273,15.149999618530273,15.149999618530273,15.149999618530273,15.149999618530273,1400
2016-04-08,15.899999618530273,15.899999618530273,15.899999618530273,15.899999618530273,15.899999618530273,2520
2016-04-11,16.690000534057617,16.690000534057617,16.15999984741211,16.68000030517578,16.68000030517578,7830
2016-04-12,17.489999771118164,17.510000228881836,17.489999771118164,17.510000228881836,17.510000228881836,525
2016-04-13,18.3799991607666,18.3799991607666,17.43000030517578,18.3799991607666,18.3799991607666,6611
2016-04-18,19.0,19.290000915527344,18.520000457763672,19.0,19.0,6621
2016-04-20,19.100000381469727,19.850000381469727,19.0,19.690000534057617,19.690000534057617,9014
2016-04-21,20.0,20.670000076293945,19.100000381469727,20.600000381469727,20.600000381469727,7725
2016-04-22,21.440000534057617,21.489999771118164,20.5,21.0,21.0,5170
2016-04-25,21.989999771118164,22.049999237060547,21.75,22.049999237060547,22.049999237060547,15755
2016-04-26,22.0,23.149999618530273,22.0,23.149999618530273,23.149999618530273,2261
2016-04-27,24.299999237060547,24.299999237060547,24.25,24.299999237060547,24.299999237060547,9240
2016-04-28,24.299999237060547,25.510000228881836,24.299999237060547,25.510000228881836,25.510000228881836,6294
2016-04-29,25.510000228881836,26.75,25.5,26.739999771118164,26.739999771118164,12600
2016-05-02,25.649999618530273,26.899999618530273,25.450000762939453,25.450000762939453,25.450000762939453,7061
2016-05-03,26.0,26.0,24.200000762939453,24.200000762939453,24.200000762939453,552
2016-05-04,23.0,23.0,23.0,23.0,23.0,100
2016-05-05,22.950000762939453,22.950000762939453,21.850000381469727,21.850000381469727,21.850000381469727,335
2016-05-06,20.799999237060547,20.799999237060547,20.799999237060547,20.799999237060547,20.799999237060547,525
2016-05-09,19.799999237060547,21.450000762939453,19.799999237060547,19.799999237060547,19.799999237060547,10062
2016-05-10,18.899999618530273,18.899999618530273,18.899999618530273,18.899999618530273,18.899999618530273,300
2016-05-11,18.0,19.799999237060547,18.0,19.799999237060547,19.799999237060547,925
2016-05-12,20.5,20.700000762939453,19.25,19.399999618530273,19.399999618530273,31925
2016-05-13,18.600000381469727,18.600000381469727,18.5,18.5,18.5,300
2016-05-16,18.5,18.5,18.5,18.5,18.5,0
2016-05-17,18.5,18.5,18.5,18.5,18.5,200
2016-05-18,17.649999618530273,17.649999618530273,17.600000381469727,17.600000381469727,17.600000381469727,300
2016-05-19,18.0,18.0,18.0,18.0,18.0,4000
2016-05-20,18.0,18.0,17.149999618530273,17.149999618530273,17.149999618530273,700
2016-05-23,17.0,17.0,16.299999237060547,16.399999618530273,16.399999618530273,1270
2016-05-24,16.399999618530273,16.399999618530273,16.399999618530273,16.399999618530273,16.399999618530273,0
2016-05-25,17.200000762939453,17.200000762939453,16.25,16.25,16.25,1008
2016-05-26,16.25,16.25,16.25,16.25,16.25,0
2016-05-27,16.25,17.0,15.449999809265137,15.449999809265137,15.449999809265137,995
2016-05-30,15.0,15.0,14.699999809265137,14.699999809265137,14.699999809265137,450
2016-05-31,14.5,14.5,14.0,14.0,14.0,250
2016-06-01,14.0,14.699999809265137,13.300000190734863,13.420000076293945,13.420000076293945,3975
2016-06-02,14.09000015258789,14.09000015258789,13.100000381469727,13.25,13.25,849
2016-06-03,12.90999984741211,12.949999809265137,12.90999984741211,12.949999809265137,12.949999809265137,105
2016-06-06,13.0,13.0,13.0,13.0,13.0,2000
2016-06-07,12.350000381469727,13.069999694824219,12.350000381469727,13.069999694824219,13.069999694824219,2400
2016-06-08,13.720000267028809,13.720000267028809,13.720000267028809,13.720000267028809,13.720000267028809,300
2016-06-09,13.5600004196167,14.399999618530273,13.5600004196167,14.399999618530273,14.399999618530273,901
2016-06-10,14.9399995803833,14.9399995803833,14.899999618530273,14.899999618530273,14.899999618530273,1060
2016-06-13,15.449999809265137,15.449999809265137,15.449999809265137,15.449999809265137,15.449999809265137,20
2016-06-14,14.680000305175781,15.199999809265137,14.680000305175781,15.199999809265137,15.199999809265137,105
2016-06-15,15.850000381469727,15.850000381469727,15.779999732971191,15.779999732971191,15.779999732971191,15
2016-06-16,15.779999732971191,15.779999732971191,15.779999732971191,15.779999732971191,15.779999732971191,0
2016-06-17,15.779999732971191,15.779999732971191,15.779999732971191,15.779999732971191,15.779999732971191,0
2016-06-20,15.5,15.5,15.5,15.5,15.5,350
2016-06-21,15.470000267028809,15.489999771118164,14.729999542236328,15.109999656677246,15.109999656677246,1305
2016-06-22,14.569999694824219,15.8100004196167,14.5600004196167,15.8100004196167,15.8100004196167,801
2016-06-23,15.8100004196167,15.8100004196167,15.8100004196167,15.8100004196167,15.8100004196167,0
2016-06-24,15.020000457763672,15.020000457763672,15.020000457763672,15.020000457763672,15.020000457763672,1000
2016-06-27,14.270000457763672,14.270000457763672,14.270000457763672,14.270000457763672,14.270000457763672,1300
2016-06-28,14.270000457763672,14.270000457763672,14.270000457763672,14.270000457763672,14.270000457763672,0
2016-06-29,14.270000457763672,14.270000457763672,14.270000457763672,14.270000457763672,14.270000457763672,0
2016-06-30,13.649999618530273,14.699999809265137,13.630000114440918,14.140000343322754,14.140000343322754,4900
2016-07-01,15.390000343322754,15.390000343322754,14.149999618530273,14.149999618530273,14.149999618530273,1505
2016-07-04,15.5,15.5,14.149999618530273,14.170000076293945,14.170000076293945,1530
2016-07-05,14.170000076293945,14.170000076293945,14.170000076293945,14.170000076293945,14.170000076293945,0
2016-07-07,15.479999542236328,15.579999923706055,14.210000038146973,15.579999923706055,15.579999923706055,6450
2016-07-08,17.0,17.1299991607666,17.0,17.1299991607666,17.1299991607666,3764
2016-07-11,17.5,18.670000076293945,16.170000076293945,16.860000610351562,16.860000610351562,8406
2016-07-12,18.0,18.0,16.18000030517578,17.649999618530273,17.649999618530273,457
2016-07-13,17.700000762939453,17.75,17.510000228881836,17.510000228881836,17.510000228881836,767
2016-07-14,18.350000381469727,18.799999237060547,18.0,18.790000915527344,18.790000915527344,1919
2016-07-15,20.010000228881836,20.010000228881836,17.760000228881836,18.059999465942383,18.059999465942383,931
2016-07-18,18.0,18.0,18.0,18.0,18.0,408
2016-07-19,18.0,18.0,18.0,18.0,18.0,0
2016-07-20,16.850000381469727,18.93000030517578,16.31999969482422,16.6200008392334,16.6200008392334,1105
2016-07-21,16.010000228881836,17.440000534057617,16.010000228881836,17.440000534057617,17.440000534057617,100
2016-07-22,16.56999969482422,16.56999969482422,16.559999465942383,16.559999465942383,16.559999465942383,200
2016-07-25,16.520000457763672,17.0,16.520000457763672,17.0,17.0,9350
2016-07-26,16.809999465942383,16.809999465942383,16.809999465942383,16.809999465942383,16.809999465942383,600
2016-07-27,17.0,17.0,16.15999984741211,17.0,17.0,1103
2016-07-28,17.0,17.0,17.0,17.0,17.0,1
2016-07-29,17.0,17.0,17.0,17.0,17.0,0
2016-08-01,16.25,18.0,16.25,17.950000762939453,17.950000762939453,1826
2016-08-02,17.950000762939453,18.0,17.950000762939453,18.0,18.0,5000
2016-08-03,17.450000762939453,17.450000762939453,17.0,17.0,17.0,1000
2016-08-04,16.75,16.75,16.649999618530273,16.700000762939453,16.700000762939453,600
2016-08-05,16.549999237060547,16.549999237060547,16.549999237060547,16.549999237060547,16.549999237060547,1000
2016-08-08,16.600000381469727,17.100000381469727,16.600000381469727,17.100000381469727,17.100000381469727,400
2016-08-09,17.899999618530273,18.0,17.899999618530273,18.0,18.0,100
2016-08-10,17.100000381469727,17.100000381469727,17.049999237060547,17.049999237060547,17.049999237060547,2550
2016-08-11,15.699999809265137,17.0,15.699999809265137,16.299999237060547,16.299999237060547,1909
2016-08-12,16.0,16.299999237060547,15.800000190734863,16.100000381469727,16.100000381469727,3603
2016-08-16,15.199999809265137,16.75,15.199999809265137,16.75,16.75,310
2016-08-17,17.0,17.0,17.0,17.0,17.0,10
2016-08-18,15.350000381469727,17.0,15.350000381469727,17.0,17.0,210
2016-08-19,15.399999618530273,16.100000381469727,15.399999618530273,16.100000381469727,16.100000381469727,360
2016-08-22,18.450000762939453,18.450000762939453,15.600000381469727,16.25,16.25,1062
2016-08-23,15.600000381469727,16.450000762939453,15.600000381469727,16.450000762939453,16.450000762939453,210
2016-08-24,15.25,16.899999618530273,15.100000381469727,16.899999618530273,16.899999618530273,525
2016-08-25,16.899999618530273,16.899999618530273,16.899999618530273,16.899999618530273,16.899999618530273,0
2016-08-26,16.899999618530273,16.899999618530273,16.899999618530273,16.899999618530273,16.899999618530273,0
2016-08-29,16.899999618530273,16.899999618530273,16.899999618530273,16.899999618530273,16.899999618530273,10
2016-08-30,15.899999618530273,16.700000762939453,15.899999618530273,16.450000762939453,16.450000762939453,311
2016-08-31,15.550000190734863,16.450000762939453,15.550000190734863,16.450000762939453,16.450000762939453,120
2016-09-01,18.0,18.0,15.100000381469727,15.949999809265137,15.949999809265137,2243
2016-09-02,15.25,16.649999618530273,15.25,16.649999618530273,16.649999618530273,160
2016-09-06,16.0,16.0,15.149999618530273,15.800000190734863,15.800000190734863,3010
2016-09-07,16.799999237060547,16.799999237060547,15.25,15.699999809265137,15.699999809265137,1562
2016-09-08,14.149999618530273,15.899999618530273,14.149999618530273,15.300000190734863,15.300000190734863,1449
2016-09-09,15.199999809265137,15.75,15.199999809265137,15.649999618530273,15.649999618530273,1455
2016-09-12,15.5,15.899999618530273,15.0,15.899999618530273,15.899999618530273,102
2016-09-14,15.0,15.75,14.550000190734863,15.300000190734863,15.300000190734863,1482
2016-09-15,15.899999618530273,15.899999618530273,15.899999618530273,15.899999618530273,15.899999618530273,20
2016-09-16,14.550000190734863,15.699999809265137,14.550000190734863,15.699999809265137,15.699999809265137,201
2016-09-19,15.899999618530273,16.399999618530273,15.899999618530273,16.25,16.25,75
2016-09-20,16.25,16.25,16.25,16.25,16.25,0
2016-09-21,14.300000190734863,15.5,14.25,15.449999809265137,15.449999809265137,680
2016-09-22,15.5,15.5,14.550000190734863,15.050000190734863,15.050000190734863,1020
2016-09-23,15.050000190734863,15.050000190734863,15.050000190734863,15.050000190734863,15.050000190734863,0
2016-09-26,15.0,15.0,14.0,14.050000190734863,14.050000190734863,2200
2016-09-27,13.550000190734863,15.5,13.550000190734863,15.25,15.25,6110
2016-09-28,15.25,15.25,14.25,14.5,14.5,40300
2016-09-29,14.199999809265137,14.199999809265137,14.149999618530273,14.149999618530273,14.149999618530273,750
2016-09-30,13.5,15.350000381469727,13.050000190734863,14.399999618530273,14.399999618530273,226
2016-10-03,13.079999923706055,14.300000190734863,13.0,13.510000228881836,13.510000228881836,5451
2016-10-04,13.130000114440918,15.100000381469727,13.119999885559082,15.100000381469727,15.100000381469727,116
2016-10-05,15.100000381469727,15.100000381469727,15.100000381469727,15.100000381469727,15.100000381469727,0
2016-10-06,14.25,15.350000381469727,14.25,15.350000381469727,15.350000381469727,512
2016-10-07,15.25,15.25,15.25,15.25,15.25,200
2016-10-10,16.5,16.5,16.5,16.5,16.5,100
2016-10-13,16.5,16.5,16.5,16.5,16.5,0
2016-10-14,13.789999961853027,15.380000114440918,13.789999961853027,15.380000114440918,15.380000114440918,100
2016-10-17,15.5,15.5,13.869999885559082,15.479999542236328,15.479999542236328,3030
2016-10-18,13.229999542236328,15.479999542236328,13.220000267028809,15.479999542236328,15.479999542236328,300
2016-10-19,15.479999542236328,15.479999542236328,15.479999542236328,15.479999542236328,15.479999542236328,0
2016-10-20,15.25,15.260000228881836,15.25,15.260000228881836,15.260000228881836,2
2016-10-21,13.489999771118164,15.229999542236328,13.489999771118164,14.220000267028809,14.220000267028809,5993
2016-10-24,15.449999809265137,15.449999809265137,15.300000190734863,15.300000190734863,15.300000190734863,502
2016-10-25,15.0,15.170000076293945,14.09000015258789,14.25,14.25,1601
2016-10-26,14.989999771118164,14.989999771118164,14.989999771118164,14.989999771118164,14.989999771118164,1
2016-10-27,14.989999771118164,14.989999771118164,14.989999771118164,14.989999771118164,14.989999771118164,0
2016-10-28,13.289999961853027,14.970000267028809,13.289999961853027,14.819999694824219,14.819999694824219,7009
2016-11-01,14.050000190734863,14.920000076293945,13.619999885559082,13.649999618530273,13.649999618530273,4410
2016-11-02,13.649999618530273,13.649999618530273,13.649999618530273,13.649999618530273,13.649999618530273,0
2016-11-03,13.600000381469727,13.970000267028809,13.5,13.970000267028809,13.970000267028809,3220
2016-11-04,13.0,13.949999809265137,13.0,13.949999809265137,13.949999809265137,1100
2016-11-07,13.949999809265137,13.949999809265137,13.949999809265137,13.949999809265137,13.949999809265137,0
2016-11-08,13.989999771118164,13.989999771118164,13.989999771118164,13.989999771118164,13.989999771118164,1
2016-11-09,13.0,14.3100004196167,13.0,14.25,14.25,3193
2016-11-10,13.050000190734863,13.880000114440918,13.050000190734863,13.880000114440918,13.880000114440918,345
2016-11-11,13.5,13.869999885559082,13.5,13.869999885559082,13.869999885559082,1115
2016-11-15,13.869999885559082,13.869999885559082,13.869999885559082,13.869999885559082,13.869999885559082,0
2016-11-16,12.899999618530273,12.899999618530273,12.020000457763672,12.260000228881836,12.260000228881836,2010
2016-11-17,13.460000038146973,13.460000038146973,12.300000190734863,13.40999984741211,13.40999984741211,22
2016-11-18,12.010000228881836,13.0,10.729999542236328,10.729999542236328,10.729999542236328,32140
2016-11-21,10.199999809265137,10.199999809265137,8.800000190734863,8.9399995803833,8.9399995803833,13475
2016-11-22,8.949999809265137,9.399999618530273,8.300000190734863,9.25,9.25,4408
2016-11-23,9.0,9.289999961853027,8.800000190734863,8.850000381469727,8.850000381469727,3800
2016-11-24,8.65999984741211,9.0,8.65999984741211,9.0,9.0,7301
2016-11-25,8.609999656677246,9.0,8.609999656677246,9.0,9.0,774
2016-11-28,8.949999809265137,9.899999618530273,8.949999809265137,9.899999618530273,9.899999618530273,11515
2016-11-29,10.020000457763672,10.289999961853027,9.850000381469727,10.0600004196167,10.0600004196167,5851
2016-11-30,10.390000343322754,10.399999618530273,9.65999984741211,10.399999618530273,10.399999618530273,870
2016-12-01,10.420000076293945,11.4399995803833,10.40999984741211,11.4399995803833,11.4399995803833,22893
2016-12-02,12.010000228881836,12.010000228881836,11.109999656677246,11.539999961853027,11.539999961853027,13750
2016-12-05,11.199999809265137,11.760000228881836,10.970000267028809,11.0,11.0,3998
2016-12-06,11.460000038146973,11.460000038146973,10.510000228881836,11.180000305175781,11.180000305175781,1548
2016-12-07,10.699999809265137,11.130000114440918,10.630000114440918,11.130000114440918,11.130000114440918,353
2016-12-08,10.579999923706055,11.380000114440918,10.579999923706055,11.300000190734863,11.300000190734863,158
2016-12-09,11.569999694824219,11.579999923706055,11.569999694824219,11.579999923706055,11.579999923706055,40
2016-12-12,12.050000190734863,12.050000190734863,11.010000228881836,11.050000190734863,11.050000190734863,1548
2016-12-13,11.050000190734863,11.050000190734863,11.050000190734863,11.050000190734863,11.050000190734863,0
2016-12-14,11.0,11.0,11.0,11.0,11.0,1
2016-12-15,10.460000038146973,11.529999732971191,10.460000038146973,11.529999732971191,11.529999732971191,1001
2016-12-16,11.529999732971191,11.529999732971191,11.529999732971191,11.529999732971191,11.529999732971191,0
2016-12-19,10.960000038146973,10.960000038146973,10.960000038146973,10.960000038146973,10.960000038146973,200
2016-12-20,11.460000038146973,11.460000038146973,10.5600004196167,11.300000190734863,11.300000190734863,174
2016-12-21,11.300000190734863,11.300000190734863,11.300000190734863,11.300000190734863,11.300000190734863,0
2016-12-22,11.300000190734863,11.300000190734863,11.300000190734863,11.300000190734863,11.300000190734863,0
2016-12-23,11.59000015258789,11.59000015258789,11.59000015258789,11.59000015258789,11.59000015258789,10
2016-12-26,11.4399995803833,11.4399995803833,11.350000381469727,11.350000381469727,11.350000381469727,2
2016-12-27,11.350000381469727,11.350000381469727,11.350000381469727,11.350000381469727,11.350000381469727,0
2016-12-28,11.760000228881836,11.760000228881836,11.760000228881836,11.760000228881836,11.760000228881836,10
2016-12-29,11.180000305175781,11.180000305175781,11.180000305175781,11.180000305175781,11.180000305175781,12
2016-12-30,11.25,11.25,11.0,11.130000114440918,11.130000114440918,22
2017-01-02,10.960000038146973,11.0,10.960000038146973,10.970000267028809,10.970000267028809,1244
2017-01-03,10.579999923706055,11.0,10.4399995803833,10.460000038146973,10.460000038146973,1112
2017-01-04,10.460000038146973,10.460000038146973,10.460000038146973,10.460000038146973,10.460000038146973,0
2017-01-05,10.460000038146973,10.460000038146973,10.460000038146973,10.460000038146973,10.460000038146973,0
2017-01-06,10.460000038146973,10.460000038146973,10.460000038146973,10.460000038146973,10.460000038146973,0
2017-01-09,10.09000015258789,10.09000015258789,10.079999923706055,10.079999923706055,10.079999923706055,856
2017-01-10,10.130000114440918,10.130000114440918,10.130000114440918,10.130000114440918,10.130000114440918,50
2017-01-11,9.970000267028809,10.25,9.960000038146973,10.25,10.25,954
2017-01-12,10.25,10.25,10.25,10.25,10.25,0
2017-01-13,10.760000228881836,10.760000228881836,10.760000228881836,10.760000228881836,10.760000228881836,1
2017-01-16,11.119999885559082,11.119999885559082,11.119999885559082,11.119999885559082,11.119999885559082,50
2017-01-17,11.119999885559082,11.119999885559082,11.119999885559082,11.119999885559082,11.119999885559082,0
2017-01-18,11.59000015258789,11.670000076293945,10.569999694824219,11.569999694824219,11.569999694824219,14301
2017-01-19,11.699999809265137,11.949999809265137,11.350000381469727,11.800000190734863,11.800000190734863,3602
2017-01-20,11.899999618530273,12.380000114440918,11.899999618530273,12.130000114440918,12.130000114440918,6437
2017-01-23,12.699999809265137,12.699999809265137,12.050000190734863,12.479999542236328,12.479999542236328,1376
2017-01-24,13.0,13.0,11.899999618530273,12.739999771118164,12.739999771118164,771
2017-01-25,12.739999771118164,13.34000015258789,12.210000038146973,12.369999885559082,12.369999885559082,7287
2017-01-27,11.770000457763672,12.779999732971191,11.770000457763672,12.550000190734863,12.550000190734863,1010
2017-01-30,12.899999618530273,12.899999618530273,11.930000305175781,12.0,12.0,1064
2017-01-31,12.0,12.0,12.0,12.0,12.0,0
2017-02-01,12.289999961853027,12.289999961853027,11.699999809265137,11.699999809265137,11.699999809265137,2371
2017-02-02,11.989999771118164,11.989999771118164,11.699999809265137,11.710000038146973,11.710000038146973,235
2017-02-03,12.199999809265137,12.199999809265137,11.550000190734863,11.550000190734863,11.550000190734863,664
2017-02-06,12.0,12.0,11.25,11.25,11.25,3047
2017-02-07,11.479999542236328,12.34000015258789,11.479999542236328,11.600000381469727,11.600000381469727,2506
2017-02-08,12.140000343322754,12.140000343322754,12.140000343322754,12.140000343322754,12.140000343322754,10
2017-02-09,11.979999542236328,11.979999542236328,11.600000381469727,11.970000267028809,11.970000267028809,1534
2017-02-10,11.899999618530273,12.0,11.319999694824219,11.6899995803833,11.6899995803833,1998
2017-02-13,11.210000038146973,11.600000381469727,11.199999809265137,11.229999542236328,11.229999542236328,1809
2017-02-14,11.199999809265137,11.84000015258789,11.0,11.199999809265137,11.199999809265137,1849
2017-02-15,11.199999809265137,11.640000343322754,10.75,11.010000228881836,11.010000228881836,3983
2017-02-16,11.489999771118164,11.800000190734863,11.489999771118164,11.800000190734863,11.800000190734863,261
2017-02-17,12.0,12.0,11.0,11.949999809265137,11.949999809265137,106
2017-02-20,11.199999809265137,11.199999809265137,11.199999809265137,11.199999809265137,11.199999809265137,594
2017-02-21,11.0,11.890000343322754,11.0,11.890000343322754,11.890000343322754,1009
2017-02-22,11.0,11.899999618530273,10.90999984741211,11.890000343322754,11.890000343322754,2764
2017-02-23,11.0,11.989999771118164,11.0,11.949999809265137,11.949999809265137,190
2017-02-27,11.029999732971191,12.399999618530273,11.029999732971191,11.029999732971191,11.029999732971191,2022
2017-02-28,10.720000267028809,12.0,10.59000015258789,10.90999984741211,10.90999984741211,3345
2017-03-01,11.0600004196167,12.0,11.0600004196167,12.0,12.0,3360
2017-03-02,12.399999618530273,12.899999618530273,11.90999984741211,12.300000190734863,12.300000190734863,1126
2017-03-03,11.420000076293945,12.979999542236328,11.420000076293945,12.680000305175781,12.680000305175781,259
2017-03-06,11.5,13.59000015258789,11.5,12.199999809265137,12.199999809265137,1827
2017-03-07,13.029999732971191,13.029999732971191,11.510000228881836,12.529999732971191,12.529999732971191,256
2017-03-08,12.0,12.880000114440918,11.399999618530273,12.359999656677246,12.359999656677246,431
2017-03-09,12.979999542236328,12.979999542236328,11.199999809265137,11.720000267028809,11.720000267028809,2337
2017-03-10,11.010000228881836,12.579999923706055,10.960000038146973,12.460000038146973,12.460000038146973,1439
2017-03-14,11.949999809265137,11.949999809265137,11.460000038146973,11.880000114440918,11.880000114440918,2050
2017-03-15,10.800000190734863,12.4399995803833,10.800000190734863,11.960000038146973,11.960000038146973,2766
2017-03-16,11.039999961853027,11.5,11.0,11.5,11.5,1082
2017-03-17,10.949999809265137,11.899999618530273,10.800000190734863,11.770000457763672,11.770000457763672,1090
2017-03-20,12.289999961853027,12.289999961853027,10.619999885559082,11.079999923706055,11.079999923706055,1430
2017-03-21,11.600000381469727,11.600000381469727,11.079999923706055,11.5,11.5,85
2017-03-22,11.5,11.5,11.5,11.5,11.5,0
2017-03-23,12.180000305175781,12.180000305175781,10.399999618530273,10.989999771118164,10.989999771118164,4795
2017-03-24,10.75,11.699999809265137,10.75,10.930000305175781,10.930000305175781,3770
2017-03-27,11.0,11.449999809265137,11.0,11.029999732971191,11.029999732971191,3561
2017-03-28,10.699999809265137,11.5,10.699999809265137,10.710000038146973,10.710000038146973,205
2017-03-29,10.520000457763672,10.729999542236328,10.520000457763672,10.720000267028809,10.720000267028809,3478
2017-03-30,11.0,11.010000228881836,10.489999771118164,10.600000381469727,10.600000381469727,5330
2017-03-31,11.529999732971191,11.529999732971191,10.390000343322754,10.390000343322754,10.390000343322754,1131
2017-04-03,9.609999656677246,11.300000190734863,9.609999656677246,11.0,11.0,602
2017-04-05,11.0,11.0,11.0,11.0,11.0,0
2017-04-06,11.0,11.0,10.649999618530273,10.699999809265137,10.699999809265137,1002
2017-04-07,10.289999961853027,11.699999809265137,10.289999961853027,10.59000015258789,10.59000015258789,1012
2017-04-10,10.640000343322754,12.220000267028809,10.640000343322754,12.140000343322754,12.140000343322754,52
2017-04-11,12.680000305175781,12.739999771118164,11.539999961853027,12.300000190734863,12.300000190734863,27536
2017-04-12,12.550000190734863,12.550000190734863,12.550000190734863,12.550000190734863,12.550000190734863,100
2017-04-13,12.550000190734863,12.550000190734863,12.550000190734863,12.550000190734863,12.550000190734863,0
2017-04-17,11.930000305175781,11.930000305175781,11.930000305175781,11.930000305175781,11.930000305175781,5000
2017-04-18,11.949999809265137,11.979999542236328,11.350000381469727,11.350000381469727,11.350000381469727,503
2017-04-19,11.699999809265137,11.699999809265137,11.699999809265137,11.699999809265137,11.699999809265137,10
2017-04-20,11.119999885559082,11.739999771118164,11.119999885559082,11.739999771118164,11.739999771118164,5600
2017-04-21,11.15999984741211,11.199999809265137,11.15999984741211,11.199999809265137,11.199999809265137,5425
2017-04-24,10.75,11.5,10.75,11.5,11.5,95
2017-04-25,11.5,11.5,11.5,11.5,11.5,0
2017-04-26,11.5,11.899999618530273,11.5,11.899999618530273,11.899999618530273,400
2017-04-27,11.3100004196167,11.800000190734863,11.3100004196167,11.800000190734863,11.800000190734863,534
2017-04-28,11.800000190734863,11.819999694824219,11.800000190734863,11.819999694824219,11.819999694824219,500
2017-05-02,11.819999694824219,11.819999694824219,11.229999542236328,11.229999542236328,11.229999542236328,3291
2017-05-03,10.75,10.75,10.75,10.75,10.75,30
2017-05-04,10.25,10.25,10.25,10.25,10.25,200
2017-05-05,10.75,10.760000228881836,9.850000381469727,9.850000381469727,9.850000381469727,3975
2017-05-08,9.5600004196167,10.34000015258789,9.550000190734863,10.34000015258789,10.34000015258789,1500
2017-05-09,10.850000381469727,10.850000381469727,10.850000381469727,10.850000381469727,10.850000381469727,1200
2017-05-10,10.3100004196167,11.390000343322754,10.3100004196167,11.390000343322754,11.390000343322754,9700
2017-05-11,10.850000381469727,10.880000114440918,10.829999923706055,10.829999923706055,10.829999923706055,1616
2017-05-12,10.289999961853027,10.289999961853027,10.289999961853027,10.289999961853027,10.289999961853027,700
2017-05-15,10.010000228881836,10.010000228881836,10.0,10.0,10.0,5200
2017-05-16,9.569999694824219,10.5,9.569999694824219,10.5,10.5,505
2017-05-17,10.5,10.5,10.5,10.5,10.5,0
2017-05-18,10.5,10.5,10.010000228881836,10.010000228881836,10.010000228881836,225
2017-05-19,10.510000228881836,10.510000228881836,10.510000228881836,10.510000228881836,10.510000228881836,144
2017-05-22,10.0,10.0,10.0,10.0,10.0,1000
2017-05-23,10.0,10.0,10.0,10.0,10.0,0
2017-05-24,10.0,10.0,10.0,10.0,10.0,0
2017-05-25,10.0,10.0,10.0,10.0,10.0,0
2017-05-26,10.0,10.0,10.0,10.0,10.0,0
2017-05-29,10.0,10.0,10.0,10.0,10.0,0
2017-05-30,10.0,10.0,10.0,10.0,10.0,0
2017-05-31,10.0,10.0,10.0,10.0,10.0,0
2017-06-01,10.0,10.0,10.0,10.0,10.0,0
2017-06-02,10.0,10.0,10.0,10.0,10.0,0
2017-06-05,10.0,10.0,10.0,10.0,10.0,0
2017-06-06,9.5,9.5,9.5,9.5,9.5,600
2017-06-07,9.5,9.5,9.5,9.5,9.5,0
2017-06-08,9.5,9.5,9.5,9.5,9.5,0
2017-06-09,9.5,9.5,9.5,9.5,9.5,0
2017-06-12,9.5,9.5,9.5,9.5,9.5,0
2017-06-13,9.5,9.5,9.5,9.5,9.5,3
2017-06-14,9.5,9.5,9.5,9.5,9.5,0
2017-06-15,9.5,9.5,9.5,9.5,9.5,0
2017-06-16,9.5,9.5,9.5,9.5,9.5,0
2017-06-19,9.5,9.5,9.5,9.5,9.5,0
2017-06-20,9.5,9.5,9.5,9.5,9.5,0
2017-06-21,9.5,9.5,9.5,9.5,9.5,0
2017-06-22,9.5,9.5,9.5,9.5,9.5,0
2017-06-23,9.029999732971191,9.029999732971191,9.029999732971191,9.029999732971191,9.029999732971191,100
2017-06-27,9.029999732971191,9.029999732971191,9.029999732971191,9.029999732971191,9.029999732971191,0
2017-06-28,9.029999732971191,9.029999732971191,9.029999732971191,9.029999732971191,9.029999732971191,0
2017-06-29,9.029999732971191,9.029999732971191,9.029999732971191,9.029999732971191,9.029999732971191,0
2017-06-30,9.029999732971191,9.029999732971191,9.029999732971191,9.029999732971191,9.029999732971191,0
2017-07-03,9.029999732971191,9.029999732971191,9.029999732971191,9.029999732971191,9.029999732971191,0
2017-07-04,9.029999732971191,9.029999732971191,9.029999732971191,9.029999732971191,9.029999732971191,0
2017-07-05,9.029999732971191,9.029999732971191,9.029999732971191,9.029999732971191,9.029999732971191,0
2017-07-06,9.029999732971191,9.029999732971191,9.029999732971191,9.029999732971191,9.029999732971191,30
2017-07-07,9.029999732971191,9.029999732971191,9.029999732971191,9.029999732971191,9.029999732971191,0
2017-07-10,9.029999732971191,9.029999732971191,9.029999732971191,9.029999732971191,9.029999732971191,0
2017-07-11,9.029999732971191,9.029999732971191,9.029999732971191,9.029999732971191,9.029999732971191,0
2017-07-12,9.029999732971191,9.029999732971191,9.029999732971191,9.029999732971191,9.029999732971191,0
2017-07-13,9.029999732971191,9.029999732971191,9.029999732971191,9.029999732971191,9.029999732971191,0
2017-07-14,9.029999732971191,9.029999732971191,9.029999732971191,9.029999732971191,9.029999732971191,0
2017-07-17,9.029999732971191,9.029999732971191,9.029999732971191,9.029999732971191,9.029999732971191,0
2017-07-18,9.029999732971191,9.029999732971191,9.029999732971191,9.029999732971191,9.029999732971191,0
2017-07-19,9.029999732971191,9.029999732971191,9.029999732971191,9.029999732971191,9.029999732971191,0
2017-07-20,9.029999732971191,9.029999732971191,9.029999732971191,9.029999732971191,9.029999732971191,0
2017-07-21,9.029999732971191,9.029999732971191,9.029999732971191,9.029999732971191,9.029999732971191,0
2017-07-24,9.029999732971191,9.029999732971191,9.029999732971191,9.029999732971191,9.029999732971191,0
2017-07-25,8.579999923706055,8.579999923706055,8.579999923706055,8.579999923706055,8.579999923706055,100
2017-07-26,8.579999923706055,8.579999923706055,8.579999923706055,8.579999923706055,8.579999923706055,0
2017-07-27,8.579999923706055,8.579999923706055,8.579999923706055,8.579999923706055,8.579999923706055,0
2017-07-28,8.579999923706055,8.579999923706055,8.579999923706055,8.579999923706055,8.579999923706055,0
2017-07-31,8.579999923706055,8.579999923706055,8.579999923706055,8.579999923706055,8.579999923706055,0
2017-08-01,8.579999923706055,8.579999923706055,8.579999923706055,8.579999923706055,8.579999923706055,0
2017-08-02,8.579999923706055,8.579999923706055,8.579999923706055,8.579999923706055,8.579999923706055,0
2017-08-03,8.579999923706055,8.579999923706055,8.579999923706055,8.579999923706055,8.579999923706055,0
2017-08-04,8.579999923706055,8.579999923706055,8.579999923706055,8.579999923706055,8.579999923706055,0
2017-08-07,8.579999923706055,8.579999923706055,8.579999923706055,8.579999923706055,8.579999923706055,0
2017-08-08,8.579999923706055,8.579999923706055,8.579999923706055,8.579999923706055,8.579999923706055,0
2017-08-09,8.579999923706055,8.579999923706055,8.579999923706055,8.579999923706055,8.579999923706055,0
2017-08-10,8.579999923706055,8.579999923706055,8.579999923706055,8.579999923706055,8.579999923706055,0
2017-08-11,8.579999923706055,8.579999923706055,8.579999923706055,8.579999923706055,8.579999923706055,0
2017-08-14,8.579999923706055,8.579999923706055,8.579999923706055,8.579999923706055,8.579999923706055,0
2017-08-16,8.579999923706055,8.579999923706055,8.579999923706055,8.579999923706055,8.579999923706055,0
2017-08-17,8.579999923706055,8.579999923706055,8.579999923706055,8.579999923706055,8.579999923706055,0
2017-08-18,8.579999923706055,8.579999923706055,8.579999923706055,8.579999923706055,8.579999923706055,0
2017-08-21,8.579999923706055,8.579999923706055,8.579999923706055,8.579999923706055,8.579999923706055,0
2017-08-22,8.579999923706055,8.579999923706055,8.579999923706055,8.579999923706055,8.579999923706055,0
2017-08-23,8.579999923706055,8.579999923706055,8.579999923706055,8.579999923706055,8.579999923706055,0
2017-08-24,8.579999923706055,8.579999923706055,8.579999923706055,8.579999923706055,8.579999923706055,0
2017-08-28,8.579999923706055,8.579999923706055,8.579999923706055,8.579999923706055,8.579999923706055,0
2017-08-29,8.579999923706055,8.579999923706055,8.579999923706055,8.579999923706055,8.579999923706055,0
2017-08-30,8.579999923706055,8.579999923706055,8.579999923706055,8.579999923706055,8.579999923706055,0
2017-08-31,8.579999923706055,8.579999923706055,8.579999923706055,8.579999923706055,8.579999923706055,0
2017-09-01,8.579999923706055,8.579999923706055,8.579999923706055,8.579999923706055,8.579999923706055,0
2017-09-04,8.579999923706055,8.579999923706055,8.579999923706055,8.579999923706055,8.579999923706055,0
2017-09-05,8.579999923706055,8.579999923706055,8.579999923706055,8.579999923706055,8.579999923706055,0
2017-09-06,8.579999923706055,8.579999923706055,8.579999923706055,8.579999923706055,8.579999923706055,0
2017-09-07,8.15999984741211,8.15999984741211,8.15999984741211,8.15999984741211,8.15999984741211,5000
2017-09-08,8.15999984741211,8.15999984741211,8.15999984741211,8.15999984741211,8.15999984741211,0
2017-09-11,7.760000228881836,7.760000228881836,7.760000228881836,7.760000228881836,7.760000228881836,9261
2017-09-12,7.380000114440918,7.400000095367432,7.380000114440918,7.380000114440918,7.380000114440918,22494
2017-09-13,7.380000114440918,7.380000114440918,7.380000114440918,7.380000114440918,7.380000114440918,0
2017-09-14,7.380000114440918,7.380000114440918,7.380000114440918,7.380000114440918,7.380000114440918,0
2017-09-15,7.380000114440918,7.380000114440918,7.380000114440918,7.380000114440918,7.380000114440918,0
2017-09-18,7.380000114440918,7.380000114440918,7.380000114440918,7.380000114440918,7.380000114440918,0
2017-09-19,7.380000114440918,7.380000114440918,7.380000114440918,7.380000114440918,7.380000114440918,0
2017-09-20,7.380000114440918,7.380000114440918,7.380000114440918,7.380000114440918,7.380000114440918,0
2017-09-21,7.380000114440918,7.380000114440918,7.380000114440918,7.380000114440918,7.380000114440918,0
2017-09-22,7.380000114440918,7.380000114440918,7.380000114440918,7.380000114440918,7.380000114440918,0
2017-09-25,7.380000114440918,7.380000114440918,7.380000114440918,7.380000114440918,7.380000114440918,0
2017-09-26,7.380000114440918,7.380000114440918,7.380000114440918,7.380000114440918,7.380000114440918,0
2017-09-27,7.380000114440918,7.380000114440918,7.380000114440918,7.380000114440918,7.380000114440918,0
2017-09-28,7.380000114440918,7.380000114440918,7.380000114440918,7.380000114440918,7.380000114440918,0
2017-09-29,7.380000114440918,7.380000114440918,7.380000114440918,7.380000114440918,7.380000114440918,0
2017-10-03,7.380000114440918,7.380000114440918,7.380000114440918,7.380000114440918,7.380000114440918,0
2017-10-04,7.380000114440918,7.380000114440918,7.380000114440918,7.380000114440918,7.380000114440918,0
2017-10-05,7.380000114440918,7.380000114440918,7.380000114440918,7.380000114440918,7.380000114440918,0
2017-10-06,7.380000114440918,7.380000114440918,7.380000114440918,7.380000114440918,7.380000114440918,0
2017-10-09,7.380000114440918,7.380000114440918,7.380000114440918,7.380000114440918,7.380000114440918,0
2017-10-10,7.380000114440918,7.380000114440918,7.380000114440918,7.380000114440918,7.380000114440918,0
2017-10-11,7.380000114440918,7.380000114440918,7.380000114440918,7.380000114440918,7.380000114440918,0
2017-10-12,7.380000114440918,7.380000114440918,7.380000114440918,7.380000114440918,7.380000114440918,0
2017-10-13,7.380000114440918,7.380000114440918,7.380000114440918,7.380000114440918,7.380000114440918,0
2017-10-16,7.380000114440918,7.380000114440918,7.380000114440918,7.380000114440918,7.380000114440918,0
2017-10-17,7.380000114440918,7.380000114440918,7.380000114440918,7.380000114440918,7.380000114440918,0
2017-10-18,7.71999979019165,7.71999979019165,7.71999979019165,7.71999979019165,7.71999979019165,300
2017-10-19,7.71999979019165,7.71999979019165,7.71999979019165,7.71999979019165,7.71999979019165,0
2017-10-23,7.340000152587891,7.340000152587891,7.340000152587891,7.340000152587891,7.340000152587891,300
2017-10-24,6.980000019073486,6.989999771118164,6.980000019073486,6.980000019073486,6.980000019073486,3294
2017-10-25,6.980000019073486,6.980000019073486,6.980000019073486,6.980000019073486,6.980000019073486,0
2017-10-26,7.0,7.0,7.0,7.0,7.0,40
2017-10-27,6.659999847412109,7.0,6.650000095367432,7.0,7.0,2275
2017-10-30,7.0,7.0,7.0,7.0,7.0,0
2017-10-31,7.0,7.0,7.0,7.0,7.0,0
2017-11-01,7.0,7.0,7.0,7.0,7.0,0
2017-11-02,7.0,7.0,7.0,7.0,7.0,0
2017-11-03,6.650000095367432,6.650000095367432,6.650000095367432,6.650000095367432,6.650000095367432,1400
2017-11-06,6.320000171661377,6.320000171661377,6.320000171661377,6.320000171661377,6.320000171661377,1160
2017-11-07,6.320000171661377,6.320000171661377,6.320000171661377,6.320000171661377,6.320000171661377,0
2017-11-08,6.010000228881836,6.010000228881836,6.010000228881836,6.010000228881836,6.010000228881836,500
2017-11-09,5.710000038146973,5.710000038146973,5.710000038146973,5.710000038146973,5.710000038146973,600
2017-11-10,5.710000038146973,5.710000038146973,5.710000038146973,5.710000038146973,5.710000038146973,0
2017-11-13,5.710000038146973,5.710000038146973,5.710000038146973,5.710000038146973,5.710000038146973,0
2017-11-14,5.710000038146973,5.710000038146973,5.710000038146973,5.710000038146973,5.710000038146973,0
2017-11-15,5.710000038146973,5.710000038146973,5.710000038146973,5.710000038146973,5.710000038146973,0
2017-11-16,5.710000038146973,5.710000038146973,5.710000038146973,5.710000038146973,5.710000038146973,0
2017-11-17,5.710000038146973,5.710000038146973,5.710000038146973,5.710000038146973,5.710000038146973,0
2017-11-20,5.710000038146973,5.710000038146973,5.710000038146973,5.710000038146973,5.710000038146973,0
2017-11-21,5.710000038146973,5.710000038146973,5.710000038146973,5.710000038146973,5.710000038146973,0
2017-11-22,5.710000038146973,5.710000038146973,5.710000038146973,5.710000038146973,5.710000038146973,0
2017-11-23,5.710000038146973,5.710000038146973,5.710000038146973,5.710000038146973,5.710000038146973,0
2017-11-24,5.710000038146973,5.710000038146973,5.710000038146973,5.710000038146973,5.710000038146973,0
2017-11-27,5.710000038146973,5.710000038146973,5.710000038146973,5.710000038146973,5.710000038146973,0
2017-11-28,5.429999828338623,5.429999828338623,5.429999828338623,5.429999828338623,5.429999828338623,201
2017-11-29,5.429999828338623,5.429999828338623,5.429999828338623,5.429999828338623,5.429999828338623,0
2017-11-30,5.429999828338623,5.429999828338623,5.429999828338623,5.429999828338623,5.429999828338623,0
2017-12-01,5.699999809265137,5.699999809265137,5.699999809265137,5.699999809265137,5.699999809265137,45
2017-12-04,5.420000076293945,5.420000076293945,5.420000076293945,5.420000076293945,5.420000076293945,1500
2017-12-05,5.420000076293945,5.420000076293945,5.420000076293945,5.420000076293945,5.420000076293945,0
2017-12-06,5.420000076293945,5.420000076293945,5.420000076293945,5.420000076293945,5.420000076293945,0
2017-12-07,5.420000076293945,5.420000076293945,5.420000076293945,5.420000076293945,5.420000076293945,0
2017-12-08,5.420000076293945,5.420000076293945,5.420000076293945,5.420000076293945,5.420000076293945,0
2017-12-11,5.96999979019165,5.96999979019165,5.96999979019165,5.96999979019165,5.96999979019165,200
2017-12-12,5.96999979019165,5.96999979019165,5.96999979019165,5.96999979019165,5.96999979019165,0
2017-12-13,5.96999979019165,5.96999979019165,5.96999979019165,5.96999979019165,5.96999979019165,0
2017-12-14,5.96999979019165,5.96999979019165,5.96999979019165,5.96999979019165,5.96999979019165,0
2017-12-15,5.96999979019165,5.96999979019165,5.96999979019165,5.96999979019165,5.96999979019165,0
2017-12-18,5.699999809265137,6.260000228881836,5.699999809265137,6.260000228881836,6.260000228881836,1000
2017-12-19,6.0,6.019999980926514,6.0,6.0,6.0,1300
2017-12-20,5.699999809265137,6.300000190734863,5.699999809265137,6.300000190734863,6.300000190734863,4601
2017-12-21,6.300000190734863,6.300000190734863,6.300000190734863,6.300000190734863,6.300000190734863,0
2017-12-22,6.300000190734863,6.300000190734863,6.300000190734863,6.300000190734863,6.300000190734863,0
2017-12-26,6.300000190734863,6.300000190734863,6.300000190734863,6.300000190734863,6.300000190734863,0
2017-12-27,6.300000190734863,6.300000190734863,6.300000190734863,6.300000190734863,6.300000190734863,0
2017-12-28,6.300000190734863,6.300000190734863,6.300000190734863,6.300000190734863,6.300000190734863,0
2017-12-29,6.0,6.0,6.0,6.0,6.0,150
2018-01-01,6.300000190734863,6.300000190734863,6.300000190734863,6.300000190734863,6.300000190734863,234
2018-01-02,6.300000190734863,6.300000190734863,6.300000190734863,6.300000190734863,6.300000190734863,0
2018-01-03,6.300000190734863,6.300000190734863,6.300000190734863,6.300000190734863,6.300000190734863,0
2018-01-04,6.300000190734863,6.300000190734863,6.300000190734863,6.300000190734863,6.300000190734863,0
2018-01-05,6.300000190734863,6.300000190734863,6.300000190734863,6.300000190734863,6.300000190734863,0
2018-01-08,6.300000190734863,6.300000190734863,6.300000190734863,6.300000190734863,6.300000190734863,0
2018-01-09,6.300000190734863,6.300000190734863,6.300000190734863,6.300000190734863,6.300000190734863,0
2018-01-10,6.300000190734863,6.300000190734863,6.300000190734863,6.300000190734863,6.300000190734863,500
2018-01-11,6.300000190734863,6.300000190734863,6.300000190734863,6.300000190734863,6.300000190734863,0
2018-01-12,6.300000190734863,6.300000190734863,6.300000190734863,6.300000190734863,6.300000190734863,0
2018-01-15,7.559999942779541,7.559999942779541,7.559999942779541,7.559999942779541,7.559999942779541,3
2018-01-16,7.559999942779541,7.559999942779541,7.559999942779541,7.559999942779541,7.559999942779541,0
2018-01-17,9.970000267028809,9.970000267028809,9.970000267028809,9.970000267028809,9.970000267028809,700
2018-01-18,10.960000038146973,10.960000038146973,10.960000038146973,10.960000038146973,10.960000038146973,50
2018-01-19,12.050000190734863,12.050000190734863,11.84000015258789,12.050000190734863,12.050000190734863,16260
2018-01-22,12.649999618530273,12.649999618530273,12.649999618530273,12.649999618530273,12.649999618530273,600
2018-01-23,13.279999732971191,13.279999732971191,13.279999732971191,13.279999732971191,13.279999732971191,1100
2018-01-24,13.279999732971191,13.279999732971191,13.279999732971191,13.279999732971191,13.279999732971191,0
2018-01-25,13.279999732971191,13.279999732971191,13.279999732971191,13.279999732971191,13.279999732971191,0
2018-01-29,14.630000114440918,14.630000114440918,14.630000114440918,14.630000114440918,14.630000114440918,10956
2018-01-30,15.359999656677246,15.359999656677246,13.899999618530273,13.899999618530273,13.899999618530273,12356
2018-01-31,14.59000015258789,14.59000015258789,13.210000038146973,13.449999809265137,13.449999809265137,16332
2018-02-01,13.5,13.899999618530273,12.800000190734863,12.829999923706055,12.829999923706055,6116
2018-02-02,13.0,13.25,12.1899995803833,12.1899995803833,12.1899995803833,11144
2018-02-05,12.390000343322754,12.390000343322754,11.600000381469727,12.350000381469727,12.350000381469727,723
2018-02-06,12.350000381469727,12.350000381469727,12.350000381469727,12.350000381469727,12.350000381469727,0
2018-02-07,12.350000381469727,12.880000114440918,12.0,12.75,12.75,1252
2018-02-08,12.119999885559082,12.119999885559082,12.119999885559082,12.119999885559082,12.119999885559082,2500
2018-02-09,11.520000457763672,11.520000457763672,11.520000457763672,11.520000457763672,11.520000457763672,137
2018-02-12,11.989999771118164,11.989999771118164,11.989999771118164,11.989999771118164,11.989999771118164,10
2018-02-14,12.5,12.5,12.399999618530273,12.399999618530273,12.399999618530273,1011
2018-02-15,11.779999732971191,11.779999732971191,11.779999732971191,11.779999732971191,11.779999732971191,10
2018-02-16,11.199999809265137,11.199999809265137,11.199999809265137,11.199999809265137,11.199999809265137,5
2018-02-19,11.489999771118164,11.489999771118164,10.640000343322754,11.460000038146973,11.460000038146973,1141
2018-02-20,11.460000038146973,11.460000038146973,11.460000038146973,11.460000038146973,11.460000038146973,0
2018-02-21,11.460000038146973,11.460000038146973,11.460000038146973,11.460000038146973,11.460000038146973,0
2018-02-22,11.460000038146973,11.460000038146973,11.460000038146973,11.460000038146973,11.460000038146973,0
2018-02-23,11.460000038146973,11.460000038146973,11.460000038146973,11.460000038146973,11.460000038146973,0
2018-02-26,11.460000038146973,11.460000038146973,11.460000038146973,11.460000038146973,11.460000038146973,0
2018-02-27,10.350000381469727,10.350000381469727,10.350000381469727,10.350000381469727,10.350000381469727,200
2018-02-28,10.350000381469727,10.350000381469727,10.350000381469727,10.350000381469727,10.350000381469727,0
2018-03-01,9.350000381469727,9.350000381469727,9.350000381469727,9.350000381469727,9.350000381469727,200
2018-03-05,8.890000343322754,8.890000343322754,8.890000343322754,8.890000343322754,8.890000343322754,500
2018-03-06,8.890000343322754,8.890000343322754,8.890000343322754,8.890000343322754,8.890000343322754,0
2018-03-07,8.449999809265137,9.300000190734863,8.449999809265137,9.300000190734863,9.300000190734863,2
2018-03-08,9.300000190734863,9.300000190734863,9.300000190734863,9.300000190734863,9.300000190734863,0
2018-03-09,8.84000015258789,8.84000015258789,8.84000015258789,8.84000015258789,8.84000015258789,100
2018-03-12,8.399999618530273,8.399999618530273,8.399999618530273,8.399999618530273,8.399999618530273,200
2018-03-13,7.980000019073486,7.980000019073486,7.980000019073486,7.980000019073486,7.980000019073486,1420
2018-03-14,7.980000019073486,7.980000019073486,7.980000019073486,7.980000019073486,7.980000019073486,0
2018-03-15,8.0,8.0,8.0,8.0,8.0,10
2018-03-16,8.399999618530273,8.399999618530273,8.300000190734863,8.300000190734863,8.300000190734863,1001
2018-03-19,7.889999866485596,7.889999866485596,7.889999866485596,7.889999866485596,7.889999866485596,32
2018-03-20,7.889999866485596,7.889999866485596,7.889999866485596,7.889999866485596,7.889999866485596,0
2018-03-21,7.5,7.889999866485596,7.5,7.889999866485596,7.889999866485596,388
2018-03-22,7.5,7.889999866485596,7.5,7.849999904632568,7.849999904632568,1020
2018-03-23,7.460000038146973,7.800000190734863,7.460000038146973,7.800000190734863,7.800000190734863,1001
2018-03-26,7.409999847412109,7.409999847412109,7.409999847412109,7.409999847412109,7.409999847412109,25
2018-03-27,7.409999847412109,7.409999847412109,7.409999847412109,7.409999847412109,7.409999847412109,0
2018-03-28,7.409999847412109,7.409999847412109,7.409999847412109,7.409999847412109,7.409999847412109,0
2018-04-02,7.050000190734863,7.050000190734863,7.039999961853027,7.039999961853027,7.039999961853027,1051
2018-04-03,7.389999866485596,7.389999866485596,7.389999866485596,7.389999866485596,7.389999866485596,10
2018-04-04,7.75,7.75,7.75,7.75,7.75,1
2018-04-05,8.119999885559082,8.119999885559082,7.889999866485596,7.889999866485596,7.889999866485596,400
2018-04-06,8.279999732971191,8.279999732971191,7.989999771118164,8.0,8.0,4760
2018-04-09,8.0,8.0,8.0,8.0,8.0,20
2018-04-10,7.599999904632568,7.599999904632568,7.599999904632568,7.599999904632568,7.599999904632568,100
2018-04-11,7.599999904632568,7.599999904632568,7.599999904632568,7.599999904632568,7.599999904632568,0
2018-04-12,7.21999979019165,7.21999979019165,7.21999979019165,7.21999979019165,7.21999979019165,50
2018-04-13,6.900000095367432,7.0,6.900000095367432,7.0,7.0,22255
2018-04-16,7.349999904632568,7.349999904632568,6.650000095367432,6.650000095367432,6.650000095367432,1510
2018-04-17,6.340000152587891,6.340000152587891,6.340000152587891,6.340000152587891,6.340000152587891,400
2018-04-18,6.039999961853027,6.039999961853027,6.039999961853027,6.039999961853027,6.039999961853027,99
2018-04-19,6.039999961853027,6.039999961853027,6.039999961853027,6.039999961853027,6.039999961853027,0
2018-04-20,6.039999961853027,6.039999961853027,6.039999961853027,6.039999961853027,6.039999961853027,0
2018-04-23,6.039999961853027,6.039999961853027,6.039999961853027,6.039999961853027,6.039999961853027,0
2018-04-24,5.800000190734863,6.329999923706055,5.739999771118164,5.739999771118164,5.739999771118164,2090
2018-04-25,5.739999771118164,5.739999771118164,5.739999771118164,5.739999771118164,5.739999771118164,0
2018-04-26,6.019999980926514,6.019999980926514,5.75,6.019999980926514,6.019999980926514,551
2018-04-27,5.71999979019165,6.300000190734863,5.71999979019165,6.300000190734863,6.300000190734863,7201
2018-04-30,6.300000190734863,6.300000190734863,6.300000190734863,6.300000190734863,6.300000190734863,0
2018-05-02,6.300000190734863,6.300000190734863,6.300000190734863,6.300000190734863,6.300000190734863,0
2018-05-03,6.300000190734863,6.300000190734863,6.300000190734863,6.300000190734863,6.300000190734863,0
2018-05-04,6.0,6.0,6.0,6.0,6.0,120
2018-05-07,6.0,6.0,6.0,6.0,6.0,0
2018-05-08,6.0,6.0,6.0,6.0,6.0,0
2018-05-09,6.289999961853027,6.289999961853027,6.289999961853027,6.289999961853027,6.289999961853027,50
2018-05-10,6.289999961853027,6.289999961853027,6.289999961853027,6.289999961853027,6.289999961853027,0
2018-05-11,6.289999961853027,6.289999961853027,6.289999961853027,6.289999961853027,6.289999961853027,0
2018-05-14,6.289999961853027,6.289999961853027,6.289999961853027,6.289999961853027,6.289999961853027,0
2018-05-15,6.289999961853027,6.289999961853027,6.289999961853027,6.289999961853027,6.289999961853027,0
2018-05-16,6.289999961853027,6.289999961853027,6.289999961853027,6.289999961853027,6.289999961853027,0
2018-05-17,6.289999961853027,6.289999961853027,5.980000019073486,5.980000019073486,5.980000019073486,33
2018-05-18,5.980000019073486,5.980000019073486,5.980000019073486,5.980000019073486,5.980000019073486,0
2018-05-21,5.980000019073486,5.980000019073486,5.980000019073486,5.980000019073486,5.980000019073486,0
2018-05-22,5.980000019073486,5.980000019073486,5.980000019073486,5.980000019073486,5.980000019073486,0
2018-05-23,5.980000019073486,5.980000019073486,5.980000019073486,5.980000019073486,5.980000019073486,0
2018-05-24,5.980000019073486,5.980000019073486,5.980000019073486,5.980000019073486,5.980000019073486,0
2018-05-25,5.980000019073486,5.980000019073486,5.980000019073486,5.980000019073486,5.980000019073486,0
2018-05-28,5.980000019073486,5.980000019073486,5.980000019073486,5.980000019073486,5.980000019073486,0
2018-05-29,5.980000019073486,5.980000019073486,5.980000019073486,5.980000019073486,5.980000019073486,0
2018-05-30,6.269999980926514,6.269999980926514,6.269999980926514,6.269999980926514,6.269999980926514,1
2018-05-31,6.269999980926514,6.269999980926514,6.269999980926514,6.269999980926514,6.269999980926514,0
2018-06-01,6.269999980926514,6.269999980926514,6.269999980926514,6.269999980926514,6.269999980926514,0
2018-06-04,6.269999980926514,6.269999980926514,6.269999980926514,6.269999980926514,6.269999980926514,0
2018-06-05,6.269999980926514,6.269999980926514,6.269999980926514,6.269999980926514,6.269999980926514,0
2018-06-06,6.269999980926514,6.269999980926514,6.269999980926514,6.269999980926514,6.269999980926514,0
2018-06-07,6.269999980926514,6.269999980926514,6.269999980926514,6.269999980926514,6.269999980926514,4
2018-06-08,6.269999980926514,6.269999980926514,6.269999980926514,6.269999980926514,6.269999980926514,0
2018-06-11,6.269999980926514,6.269999980926514,6.269999980926514,6.269999980926514,6.269999980926514,0
2018-06-12,6.800000190734863,6.800000190734863,6.800000190734863,6.800000190734863,6.800000190734863,1010
2018-06-13,6.800000190734863,6.800000190734863,6.800000190734863,6.800000190734863,6.800000190734863,0
2018-06-14,6.800000190734863,6.800000190734863,6.800000190734863,6.800000190734863,6.800000190734863,0
2018-06-15,6.800000190734863,6.800000190734863,6.800000190734863,6.800000190734863,6.800000190734863,0
2018-06-18,6.800000190734863,6.800000190734863,6.800000190734863,6.800000190734863,6.800000190734863,0
2018-06-19,6.800000190734863,6.800000190734863,6.800000190734863,6.800000190734863,6.800000190734863,0
2018-06-20,6.800000190734863,6.800000190734863,6.800000190734863,6.800000190734863,6.800000190734863,0
2018-06-21,6.5,6.5,6.5,6.5,6.5,100
2018-06-22,5.849999904632568,6.5,5.849999904632568,6.489999771118164,6.489999771118164,120
2018-06-25,5.849999904632568,6.480000019073486,5.849999904632568,6.480000019073486,6.480000019073486,55
2018-06-26,6.480000019073486,6.480000019073486,6.480000019073486,6.480000019073486,6.480000019073486,0
2018-06-27,6.480000019073486,6.480000019073486,6.480000019073486,6.480000019073486,6.480000019073486,0
2018-06-28,6.480000019073486,6.480000019073486,6.480000019073486,6.480000019073486,6.480000019073486,0
2018-06-29,6.480000019073486,6.480000019073486,6.480000019073486,6.480000019073486,6.480000019073486,0
2018-07-02,6.480000019073486,6.480000019073486,6.480000019073486,6.480000019073486,6.480000019073486,0
2018-07-03,5.900000095367432,5.900000095367432,5.900000095367432,5.900000095367432,5.900000095367432,1
2018-07-04,5.900000095367432,5.900000095367432,5.900000095367432,5.900000095367432,5.900000095367432,0
2018-07-05,5.900000095367432,5.900000095367432,5.900000095367432,5.900000095367432,5.900000095367432,0
2018-07-06,5.900000095367432,5.900000095367432,5.900000095367432,5.900000095367432,5.900000095367432,0
2018-07-09,6.0,6.0,6.0,6.0,6.0,500
2018-07-10,6.0,6.0,6.0,6.0,6.0,0
2018-07-11,6.0,6.0,6.0,6.0,6.0,0
2018-07-12,6.0,6.0,6.0,6.0,6.0,0
2018-07-13,6.0,6.0,6.0,6.0,6.0,0
2018-07-16,6.0,6.0,6.0,6.0,6.0,0
2018-07-17,5.5,6.300000190734863,5.5,6.300000190734863,6.300000190734863,45
2018-07-18,5.699999809265137,5.699999809265137,5.699999809265137,5.699999809265137,5.699999809265137,25
2018-07-19,5.699999809265137,5.699999809265137,5.699999809265137,5.699999809265137,5.699999809265137,0
2018-07-20,5.699999809265137,5.699999809265137,5.699999809265137,5.699999809265137,5.699999809265137,0
2018-07-23,5.699999809265137,5.699999809265137,5.699999809265137,5.699999809265137,5.699999809265137,0
2018-07-24,5.300000190734863,6.25,5.300000190734863,6.25,6.25,70
2018-07-25,6.25,6.25,6.25,6.25,6.25,0
2018-07-26,6.25,6.25,6.25,6.25,6.25,0
2018-07-27,6.25,6.25,6.25,6.25,6.25,0
2018-07-30,6.25,6.25,6.25,6.25,6.25,0
2018-07-31,6.25,6.25,6.25,6.25,6.25,0
2018-08-01,6.25,6.25,6.25,6.25,6.25,0
2018-08-02,6.25,6.25,6.25,6.25,6.25,0
2018-08-03,6.650000095367432,6.650000095367432,6.650000095367432,6.650000095367432,6.650000095367432,50
2018-08-06,6.650000095367432,6.650000095367432,6.650000095367432,6.650000095367432,6.650000095367432,0
2018-08-07,6.25,6.25,6.25,6.25,6.25,1000
2018-08-08,6.25,6.25,6.25,6.25,6.25,0
2018-08-09,6.25,6.25,6.25,6.25,6.25,0
2018-08-10,6.25,6.25,6.25,6.25,6.25,0
2018-08-13,6.25,6.25,6.25,6.25,6.25,0
2018-08-14,6.849999904632568,6.849999904632568,6.849999904632568,6.849999904632568,6.849999904632568,1
2018-08-16,6.849999904632568,6.849999904632568,6.849999904632568,6.849999904632568,6.849999904632568,0
2018-08-17,6.849999904632568,6.849999904632568,6.849999904632568,6.849999904632568,6.849999904632568,0
2018-08-20,6.849999904632568,6.849999904632568,6.849999904632568,6.849999904632568,6.849999904632568,0
2018-08-21,6.849999904632568,6.849999904632568,6.849999904632568,6.849999904632568,6.849999904632568,0
2018-08-23,6.849999904632568,6.849999904632568,6.849999904632568,6.849999904632568,6.849999904632568,0
2018-08-24,6.849999904632568,6.849999904632568,6.849999904632568,6.849999904632568,6.849999904632568,0
2018-08-27,6.849999904632568,6.849999904632568,6.849999904632568,6.849999904632568,6.849999904632568,0
2018-08-28,6.849999904632568,6.849999904632568,6.849999904632568,6.849999904632568,6.849999904632568,0
2018-08-29,6.849999904632568,6.849999904632568,6.849999904632568,6.849999904632568,6.849999904632568,0
2018-08-30,6.849999904632568,6.849999904632568,6.849999904632568,6.849999904632568,6.849999904632568,0
2018-08-31,6.849999904632568,6.849999904632568,6.849999904632568,6.849999904632568,6.849999904632568,0
2018-09-03,6.849999904632568,6.849999904632568,6.849999904632568,6.849999904632568,6.849999904632568,0
2018-09-04,6.849999904632568,6.849999904632568,6.849999904632568,6.849999904632568,6.849999904632568,0
2018-09-05,6.849999904632568,6.849999904632568,6.849999904632568,6.849999904632568,6.849999904632568,0
2018-09-06,6.849999904632568,6.849999904632568,6.849999904632568,6.849999904632568,6.849999904632568,0
2018-09-07,6.849999904632568,6.849999904632568,6.849999904632568,6.849999904632568,6.849999904632568,0
2018-09-10,6.849999904632568,6.849999904632568,6.849999904632568,6.849999904632568,6.849999904632568,0
2018-09-11,6.849999904632568,6.849999904632568,6.849999904632568,6.849999904632568,6.849999904632568,0
2018-09-12,6.849999904632568,6.849999904632568,6.849999904632568,6.849999904632568,6.849999904632568,0
2018-09-14,6.849999904632568,6.849999904632568,6.849999904632568,6.849999904632568,6.849999904632568,0
2018-09-17,6.849999904632568,6.849999904632568,6.849999904632568,6.849999904632568,6.849999904632568,0
2018-09-18,6.849999904632568,6.849999904632568,6.849999904632568,6.849999904632568,6.849999904632568,0
2018-09-19,6.849999904632568,6.849999904632568,6.849999904632568,6.849999904632568,6.849999904632568,0
2018-09-21,6.849999904632568,6.849999904632568,6.849999904632568,6.849999904632568,6.849999904632568,0
2018-09-24,6.849999904632568,6.849999904632568,6.849999904632568,6.849999904632568,6.849999904632568,0
2018-09-25,6.170000076293945,6.170000076293945,6.170000076293945,6.170000076293945,6.170000076293945,20
2018-09-26,6.170000076293945,6.170000076293945,6.170000076293945,6.170000076293945,6.170000076293945,0
2018-09-27,6.170000076293945,6.170000076293945,6.170000076293945,6.170000076293945,6.170000076293945,0
2018-09-28,6.170000076293945,6.170000076293945,6.170000076293945,6.170000076293945,6.170000076293945,0
2018-10-01,6.170000076293945,6.170000076293945,6.170000076293945,6.170000076293945,6.170000076293945,0
2018-10-03,6.170000076293945,6.170000076293945,6.170000076293945,6.170000076293945,6.170000076293945,0
2018-10-04,6.170000076293945,6.170000076293945,6.170000076293945,6.170000076293945,6.170000076293945,0
2018-10-05,6.170000076293945,6.170000076293945,6.170000076293945,6.170000076293945,6.170000076293945,0
2018-10-08,6.170000076293945,6.170000076293945,6.170000076293945,6.170000076293945,6.170000076293945,0
2018-10-09,6.170000076293945,6.170000076293945,6.170000076293945,6.170000076293945,6.170000076293945,0
2018-10-10,6.170000076293945,6.170000076293945,6.170000076293945,6.170000076293945,6.170000076293945,0
2018-10-11,6.170000076293945,6.170000076293945,6.170000076293945,6.170000076293945,6.170000076293945,0
2018-10-12,6.170000076293945,6.170000076293945,6.170000076293945,6.170000076293945,6.170000076293945,0
2018-10-15,6.170000076293945,6.170000076293945,6.170000076293945,6.170000076293945,6.170000076293945,0
2018-10-16,6.170000076293945,6.170000076293945,6.170000076293945,6.170000076293945,6.170000076293945,0
2018-10-17,6.170000076293945,6.170000076293945,6.170000076293945,6.170000076293945,6.170000076293945,0
2018-10-19,6.170000076293945,6.170000076293945,6.170000076293945,6.170000076293945,6.170000076293945,0
2018-10-22,6.170000076293945,6.170000076293945,6.170000076293945,6.170000076293945,6.170000076293945,0
2018-10-23,6.170000076293945,6.170000076293945,6.170000076293945,6.170000076293945,6.170000076293945,0
2018-10-24,6.170000076293945,6.170000076293945,6.170000076293945,6.170000076293945,6.170000076293945,0
2018-10-25,6.170000076293945,6.170000076293945,6.170000076293945,6.170000076293945,6.170000076293945,0
2018-10-26,6.170000076293945,6.170000076293945,6.170000076293945,6.170000076293945,6.170000076293945,0
2018-10-29,6.170000076293945,6.170000076293945,6.170000076293945,6.170000076293945,6.170000076293945,0
2018-10-30,6.170000076293945,6.170000076293945,6.170000076293945,6.170000076293945,6.170000076293945,0
2018-10-31,6.170000076293945,6.170000076293945,6.170000076293945,6.170000076293945,6.170000076293945,0
2018-11-01,6.170000076293945,6.170000076293945,6.170000076293945,6.170000076293945,6.170000076293945,0
2018-11-02,6.170000076293945,6.170000076293945,6.170000076293945,6.170000076293945,6.170000076293945,0
2018-11-05,6.170000076293945,6.170000076293945,6.170000076293945,6.170000076293945,6.170000076293945,0
2018-11-06,6.170000076293945,6.170000076293945,6.170000076293945,6.170000076293945,6.170000076293945,0
2018-11-07,6.170000076293945,6.170000076293945,6.170000076293945,6.170000076293945,6.170000076293945,0
2018-11-09,6.170000076293945,6.170000076293945,6.170000076293945,6.170000076293945,6.170000076293945,0
2018-11-12,6.170000076293945,6.170000076293945,6.170000076293945,6.170000076293945,6.170000076293945,0
2018-11-13,6.170000076293945,6.170000076293945,6.170000076293945,6.170000076293945,6.170000076293945,0
2018-11-14,6.170000076293945,6.170000076293945,6.170000076293945,6.170000076293945,6.170000076293945,0
2018-11-15,6.170000076293945,6.170000076293945,6.170000076293945,6.170000076293945,6.170000076293945,0
2018-11-16,6.170000076293945,6.170000076293945,6.170000076293945,6.170000076293945,6.170000076293945,0
2018-11-19,6.170000076293945,6.170000076293945,6.170000076293945,6.170000076293945,6.170000076293945,0
2018-11-20,6.170000076293945,6.170000076293945,6.170000076293945,6.170000076293945,6.170000076293945,0
2018-11-21,6.170000076293945,6.170000076293945,6.170000076293945,6.170000076293945,6.170000076293945,0
2018-11-22,6.440000057220459,6.440000057220459,6.440000057220459,6.440000057220459,6.440000057220459,20
2018-11-26,6.440000057220459,6.440000057220459,6.440000057220459,6.440000057220459,6.440000057220459,0
2018-11-27,6.75,6.75,6.75,6.75,6.75,1
2018-11-28,6.75,6.75,6.75,6.75,6.75,0
2018-11-29,6.75,6.75,6.75,6.75,6.75,0
2018-11-30,6.75,6.75,6.75,6.75,6.75,0
2018-12-03,7.079999923706055,7.079999923706055,7.079999923706055,7.079999923706055,7.079999923706055,10
2018-12-04,6.730000019073486,6.730000019073486,6.730000019073486,6.730000019073486,6.730000019073486,12
2018-12-05,6.730000019073486,6.730000019073486,6.730000019073486,6.730000019073486,6.730000019073486,0
2018-12-06,6.730000019073486,6.730000019073486,6.730000019073486,6.730000019073486,6.730000019073486,0
2018-12-07,6.730000019073486,6.730000019073486,6.730000019073486,6.730000019073486,6.730000019073486,0
2018-12-10,6.730000019073486,6.730000019073486,6.730000019073486,6.730000019073486,6.730000019073486,0
2018-12-11,6.730000019073486,6.730000019073486,6.730000019073486,6.730000019073486,6.730000019073486,0
2018-12-12,6.730000019073486,6.730000019073486,6.730000019073486,6.730000019073486,6.730000019073486,0
2018-12-13,6.730000019073486,6.730000019073486,6.730000019073486,6.730000019073486,6.730000019073486,0
2018-12-14,6.730000019073486,6.730000019073486,6.730000019073486,6.730000019073486,6.730000019073486,0
2018-12-17,6.730000019073486,6.730000019073486,6.730000019073486,6.730000019073486,6.730000019073486,0
2018-12-18,6.400000095367432,6.400000095367432,6.400000095367432,6.400000095367432,6.400000095367432,100
2018-12-19,6.079999923706055,6.079999923706055,6.079999923706055,6.079999923706055,6.079999923706055,400
2018-12-20,5.78000020980835,5.78000020980835,5.78000020980835,5.78000020980835,5.78000020980835,19
2018-12-21,5.78000020980835,5.78000020980835,5.78000020980835,5.78000020980835,5.78000020980835,0
2018-12-24,5.78000020980835,5.78000020980835,5.78000020980835,5.78000020980835,5.78000020980835,0
2018-12-26,5.78000020980835,5.78000020980835,5.78000020980835,5.78000020980835,5.78000020980835,0
2018-12-27,5.78000020980835,5.78000020980835,5.78000020980835,5.78000020980835,5.78000020980835,0
2018-12-28,5.78000020980835,5.78000020980835,5.78000020980835,5.78000020980835,5.78000020980835,0
2018-12-31,5.78000020980835,5.78000020980835,5.78000020980835,5.78000020980835,5.78000020980835,0
2019-01-01,5.78000020980835,5.78000020980835,5.78000020980835,5.78000020980835,5.78000020980835,0
2019-01-02,5.78000020980835,5.78000020980835,5.78000020980835,5.78000020980835,5.78000020980835,0
2019-01-03,5.78000020980835,5.78000020980835,5.78000020980835,5.78000020980835,5.78000020980835,0
2019-01-04,5.5,5.5,5.5,5.5,5.5,1
2019-01-07,5.5,5.5,5.5,5.5,5.5,0
2019-01-08,5.5,5.5,5.5,5.5,5.5,0
2019-01-09,5.5,5.5,5.5,5.5,5.5,0
2019-01-10,5.5,5.5,5.5,5.5,5.5,0
2019-01-11,5.5,5.5,5.5,5.5,5.5,0
2019-01-14,5.5,5.5,5.5,5.5,5.5,0
2019-01-15,5.5,5.5,5.5,5.5,5.5,0
2019-01-16,5.5,5.5,5.5,5.5,5.5,0
2019-01-17,5.5,5.5,5.5,5.5,5.5,0
2019-01-18,5.5,5.5,5.5,5.5,5.5,0
2019-01-21,5.5,5.5,5.5,5.5,5.5,0
2019-01-22,5.5,5.5,5.5,5.5,5.5,0
2019-01-23,5.5,5.5,5.5,5.5,5.5,0
2019-01-24,5.5,5.5,5.5,5.5,5.5,0
2019-01-25,5.5,5.5,5.5,5.5,5.5,0
2019-01-28,5.5,5.5,5.5,5.5,5.5,0
2019-01-29,5.5,5.5,5.5,5.5,5.5,0
2019-01-30,5.5,5.5,5.5,5.5,5.5,0
2019-01-31,5.5,5.5,5.5,5.5,5.5,0
2019-02-01,5.5,5.5,5.5,5.5,5.5,0
2019-02-04,5.5,5.5,5.5,5.5,5.5,0
2019-02-05,5.230000019073486,5.230000019073486,5.230000019073486,5.230000019073486,5.230000019073486,1
2019-02-06,5.230000019073486,5.230000019073486,5.230000019073486,5.230000019073486,5.230000019073486,0
2019-02-07,5.230000019073486,5.230000019073486,5.230000019073486,5.230000019073486,5.230000019073486,0
2019-02-08,5.230000019073486,5.230000019073486,5.230000019073486,5.230000019073486,5.230000019073486,0
2019-02-11,5.230000019073486,5.230000019073486,5.230000019073486,5.230000019073486,5.230000019073486,0
2019-02-12,5.230000019073486,5.230000019073486,5.230000019073486,5.230000019073486,5.230000019073486,0
2019-02-14,5.230000019073486,5.230000019073486,5.230000019073486,5.230000019073486,5.230000019073486,0
2019-02-15,5.230000019073486,5.230000019073486,5.230000019073486,5.230000019073486,5.230000019073486,0
2019-02-18,5.230000019073486,5.230000019073486,5.230000019073486,5.230000019073486,5.230000019073486,0
2019-02-19,5.230000019073486,5.230000019073486,5.230000019073486,5.230000019073486,5.230000019073486,0
2019-02-20,5.230000019073486,5.230000019073486,5.230000019073486,5.230000019073486,5.230000019073486,0
2019-02-21,5.230000019073486,5.230000019073486,5.230000019073486,5.230000019073486,5.230000019073486,0
2019-02-22,5.230000019073486,5.230000019073486,5.230000019073486,5.230000019073486,5.230000019073486,0
2019-02-25,5.230000019073486,5.230000019073486,5.230000019073486,5.230000019073486,5.230000019073486,0
2019-02-26,5.230000019073486,5.230000019073486,5.230000019073486,5.230000019073486,5.230000019073486,0
2019-02-27,5.230000019073486,5.230000019073486,5.230000019073486,5.230000019073486,5.230000019073486,0
2019-02-28,5.230000019073486,5.230000019073486,5.230000019073486,5.230000019073486,5.230000019073486,500
2019-03-01,5.230000019073486,5.230000019073486,5.230000019073486,5.230000019073486,5.230000019073486,0
2019-03-05,5.230000019073486,5.230000019073486,5.230000019073486,5.230000019073486,5.230000019073486,0
2019-03-06,5.230000019073486,5.230000019073486,5.230000019073486,5.230000019073486,5.230000019073486,0
2019-03-07,5.230000019073486,5.230000019073486,5.230000019073486,5.230000019073486,5.230000019073486,0
2019-03-08,5.489999771118164,5.489999771118164,5.489999771118164,5.489999771118164,5.489999771118164,4000
2019-03-11,5.489999771118164,5.489999771118164,5.489999771118164,5.489999771118164,5.489999771118164,0
2019-03-12,5.489999771118164,5.489999771118164,5.489999771118164,5.489999771118164,5.489999771118164,0
2019-03-13,5.489999771118164,5.489999771118164,5.489999771118164,5.489999771118164,5.489999771118164,0
2019-03-14,5.489999771118164,5.489999771118164,5.489999771118164,5.489999771118164,5.489999771118164,0
2019-03-15,5.489999771118164,5.489999771118164,5.489999771118164,5.489999771118164,5.489999771118164,0
2019-03-18,5.489999771118164,5.489999771118164,5.489999771118164,5.489999771118164,5.489999771118164,0
2019-03-19,5.489999771118164,5.489999771118164,5.489999771118164,5.489999771118164,5.489999771118164,0
2019-03-20,5.489999771118164,5.489999771118164,5.489999771118164,5.489999771118164,5.489999771118164,0
2019-03-22,5.489999771118164,5.489999771118164,5.489999771118164,5.489999771118164,5.489999771118164,0
2019-03-25,5.489999771118164,5.489999771118164,5.489999771118164,5.489999771118164,5.489999771118164,0
2019-03-26,5.489999771118164,5.489999771118164,5.489999771118164,5.489999771118164,5.489999771118164,0
2019-03-27,5.489999771118164,5.489999771118164,5.489999771118164,5.489999771118164,5.489999771118164,0
2019-03-28,5.489999771118164,5.489999771118164,5.489999771118164,5.489999771118164,5.489999771118164,0
2019-04-01,5.489999771118164,5.489999771118164,5.489999771118164,5.489999771118164,5.489999771118164,0
2019-04-02,5.489999771118164,5.489999771118164,5.489999771118164,5.489999771118164,5.489999771118164,0
2019-04-03,5.489999771118164,5.489999771118164,5.489999771118164,5.489999771118164,5.489999771118164,0
2019-04-04,5.489999771118164,5.489999771118164,5.489999771118164,5.489999771118164,5.489999771118164,0
2019-04-05,5.489999771118164,5.489999771118164,5.489999771118164,5.489999771118164,5.489999771118164,0
2019-04-08,5.489999771118164,5.489999771118164,5.489999771118164,5.489999771118164,5.489999771118164,0
2019-04-09,5.489999771118164,5.489999771118164,5.489999771118164,5.489999771118164,5.489999771118164,0
2019-04-10,5.489999771118164,5.489999771118164,5.489999771118164,5.489999771118164,5.489999771118164,0
2019-04-11,5.489999771118164,5.489999771118164,5.489999771118164,5.489999771118164,5.489999771118164,0
2019-04-12,5.489999771118164,5.489999771118164,5.489999771118164,5.489999771118164,5.489999771118164,0
2019-04-15,5.489999771118164,5.489999771118164,5.489999771118164,5.489999771118164,5.489999771118164,0
2019-04-16,5.489999771118164,5.489999771118164,5.489999771118164,5.489999771118164,5.489999771118164,0
2019-04-18,5.489999771118164,5.489999771118164,5.489999771118164,5.489999771118164,5.489999771118164,0
2019-04-22,5.489999771118164,5.489999771118164,5.489999771118164,5.489999771118164,5.489999771118164,0
2019-04-23,5.489999771118164,5.489999771118164,5.489999771118164,5.489999771118164,5.489999771118164,0
2019-04-24,5.489999771118164,5.489999771118164,5.489999771118164,5.489999771118164,5.489999771118164,0
2019-04-25,5.489999771118164,5.489999771118164,5.489999771118164,5.489999771118164,5.489999771118164,0
2019-04-26,5.489999771118164,5.489999771118164,5.489999771118164,5.489999771118164,5.489999771118164,0
2019-04-30,5.489999771118164,5.489999771118164,5.489999771118164,5.489999771118164,5.489999771118164,0
2019-05-02,5.489999771118164,5.489999771118164,5.489999771118164,5.489999771118164,5.489999771118164,0
2019-05-03,5.489999771118164,5.489999771118164,5.489999771118164,5.489999771118164,5.489999771118164,0
2019-05-06,5.489999771118164,5.489999771118164,5.489999771118164,5.489999771118164,5.489999771118164,0
2019-05-07,5.489999771118164,5.489999771118164,5.489999771118164,5.489999771118164,5.489999771118164,0
2019-05-08,5.489999771118164,5.489999771118164,5.489999771118164,5.489999771118164,5.489999771118164,0
2019-05-09,5.489999771118164,5.489999771118164,5.489999771118164,5.489999771118164,5.489999771118164,0
2019-05-10,5.21999979019165,5.21999979019165,5.21999979019165,5.21999979019165,5.21999979019165,10
2019-05-13,5.21999979019165,5.21999979019165,5.21999979019165,5.21999979019165,5.21999979019165,0
2019-05-14,5.21999979019165,5.21999979019165,5.21999979019165,5.21999979019165,5.21999979019165,0
2019-05-15,5.21999979019165,5.21999979019165,5.21999979019165,5.21999979019165,5.21999979019165,0
2019-05-16,5.21999979019165,5.21999979019165,5.21999979019165,5.21999979019165,5.21999979019165,0
2019-05-17,5.21999979019165,5.21999979019165,5.21999979019165,5.21999979019165,5.21999979019165,0
2019-05-20,4.960000038146973,4.960000038146973,4.960000038146973,4.960000038146973,4.960000038146973,110
2019-05-21,4.71999979019165,4.71999979019165,4.71999979019165,4.71999979019165,4.71999979019165,198
2019-05-22,4.71999979019165,4.71999979019165,4.71999979019165,4.71999979019165,4.71999979019165,0
2019-05-23,4.71999979019165,4.71999979019165,4.71999979019165,4.71999979019165,4.71999979019165,0
2019-05-24,4.71999979019165,4.71999979019165,4.71999979019165,4.71999979019165,4.71999979019165,0
2019-05-27,4.71999979019165,4.71999979019165,4.71999979019165,4.71999979019165,4.71999979019165,0
2019-05-28,4.71999979019165,4.71999979019165,4.71999979019165,4.71999979019165,4.71999979019165,0
2019-05-29,4.71999979019165,4.71999979019165,4.71999979019165,4.71999979019165,4.71999979019165,0
2019-05-30,4.71999979019165,4.71999979019165,4.71999979019165,4.71999979019165,4.71999979019165,0
2019-05-31,4.71999979019165,4.71999979019165,4.71999979019165,4.71999979019165,4.71999979019165,0
2019-06-03,4.71999979019165,4.71999979019165,4.71999979019165,4.71999979019165,4.71999979019165,0
2019-06-04,4.71999979019165,4.71999979019165,4.71999979019165,4.71999979019165,4.71999979019165,0
2019-06-06,4.71999979019165,4.71999979019165,4.71999979019165,4.71999979019165,4.71999979019165,0
2019-06-07,4.489999771118164,4.489999771118164,4.489999771118164,4.489999771118164,4.489999771118164,6
2019-06-10,4.489999771118164,4.489999771118164,4.489999771118164,4.489999771118164,4.489999771118164,0
2019-06-11,4.690000057220459,4.690000057220459,4.269999980926514,4.269999980926514,4.269999980926514,12
2019-06-12,4.269999980926514,4.269999980926514,4.269999980926514,4.269999980926514,4.269999980926514,0
2019-06-13,4.269999980926514,4.269999980926514,4.269999980926514,4.269999980926514,4.269999980926514,0
2019-06-14,4.059999942779541,4.480000019073486,4.059999942779541,4.309999942779541,4.309999942779541,800
2019-06-17,4.309999942779541,4.309999942779541,4.309999942779541,4.309999942779541,4.309999942779541,0
2019-06-18,4.099999904632568,4.519999980926514,4.099999904632568,4.519999980926514,4.519999980926514,600
2019-06-19,4.519999980926514,4.519999980926514,4.519999980926514,4.519999980926514,4.519999980926514,0
2019-06-20,4.519999980926514,4.519999980926514,4.519999980926514,4.519999980926514,4.519999980926514,0
2019-06-21,4.519999980926514,4.519999980926514,4.519999980926514,4.519999980926514,4.519999980926514,0
2019-06-24,4.519999980926514,4.519999980926514,4.519999980926514,4.519999980926514,4.519999980926514,0
2019-06-25,4.519999980926514,4.519999980926514,4.519999980926514,4.519999980926514,4.519999980926514,0
2019-06-26,4.519999980926514,4.519999980926514,4.519999980926514,4.519999980926514,4.519999980926514,0
2019-06-27,4.519999980926514,4.519999980926514,4.519999980926514,4.519999980926514,4.519999980926514,0
2019-06-28,4.519999980926514,4.519999980926514,4.519999980926514,4.519999980926514,4.519999980926514,0
2019-07-01,4.519999980926514,4.519999980926514,4.519999980926514,4.519999980926514,4.519999980926514,0
2019-07-02,4.730000019073486,4.730000019073486,4.730000019073486,4.730000019073486,4.730000019073486,52
2019-07-03,4.730000019073486,4.730000019073486,4.730000019073486,4.730000019073486,4.730000019073486,0
2019-07-04,4.730000019073486,4.730000019073486,4.730000019073486,4.730000019073486,4.730000019073486,0
2019-07-05,4.730000019073486,4.730000019073486,4.730000019073486,4.730000019073486,4.730000019073486,0
2019-07-08,4.730000019073486,4.730000019073486,4.730000019073486,4.730000019073486,4.730000019073486,0
2019-07-09,4.730000019073486,4.730000019073486,4.730000019073486,4.730000019073486,4.730000019073486,0
2019-07-10,4.730000019073486,4.730000019073486,4.730000019073486,4.730000019073486,4.730000019073486,0
2019-07-11,4.730000019073486,4.730000019073486,4.730000019073486,4.730000019073486,4.730000019073486,0
2019-07-12,4.730000019073486,4.730000019073486,4.730000019073486,4.730000019073486,4.730000019073486,0
2019-07-15,4.730000019073486,4.730000019073486,4.730000019073486,4.730000019073486,4.730000019073486,0
2019-07-16,4.730000019073486,4.730000019073486,4.730000019073486,4.730000019073486,4.730000019073486,0
2019-07-17,4.730000019073486,4.730000019073486,4.730000019073486,4.730000019073486,4.730000019073486,0
2019-07-18,4.730000019073486,4.730000019073486,4.730000019073486,4.730000019073486,4.730000019073486,0
2019-07-19,4.730000019073486,4.730000019073486,4.730000019073486,4.730000019073486,4.730000019073486,0
2019-07-22,4.730000019073486,4.730000019073486,4.730000019073486,4.730000019073486,4.730000019073486,0
2019-07-23,4.730000019073486,4.730000019073486,4.730000019073486,4.730000019073486,4.730000019073486,0
2019-07-24,4.730000019073486,4.730000019073486,4.730000019073486,4.730000019073486,4.730000019073486,0
2019-07-25,4.730000019073486,4.730000019073486,4.730000019073486,4.730000019073486,4.730000019073486,0
2019-07-26,4.730000019073486,4.730000019073486,4.730000019073486,4.730000019073486,4.730000019073486,0
2019-07-29,4.730000019073486,4.730000019073486,4.730000019073486,4.730000019073486,4.730000019073486,0
2019-07-30,4.730000019073486,4.730000019073486,4.730000019073486,4.730000019073486,4.730000019073486,0
2019-07-31,4.730000019073486,4.730000019073486,4.730000019073486,4.730000019073486,4.730000019073486,0
2019-08-01,4.730000019073486,4.730000019073486,4.730000019073486,4.730000019073486,4.730000019073486,0
2019-08-02,4.730000019073486,4.730000019073486,4.730000019073486,4.730000019073486,4.730000019073486,0
2019-08-05,4.730000019073486,4.730000019073486,4.730000019073486,4.730000019073486,4.730000019073486,0
2019-08-06,4.730000019073486,4.730000019073486,4.730000019073486,4.730000019073486,4.730000019073486,0
2019-08-07,4.730000019073486,4.730000019073486,4.730000019073486,4.730000019073486,4.730000019073486,0
2019-08-08,4.730000019073486,4.730000019073486,4.730000019073486,4.730000019073486,4.730000019073486,0
2019-08-09,4.730000019073486,4.730000019073486,4.730000019073486,4.730000019073486,4.730000019073486,0
2019-08-13,4.730000019073486,4.730000019073486,4.730000019073486,4.730000019073486,4.730000019073486,0
2019-08-14,4.949999809265137,4.949999809265137,4.949999809265137,4.949999809265137,4.949999809265137,51
2019-08-16,4.949999809265137,4.949999809265137,4.949999809265137,4.949999809265137,4.949999809265137,0
2019-08-19,4.949999809265137,4.949999809265137,4.949999809265137,4.949999809265137,4.949999809265137,0
2019-08-20,4.949999809265137,4.949999809265137,4.949999809265137,4.949999809265137,4.949999809265137,0
2019-08-21,4.949999809265137,4.949999809265137,4.949999809265137,4.949999809265137,4.949999809265137,0
2019-08-22,4.949999809265137,4.949999809265137,4.949999809265137,4.949999809265137,4.949999809265137,1
2019-08-23,4.949999809265137,4.949999809265137,4.949999809265137,4.949999809265137,4.949999809265137,0
2019-08-26,4.949999809265137,4.949999809265137,4.949999809265137,4.949999809265137,4.949999809265137,0
2019-08-27,4.949999809265137,4.949999809265137,4.949999809265137,4.949999809265137,4.949999809265137,0
2019-08-28,4.949999809265137,4.949999809265137,4.949999809265137,4.949999809265137,4.949999809265137,0
2019-08-29,4.949999809265137,4.949999809265137,4.949999809265137,4.949999809265137,4.949999809265137,0
2019-08-30,4.949999809265137,4.949999809265137,4.949999809265137,4.949999809265137,4.949999809265137,0
2019-09-03,4.949999809265137,4.949999809265137,4.949999809265137,4.949999809265137,4.949999809265137,0
2019-09-04,4.949999809265137,4.949999809265137,4.949999809265137,4.949999809265137,4.949999809265137,0
2019-09-05,4.949999809265137,4.949999809265137,4.949999809265137,4.949999809265137,4.949999809265137,0
2019-09-06,4.949999809265137,4.949999809265137,4.949999809265137,4.949999809265137,4.949999809265137,0
2019-09-09,4.949999809265137,4.949999809265137,4.949999809265137,4.949999809265137,4.949999809265137,0
2019-09-11,4.949999809265137,4.949999809265137,4.949999809265137,4.949999809265137,4.949999809265137,0
2019-09-12,4.949999809265137,4.949999809265137,4.949999809265137,4.949999809265137,4.949999809265137,0
2019-09-13,4.949999809265137,4.949999809265137,4.710000038146973,4.710000038146973,4.710000038146973,10
2019-09-16,4.710000038146973,4.710000038146973,4.710000038146973,4.710000038146973,4.710000038146973,0
2019-09-17,4.710000038146973,4.710000038146973,4.710000038146973,4.710000038146973,4.710000038146973,0
2019-09-18,4.710000038146973,4.710000038146973,4.710000038146973,4.710000038146973,4.710000038146973,0
2019-09-19,4.710000038146973,4.710000038146973,4.710000038146973,4.710000038146973,4.710000038146973,0
2019-09-20,4.710000038146973,4.710000038146973,4.710000038146973,4.710000038146973,4.710000038146973,0
2019-09-23,4.710000038146973,4.710000038146973,4.710000038146973,4.710000038146973,4.710000038146973,0
2019-09-24,4.710000038146973,4.710000038146973,4.710000038146973,4.710000038146973,4.710000038146973,0
2019-09-25,4.710000038146973,4.710000038146973,4.710000038146973,4.710000038146973,4.710000038146973,0
2019-09-26,4.710000038146973,4.710000038146973,4.710000038146973,4.710000038146973,4.710000038146973,0
2019-09-27,4.480000019073486,4.480000019073486,4.480000019073486,4.480000019073486,4.480000019073486,150
2019-09-30,4.480000019073486,4.480000019073486,4.480000019073486,4.480000019073486,4.480000019073486,0
2019-10-01,4.480000019073486,4.480000019073486,4.480000019073486,4.480000019073486,4.480000019073486,0
2019-10-03,4.480000019073486,4.480000019073486,4.480000019073486,4.480000019073486,4.480000019073486,0
2019-10-04,4.480000019073486,4.480000019073486,4.480000019073486,4.480000019073486,4.480000019073486,0
2019-10-07,4.480000019073486,4.480000019073486,4.480000019073486,4.480000019073486,4.480000019073486,0
2019-10-09,4.480000019073486,4.480000019073486,4.480000019073486,4.480000019073486,4.480000019073486,0
2019-10-10,4.480000019073486,4.480000019073486,4.480000019073486,4.480000019073486,4.480000019073486,0
2019-10-11,4.480000019073486,4.480000019073486,4.480000019073486,4.480000019073486,4.480000019073486,0
2019-10-14,4.480000019073486,4.480000019073486,4.480000019073486,4.480000019073486,4.480000019073486,0
2019-10-15,4.480000019073486,4.480000019073486,4.480000019073486,4.480000019073486,4.480000019073486,0
2019-10-16,4.480000019073486,4.480000019073486,4.480000019073486,4.480000019073486,4.480000019073486,0
2019-10-17,4.480000019073486,4.480000019073486,4.480000019073486,4.480000019073486,4.480000019073486,0
2019-10-18,4.480000019073486,4.480000019073486,4.480000019073486,4.480000019073486,4.480000019073486,0
2019-10-22,4.480000019073486,4.480000019073486,4.480000019073486,4.480000019073486,4.480000019073486,0
2019-10-23,4.480000019073486,4.480000019073486,4.480000019073486,4.480000019073486,4.480000019073486,0
2019-10-24,4.480000019073486,4.480000019073486,4.480000019073486,4.480000019073486,4.480000019073486,0
2019-10-25,4.480000019073486,4.480000019073486,4.480000019073486,4.480000019073486,4.480000019073486,0
2019-10-29,4.480000019073486,4.480000019073486,4.480000019073486,4.480000019073486,4.480000019073486,0
2019-10-30,4.480000019073486,4.480000019073486,4.480000019073486,4.480000019073486,4.480000019073486,0
2019-10-31,4.480000019073486,4.480000019073486,4.480000019073486,4.480000019073486,4.480000019073486,0
2019-11-01,4.480000019073486,4.480000019073486,4.480000019073486,4.480000019073486,4.480000019073486,0
2019-11-04,4.480000019073486,4.480000019073486,4.480000019073486,4.480000019073486,4.480000019073486,0
2019-11-05,4.480000019073486,4.480000019073486,4.480000019073486,4.480000019073486,4.480000019073486,0
2019-11-06,4.480000019073486,4.480000019073486,4.480000019073486,4.480000019073486,4.480000019073486,0
2019-11-07,4.480000019073486,4.480000019073486,4.480000019073486,4.480000019073486,4.480000019073486,0
2019-11-08,4.480000019073486,4.480000019073486,4.480000019073486,4.480000019073486,4.480000019073486,0
2019-11-11,4.480000019073486,4.480000019073486,4.480000019073486,4.480000019073486,4.480000019073486,0
2019-11-13,4.480000019073486,4.480000019073486,4.480000019073486,4.480000019073486,4.480000019073486,0
2019-11-14,4.480000019073486,4.480000019073486,4.480000019073486,4.480000019073486,4.480000019073486,0
2019-11-15,4.480000019073486,4.480000019073486,4.480000019073486,4.480000019073486,4.480000019073486,0
2019-11-18,4.480000019073486,4.480000019073486,4.480000019073486,4.480000019073486,4.480000019073486,0
2019-11-19,4.480000019073486,4.480000019073486,4.480000019073486,4.480000019073486,4.480000019073486,0
2019-11-20,4.260000228881836,4.260000228881836,4.260000228881836,4.260000228881836,4.260000228881836,101
2019-11-21,4.260000228881836,4.260000228881836,4.260000228881836,4.260000228881836,4.260000228881836,0
2019-11-22,4.260000228881836,4.260000228881836,4.260000228881836,4.260000228881836,4.260000228881836,0
2019-11-25,4.260000228881836,4.260000228881836,4.260000228881836,4.260000228881836,4.260000228881836,0
2019-11-26,4.260000228881836,4.260000228881836,4.260000228881836,4.260000228881836,4.260000228881836,0
2019-11-27,4.260000228881836,4.260000228881836,4.260000228881836,4.260000228881836,4.260000228881836,0
2019-11-28,4.260000228881836,4.260000228881836,4.260000228881836,4.260000228881836,4.260000228881836,0
2019-11-29,4.260000228881836,4.260000228881836,4.260000228881836,4.260000228881836,4.260000228881836,0
2019-12-02,4.050000190734863,4.050000190734863,4.050000190734863,4.050000190734863,4.050000190734863,1170
2019-12-03,4.050000190734863,4.050000190734863,4.050000190734863,4.050000190734863,4.050000190734863,0
2019-12-04,4.050000190734863,4.050000190734863,4.050000190734863,4.050000190734863,4.050000190734863,0
2019-12-05,3.8499999046325684,3.8499999046325684,3.8499999046325684,3.8499999046325684,3.8499999046325684,1166
2019-12-06,3.6600000858306885,3.6600000858306885,3.6600000858306885,3.6600000858306885,3.6600000858306885,51
2019-12-09,3.6600000858306885,3.6600000858306885,3.6600000858306885,3.6600000858306885,3.6600000858306885,0
2019-12-10,3.4800000190734863,3.4800000190734863,3.4800000190734863,3.4800000190734863,3.4800000190734863,61
2019-12-11,3.309999942779541,3.309999942779541,3.309999942779541,3.309999942779541,3.309999942779541,21
2019-12-12,3.309999942779541,3.309999942779541,3.309999942779541,3.309999942779541,3.309999942779541,0
2019-12-13,3.309999942779541,3.309999942779541,3.309999942779541,3.309999942779541,3.309999942779541,0
2019-12-16,3.309999942779541,3.309999942779541,3.309999942779541,3.309999942779541,3.309999942779541,0
2019-12-17,3.309999942779541,3.309999942779541,3.309999942779541,3.309999942779541,3.309999942779541,0
2019-12-18,3.309999942779541,3.309999942779541,3.309999942779541,3.309999942779541,3.309999942779541,0
2019-12-19,3.309999942779541,3.309999942779541,3.309999942779541,3.309999942779541,3.309999942779541,0
2019-12-20,3.309999942779541,3.309999942779541,3.309999942779541,3.309999942779541,3.309999942779541,0
2019-12-23,3.309999942779541,3.309999942779541,3.309999942779541,3.309999942779541,3.309999942779541,0
2019-12-24,3.0,3.0,3.0,3.0,3.0,3195
2019-12-26,3.0,3.0,3.0,3.0,3.0,0
2019-12-27,3.0,3.0,3.0,3.0,3.0,0
2019-12-30,3.0,3.0,3.0,3.0,3.0,0
2019-12-31,3.0,3.0,3.0,3.0,3.0,0
2020-01-01,3.0,3.0,3.0,3.0,3.0,0
2020-01-02,3.0,3.0,3.0,3.0,3.0,0
2020-01-03,2.7100000381469727,2.7100000381469727,2.7100000381469727,2.7100000381469727,2.7100000381469727,2860
2020-01-06,2.7100000381469727,2.7100000381469727,2.7100000381469727,2.7100000381469727,2.7100000381469727,0
2020-01-07,2.5799999237060547,2.5799999237060547,2.5799999237060547,2.5799999237060547,2.5799999237060547,1000
2020-01-08,2.5799999237060547,2.5799999237060547,2.5799999237060547,2.5799999237060547,2.5799999237060547,0
2020-01-09,2.4600000381469727,2.4600000381469727,2.4600000381469727,2.4600000381469727,2.4600000381469727,210
2020-01-10,2.4600000381469727,2.4600000381469727,2.4600000381469727,2.4600000381469727,2.4600000381469727,0
2020-01-13,2.4600000381469727,2.4600000381469727,2.4600000381469727,2.4600000381469727,2.4600000381469727,0
2020-01-14,2.4600000381469727,2.4600000381469727,2.4600000381469727,2.4600000381469727,2.4600000381469727,0
2020-01-15,2.4600000381469727,2.4600000381469727,2.4600000381469727,2.4600000381469727,2.4600000381469727,0
2020-01-16,2.4600000381469727,2.5799999237060547,2.3399999141693115,2.3399999141693115,2.3399999141693115,133
2020-01-17,2.3399999141693115,2.3399999141693115,2.3399999141693115,2.3399999141693115,2.3399999141693115,0
2020-01-20,2.3399999141693115,2.3399999141693115,2.3399999141693115,2.3399999141693115,2.3399999141693115,0
2020-01-21,2.2300000190734863,2.2300000190734863,2.2300000190734863,2.2300000190734863,2.2300000190734863,215
2020-01-22,2.2300000190734863,2.2300000190734863,2.2300000190734863,2.2300000190734863,2.2300000190734863,0
2020-01-23,2.2300000190734863,2.2300000190734863,2.2300000190734863,2.2300000190734863,2.2300000190734863,0
2020-01-24,2.2300000190734863,2.2300000190734863,2.2300000190734863,2.2300000190734863,2.2300000190734863,0
2020-01-27,2.2300000190734863,2.2300000190734863,2.2300000190734863,2.2300000190734863,2.2300000190734863,0
2020-01-28,2.2300000190734863,2.2300000190734863,2.2300000190734863,2.2300000190734863,2.2300000190734863,0
2020-01-29,2.2300000190734863,2.2300000190734863,2.2300000190734863,2.2300000190734863,2.2300000190734863,0
2020-01-30,2.2300000190734863,2.2300000190734863,2.2300000190734863,2.2300000190734863,2.2300000190734863,0
2020-01-31,2.2300000190734863,2.2300000190734863,2.2300000190734863,2.2300000190734863,2.2300000190734863,0
2020-02-03,2.2300000190734863,2.2300000190734863,2.2300000190734863,2.2300000190734863,2.2300000190734863,0
2020-02-04,2.2300000190734863,2.2300000190734863,2.2300000190734863,2.2300000190734863,2.2300000190734863,0
2020-02-05,2.2300000190734863,2.2300000190734863,2.2300000190734863,2.2300000190734863,2.2300000190734863,0
2020-02-06,2.2300000190734863,2.2300000190734863,2.2300000190734863,2.2300000190734863,2.2300000190734863,0
2020-02-07,2.2300000190734863,2.2300000190734863,2.2300000190734863,2.2300000190734863,2.2300000190734863,0
2020-02-10,2.2300000190734863,2.2300000190734863,2.2300000190734863,2.2300000190734863,2.2300000190734863,0
2020-02-11,2.2300000190734863,2.2300000190734863,2.2300000190734863,2.2300000190734863,2.2300000190734863,0
2020-02-12,2.2300000190734863,2.2300000190734863,2.2300000190734863,2.2300000190734863,2.2300000190734863,0
2020-02-13,2.2300000190734863,2.2300000190734863,2.2300000190734863,2.2300000190734863,2.2300000190734863,0
2020-02-14,2.2300000190734863,2.2300000190734863,2.2300000190734863,2.2300000190734863,2.2300000190734863,0
2020-02-17,2.2300000190734863,2.2300000190734863,2.2300000190734863,2.2300000190734863,2.2300000190734863,0
2020-02-18,2.2300000190734863,2.2300000190734863,2.2300000190734863,2.2300000190734863,2.2300000190734863,0
2020-02-19,2.2300000190734863,2.2300000190734863,2.2300000190734863,2.2300000190734863,2.2300000190734863,0
2020-02-20,2.119999885559082,2.119999885559082,2.119999885559082,2.119999885559082,2.119999885559082,378
2020-02-24,2.0199999809265137,2.0199999809265137,2.0199999809265137,2.0199999809265137,2.0199999809265137,2
2020-02-25,2.0199999809265137,2.0199999809265137,2.0199999809265137,2.0199999809265137,2.0199999809265137,0
2020-02-26,1.9199999570846558,1.9199999570846558,1.9199999570846558,1.9199999570846558,1.9199999570846558,1200
2020-02-27,1.9199999570846558,1.9199999570846558,1.9199999570846558,1.9199999570846558,1.9199999570846558,0
2020-02-28,1.9199999570846558,1.9199999570846558,1.9199999570846558,1.9199999570846558,1.9199999570846558,0
2020-03-02,1.8300000429153442,1.8300000429153442,1.8300000429153442,1.8300000429153442,1.8300000429153442,805
2020-03-03,1.8300000429153442,1.8300000429153442,1.8300000429153442,1.8300000429153442,1.8300000429153442,0
2020-03-04,1.8300000429153442,1.8300000429153442,1.8300000429153442,1.8300000429153442,1.8300000429153442,0
2020-03-05,1.8300000429153442,1.8300000429153442,1.8300000429153442,1.8300000429153442,1.8300000429153442,0
2020-03-06,1.8300000429153442,1.8300000429153442,1.8300000429153442,1.8300000429153442,1.8300000429153442,0
2020-03-09,1.8300000429153442,1.8300000429153442,1.8300000429153442,1.8300000429153442,1.8300000429153442,0
2020-03-11,1.659999966621399,1.659999966621399,1.659999966621399,1.659999966621399,1.659999966621399,938
2020-03-12,1.659999966621399,1.659999966621399,1.659999966621399,1.659999966621399,1.659999966621399,0
2020-03-13,1.659999966621399,1.659999966621399,1.659999966621399,1.659999966621399,1.659999966621399,0
2020-03-16,1.659999966621399,1.659999966621399,1.659999966621399,1.659999966621399,1.659999966621399,0
2020-03-17,1.659999966621399,1.659999966621399,1.659999966621399,1.659999966621399,1.659999966621399,0
2020-03-18,1.659999966621399,1.659999966621399,1.659999966621399,1.659999966621399,1.659999966621399,0
2020-03-19,1.659999966621399,1.659999966621399,1.659999966621399,1.659999966621399,1.659999966621399,0
2020-03-20,1.659999966621399,1.659999966621399,1.659999966621399,1.659999966621399,1.659999966621399,0
2020-03-23,1.659999966621399,1.659999966621399,1.659999966621399,1.659999966621399,1.659999966621399,0
2020-03-24,1.659999966621399,1.659999966621399,1.659999966621399,1.659999966621399,1.659999966621399,0
2020-03-25,1.659999966621399,1.659999966621399,1.659999966621399,1.659999966621399,1.659999966621399,0
2020-03-26,1.659999966621399,1.659999966621399,1.659999966621399,1.659999966621399,1.659999966621399,0
2020-03-27,1.659999966621399,1.659999966621399,1.659999966621399,1.659999966621399,1.659999966621399,0
2020-03-30,1.659999966621399,1.659999966621399,1.659999966621399,1.659999966621399,1.659999966621399,0
2020-03-31,1.659999966621399,1.659999966621399,1.659999966621399,1.659999966621399,1.659999966621399,0
2020-04-01,1.659999966621399,1.659999966621399,1.659999966621399,1.659999966621399,1.659999966621399,0
2020-04-03,1.659999966621399,1.659999966621399,1.659999966621399,1.659999966621399,1.659999966621399,0
2020-04-07,1.659999966621399,1.659999966621399,1.659999966621399,1.659999966621399,1.659999966621399,0
2020-04-08,1.659999966621399,1.659999966621399,1.659999966621399,1.659999966621399,1.659999966621399,0
2020-04-09,1.659999966621399,1.659999966621399,1.659999966621399,1.659999966621399,1.659999966621399,0
2020-04-13,1.659999966621399,1.659999966621399,1.659999966621399,1.659999966621399,1.659999966621399,0
2020-04-15,1.659999966621399,1.659999966621399,1.659999966621399,1.659999966621399,1.659999966621399,0
2020-04-16,1.659999966621399,1.659999966621399,1.659999966621399,1.659999966621399,1.659999966621399,0
2020-04-17,1.659999966621399,1.659999966621399,1.659999966621399,1.659999966621399,1.659999966621399,0
2020-04-20,1.659999966621399,1.659999966621399,1.659999966621399,1.659999966621399,1.659999966621399,0
2020-04-21,1.659999966621399,1.659999966621399,1.659999966621399,1.659999966621399,1.659999966621399,0
2020-04-22,1.659999966621399,1.659999966621399,1.659999966621399,1.659999966621399,1.659999966621399,0
2020-04-23,1.659999966621399,1.659999966621399,1.659999966621399,1.659999966621399,1.659999966621399,0
2020-04-24,1.659999966621399,1.659999966621399,1.659999966621399,1.659999966621399,1.659999966621399,0
2020-04-27,1.659999966621399,1.659999966621399,1.659999966621399,1.659999966621399,1.659999966621399,0
2020-04-28,1.659999966621399,1.659999966621399,1.659999966621399,1.659999966621399,1.659999966621399,0
2020-04-29,1.659999966621399,1.659999966621399,1.659999966621399,1.659999966621399,1.659999966621399,0
2020-04-30,1.659999966621399,1.659999966621399,1.659999966621399,1.659999966621399,1.659999966621399,0
2020-05-04,1.659999966621399,1.659999966621399,1.659999966621399,1.659999966621399,1.659999966621399,0
2020-05-05,1.659999966621399,1.659999966621399,1.659999966621399,1.659999966621399,1.659999966621399,0
2020-05-06,1.659999966621399,1.659999966621399,1.659999966621399,1.659999966621399,1.659999966621399,0
2020-05-07,1.659999966621399,1.659999966621399,1.659999966621399,1.659999966621399,1.659999966621399,0
2020-05-08,1.659999966621399,1.659999966621399,1.659999966621399,1.659999966621399,1.659999966621399,0
2020-05-11,1.659999966621399,1.659999966621399,1.659999966621399,1.659999966621399,1.659999966621399,0
2020-05-12,1.659999966621399,1.659999966621399,1.659999966621399,1.659999966621399,1.659999966621399,0
2020-05-13,1.659999966621399,1.659999966621399,1.659999966621399,1.659999966621399,1.659999966621399,0
2020-05-14,1.659999966621399,1.659999966621399,1.659999966621399,1.659999966621399,1.659999966621399,0
2020-05-15,1.659999966621399,1.659999966621399,1.659999966621399,1.659999966621399,1.659999966621399,0
2020-05-18,1.659999966621399,1.659999966621399,1.659999966621399,1.659999966621399,1.659999966621399,0
2020-05-19,1.659999966621399,1.659999966621399,1.659999966621399,1.659999966621399,1.659999966621399,0
2020-05-20,1.659999966621399,1.659999966621399,1.659999966621399,1.659999966621399,1.659999966621399,0
2020-05-21,1.659999966621399,1.659999966621399,1.659999966621399,1.659999966621399,1.659999966621399,0
2020-05-22,1.659999966621399,1.659999966621399,1.659999966621399,1.659999966621399,1.659999966621399,0
2020-05-26,1.659999966621399,1.659999966621399,1.659999966621399,1.659999966621399,1.659999966621399,0
2020-05-27,1.659999966621399,1.659999966621399,1.659999966621399,1.659999966621399,1.659999966621399,0
2020-05-28,1.659999966621399,1.659999966621399,1.659999966621399,1.659999966621399,1.659999966621399,0
2020-05-29,1.659999966621399,1.659999966621399,1.659999966621399,1.659999966621399,1.659999966621399,0
2020-06-01,1.659999966621399,1.659999966621399,1.659999966621399,1.659999966621399,1.659999966621399,0
2020-06-02,1.659999966621399,1.659999966621399,1.659999966621399,1.659999966621399,1.659999966621399,0
2020-06-03,1.659999966621399,1.659999966621399,1.659999966621399,1.659999966621399,1.659999966621399,0
2020-06-04,1.659999966621399,1.659999966621399,1.659999966621399,1.659999966621399,1.659999966621399,0
2020-06-05,1.659999966621399,1.659999966621399,1.659999966621399,1.659999966621399,1.659999966621399,0
