Date,Open,High,Low,Close,Adj Close,Volume
2000-01-04,55.0,55.0,55.0,55.0,51.890777587890625,100
2000-01-05,55.0,55.0,55.0,55.0,51.890777587890625,0
2000-01-06,55.0,55.0,55.0,55.0,51.890777587890625,0
2000-01-07,55.0,55.0,55.0,55.0,51.890777587890625,0
2000-01-10,55.0,55.0,55.0,55.0,51.890777587890625,0
2000-01-11,55.0,55.0,55.0,55.0,51.890777587890625,0
2000-01-12,55.0,55.0,55.0,55.0,51.890777587890625,0
2000-01-13,55.0,55.0,55.0,55.0,51.890777587890625,0
2000-01-14,55.0,55.0,55.0,55.0,51.890777587890625,0
2000-01-17,55.0,55.0,55.0,55.0,51.890777587890625,0
2000-01-18,55.0,55.0,55.0,55.0,51.890777587890625,0
2000-01-19,55.0,55.0,55.0,55.0,51.890777587890625,0
2000-01-20,55.0,55.0,55.0,55.0,51.890777587890625,0
2000-01-21,55.0,55.0,55.0,55.0,51.890777587890625,0
2000-01-24,55.0,55.0,55.0,55.0,51.890777587890625,0
2000-01-25,55.0,55.0,55.0,55.0,51.890777587890625,0
2000-01-26,55.0,55.0,55.0,55.0,51.890777587890625,0
2000-01-27,55.0,55.0,55.0,55.0,51.890777587890625,0
2000-01-28,55.0,55.0,55.0,55.0,51.890777587890625,0
2000-01-31,55.0,55.0,55.0,55.0,51.890777587890625,0
2000-02-01,55.0,55.0,55.0,55.0,51.890777587890625,0
2000-02-02,55.0,55.0,55.0,55.0,51.890777587890625,0
2000-02-03,55.0,55.0,55.0,55.0,51.890777587890625,0
2000-02-04,55.0,55.0,55.0,55.0,51.890777587890625,0
2000-02-07,55.0,55.0,55.0,55.0,51.890777587890625,0
2000-02-08,55.0,55.0,55.0,55.0,51.890777587890625,0
2000-02-09,55.0,55.0,55.0,55.0,51.890777587890625,0
2000-02-10,55.0,55.0,55.0,55.0,51.890777587890625,0
2000-02-11,55.0,55.0,55.0,55.0,51.890777587890625,0
2000-02-14,55.0,55.0,55.0,55.0,51.890777587890625,0
2000-02-15,55.0,55.0,55.0,55.0,51.890777587890625,0
2000-02-16,55.0,55.0,55.0,55.0,51.890777587890625,0
2000-02-17,55.0,55.0,55.0,55.0,51.890777587890625,0
2000-02-18,55.0,55.0,55.0,55.0,51.890777587890625,0
2000-02-21,55.0,55.0,55.0,55.0,51.890777587890625,0
2000-02-22,55.0,55.0,55.0,55.0,51.890777587890625,0
2000-02-23,55.0,55.0,55.0,55.0,51.890777587890625,0
2000-02-24,55.0,55.0,55.0,55.0,51.890777587890625,0
2000-02-25,55.0,55.0,55.0,55.0,51.890777587890625,0
2000-02-28,55.0,55.0,55.0,55.0,51.890777587890625,0
2000-02-29,55.0,55.0,55.0,55.0,51.890777587890625,0
2000-03-01,55.0,55.0,55.0,55.0,51.890777587890625,0
2000-03-02,55.0,55.0,55.0,55.0,51.890777587890625,0
2000-03-03,55.0,55.0,55.0,55.0,51.890777587890625,0
2000-03-06,55.0,55.0,55.0,55.0,51.890777587890625,0
2000-03-07,55.0,55.0,55.0,55.0,51.890777587890625,0
2000-03-08,55.0,55.0,55.0,55.0,51.890777587890625,0
2000-03-09,55.0,55.0,55.0,55.0,51.890777587890625,0
2000-03-10,55.0,55.0,55.0,55.0,51.890777587890625,0
2000-03-13,50.650001525878906,50.650001525878906,50.650001525878906,50.650001525878906,47.78668975830078,100
2000-03-14,50.650001525878906,50.650001525878906,50.650001525878906,50.650001525878906,47.78668975830078,0
2000-03-15,50.650001525878906,50.650001525878906,50.650001525878906,50.650001525878906,47.78668975830078,0
2000-03-16,50.650001525878906,50.650001525878906,50.650001525878906,50.650001525878906,47.78668975830078,0
2000-03-17,50.650001525878906,50.650001525878906,50.650001525878906,50.650001525878906,47.78668975830078,0
2000-03-20,50.650001525878906,50.650001525878906,50.650001525878906,50.650001525878906,47.78668975830078,0
2000-03-21,50.650001525878906,50.650001525878906,50.650001525878906,50.650001525878906,47.78668975830078,0
2000-03-22,50.650001525878906,50.650001525878906,50.650001525878906,50.650001525878906,47.78668975830078,0
2000-03-23,50.650001525878906,50.650001525878906,50.650001525878906,50.650001525878906,47.78668975830078,0
2000-03-24,50.650001525878906,50.650001525878906,50.650001525878906,50.650001525878906,47.78668975830078,0
2000-03-27,50.650001525878906,50.650001525878906,50.650001525878906,50.650001525878906,47.78668975830078,0
2000-03-28,50.650001525878906,50.650001525878906,50.650001525878906,50.650001525878906,47.78668975830078,0
2000-03-29,50.650001525878906,50.650001525878906,50.650001525878906,50.650001525878906,47.78668975830078,0
2000-03-30,50.650001525878906,50.650001525878906,50.650001525878906,50.650001525878906,47.78668975830078,0
2000-03-31,50.650001525878906,50.650001525878906,50.650001525878906,50.650001525878906,47.78668975830078,0
2000-04-03,50.650001525878906,50.650001525878906,50.650001525878906,50.650001525878906,47.78668975830078,0
2000-04-04,50.650001525878906,50.650001525878906,50.650001525878906,50.650001525878906,47.78668975830078,0
2000-04-05,50.650001525878906,50.650001525878906,50.650001525878906,50.650001525878906,47.78668975830078,0
2000-04-06,50.650001525878906,50.650001525878906,50.650001525878906,50.650001525878906,47.78668975830078,0
2000-04-07,50.650001525878906,50.650001525878906,50.650001525878906,50.650001525878906,47.78668975830078,0
2000-04-10,50.650001525878906,50.650001525878906,50.650001525878906,50.650001525878906,47.78668975830078,0
2000-04-11,50.650001525878906,50.650001525878906,50.650001525878906,50.650001525878906,47.78668975830078,0
2000-04-12,50.650001525878906,50.650001525878906,50.650001525878906,50.650001525878906,47.78668975830078,0
2000-04-13,50.650001525878906,50.650001525878906,50.650001525878906,50.650001525878906,47.78668975830078,0
2000-04-14,50.650001525878906,50.650001525878906,50.650001525878906,50.650001525878906,47.78668975830078,0
2000-04-17,50.650001525878906,50.650001525878906,50.650001525878906,50.650001525878906,47.78668975830078,0
2000-04-18,50.650001525878906,50.650001525878906,50.650001525878906,50.650001525878906,47.78668975830078,0
2000-04-19,50.650001525878906,50.650001525878906,50.650001525878906,50.650001525878906,47.78668975830078,0
2000-04-20,50.650001525878906,50.650001525878906,50.650001525878906,50.650001525878906,47.78668975830078,0
2000-04-21,50.650001525878906,50.650001525878906,50.650001525878906,50.650001525878906,47.78668975830078,0
2000-04-24,50.650001525878906,50.650001525878906,50.650001525878906,50.650001525878906,47.78668975830078,0
2000-04-25,50.650001525878906,50.650001525878906,50.650001525878906,50.650001525878906,47.78668975830078,0
2000-04-26,50.650001525878906,50.650001525878906,50.650001525878906,50.650001525878906,47.78668975830078,0
2000-04-27,50.650001525878906,50.650001525878906,50.650001525878906,50.650001525878906,47.78668975830078,0
2000-04-28,50.650001525878906,50.650001525878906,50.650001525878906,50.650001525878906,47.78668975830078,0
2000-05-01,50.650001525878906,50.650001525878906,50.650001525878906,50.650001525878906,47.78668975830078,0
2000-05-02,50.650001525878906,50.650001525878906,50.650001525878906,50.650001525878906,47.78668975830078,0
2000-05-03,50.650001525878906,50.650001525878906,50.650001525878906,50.650001525878906,47.78668975830078,0
2000-05-04,50.650001525878906,50.650001525878906,50.650001525878906,50.650001525878906,47.78668975830078,0
2000-05-05,50.650001525878906,50.650001525878906,50.650001525878906,50.650001525878906,47.78668975830078,0
2000-05-08,50.650001525878906,50.650001525878906,50.650001525878906,50.650001525878906,47.78668975830078,0
2000-05-09,50.650001525878906,50.650001525878906,50.650001525878906,50.650001525878906,47.78668975830078,0
2000-05-10,50.650001525878906,50.650001525878906,50.650001525878906,50.650001525878906,47.78668975830078,0
2000-05-11,50.650001525878906,50.650001525878906,50.650001525878906,50.650001525878906,47.78668975830078,0
2000-05-12,50.650001525878906,50.650001525878906,50.650001525878906,50.650001525878906,47.78668975830078,0
2000-05-15,50.650001525878906,50.650001525878906,50.650001525878906,50.650001525878906,47.78668975830078,0
2000-05-16,50.650001525878906,50.650001525878906,50.650001525878906,50.650001525878906,47.78668975830078,0
2000-05-17,50.650001525878906,50.650001525878906,50.650001525878906,50.650001525878906,47.78668975830078,0
2000-05-18,50.650001525878906,50.650001525878906,50.650001525878906,50.650001525878906,47.78668975830078,0
2000-05-19,50.650001525878906,50.650001525878906,50.650001525878906,50.650001525878906,47.78668975830078,0
2000-05-22,50.650001525878906,50.650001525878906,50.650001525878906,50.650001525878906,47.78668975830078,0
2000-05-23,50.650001525878906,50.650001525878906,50.650001525878906,50.650001525878906,47.78668975830078,0
2000-05-24,50.650001525878906,50.650001525878906,50.650001525878906,50.650001525878906,47.78668975830078,0
2000-05-25,50.650001525878906,50.650001525878906,50.650001525878906,50.650001525878906,47.78668975830078,0
2000-05-26,50.650001525878906,50.650001525878906,50.650001525878906,50.650001525878906,47.78668975830078,0
2000-05-29,50.650001525878906,50.650001525878906,50.650001525878906,50.650001525878906,47.78668975830078,0
2000-05-30,50.650001525878906,50.650001525878906,50.650001525878906,50.650001525878906,47.78668975830078,0
2000-05-31,50.650001525878906,50.650001525878906,50.650001525878906,50.650001525878906,47.78668975830078,0
2000-06-01,50.650001525878906,50.650001525878906,50.650001525878906,50.650001525878906,47.78668975830078,0
2000-06-02,50.650001525878906,50.650001525878906,50.650001525878906,50.650001525878906,47.78668975830078,0
2000-06-05,50.650001525878906,50.650001525878906,50.650001525878906,50.650001525878906,47.78668975830078,0
2000-06-06,50.650001525878906,50.650001525878906,50.650001525878906,50.650001525878906,47.78668975830078,0
2000-06-07,50.650001525878906,50.650001525878906,50.650001525878906,50.650001525878906,47.78668975830078,0
2000-06-08,50.650001525878906,50.650001525878906,50.650001525878906,50.650001525878906,47.78668975830078,0
2000-06-09,50.650001525878906,50.650001525878906,50.650001525878906,50.650001525878906,47.78668975830078,0
2000-06-12,50.650001525878906,50.650001525878906,50.650001525878906,50.650001525878906,47.78668975830078,0
2000-06-13,50.650001525878906,50.650001525878906,50.650001525878906,50.650001525878906,47.78668975830078,0
2000-06-14,50.650001525878906,50.650001525878906,50.650001525878906,50.650001525878906,47.78668975830078,0
2000-06-15,50.650001525878906,50.650001525878906,50.650001525878906,50.650001525878906,47.78668975830078,0
2000-06-16,50.650001525878906,50.650001525878906,50.650001525878906,50.650001525878906,47.78668975830078,0
2000-06-19,50.650001525878906,50.650001525878906,50.650001525878906,50.650001525878906,47.78668975830078,0
2000-06-20,50.650001525878906,50.650001525878906,50.650001525878906,50.650001525878906,47.78668975830078,0
2000-06-21,50.650001525878906,50.650001525878906,50.650001525878906,50.650001525878906,47.78668975830078,0
2000-06-22,50.650001525878906,50.650001525878906,50.650001525878906,50.650001525878906,47.78668975830078,0
2000-06-23,50.650001525878906,50.650001525878906,50.650001525878906,50.650001525878906,47.78668975830078,0
2000-06-26,50.650001525878906,50.650001525878906,50.650001525878906,50.650001525878906,47.78668975830078,0
2000-06-27,50.650001525878906,50.650001525878906,50.650001525878906,50.650001525878906,47.78668975830078,0
2000-06-28,50.650001525878906,50.650001525878906,50.650001525878906,50.650001525878906,47.78668975830078,0
2000-06-29,50.650001525878906,50.650001525878906,50.650001525878906,50.650001525878906,47.78668975830078,0
2000-06-30,50.650001525878906,50.650001525878906,50.650001525878906,50.650001525878906,47.78668975830078,0
2000-07-03,50.650001525878906,50.650001525878906,50.650001525878906,50.650001525878906,47.78668975830078,0
2000-07-04,50.650001525878906,50.650001525878906,50.650001525878906,50.650001525878906,47.78668975830078,0
2000-07-05,50.650001525878906,50.650001525878906,50.650001525878906,50.650001525878906,47.78668975830078,0
2000-07-06,50.650001525878906,50.650001525878906,50.650001525878906,50.650001525878906,47.78668975830078,0
2000-07-07,50.650001525878906,50.650001525878906,50.650001525878906,50.650001525878906,47.78668975830078,0
2000-07-10,50.650001525878906,50.650001525878906,50.650001525878906,50.650001525878906,47.78668975830078,0
2000-07-11,50.650001525878906,50.650001525878906,50.650001525878906,50.650001525878906,47.78668975830078,0
2000-07-12,50.650001525878906,50.650001525878906,50.650001525878906,50.650001525878906,47.78668975830078,0
2000-07-13,50.650001525878906,50.650001525878906,50.650001525878906,50.650001525878906,47.78668975830078,0
2000-07-14,50.650001525878906,50.650001525878906,50.650001525878906,50.650001525878906,47.78668975830078,0
2000-07-17,50.650001525878906,50.650001525878906,50.650001525878906,50.650001525878906,47.78668975830078,0
2000-07-18,50.650001525878906,50.650001525878906,50.650001525878906,50.650001525878906,47.78668975830078,0
2000-07-19,50.650001525878906,50.650001525878906,50.650001525878906,50.650001525878906,47.78668975830078,0
2000-07-20,50.650001525878906,50.650001525878906,50.650001525878906,50.650001525878906,47.78668975830078,0
2000-07-21,50.650001525878906,50.650001525878906,50.650001525878906,50.650001525878906,47.78668975830078,0
2000-07-24,50.650001525878906,50.650001525878906,50.650001525878906,50.650001525878906,47.78668975830078,0
2000-07-25,50.650001525878906,50.650001525878906,50.650001525878906,50.650001525878906,47.78668975830078,0
2000-07-26,50.650001525878906,50.650001525878906,50.650001525878906,50.650001525878906,47.78668975830078,0
2000-07-27,50.650001525878906,50.650001525878906,50.650001525878906,50.650001525878906,47.78668975830078,0
2000-07-28,50.650001525878906,50.650001525878906,50.650001525878906,50.650001525878906,47.78668975830078,0
2000-07-31,50.650001525878906,50.650001525878906,50.650001525878906,50.650001525878906,47.78668975830078,0
2000-08-01,50.650001525878906,50.650001525878906,50.650001525878906,50.650001525878906,47.78668975830078,0
2000-08-02,50.650001525878906,50.650001525878906,50.650001525878906,50.650001525878906,47.78668975830078,0
2000-08-03,50.650001525878906,50.650001525878906,50.650001525878906,50.650001525878906,47.78668975830078,0
2000-08-04,50.650001525878906,50.650001525878906,50.650001525878906,50.650001525878906,47.78668975830078,0
2000-08-07,50.650001525878906,50.650001525878906,50.650001525878906,50.650001525878906,47.78668975830078,0
2000-08-08,50.650001525878906,50.650001525878906,50.650001525878906,50.650001525878906,47.78668975830078,0
2000-08-09,50.650001525878906,50.650001525878906,50.650001525878906,50.650001525878906,47.78668975830078,0
2000-08-10,50.650001525878906,50.650001525878906,50.650001525878906,50.650001525878906,47.78668975830078,0
2000-08-11,50.650001525878906,50.650001525878906,50.650001525878906,50.650001525878906,47.78668975830078,0
2000-08-14,50.650001525878906,50.650001525878906,50.650001525878906,50.650001525878906,47.78668975830078,0
2000-08-15,50.650001525878906,50.650001525878906,50.650001525878906,50.650001525878906,47.78668975830078,0
2000-08-16,50.650001525878906,50.650001525878906,50.650001525878906,50.650001525878906,47.78668975830078,0
2000-08-17,50.650001525878906,50.650001525878906,50.650001525878906,50.650001525878906,47.78668975830078,0
2000-08-18,50.650001525878906,50.650001525878906,50.650001525878906,50.650001525878906,47.78668975830078,0
2000-08-21,50.650001525878906,50.650001525878906,50.650001525878906,50.650001525878906,47.78668975830078,0
2000-08-22,50.650001525878906,50.650001525878906,50.650001525878906,50.650001525878906,47.78668975830078,0
2000-08-23,50.650001525878906,50.650001525878906,50.650001525878906,50.650001525878906,47.78668975830078,0
2000-08-24,50.650001525878906,50.650001525878906,50.650001525878906,50.650001525878906,47.78668975830078,0
2000-08-25,50.650001525878906,50.650001525878906,50.650001525878906,50.650001525878906,47.78668975830078,0
2000-08-28,50.650001525878906,50.650001525878906,50.650001525878906,50.650001525878906,47.78668975830078,0
2000-08-29,50.650001525878906,50.650001525878906,50.650001525878906,50.650001525878906,47.78668975830078,0
2000-08-30,50.650001525878906,50.650001525878906,50.650001525878906,50.650001525878906,47.78668975830078,0
2000-08-31,50.650001525878906,50.650001525878906,50.650001525878906,50.650001525878906,47.78668975830078,0
2000-09-01,50.650001525878906,50.650001525878906,50.650001525878906,50.650001525878906,47.78668975830078,0
2000-09-04,50.650001525878906,50.650001525878906,50.650001525878906,50.650001525878906,47.78668975830078,0
2000-09-05,50.650001525878906,50.650001525878906,50.650001525878906,50.650001525878906,47.78668975830078,0
2000-09-06,50.650001525878906,50.650001525878906,50.650001525878906,50.650001525878906,47.78668975830078,0
2000-09-07,50.650001525878906,50.650001525878906,50.650001525878906,50.650001525878906,47.78668975830078,0
2000-09-08,50.650001525878906,50.650001525878906,50.650001525878906,50.650001525878906,47.78668975830078,0
2000-09-11,50.650001525878906,50.650001525878906,50.650001525878906,50.650001525878906,47.78668975830078,0
2000-09-12,50.650001525878906,50.650001525878906,50.650001525878906,50.650001525878906,47.78668975830078,0
2000-09-13,50.650001525878906,50.650001525878906,50.650001525878906,50.650001525878906,47.78668975830078,0
2000-09-14,50.650001525878906,50.650001525878906,50.650001525878906,50.650001525878906,47.78668975830078,0
2000-09-15,50.650001525878906,50.650001525878906,50.650001525878906,50.650001525878906,47.78668975830078,0
2000-09-18,50.650001525878906,50.650001525878906,50.650001525878906,50.650001525878906,47.78668975830078,0
2000-09-19,50.650001525878906,50.650001525878906,50.650001525878906,50.650001525878906,47.78668975830078,0
2000-09-20,50.650001525878906,50.650001525878906,50.650001525878906,50.650001525878906,47.78668975830078,0
2000-09-21,50.650001525878906,50.650001525878906,50.650001525878906,50.650001525878906,47.78668975830078,0
2000-09-22,50.650001525878906,50.650001525878906,50.650001525878906,50.650001525878906,47.78668975830078,0
2000-09-25,50.650001525878906,50.650001525878906,50.650001525878906,50.650001525878906,47.78668975830078,0
2000-09-26,50.650001525878906,50.650001525878906,50.650001525878906,50.650001525878906,47.78668975830078,0
2000-09-27,50.650001525878906,50.650001525878906,50.650001525878906,50.650001525878906,47.78668975830078,0
2000-09-28,50.650001525878906,50.650001525878906,50.650001525878906,50.650001525878906,47.78668975830078,0
2000-09-29,50.650001525878906,50.650001525878906,50.650001525878906,50.650001525878906,47.78668975830078,0
2000-10-02,50.650001525878906,50.650001525878906,50.650001525878906,50.650001525878906,47.78668975830078,0
2000-10-03,50.650001525878906,50.650001525878906,50.650001525878906,50.650001525878906,47.78668975830078,0
2000-10-04,50.650001525878906,50.650001525878906,50.650001525878906,50.650001525878906,47.78668975830078,0
2000-10-05,50.650001525878906,50.650001525878906,50.650001525878906,50.650001525878906,47.78668975830078,0
2000-10-06,50.650001525878906,50.650001525878906,50.650001525878906,50.650001525878906,47.78668975830078,0
2000-10-09,50.650001525878906,50.650001525878906,50.650001525878906,50.650001525878906,47.78668975830078,0
2000-10-10,50.650001525878906,50.650001525878906,50.650001525878906,50.650001525878906,47.78668975830078,0
2000-10-11,50.650001525878906,50.650001525878906,50.650001525878906,50.650001525878906,47.78668975830078,0
2000-10-12,50.650001525878906,50.650001525878906,50.650001525878906,50.650001525878906,47.78668975830078,0
2000-10-13,50.650001525878906,50.650001525878906,50.650001525878906,50.650001525878906,47.78668975830078,0
2000-10-16,50.650001525878906,50.650001525878906,50.650001525878906,50.650001525878906,47.78668975830078,0
2000-10-17,50.650001525878906,50.650001525878906,50.650001525878906,50.650001525878906,47.78668975830078,0
2000-10-18,50.650001525878906,50.650001525878906,50.650001525878906,50.650001525878906,47.78668975830078,0
2000-10-19,50.650001525878906,50.650001525878906,50.650001525878906,50.650001525878906,47.78668975830078,0
2000-10-20,50.650001525878906,50.650001525878906,50.650001525878906,50.650001525878906,47.78668975830078,0
2000-10-23,50.650001525878906,50.650001525878906,50.650001525878906,50.650001525878906,47.78668975830078,0
2000-10-24,50.650001525878906,50.650001525878906,50.650001525878906,50.650001525878906,47.78668975830078,0
2000-10-25,50.650001525878906,50.650001525878906,50.650001525878906,50.650001525878906,47.78668975830078,0
2000-10-26,50.650001525878906,50.650001525878906,50.650001525878906,50.650001525878906,47.78668975830078,0
2000-10-27,50.650001525878906,50.650001525878906,50.650001525878906,50.650001525878906,47.78668975830078,0
2000-10-30,50.650001525878906,50.650001525878906,50.650001525878906,50.650001525878906,47.78668975830078,0
2000-10-31,50.650001525878906,50.650001525878906,50.650001525878906,50.650001525878906,47.78668975830078,0
2000-11-01,50.650001525878906,50.650001525878906,50.650001525878906,50.650001525878906,47.78668975830078,0
2000-11-02,50.650001525878906,50.650001525878906,50.650001525878906,50.650001525878906,47.78668975830078,0
2000-11-03,50.650001525878906,50.650001525878906,50.650001525878906,50.650001525878906,47.78668975830078,0
2000-11-06,50.650001525878906,50.650001525878906,50.650001525878906,50.650001525878906,47.78668975830078,0
2000-11-07,50.650001525878906,50.650001525878906,50.650001525878906,50.650001525878906,47.78668975830078,0
2000-11-08,50.650001525878906,50.650001525878906,50.650001525878906,50.650001525878906,47.78668975830078,0
2000-11-09,50.650001525878906,50.650001525878906,50.650001525878906,50.650001525878906,47.78668975830078,0
2000-11-10,50.650001525878906,50.650001525878906,50.650001525878906,50.650001525878906,47.78668975830078,0
2000-11-13,50.650001525878906,50.650001525878906,50.650001525878906,50.650001525878906,47.78668975830078,0
2000-11-14,50.650001525878906,50.650001525878906,50.650001525878906,50.650001525878906,47.78668975830078,0
2000-11-15,50.650001525878906,50.650001525878906,50.650001525878906,50.650001525878906,47.78668975830078,0
2000-11-16,50.650001525878906,50.650001525878906,50.650001525878906,50.650001525878906,47.78668975830078,0
2000-11-17,50.650001525878906,50.650001525878906,50.650001525878906,50.650001525878906,47.78668975830078,0
2000-11-20,50.650001525878906,50.650001525878906,50.650001525878906,50.650001525878906,47.78668975830078,0
2000-11-21,50.650001525878906,50.650001525878906,50.650001525878906,50.650001525878906,47.78668975830078,0
2001-02-09,46.20000076293945,46.20000076293945,46.20000076293945,46.20000076293945,43.588260650634766,100
2001-02-13,42.599998474121094,42.599998474121094,42.54999923706055,42.54999923706055,40.14458465576172,200
2001-03-07,42.54999923706055,42.54999923706055,42.54999923706055,42.54999923706055,40.14458465576172,100
2001-03-12,39.5,39.5,39.5,39.5,37.267005920410156,100
2001-06-11,37.5,37.5,37.5,37.5,35.38008117675781,100
2002-04-08,45.0,45.0,45.0,45.0,42.45609664916992,34800
2002-04-09,52.900001525878906,54.0,49.29999923706055,51.70000076293945,48.77733612060547,5800
2002-04-10,55.29999923706055,56.400001525878906,52.150001525878906,53.04999923706055,50.05101776123047,23700
2002-04-11,53.0,55.0,52.0,53.150001525878906,50.145362854003906,3100
2002-04-12,53.0,53.0,47.95000076293945,47.95000076293945,45.239322662353516,1900
2002-04-15,49.79999923706055,49.79999923706055,47.5,47.5,44.81476974487305,800
2002-04-16,47.5,47.5,46.099998474121094,46.150001525878906,43.54108428955078,300
2002-04-17,46.54999923706055,47.0,40.650001525878906,40.650001525878906,38.35200500488281,3300
2002-04-18,40.04999923706055,43.0,40.04999923706055,43.0,40.56916046142578,800
2002-04-19,41.25,42.75,41.25,42.04999923706055,39.672855377197266,300
2002-04-22,42.5,43.95000076293945,42.04999923706055,43.0,40.56916046142578,1300
2002-04-23,44.25,44.25,44.25,44.25,41.74848937988281,100
2002-04-24,43.95000076293945,43.95000076293945,42.0,42.0,39.62568283081055,1900
2002-04-25,42.0,42.0,40.150001525878906,40.150001525878906,37.88026428222656,700
2002-04-26,38.150001525878906,38.150001525878906,38.150001525878906,38.150001525878906,35.99333572387695,100
2002-04-29,43.95000076293945,43.95000076293945,40.5,40.5,38.21048355102539,400
2002-05-02,38.0,38.0,37.0,37.0,34.9083366394043,200
2002-05-06,44.0,44.0,39.04999923706055,40.04999923706055,37.785919189453125,21500
2002-05-07,41.599998474121094,44.0,41.599998474121094,42.75,40.333282470703125,36000
2002-05-08,43.0,43.0,41.099998474121094,41.099998474121094,38.77656555175781,12200
2002-05-09,41.0,41.95000076293945,35.5,39.5,37.267005920410156,3000
2002-05-10,43.0,43.0,40.0,41.25,38.918087005615234,7500
2002-05-13,47.20000076293945,49.5,45.0,46.0,43.39956283569336,12800
2002-05-14,43.5,43.5,40.150001525878906,40.150001525878906,37.88026428222656,2700
2002-05-15,45.0,45.0,40.20000076293945,40.400001525878906,38.11613845825195,3000
2002-05-16,40.04999923706055,40.04999923706055,40.04999923706055,40.04999923706055,37.785919189453125,100
2002-05-17,41.5,41.75,41.5,41.599998474121094,39.24829864501953,700
2002-05-20,42.0,43.0,40.0,40.0,37.738746643066406,1200
2002-05-21,36.04999923706055,39.0,35.0,39.0,36.7952766418457,800
2002-05-22,38.0,38.0,37.20000076293945,37.20000076293945,35.09703063964844,900
2002-05-24,44.0,44.599998474121094,42.5,43.0,40.56916046142578,7100
2002-05-27,46.75,50.0,46.0,48.25,45.522361755371094,8400
2002-05-28,45.5,48.0,45.5,46.5,43.87128829956055,1600
2002-05-29,46.900001525878906,47.0,45.0,45.0,42.45609664916992,500
2002-05-30,47.0,49.0,44.900001525878906,45.0,42.45609664916992,1500
2002-05-31,45.0,45.0,43.75,43.75,41.27676010131836,700
2002-06-03,41.20000076293945,44.5,41.20000076293945,44.5,41.984352111816406,500
2002-06-04,44.900001525878906,45.5,44.0,45.5,42.92782211303711,3000
2002-06-05,46.0,46.25,45.70000076293945,45.79999923706055,43.21086883544922,1400
2002-06-06,45.5,49.0,45.0,49.0,46.22996139526367,4000
2002-06-07,52.0,54.0,48.0,49.099998474121094,46.32430648803711,9100
2002-06-10,55.0,56.0,49.95000076293945,50.25,47.409297943115234,6600
2002-06-11,54.5,54.79999923706055,48.099998474121094,50.5,47.64516830444336,12700
2002-06-12,53.400001525878906,53.400001525878906,48.0,48.5,45.75823974609375,20600
2002-06-13,51.04999923706055,52.5,49.599998474121094,51.650001525878906,48.73016357421875,18600
2002-06-14,52.79999923706055,61.95000076293945,50.0,61.95000076293945,58.4478874206543,57600
2002-06-17,65.0,74.30000305175781,64.0,70.0999984741211,66.13715362548828,29300
2002-06-18,78.5,78.5,62.099998474121094,67.0,63.2124137878418,6500
2002-06-19,63.099998474121094,69.30000305175781,62.75,64.6500015258789,60.99525451660156,6800
2002-06-20,68.9000015258789,68.9000015258789,62.0,62.29999923706055,58.77810287475586,5800
2002-06-21,64.75,65.0,55.0,58.0,54.72118377685547,3800
2002-06-24,55.0,59.0,54.099998474121094,58.0,54.72118377685547,3000
2002-06-25,56.5,57.0,55.5,55.5,52.36251449584961,1300
2002-06-26,55.0,55.0,49.04999923706055,49.04999923706055,46.27713394165039,3300
2002-07-01,61.0,61.0,53.5,53.75,50.71144104003906,7000
2002-07-02,55.0,56.0,53.75,55.400001525878906,52.268165588378906,4700
2002-07-03,54.0,54.0,52.0,52.04999923706055,49.1075439453125,2900
2002-07-04,54.900001525878906,54.900001525878906,51.5,51.75,48.824501037597656,4100
2002-07-05,52.5,53.0,51.75,52.900001525878906,49.90949249267578,2500
2002-07-08,54.900001525878906,54.900001525878906,51.0,52.5,49.53211212158203,3100
2002-07-09,51.04999923706055,51.04999923706055,49.75,50.0,47.17344284057617,2100
2002-07-10,50.0,50.0,49.0,49.099998474121094,46.32430648803711,2000
2002-07-11,50.0,50.0,48.25,49.0,46.22996139526367,2400
2002-07-12,50.5,50.5,46.0,46.5,43.87128829956055,2700
2002-07-15,47.400001525878906,47.400001525878906,45.0,46.04999923706055,43.44673156738281,1700
2002-07-16,46.04999923706055,47.400001525878906,46.04999923706055,46.20000076293945,43.588260650634766,700
2002-07-17,48.0,48.5,45.0,45.20000076293945,42.64478302001953,5100
2002-07-18,45.04999923706055,46.849998474121094,45.0,46.849998474121094,44.20151138305664,2000
2002-07-19,44.5,46.5,44.5,46.5,43.87128829956055,2100
2002-07-22,46.0,47.0,46.0,46.04999923706055,43.44673156738281,1000
2002-07-23,46.54999923706055,47.900001525878906,46.54999923706055,47.0,44.3430290222168,1500
2002-07-24,48.0,49.900001525878906,47.25,47.25,44.57890319824219,1700
2002-07-26,47.45000076293945,47.5,45.20000076293945,45.20000076293945,42.64478302001953,1600
2002-07-29,46.0,46.0,42.0,42.0,39.62568283081055,1300
2002-07-30,43.70000076293945,43.70000076293945,42.0,42.0,39.62568283081055,800
2002-07-31,40.5,41.79999923706055,40.5,41.79999923706055,39.43699264526367,700
2002-08-01,41.0,41.0,40.0,40.0,37.738746643066406,400
2002-08-02,40.0,40.0,38.0,38.0,35.85181427001953,800
2002-08-06,40.04999923706055,41.5,40.0,41.5,39.15394592285156,700
2002-08-07,40.25,40.25,40.25,40.25,37.974613189697266,100
2002-08-08,41.849998474121094,41.849998474121094,40.0,40.0,37.738746643066406,1300
2002-08-09,40.04999923706055,40.04999923706055,38.25,38.75,36.55941390991211,1300
2002-08-12,39.0,39.0,38.95000076293945,39.0,36.7952766418457,800
2002-08-13,39.0,39.099998474121094,39.0,39.04999923706055,36.84245300292969,1600
2002-08-16,38.45000076293945,38.45000076293945,38.45000076293945,38.45000076293945,36.276371002197266,100
2002-08-19,39.5,39.5,39.5,39.5,37.267005920410156,100
2002-08-20,38.0,38.0,36.5,36.5,34.436607360839844,600
2002-08-21,33.599998474121094,33.599998474121094,33.5,33.5,31.6062068939209,200
2002-08-23,37.0,37.0,35.0,35.0,33.02140808105469,800
2002-08-26,36.45000076293945,36.45000076293945,35.0,35.0,33.02140808105469,700
2002-08-28,34.54999923706055,34.54999923706055,34.099998474121094,34.099998474121094,32.172279357910156,800
2002-08-29,34.20000076293945,35.0,32.900001525878906,33.0,31.13446617126465,1600
2002-09-09,27.0,30.049999237060547,27.0,30.0,28.304059982299805,300
2002-09-11,29.0,29.600000381469727,27.100000381469727,28.5,26.888856887817383,1800
2002-09-12,30.0,30.0,28.100000381469727,28.299999237060547,26.700166702270508,500
2002-09-13,32.099998474121094,32.099998474121094,32.099998474121094,32.099998474121094,30.28534698486328,100
2002-09-16,31.0,31.0,30.75,30.75,29.011661529541016,600
2002-09-19,25.350000381469727,36.900001525878906,25.350000381469727,36.900001525878906,34.814002990722656,1000
2002-09-26,32.0,34.0,32.0,34.0,32.07793045043945,200
2002-10-01,29.5,29.5,29.5,29.5,27.832324981689453,100
2002-10-03,30.049999237060547,30.049999237060547,30.049999237060547,30.049999237060547,28.351234436035156,100
2002-10-07,32.5,33.0,32.5,33.0,31.13446617126465,300
2002-10-09,30.0,30.0,30.0,30.0,28.304059982299805,100
2002-10-11,35.0,36.0,35.0,36.0,33.964874267578125,500
2002-10-17,33.0,34.900001525878906,33.0,34.900001525878906,32.927059173583984,400
2002-10-18,34.0,34.0,34.0,34.0,32.07793045043945,200
2002-10-23,33.5,33.5,31.0,32.0,30.190998077392578,400
2002-10-24,31.049999237060547,33.0,31.0,33.0,31.13446617126465,500
2002-10-30,32.0,32.0,32.0,32.0,30.190998077392578,100
2002-10-31,31.75,32.0,31.75,31.950000762939453,30.143827438354492,600
2002-11-15,33.0,33.0,33.0,33.0,31.13446617126465,100
2002-12-02,37.0,37.0,35.0,35.0,33.02140808105469,400
2002-12-05,32.25,32.25,32.25,32.25,30.426862716674805,200
2002-12-06,34.099998474121094,37.79999923706055,34.0,37.79999923706055,35.66312026977539,900
2002-12-11,32.099998474121094,33.0,32.099998474121094,33.0,31.13446617126465,200
2002-12-12,33.0,33.0,33.0,33.0,31.13446617126465,200
2002-12-13,35.0,35.0,35.0,35.0,33.02140808105469,300
2002-12-16,33.0,34.0,33.0,33.75,31.842073440551758,400
2002-12-18,35.0,35.75,35.0,35.75,33.729000091552734,200
2002-12-20,32.0,32.0,32.0,32.0,30.190998077392578,100
2002-12-23,32.0,32.0,32.0,32.0,30.190998077392578,500
2002-12-24,31.5,32.5,31.5,32.5,30.662734985351562,300
2002-12-26,30.0,30.0,30.0,30.0,28.304059982299805,100
2002-12-27,30.5,32.5,30.5,32.5,30.662734985351562,300
2002-12-30,30.0,31.5,26.049999237060547,26.049999237060547,24.57735824584961,1100
2003-01-01,29.0,29.0,29.0,29.0,27.360591888427734,200
2003-01-15,29.0,29.0,27.0,27.0,25.473655700683594,1000
2003-01-23,27.0,27.0,26.25,26.25,24.766056060791016,400
2003-01-24,30.850000381469727,30.850000381469727,30.850000381469727,30.850000381469727,29.10601043701172,200
2003-01-27,30.0,33.849998474121094,30.0,31.0,29.247529983520508,1000
2003-01-28,30.0,30.0,30.0,30.0,28.304059982299805,300
2003-01-29,30.299999237060547,30.299999237060547,30.299999237060547,30.299999237060547,28.587100982666016,200
2003-01-30,30.0,30.0,30.0,30.0,28.304059982299805,200
2003-02-04,30.0,30.0,30.0,30.0,28.304059982299805,100
2003-02-05,36.0,36.0,35.0,36.0,33.964874267578125,2500
2003-02-06,43.0,43.20000076293945,37.04999923706055,42.25,39.86155700683594,4400
2003-02-07,41.0,42.0,39.04999923706055,39.900001525878906,37.64440155029297,1600
2003-02-10,37.0,37.0,37.0,37.0,34.9083366394043,200
2003-02-11,35.04999923706055,37.5,35.0,37.5,35.38008117675781,800
2003-02-12,38.0,38.0,38.0,38.0,35.85181427001953,200
2003-02-14,34.099998474121094,34.099998474121094,33.5,33.5,31.6062068939209,1600
2003-02-17,32.75,32.75,32.75,32.75,30.89859962463379,200
2003-02-19,34.0,34.0,34.0,34.0,32.07793045043945,200
2003-02-20,32.0,32.0,32.0,32.0,30.190998077392578,100
2003-02-21,32.20000076293945,32.20000076293945,31.5,31.549999237060547,29.766435623168945,1500
2003-02-24,32.0,32.0,31.100000381469727,31.100000381469727,29.341875076293945,400
2003-02-25,30.799999237060547,30.799999237060547,30.799999237060547,30.799999237060547,29.058837890625,100
2003-02-26,30.100000381469727,30.100000381469727,30.100000381469727,30.100000381469727,28.398408889770508,100
2003-02-28,30.299999237060547,30.299999237060547,30.299999237060547,30.299999237060547,28.587100982666016,100
2003-03-03,30.0,30.0,29.0,29.049999237060547,27.407766342163086,500
2003-03-05,31.0,31.0,31.0,31.0,29.247529983520508,100
2003-03-10,29.200000762939453,29.200000762939453,29.0,29.0,27.360591888427734,1000
2003-03-12,29.0,29.0,29.0,29.0,27.360591888427734,100
2003-03-17,29.899999618530273,29.899999618530273,29.899999618530273,29.899999618530273,28.209714889526367,200
2003-03-20,28.600000381469727,28.600000381469727,28.600000381469727,28.600000381469727,26.983205795288086,100
2003-03-25,28.049999237060547,28.049999237060547,28.049999237060547,28.049999237060547,26.464296340942383,400
2003-04-10,26.350000381469727,26.350000381469727,26.299999237060547,26.299999237060547,24.8132266998291,200
2003-04-16,26.450000762939453,26.450000762939453,26.450000762939453,26.450000762939453,24.95474624633789,200
2003-04-29,26.0,26.0,26.0,26.0,24.530183792114258,200
2003-05-02,30.899999618530273,30.899999618530273,30.899999618530273,30.899999618530273,29.153182983398438,3000
2003-05-06,29.899999618530273,29.899999618530273,29.899999618530273,29.899999618530273,28.209714889526367,200
2003-05-07,30.0,30.0,30.0,30.0,28.304059982299805,200
2003-05-15,27.5,27.5,27.5,27.5,25.945388793945312,100
2003-05-16,31.0,33.0,31.0,32.95000076293945,31.08729362487793,800
2003-05-28,29.0,29.0,29.0,29.0,27.360591888427734,300
2003-05-29,30.0,30.0,30.0,30.0,28.304059982299805,200
2003-05-30,30.0,35.900001525878906,30.0,35.900001525878906,33.87052536010742,1000
2003-06-02,35.5,39.5,35.5,37.5,35.38008117675781,2000
2003-06-03,36.0,36.0,35.0,35.0,33.02140808105469,1200
2003-06-04,37.79999923706055,38.0,37.79999923706055,38.0,35.85181427001953,600
2003-06-05,37.0,37.0,37.0,37.0,34.9083366394043,200
2003-06-10,36.95000076293945,36.95000076293945,36.95000076293945,36.95000076293945,34.861167907714844,500
2003-06-11,34.25,34.25,34.25,34.25,32.31379699707031,100
2003-06-12,35.25,36.5,35.25,36.5,34.436607360839844,700
2003-06-16,35.54999923706055,35.54999923706055,35.20000076293945,35.20000076293945,33.21010208129883,300
2003-06-17,35.0,35.5,33.5,35.400001525878906,33.39879608154297,600
2003-06-18,33.95000076293945,35.0,33.75,33.75,31.842073440551758,2500
2003-06-19,34.900001525878906,34.95000076293945,34.900001525878906,34.95000076293945,32.9742317199707,300
2003-06-20,33.599998474121094,33.599998474121094,33.5,33.5,31.6062068939209,600
2003-06-23,34.95000076293945,34.95000076293945,33.25,33.25,31.37032699584961,300
2003-06-26,34.54999923706055,34.54999923706055,34.54999923706055,34.54999923706055,32.59684371948242,100
2003-06-27,32.5,32.5,32.5,32.5,30.662734985351562,100
2003-06-30,33.5,33.5,33.5,33.5,31.6062068939209,200
2003-07-01,36.900001525878906,36.900001525878906,30.0,34.900001525878906,32.927059173583984,1100
2003-07-02,35.0,35.900001525878906,34.5,35.900001525878906,33.87052536010742,800
2003-07-03,35.5,35.5,35.5,35.5,33.49313735961914,100
2003-07-04,36.0,36.150001525878906,35.0,36.150001525878906,34.10639572143555,800
2003-07-07,35.54999923706055,35.54999923706055,35.5,35.5,33.49313735961914,1200
2003-07-10,35.0,42.599998474121094,34.400001525878906,42.599998474121094,40.1917610168457,2800
2003-07-11,51.099998474121094,51.099998474121094,47.0,48.04999923706055,45.33367156982422,15000
2003-07-14,47.5,51.0,40.29999923706055,40.29999923706055,38.021793365478516,2500
2003-07-15,41.0,42.0,40.150001525878906,40.150001525878906,37.88026428222656,1200
2003-07-16,43.95000076293945,43.95000076293945,39.0,40.0,37.738746643066406,4200
2003-07-18,41.75,41.75,38.099998474121094,38.099998474121094,35.94615173339844,2600
2003-07-21,35.75,35.75,35.75,35.75,33.729000091552734,200
2003-07-22,35.099998474121094,38.5,35.04999923706055,38.5,36.32354736328125,600
2003-07-24,39.0,39.0,39.0,39.0,36.7952766418457,100
2003-07-25,39.5,39.5,39.099998474121094,39.099998474121094,36.889625549316406,300
2003-07-29,41.75,41.75,36.54999923706055,36.54999923706055,34.48377990722656,300
2003-07-31,38.04999923706055,39.79999923706055,37.599998474121094,37.599998474121094,35.474422454833984,1400
2003-08-01,36.0,39.0,36.0,37.0,34.9083366394043,1000
2003-08-04,36.0,37.5,36.0,37.5,35.38008117675781,300
2003-08-05,38.0,38.0,36.45000076293945,36.45000076293945,34.389442443847656,300
2003-08-06,38.0,38.0,38.0,38.0,35.85181427001953,200
2003-08-07,37.0,39.79999923706055,37.0,39.79999923706055,37.550052642822266,1300
2003-08-08,37.0,40.599998474121094,37.0,40.099998474121094,37.833091735839844,4000
2003-08-11,47.0,47.0,40.099998474121094,40.20000076293945,37.92744064331055,4300
2003-08-12,42.0,42.0,39.0,39.5,37.267005920410156,600
2003-08-13,41.0,41.0,41.0,41.0,38.68221664428711,200
2003-08-14,40.75,41.900001525878906,38.0,38.150001525878906,35.99333572387695,1800
2003-08-18,41.0,41.0,40.0,40.099998474121094,37.833091735839844,5100
2003-08-20,40.0,40.0,37.599998474121094,40.0,37.738746643066406,1000
2003-08-21,37.0,41.0,37.0,38.54999923706055,36.37071990966797,2400
2003-08-26,41.5,41.5,40.0,40.0,37.738746643066406,3600
2003-08-27,40.5,40.5,39.75,39.75,37.50288009643555,2200
2003-08-28,39.20000076293945,39.20000076293945,39.20000076293945,39.20000076293945,36.983978271484375,1000
2003-09-01,40.0,40.0,40.0,40.0,37.738746643066406,200
2003-09-02,38.099998474121094,39.95000076293945,33.0,33.5,31.6062068939209,10400
2003-09-03,35.25,38.0,34.5,35.0,33.02140808105469,4600
2003-09-04,35.0,36.0,35.0,35.0,33.02140808105469,2700
2003-09-05,35.0,35.099998474121094,34.0,34.29999923706055,32.3609733581543,1600
2003-09-08,33.75,34.0,33.5,34.0,32.07793045043945,6500
2003-09-09,33.5,35.349998474121094,33.0,35.349998474121094,33.351619720458984,5100
2003-09-10,34.79999923706055,34.79999923706055,34.5,34.5,32.549659729003906,200
2003-09-11,33.04999923706055,33.04999923706055,33.0,33.0,31.13446617126465,200
2003-09-15,38.75,38.75,38.75,38.75,36.55941390991211,300
2003-09-16,38.900001525878906,38.900001525878906,36.0,36.0,33.964874267578125,400
2003-09-17,33.0,33.0,33.0,33.0,31.13446617126465,100
2003-09-25,35.900001525878906,35.900001525878906,35.900001525878906,35.900001525878906,33.87052536010742,100
2003-09-26,38.5,38.5,33.0,33.0,31.13446617126465,300
2003-09-29,35.0,36.5,35.0,36.5,34.436607360839844,700
2003-09-30,34.0,34.0,34.0,34.0,32.07793045043945,500
2003-10-01,37.45000076293945,37.45000076293945,34.0,34.0,32.07793045043945,900
2003-10-03,31.549999237060547,31.549999237060547,31.0,31.149999618530273,29.38905143737793,8800
2003-10-06,33.0,33.0,31.0,31.0,29.247529983520508,2300
2003-10-07,35.400001525878906,35.400001525878906,30.0,30.5,28.775798797607422,9400
2003-10-08,31.0,31.0,30.0,30.0,28.304059982299805,8000
2003-10-09,32.0,34.5,31.049999237060547,32.04999923706055,30.238170623779297,11200
2003-10-10,34.0,38.45000076293945,33.099998474121094,37.70000076293945,35.56877136230469,29900
2003-10-13,42.0,45.20000076293945,41.0,44.849998474121094,42.314571380615234,22400
2003-10-14,48.5,48.5,42.0,43.70000076293945,41.229583740234375,6600
2003-10-15,41.0,45.0,39.650001525878906,41.849998474121094,39.484169006347656,5900
2003-10-16,40.75,44.0,39.04999923706055,42.95000076293945,40.52198028564453,6000
2003-10-17,42.95000076293945,42.95000076293945,41.349998474121094,42.0,39.62568283081055,2000
2003-10-20,39.0,40.400001525878906,37.849998474121094,38.0,35.85181427001953,3100
2003-10-21,37.0,39.400001525878906,35.099998474121094,35.099998474121094,33.115753173828125,2300
2003-10-22,32.5,34.400001525878906,32.29999923706055,32.5,30.662734985351562,4400
2003-10-23,31.5,31.75,31.399999618530273,31.399999618530273,29.624916076660156,600
2003-10-24,34.0,34.0,33.0,33.0,31.13446617126465,500
2003-10-27,32.79999923706055,34.95000076293945,32.349998474121094,34.95000076293945,32.9742317199707,1700
2003-10-28,33.04999923706055,35.0,32.0,34.0,32.07793045043945,1100
2003-10-29,30.649999618530273,34.400001525878906,30.649999618530273,34.400001525878906,32.45532989501953,1000
2003-10-30,34.0,35.349998474121094,34.0,35.349998474121094,33.351619720458984,300
2003-10-31,34.099998474121094,35.349998474121094,34.099998474121094,35.349998474121094,33.351619720458984,700
2003-11-03,32.400001525878906,34.0,32.400001525878906,33.25,31.37032699584961,1400
2003-11-04,32.5,33.95000076293945,32.5,33.5,31.6062068939209,900
2003-11-05,33.95000076293945,34.0,32.599998474121094,33.0,31.13446617126465,1100
2003-11-06,33.0,35.79999923706055,33.0,35.150001525878906,33.16292190551758,600
2003-11-07,35.0,35.79999923706055,34.5,34.5,32.549659729003906,1000
2003-11-10,35.0,37.95000076293945,35.0,37.95000076293945,35.80464172363281,2900
2003-11-11,41.0,41.650001525878906,39.04999923706055,40.04999923706055,37.785919189453125,8900
2003-11-12,41.20000076293945,41.5,39.099998474121094,39.5,37.267005920410156,2900
2003-11-13,39.0,40.349998474121094,37.150001525878906,37.150001525878906,35.049861907958984,700
2003-11-14,37.70000076293945,37.70000076293945,34.75,34.75,32.78554153442383,7200
2003-11-17,38.099998474121094,38.150001525878906,38.099998474121094,38.150001525878906,35.99333572387695,1000
2003-11-18,41.900001525878906,41.900001525878906,38.650001525878906,39.20000076293945,36.983978271484375,4000
2003-11-19,39.70000076293945,40.0,38.70000076293945,38.70000076293945,36.512237548828125,2300
2003-11-20,40.900001525878906,41.0,39.95000076293945,40.0,37.738746643066406,1400
2003-11-21,38.04999923706055,38.04999923706055,38.04999923706055,38.04999923706055,35.898990631103516,100
2003-11-24,38.0,41.849998474121094,38.0,40.099998474121094,37.833091735839844,2800
2003-11-25,41.25,41.25,40.0,40.400001525878906,38.11613845825195,4600
2003-11-27,36.5,40.349998474121094,36.5,40.349998474121094,38.068965911865234,2000
2003-11-28,38.099998474121094,39.95000076293945,38.099998474121094,39.95000076293945,37.69157409667969,700
2003-12-01,41.0,42.75,39.0,39.0,36.7952766418457,10000
2003-12-02,42.900001525878906,42.900001525878906,40.0,40.0,37.738746643066406,7200
2003-12-03,43.900001525878906,43.900001525878906,40.0,40.0,37.738746643066406,12100
2003-12-04,42.5,43.900001525878906,40.04999923706055,40.5,38.21048355102539,8100
2003-12-05,39.25,42.5,39.04999923706055,39.04999923706055,36.84245300292969,19800
2003-12-08,42.400001525878906,42.45000076293945,39.54999923706055,40.25,37.974613189697266,5100
2003-12-09,41.0,41.79999923706055,40.0,41.5,39.15394592285156,3600
2003-12-10,41.95000076293945,42.0,40.0,40.0,37.738746643066406,16400
2003-12-11,41.900001525878906,41.900001525878906,39.5,40.599998474121094,38.30482864379883,5500
2003-12-12,42.0,42.0,40.0,40.0,37.738746643066406,18300
2003-12-15,40.75,40.79999923706055,40.0,40.0,37.738746643066406,3300
2003-12-16,42.400001525878906,42.400001525878906,40.0,40.0,37.738746643066406,2000
2003-12-17,41.0,41.0,40.0,40.79999923706055,38.49352264404297,2600
2003-12-18,41.5,42.5,39.0,42.5,40.0974235534668,4700
2003-12-19,42.75,42.75,39.5,40.0,37.738746643066406,12200
2003-12-22,43.0,43.0,39.95000076293945,40.349998474121094,38.068965911865234,6500
2003-12-23,39.599998474121094,42.349998474121094,39.599998474121094,42.29999923706055,39.90872573852539,4700
2003-12-24,40.0,42.900001525878906,40.0,40.75,38.446346282958984,3800
2003-12-26,43.650001525878906,43.650001525878906,40.0,41.0,38.68221664428711,14600
2003-12-29,41.95000076293945,41.95000076293945,40.0,40.5,38.21048355102539,11400
2003-12-30,40.900001525878906,41.0,39.599998474121094,40.349998474121094,38.068965911865234,7400
2003-12-31,42.79999923706055,42.849998474121094,39.900001525878906,39.900001525878906,37.64440155029297,6300
2004-01-01,40.900001525878906,42.0,40.900001525878906,41.0,38.68221664428711,2100
2004-01-02,42.0,45.099998474121094,42.0,45.099998474121094,42.55044174194336,9100
2004-01-05,49.599998474121094,49.599998474121094,48.0,49.599998474121094,46.796043395996094,15300
2004-01-06,54.54999923706055,54.54999923706055,54.54999923706055,54.54999923706055,51.466217041015625,23600
2004-01-07,59.900001525878906,60.0,56.70000076293945,58.70000076293945,55.381614685058594,53200
2004-01-08,61.0,64.55000305175781,61.0,64.55000305175781,60.90090560913086,23400
2004-01-09,71.0,71.0,65.0,70.0,66.04281616210938,34900
2004-01-12,66.0999984741211,66.0999984741211,63.04999923706055,63.04999923706055,59.48570251464844,4200
2004-01-13,56.79999923706055,69.3499984741211,56.75,61.79999923706055,58.306365966796875,13900
2004-01-14,67.94999694824219,67.94999694824219,58.29999923706055,62.54999923706055,59.01396179199219,8600
2004-01-15,63.099998474121094,66.0,61.0,64.5,60.85372543334961,5400
2004-01-16,61.04999923706055,62.0,60.5,61.0,57.551597595214844,5400
2004-01-19,56.04999923706055,59.0,56.0,58.5,55.192928314208984,2000
2004-01-20,58.0,61.0,57.900001525878906,58.0,54.72118377685547,4900
2004-01-21,58.0,60.5,52.25,52.25,49.29623794555664,8200
2004-01-22,50.04999923706055,51.0,48.0,49.599998474121094,46.796043395996094,5700
2004-01-23,50.0,50.0,49.0,49.04999923706055,46.27713394165039,1600
2004-01-27,52.0,52.0,48.5,49.5,46.70169448852539,1500
2004-01-28,48.5,52.0,47.25,52.0,49.060367584228516,2100
2004-01-29,50.0,53.5,49.5,49.5,46.70169448852539,2800
2004-01-30,49.0,49.0,48.70000076293945,48.70000076293945,45.946929931640625,300
2004-02-03,47.0,47.0,46.70000076293945,47.0,44.3430290222168,1400
2004-02-04,46.0,48.95000076293945,46.0,46.0,43.39956283569336,600
2004-02-05,45.25,46.900001525878906,43.25,46.79999923706055,44.154335021972656,9500
2004-02-06,46.0,46.0,44.0,44.150001525878906,41.654144287109375,4000
2004-02-09,45.0,45.900001525878906,44.0,44.75,42.2202262878418,1800
2004-02-10,46.0,46.0,45.349998474121094,45.900001525878906,43.305213928222656,1200
2004-02-11,46.5,47.25,46.5,47.099998474121094,44.437374114990234,600
2004-02-12,44.599998474121094,45.599998474121094,44.5,45.5,42.92782211303711,700
2004-02-13,47.75,47.900001525878906,41.0,45.79999923706055,43.21086883544922,28600
2004-02-16,46.400001525878906,46.79999923706055,44.75,45.0,42.45609664916992,3500
2004-02-17,46.75,46.75,45.599998474121094,46.70000076293945,44.05998992919922,1400
2004-02-18,45.95000076293945,47.650001525878906,45.95000076293945,47.400001525878906,44.72041702270508,500
2004-02-19,47.75,47.95000076293945,46.150001525878906,47.0,44.3430290222168,1300
2004-02-20,45.0,47.5,45.0,45.04999923706055,42.503265380859375,900
2004-02-23,46.0,46.0,45.0,45.0,42.45609664916992,800
2004-02-24,47.04999923706055,47.04999923706055,45.099998474121094,45.5,42.92782211303711,800
2004-02-25,42.5,44.20000076293945,42.5,44.20000076293945,41.701316833496094,900
2004-02-26,44.0,44.0,42.0,42.45000076293945,40.05024719238281,5300
2004-02-27,43.25,45.849998474121094,43.25,45.849998474121094,43.25803756713867,400
2004-03-01,44.5,44.5,42.349998474121094,43.70000076293945,41.229583740234375,3000
2004-03-03,43.900001525878906,44.5,41.5,41.54999923706055,39.20112609863281,1500
2004-03-04,42.04999923706055,42.400001525878906,40.0,42.400001525878906,40.003074645996094,6900
2004-03-05,42.70000076293945,42.70000076293945,40.349998474121094,42.70000076293945,40.28611373901367,1300
2004-03-08,41.5,42.25,41.5,42.25,39.86155700683594,200
2004-03-09,42.95000076293945,42.95000076293945,41.25,42.0,39.62568283081055,400
2004-03-10,40.349998474121094,42.5,40.25,42.5,40.0974235534668,1000
2004-03-11,43.79999923706055,43.79999923706055,40.75,41.25,38.918087005615234,1000
2004-03-12,40.099998474121094,40.099998474121094,40.099998474121094,40.099998474121094,37.833091735839844,1000
2004-03-15,40.099998474121094,40.099998474121094,38.04999923706055,39.79999923706055,37.550052642822266,1600
2004-03-16,39.5,39.849998474121094,39.099998474121094,39.099998474121094,36.889625549316406,1900
2004-03-17,38.5,38.5,38.400001525878906,38.400001525878906,36.22919845581055,400
2004-03-18,39.45000076293945,39.45000076293945,38.400001525878906,38.400001525878906,36.22919845581055,19100
2004-03-19,41.45000076293945,41.45000076293945,36.5,36.5,34.436607360839844,5000
2004-03-22,36.150001525878906,36.150001525878906,35.0,35.0,33.02140808105469,700
2004-03-23,37.849998474121094,37.849998474121094,35.70000076293945,35.70000076293945,33.68183517456055,1700
2004-03-24,36.0,38.400001525878906,36.0,38.400001525878906,36.22919845581055,2100
2004-03-25,38.75,40.0,38.75,40.0,37.738746643066406,11900
2004-03-26,40.5,42.0,38.5,41.599998474121094,39.24829864501953,28100
2004-03-29,44.70000076293945,44.70000076293945,42.099998474121094,42.099998474121094,39.720027923583984,300
2004-03-30,38.20000076293945,42.5,38.20000076293945,42.400001525878906,40.003074645996094,5000
2004-03-31,43.0,43.0,43.0,43.0,40.56916046142578,100
2004-04-01,44.0,46.0,43.54999923706055,46.0,43.39956283569336,900
2004-04-02,48.849998474121094,48.849998474121094,45.04999923706055,47.5,44.81476974487305,1100
2004-04-05,47.900001525878906,50.0,45.5,47.0,44.3430290222168,3700
2004-04-06,47.5,48.099998474121094,46.5,47.0,44.3430290222168,2200
2004-04-07,47.0,47.0,45.25,45.25,42.691951751708984,700
2004-04-08,46.0,49.75,46.0,47.20000076293945,44.53171920776367,2600
2004-04-12,48.0,51.900001525878906,48.0,50.04999923706055,47.22060775756836,7600
2004-04-13,53.5,53.5,49.5,49.95000076293945,47.12626266479492,900
2004-04-15,48.29999923706055,50.0,48.29999923706055,50.0,47.17344284057617,700
2004-04-16,47.099998474121094,48.0,47.0,48.0,45.2864990234375,7300
2004-04-19,46.599998474121094,47.95000076293945,46.599998474121094,47.95000076293945,45.239322662353516,500
2004-04-20,46.0,49.0,46.0,48.599998474121094,45.852577209472656,2100
2004-04-21,48.5,48.5,48.5,48.5,45.75823974609375,500
2004-04-22,44.04999923706055,49.900001525878906,43.70000076293945,49.900001525878906,47.0790901184082,2100
2004-04-23,47.099998474121094,47.150001525878906,47.0,47.150001525878906,44.48455047607422,700
2004-04-27,43.5,44.25,43.5,43.900001525878906,41.41827392578125,2600
2004-04-28,42.04999923706055,44.70000076293945,42.04999923706055,44.04999923706055,41.559791564941406,3500
2004-04-29,45.04999923706055,45.04999923706055,45.04999923706055,45.04999923706055,42.503265380859375,900
2004-04-30,45.900001525878906,46.5,44.0,46.25,43.635433197021484,3300
2004-05-03,43.54999923706055,45.5,43.54999923706055,45.5,42.92782211303711,3500
2004-05-04,44.5,46.5,44.400001525878906,46.0,43.39956283569336,1800
2004-05-05,45.099998474121094,47.79999923706055,44.25,44.25,41.74848937988281,1200
2004-05-06,45.5,45.5,45.5,45.5,42.92782211303711,100
2004-05-07,46.0,46.5,45.25,46.0,43.39956283569336,1900
2004-05-10,50.0,50.0,46.04999923706055,48.0,45.2864990234375,1200
2004-05-11,48.0,48.0,45.0,45.0,42.45609664916992,1600
2004-05-12,44.599998474121094,44.599998474121094,44.5,44.5,41.984352111816406,500
2004-05-13,45.900001525878906,45.900001525878906,41.650001525878906,42.0,39.62568283081055,2600
2004-05-14,38.0,38.0,37.849998474121094,37.849998474121094,35.710289001464844,2800
2004-05-17,34.5,34.5,34.099998474121094,34.150001525878906,32.21946334838867,2500
2004-05-18,35.0,37.54999923706055,35.0,37.54999923706055,35.427249908447266,1800
2004-05-20,41.0,41.29999923706055,40.0,41.29999923706055,38.96525192260742,19600
2004-05-21,43.0,43.0,41.0,41.0,38.68221664428711,900
2004-05-24,43.650001525878906,43.650001525878906,43.650001525878906,43.650001525878906,41.182411193847656,100
2004-05-25,44.5,47.0,44.04999923706055,44.04999923706055,41.559791564941406,5400
2004-05-26,44.349998474121094,44.349998474121094,43.04999923706055,43.04999923706055,40.616336822509766,1200
2004-05-27,41.75,41.75,41.70000076293945,41.70000076293945,39.342647552490234,200
2004-05-28,38.5,40.95000076293945,37.0,38.0,35.85181427001953,1200
2004-05-31,33.650001525878906,33.650001525878906,33.400001525878906,33.400001525878906,31.511852264404297,1000
2004-06-01,33.0,35.45000076293945,32.79999923706055,35.45000076293945,33.44597244262695,1000
2004-06-02,36.0,36.5,36.0,36.5,34.436607360839844,1200
2004-06-03,36.5,36.5,35.54999923706055,35.849998474121094,33.82334899902344,1200
2004-06-04,36.0,36.400001525878906,34.0,34.20000076293945,32.26663589477539,400
2004-06-07,36.45000076293945,36.45000076293945,34.0,34.0,32.07793045043945,400
2004-06-08,34.0,34.0,34.0,34.0,32.07793045043945,100
2004-06-10,35.70000076293945,35.70000076293945,35.70000076293945,35.70000076293945,33.68183517456055,200
2004-06-11,34.5,35.0,34.5,34.849998474121094,32.879886627197266,1100
2004-06-14,35.0,35.0,31.0,31.0,29.247529983520508,500
2004-06-16,33.25,33.25,33.0,33.0,31.13446617126465,700
2004-06-18,33.0,33.0,33.0,33.0,31.13446617126465,100
2004-06-21,34.75,34.75,29.0,29.450000762939453,27.785154342651367,2600
2004-06-22,29.25,29.25,28.049999237060547,28.5,26.888856887817383,1600
2004-06-23,29.0,29.0,29.0,29.0,27.360591888427734,100
2004-06-24,29.0,30.0,29.0,30.0,28.304059982299805,1000
2004-06-25,30.700000762939453,30.899999618530273,30.700000762939453,30.899999618530273,29.153182983398438,300
2004-06-30,31.0,33.0,31.0,33.0,31.13446617126465,600
2004-07-01,33.150001525878906,33.150001525878906,33.150001525878906,33.150001525878906,31.275991439819336,900
2004-07-02,33.70000076293945,33.70000076293945,33.70000076293945,33.70000076293945,31.794897079467773,1100
2004-07-05,33.0,33.0,33.0,33.0,31.13446617126465,300
2004-07-06,32.0,32.75,32.0,32.349998474121094,30.521211624145508,200
2004-07-07,32.70000076293945,33.0,30.0,30.0,28.304059982299805,1500
2004-07-08,32.70000076293945,32.849998474121094,32.70000076293945,32.70000076293945,30.85142707824707,700
2004-07-09,30.0,30.0,29.899999618530273,29.899999618530273,28.209714889526367,1300
2004-07-12,30.0,30.0,30.0,30.0,28.304059982299805,1200
2004-07-13,31.0,31.0,30.5,30.5,28.775798797607422,400
2004-07-14,29.200000762939453,29.200000762939453,28.799999237060547,28.799999237060547,27.171897888183594,1300
2004-07-15,27.25,29.799999237060547,27.25,29.799999237060547,28.115365982055664,1300
2004-07-16,30.5,30.5,29.350000381469727,29.799999237060547,28.115365982055664,1600
2004-07-19,31.450000762939453,32.0,31.450000762939453,31.75,29.955135345458984,500
2004-07-20,30.25,30.25,30.25,30.25,28.539926528930664,200
2004-07-21,31.350000381469727,31.5,31.299999237060547,31.350000381469727,29.57774543762207,1300
2004-07-22,30.5,30.600000381469727,30.5,30.549999237060547,28.822965621948242,300
2004-07-23,32.20000076293945,36.25,32.099998474121094,36.25,34.200748443603516,1500
2004-07-26,34.95000076293945,35.0,34.5,34.849998474121094,32.879886627197266,2200
2004-07-27,33.900001525878906,33.900001525878906,30.5,31.600000381469727,29.813610076904297,4800
2004-07-29,32.900001525878906,32.900001525878906,32.900001525878906,32.900001525878906,31.040122985839844,500
2004-07-30,32.900001525878906,33.400001525878906,32.900001525878906,32.900001525878906,31.040122985839844,1700
2004-08-02,32.0,32.5,30.049999237060547,32.5,30.662734985351562,800
2004-08-03,32.099998474121094,32.099998474121094,31.549999237060547,31.549999237060547,29.766435623168945,1600
2004-08-04,31.100000381469727,31.5,31.0,31.5,29.719263076782227,2300
2004-08-05,31.049999237060547,31.25,31.0,31.100000381469727,29.341875076293945,5600
2004-08-09,30.25,31.799999237060547,30.200000762939453,30.299999237060547,28.587100982666016,1000
2004-08-10,32.0,32.0,30.649999618530273,31.25,29.483394622802734,800
2004-08-11,30.75,30.75,29.350000381469727,29.350000381469727,27.690807342529297,2600
2004-08-12,31.0,31.5,31.0,31.25,29.483394622802734,1100
2004-08-13,31.950000762939453,31.950000762939453,30.25,30.25,28.539926528930664,700
2004-08-16,30.299999237060547,30.299999237060547,29.25,29.25,27.596464157104492,700
2004-08-17,30.100000381469727,30.100000381469727,29.700000762939453,29.700000762939453,28.021020889282227,1700
2004-08-18,29.200000762939453,29.700000762939453,29.200000762939453,29.299999237060547,27.64362907409668,1000
2004-08-19,30.0,30.0,30.0,30.0,28.304059982299805,200
2004-08-20,29.200000762939453,30.0,29.200000762939453,30.0,28.304059982299805,600
2004-08-23,29.25,30.0,29.25,29.5,27.832324981689453,1200
2004-08-24,29.75,30.100000381469727,29.75,30.100000381469727,28.398408889770508,300
2004-08-25,31.5,33.0,31.0,31.5,29.719263076782227,1300
2004-08-26,32.5,32.75,30.799999237060547,31.0,29.247529983520508,3500
2004-08-27,32.20000076293945,32.29999923706055,32.20000076293945,32.29999923706055,30.474037170410156,600
2004-08-30,32.900001525878906,34.5,32.900001525878906,33.099998474121094,31.228818893432617,5300
2004-08-31,32.400001525878906,34.0,31.049999237060547,31.75,29.955135345458984,2800
2004-09-01,32.400001525878906,33.400001525878906,32.0,32.0,30.190998077392578,4000
2004-09-02,32.0,32.099998474121094,32.0,32.099998474121094,30.28534698486328,1200
2004-09-03,32.5,32.70000076293945,31.5,31.5,29.719263076782227,500
2004-09-06,30.799999237060547,32.5,29.600000381469727,29.600000381469727,27.926673889160156,6200
2004-09-07,31.100000381469727,32.349998474121094,30.549999237060547,30.899999618530273,29.153182983398438,3500
2004-09-08,31.899999618530273,32.25,31.0,31.100000381469727,29.341875076293945,8900
2004-09-09,31.899999618530273,32.900001525878906,30.100000381469727,30.100000381469727,28.398408889770508,6100
2004-09-10,31.399999618530273,31.399999618530273,30.0,30.200000762939453,28.492755889892578,4400
2004-09-13,31.399999618530273,36.20000076293945,31.399999618530273,35.04999923706055,33.06857681274414,35000
2004-09-14,37.0,37.0,30.0,30.850000381469727,29.10601043701172,23300
2004-09-15,32.900001525878906,35.0,30.0,31.149999618530273,29.38905143737793,33000
2004-09-16,33.849998474121094,34.0,30.0,30.25,28.539926528930664,28300
2004-09-17,31.299999237060547,33.29999923706055,30.0,30.299999237060547,28.587100982666016,45200
2004-09-20,31.649999618530273,32.29999923706055,31.0,31.700000762939453,29.907958984375,2800
2004-09-21,31.5,33.5,31.5,33.25,31.37032699584961,8300
2004-09-22,34.0,39.599998474121094,34.0,35.0,33.02140808105469,17200
2004-09-23,35.0,37.0,34.54999923706055,35.400001525878906,33.39879608154297,7800
2004-09-24,36.0,38.0,35.5,37.95000076293945,35.80464172363281,10300
2004-09-27,38.900001525878906,44.0,38.900001525878906,41.0,38.68221664428711,16900
2004-09-28,42.0,42.0,39.5,40.349998474121094,38.068965911865234,9000
2004-09-29,39.79999923706055,40.0,38.75,39.650001525878906,37.408538818359375,5900
2004-09-30,40.75,41.0,39.400001525878906,41.0,38.68221664428711,5000
2004-10-01,39.5,40.0,38.599998474121094,38.95000076293945,36.74810791015625,7200
2004-10-04,39.0,44.0,39.0,41.79999923706055,39.43699264526367,14300
2004-10-05,41.5,42.5,40.04999923706055,40.79999923706055,38.49352264404297,9400
2004-10-06,40.79999923706055,41.849998474121094,39.5,39.70000076293945,37.45570373535156,10600
2004-10-07,39.04999923706055,40.900001525878906,39.04999923706055,40.04999923706055,37.785919189453125,5500
2004-10-08,38.20000076293945,42.45000076293945,38.20000076293945,42.099998474121094,39.720027923583984,10000
2004-10-11,45.0,46.5,42.5,43.04999923706055,40.616336822509766,24100
2004-10-12,41.0,43.900001525878906,41.0,42.650001525878906,40.23893737792969,3900
2004-10-14,41.900001525878906,42.0,38.099998474121094,40.599998474121094,38.30482864379883,10100
2004-10-15,39.0,42.900001525878906,38.29999923706055,41.70000076293945,39.342647552490234,8800
2004-10-18,41.75,42.75,39.0,39.70000076293945,37.45570373535156,6200
2004-10-19,40.0,41.25,40.0,40.599998474121094,38.30482864379883,2300
2004-10-20,40.900001525878906,42.0,40.20000076293945,41.0,38.68221664428711,3200
2004-10-21,49.20000076293945,49.20000076293945,41.0,41.150001525878906,38.8237419128418,4000
2004-10-25,40.0,41.04999923706055,40.0,40.5,38.21048355102539,1000
2004-10-26,40.099998474121094,40.099998474121094,39.29999923706055,40.0,37.738746643066406,8900
2004-10-27,39.150001525878906,40.0,39.150001525878906,39.349998474121094,37.125492095947266,1200
2004-10-28,39.75,41.75,37.0,37.349998474121094,35.238555908203125,7600
2004-10-29,38.79999923706055,38.79999923706055,37.45000076293945,38.20000076293945,36.040504455566406,2700
2004-11-01,37.5,38.25,37.5,38.20000076293945,36.040504455566406,4000
2004-11-02,38.0,38.099998474121094,37.04999923706055,37.95000076293945,35.80464172363281,2600
2004-11-03,37.5,38.099998474121094,37.5,37.599998474121094,35.474422454833984,3400
2004-11-04,37.0,40.0,37.0,38.25,36.08767318725586,5000
2004-11-05,37.099998474121094,38.150001525878906,37.099998474121094,38.150001525878906,35.99333572387695,7300
2004-11-08,38.04999923706055,38.099998474121094,38.04999923706055,38.099998474121094,35.94615173339844,400
2004-11-09,38.0,38.349998474121094,37.099998474121094,38.0,35.85181427001953,1300
2004-11-10,39.79999923706055,41.0,36.5,40.849998474121094,38.54069137573242,2800
2004-11-11,41.5,41.5,38.54999923706055,39.0,36.7952766418457,7000
2004-11-12,40.900001525878906,42.0,40.0,40.75,38.446346282958984,2800
2004-11-16,41.70000076293945,41.70000076293945,40.0,41.29999923706055,38.96525192260742,700
2004-11-17,42.0,42.0,39.75,41.0,38.68221664428711,3000
2004-11-18,41.0,41.5,40.099998474121094,41.20000076293945,38.870914459228516,2400
2004-11-19,41.0,42.5,39.5,42.45000076293945,40.05024719238281,8200
2004-11-22,41.900001525878906,45.0,41.900001525878906,43.0,40.56916046142578,5800
2004-11-23,43.5,45.900001525878906,43.0,44.75,42.2202262878418,14800
2004-11-24,44.5,44.5,43.25,43.650001525878906,41.182411193847656,6000
2004-11-25,44.5,46.0,44.0,44.75,42.2202262878418,16200
2004-11-29,45.0,45.70000076293945,42.0,43.650001525878906,41.182411193847656,9000
2004-11-30,44.5,44.5,41.0,41.75,39.38982009887695,7100
2004-12-01,40.150001525878906,41.95000076293945,40.150001525878906,41.95000076293945,39.57851028442383,700
2004-12-02,41.75,42.75,39.54999923706055,41.04999923706055,38.72938537597656,6000
2004-12-03,40.5,40.5,38.20000076293945,39.79999923706055,37.550052642822266,3100
2004-12-06,40.0,40.0,40.0,40.0,37.738746643066406,300
2004-12-07,42.75,43.0,40.29999923706055,41.0,38.68221664428711,3400
2004-12-08,42.45000076293945,42.45000076293945,39.5,39.599998474121094,37.361358642578125,10000
2004-12-09,39.0,39.29999923706055,35.20000076293945,36.20000076293945,34.153568267822266,50900
2004-12-10,38.70000076293945,39.0,37.5,38.45000076293945,36.276371002197266,3000
2004-12-13,39.0,39.150001525878906,35.900001525878906,36.0,33.964874267578125,14200
2004-12-14,38.0,38.5,37.0,37.150001525878906,35.049861907958984,13500
2004-12-15,38.0,38.0,35.0,35.400001525878906,33.39879608154297,19700
2004-12-16,38.0,38.0,35.04999923706055,36.75,34.6724739074707,26500
2004-12-17,37.75,38.900001525878906,34.04999923706055,34.75,32.78554153442383,131900
2004-12-20,37.45000076293945,37.45000076293945,34.650001525878906,35.0,33.02140808105469,22600
2004-12-21,36.400001525878906,37.0,35.0,35.20000076293945,33.21010208129883,33000
2004-12-22,37.70000076293945,38.0,34.95000076293945,35.0,33.02140808105469,46000
2004-12-23,37.0,37.0,35.0,35.04999923706055,33.06857681274414,104500
2004-12-24,36.75,36.75,35.20000076293945,36.0,33.964874267578125,104100
2004-12-27,37.70000076293945,38.5,36.75,37.849998474121094,35.710289001464844,62900
2004-12-28,38.0,42.0,37.599998474121094,40.79999923706055,38.49352264404297,59600
2004-12-29,40.0,42.0,39.0,39.20000076293945,36.983978271484375,41400
2004-12-30,39.79999923706055,42.29999923706055,39.25,41.650001525878906,39.295475006103516,50700
2004-12-31,41.0,41.79999923706055,40.5,41.0,38.68221664428711,9500
2005-01-03,41.45000076293945,43.0,41.0,42.849998474121094,40.42763137817383,23900
2005-01-04,42.20000076293945,42.75,40.5,41.150001525878906,38.8237419128418,17100
2005-01-05,40.099998474121094,41.0,37.0,39.04999923706055,36.84245300292969,37900
2005-01-06,38.099998474121094,38.900001525878906,36.70000076293945,38.0,35.85181427001953,7400
2005-01-07,37.599998474121094,39.0,37.400001525878906,38.75,36.55941390991211,14300
2005-01-10,39.04999923706055,41.29999923706055,38.5,38.900001525878906,36.700931549072266,14700
2005-01-11,40.900001525878906,40.900001525878906,37.5,38.70000076293945,36.512237548828125,16000
2005-01-12,39.25,39.25,36.099998474121094,36.29999923706055,34.24790954589844,16700
2005-01-13,36.5,37.0,36.04999923706055,36.95000076293945,34.861167907714844,7000
2005-01-14,35.04999923706055,37.5,35.0,36.5,34.436607360839844,5400
2005-01-17,36.0,36.20000076293945,35.04999923706055,35.25,33.257266998291016,3800
2005-01-18,35.5,36.75,35.25,36.0,33.964874267578125,2800
2005-01-19,37.0,37.5,35.54999923706055,35.79999923706055,33.77617645263672,4600
2005-01-20,35.75,36.0,34.900001525878906,35.0,33.02140808105469,4700
2005-01-24,36.0,36.75,35.0,35.0,33.02140808105469,6000
2005-01-25,35.0,37.0,35.0,36.0,33.964874267578125,4100
2005-01-27,37.0,37.0,36.25,36.5,34.436607360839844,2300
2005-01-28,37.20000076293945,38.0,37.0,37.5,35.38008117675781,6700
2005-01-31,40.45000076293945,40.45000076293945,37.349998474121094,38.400001525878906,36.22919845581055,13400
2005-02-01,38.0,38.5,37.5,37.900001525878906,35.75746154785156,3200
2005-02-02,38.900001525878906,39.25,38.5,38.54999923706055,36.37071990966797,13400
2005-02-03,39.0,40.0,38.95000076293945,39.0,36.7952766418457,8400
2005-02-04,40.900001525878906,41.0,38.5,39.650001525878906,37.408538818359375,9200
2005-02-07,40.0,40.900001525878906,39.599998474121094,40.04999923706055,37.785919189453125,21900
2005-02-08,41.45000076293945,41.75,39.29999923706055,39.79999923706055,37.550052642822266,11300
2005-02-09,41.0,41.0,39.45000076293945,40.25,37.974613189697266,14200
2005-02-10,40.849998474121094,40.849998474121094,39.650001525878906,40.20000076293945,37.92744064331055,8200
2005-02-11,40.5,41.0,39.599998474121094,40.349998474121094,38.068965911865234,11300
2005-02-14,41.5,41.5,40.29999923706055,40.75,38.446346282958984,16400
2005-02-15,41.849998474121094,41.849998474121094,40.0,41.099998474121094,38.77656555175781,11100
2005-02-16,41.0,41.849998474121094,40.0,40.04999923706055,37.785919189453125,10100
2005-02-17,41.5,41.5,39.70000076293945,40.0,37.738746643066406,6100
2005-02-18,40.0,41.0,40.0,40.400001525878906,38.11613845825195,6900
2005-02-21,41.45000076293945,41.5,40.04999923706055,40.70000076293945,38.39917755126953,8700
2005-02-22,40.900001525878906,42.0,40.25,41.79999923706055,39.43699264526367,12200
2005-02-23,41.25,47.0,41.25,45.20000076293945,42.64478302001953,59900
2005-02-24,44.0,47.400001525878906,44.0,46.54999923706055,43.918460845947266,30400
2005-02-25,47.0,55.849998474121094,46.599998474121094,55.849998474121094,52.69272232055664,133800
2005-02-28,64.9000015258789,66.30000305175781,59.0,62.45000076293945,58.91961669921875,162000
2005-03-01,64.0,64.0,56.599998474121094,58.0,54.72118377685547,45600
2005-03-02,58.0,60.0,56.099998474121094,57.29999923706055,54.060752868652344,30500
2005-03-03,59.0,63.0,57.5,63.0,59.43852615356445,46500
2005-03-04,67.0,69.25,65.0,69.25,65.33519744873047,105600
2005-03-07,71.0,76.1500015258789,71.0,74.0999984741211,69.91101837158203,128400
2005-03-08,81.5,81.5,70.5,72.4000015258789,68.30713653564453,54900
2005-03-09,75.0,76.5,65.5999984741211,69.44999694824219,65.5239028930664,54300
2005-03-10,67.0,71.0,62.75,64.30000305175781,60.6650390625,84900
2005-03-11,65.0,70.69999694824219,64.1500015258789,66.44999694824219,62.69349670410156,69400
2005-03-14,69.19999694824219,69.30000305175781,65.5,65.69999694824219,61.98588943481445,31500
2005-03-15,65.0,68.30000305175781,64.30000305175781,65.44999694824219,61.750030517578125,33300
2005-03-16,66.0,67.4000015258789,61.04999923706055,62.54999923706055,59.01396179199219,40300
2005-03-17,66.5,67.5,62.150001525878906,62.849998474121094,59.29701232910156,39000
2005-03-18,63.5,68.0,60.79999923706055,65.55000305175781,61.84437942504883,28000
2005-03-21,67.5,68.5,63.04999923706055,65.94999694824219,62.22175598144531,22700
2005-03-22,64.05000305175781,67.0,63.25,63.900001525878906,60.287654876708984,15400
2005-03-23,67.3499984741211,67.3499984741211,58.599998474121094,60.150001525878906,56.74964141845703,19200
2005-03-24,62.5,66.1500015258789,60.0,65.4000015258789,61.70285415649414,59100
2005-03-28,60.0,71.9000015258789,60.0,64.69999694824219,61.042423248291016,33000
2005-03-29,62.20000076293945,67.9000015258789,60.29999923706055,62.20000076293945,58.68375015258789,23100
2005-03-30,62.0,65.3499984741211,61.0,61.79999923706055,58.306365966796875,16100
2005-03-31,64.0,67.94999694824219,63.25,67.94999694824219,64.10870361328125,17700
2005-04-01,68.0,71.0,68.0,69.80000305175781,65.85411834716797,41200
2005-04-04,63.20000076293945,71.5,63.20000076293945,67.3499984741211,63.5426139831543,13600
2005-04-05,69.3499984741211,69.4000015258789,66.0,66.69999694824219,62.929359436035156,16200
2005-04-06,68.0,73.0,68.0,69.5,65.57108306884766,33000
2005-04-07,65.0,71.0,65.0,67.5999984741211,63.77847671508789,15700
2005-04-08,69.5,69.69999694824219,66.0,66.05000305175781,62.31610107421875,15200
2005-04-11,66.0,66.5,64.5999984741211,64.80000305175781,61.13677978515625,7200
2005-04-12,65.0,68.5,65.0,66.25,62.50480651855469,6100
2005-04-13,67.0,70.0,66.0,66.0,62.2689323425293,10000
2005-04-15,65.0,65.0,60.75,61.79999923706055,58.306365966796875,20200
2005-04-18,63.95000076293945,65.0,61.400001525878906,63.400001525878906,59.81591796875,11000
2005-04-19,66.25,66.25,61.099998474121094,61.54999923706055,58.07049560546875,7700
2005-04-20,62.0,63.25,61.0,62.04999923706055,58.542236328125,7800
2005-04-21,61.5,63.5,61.5,62.54999923706055,59.01396179199219,3100
2005-04-22,62.900001525878906,63.0,62.0,62.900001525878906,59.34418487548828,3100
2005-04-25,64.8499984741211,65.0,63.25,63.25,59.67438888549805,5800
2005-04-26,63.0,64.0,61.20000076293945,62.20000076293945,58.68375015258789,3200
2005-04-27,60.54999923706055,63.75,60.54999923706055,61.20000076293945,57.74028778076172,3900
2005-04-28,62.95000076293945,62.95000076293945,61.0,61.04999923706055,57.59876251220703,4700
2005-04-29,60.599998474121094,62.0,57.0,58.25,54.957054138183594,11600
2005-05-02,61.5,61.5,56.45000076293945,57.599998474121094,54.34379577636719,9200
2005-05-03,55.25,57.29999923706055,52.0,55.29999923706055,52.17382049560547,11600
2005-05-04,55.0,56.0,53.29999923706055,55.150001525878906,52.03229904174805,6600
2005-05-05,58.0,58.0,54.0,55.599998474121094,52.45685958862305,4900
2005-05-06,54.150001525878906,55.5,54.04999923706055,54.349998474121094,51.277523040771484,4900
2005-05-09,49.5,55.900001525878906,49.5,55.900001525878906,52.73990249633789,1000
2005-05-10,56.900001525878906,58.150001525878906,55.099998474121094,55.45000076293945,52.31534194946289,2100
2005-05-11,56.0,56.0,54.54999923706055,55.79999923706055,52.64555740356445,3400
2005-05-12,56.0,57.0,55.5,56.0,52.83424758911133,6800
2005-05-13,55.0,58.0,55.0,57.650001525878906,54.39097213745117,8300
2005-05-16,59.099998474121094,60.0,57.0,58.5,55.192928314208984,6500
2005-05-17,59.75,60.349998474121094,56.5,58.900001525878906,55.570308685302734,5400
2005-05-18,58.099998474121094,58.099998474121094,56.349998474121094,56.349998474121094,53.164459228515625,1300
2005-05-19,57.900001525878906,57.900001525878906,54.5,55.0,51.890777587890625,7200
2005-05-20,58.79999923706055,59.0,55.349998474121094,58.099998474121094,54.81553268432617,3300
2005-05-23,56.400001525878906,58.900001525878906,56.400001525878906,57.70000076293945,54.438148498535156,2100
2005-05-24,58.5,58.75,53.650001525878906,55.54999923706055,52.409690856933594,2400
2005-05-25,57.0,58.29999923706055,56.70000076293945,56.70000076293945,53.49467468261719,2000
2005-05-26,56.349998474121094,56.349998474121094,55.5,55.599998474121094,52.45685958862305,1900
2005-05-27,56.0,57.5,55.5,56.0,52.83424758911133,4900
2005-05-30,55.0,56.79999923706055,54.45000076293945,55.79999923706055,52.64555740356445,1100
2005-05-31,54.0,56.0,54.0,55.150001525878906,52.03229904174805,1700
2005-06-01,55.04999923706055,55.04999923706055,53.29999923706055,53.75,50.71144104003906,5300
2005-06-02,52.25,55.29999923706055,50.0,54.54999923706055,51.466217041015625,3200
2005-06-03,55.900001525878906,56.099998474121094,54.099998474121094,55.0,51.890777587890625,4400
2005-06-06,65.8499984741211,69.5,63.0,64.25,60.61786651611328,52300
2005-06-07,65.5,66.5999984741211,62.099998474121094,63.95000076293945,60.3348274230957,20900
2005-06-08,64.25,66.94999694824219,62.0,65.69999694824219,61.98588943481445,39600
2005-06-09,64.0,65.5,60.0,60.650001525878906,57.22137451171875,26200
2005-06-10,61.0,63.900001525878906,59.25,62.0,58.495059967041016,8200
2005-06-13,62.849998474121094,63.0,61.0,62.0,58.495059967041016,5600
2005-06-14,62.0,65.44999694824219,62.0,64.1500015258789,60.523521423339844,15400
2005-06-15,64.4000015258789,65.5,62.54999923706055,64.0,60.381996154785156,11000
2005-06-16,67.80000305175781,67.80000305175781,63.0,63.20000076293945,59.627220153808594,27500
2005-06-17,63.75,64.5,62.54999923706055,62.849998474121094,59.29701232910156,17600
2005-06-20,63.0,65.19999694824219,62.099998474121094,62.70000076293945,59.15549087524414,12800
2005-06-21,60.25,62.45000076293945,57.0,61.04999923706055,57.59876251220703,4700
2005-06-22,62.0,62.29999923706055,59.54999923706055,60.04999923706055,56.65529251098633,4600
2005-06-23,60.0,62.95000076293945,60.0,60.29999923706055,56.89115905761719,9500
2005-06-24,60.150001525878906,61.0,59.099998474121094,59.5,56.13638687133789,11800
2005-06-27,58.5,60.400001525878906,58.5,59.75,56.37226104736328,9400
2005-06-28,59.0,59.75,57.5,57.95000076293945,54.67401123046875,6900
2005-06-29,57.0,57.79999923706055,56.400001525878906,57.79999923706055,54.53248977661133,4100
2005-06-30,57.900001525878906,59.099998474121094,57.0,57.400001525878906,54.15510940551758,3000
2005-07-01,56.0,57.5,55.900001525878906,55.95000076293945,52.78707504272461,6900
2005-07-04,57.0,57.0,55.099998474121094,55.54999923706055,52.409690856933594,5700
2005-07-05,57.5,57.5,54.75,55.0,51.890777587890625,10200
2005-07-06,57.0,57.5,57.0,57.25,54.01358413696289,1100
2005-07-07,58.0,58.0,55.20000076293945,55.5,52.36251449584961,1800
2005-07-08,55.0,58.0,54.349998474121094,54.95000076293945,51.843605041503906,12600
2005-07-11,57.79999923706055,58.29999923706055,56.0,56.599998474121094,53.400333404541016,6900
2005-07-12,58.0,58.0,56.0,56.0,52.83424758911133,1800
2005-07-13,56.099998474121094,56.5,54.25,54.349998474121094,51.277523040771484,11600
2005-07-14,54.04999923706055,56.5,54.04999923706055,54.75,51.654911041259766,8900
2005-07-15,54.099998474121094,57.29999923706055,54.0,56.0,52.83424758911133,6000
2005-07-18,57.29999923706055,58.25,55.0,56.79999923706055,53.58902359008789,85600
2005-07-19,59.900001525878906,59.900001525878906,55.0,56.099998474121094,52.928592681884766,53200
2005-07-20,58.0,65.9000015258789,56.349998474121094,57.900001525878906,54.62683868408203,166800
2005-07-21,60.0,64.4000015258789,57.0,57.400001525878906,54.15510940551758,80000
2005-07-22,59.5,60.0,57.0,58.75,55.42878341674805,33500
2005-07-25,62.0,62.0,58.0,58.150001525878906,54.86270523071289,49000
2005-07-26,58.099998474121094,59.5,56.54999923706055,57.04999923706055,53.82489013671875,31700
2005-07-27,58.0,64.0,57.5,61.54999923706055,58.07049560546875,29600
2005-07-29,62.0,62.0,57.04999923706055,57.150001525878906,53.91924285888672,23700
2005-08-01,56.900001525878906,60.0,56.0,59.79999923706055,56.419429779052734,32000
2005-08-02,60.5,62.5,58.70000076293945,60.0,56.60811996459961,62900
2005-08-03,61.25,61.900001525878906,57.5,57.95000076293945,54.67401123046875,22900
2005-08-04,58.900001525878906,60.0,57.25,58.0,54.72118377685547,18800
2005-08-05,58.0,60.900001525878906,57.5,57.849998474121094,54.57966613769531,46700
2005-08-08,60.95000076293945,61.0,57.04999923706055,57.25,54.01358413696289,18000
2005-08-09,57.0,57.0,56.04999923706055,56.900001525878906,53.683372497558594,30000
2005-08-10,56.0,58.5,55.0,55.25,52.12664794921875,68300
2005-08-11,56.900001525878906,58.0,55.54999923706055,57.75,54.485313415527344,18000
2005-08-12,56.5,57.5,55.75,56.54999923706055,53.35315704345703,22400
2005-08-16,56.04999923706055,59.0,56.0,57.0,53.777713775634766,135700
2005-08-17,58.5,68.4000015258789,58.0,68.4000015258789,64.53327178955078,314400
2005-08-18,74.80000305175781,77.4000015258789,67.19999694824219,70.30000305175781,66.32584381103516,182200
2005-08-19,73.0,73.75,66.0,67.94999694824219,64.10870361328125,94100
2005-08-22,70.0,73.0,66.0999984741211,67.9000015258789,64.06153106689453,78900
2005-08-23,69.94999694824219,69.94999694824219,62.400001525878906,63.5,59.91027069091797,34600
2005-08-24,50.900001525878906,64.80000305175781,50.900001525878906,63.25,59.67438888549805,39100
2005-08-25,64.5,64.9000015258789,63.04999923706055,63.95000076293945,60.3348274230957,19500
2005-08-26,65.5,67.25,64.0,66.19999694824219,62.457637786865234,28900
2005-08-29,65.05000305175781,67.0,63.0,66.6500015258789,62.88219451904297,24000
2005-08-30,69.9000015258789,69.9000015258789,66.19999694824219,67.75,63.92000198364258,16900
2005-08-31,67.5,74.5,67.05000305175781,71.6500015258789,67.59953308105469,71300
2005-09-01,72.0,73.0,69.05000305175781,69.75,65.80693817138672,57400
2005-09-02,63.04999923706055,70.5,63.04999923706055,69.6500015258789,65.71260070800781,21800
2005-09-05,70.0,70.0,67.6500015258789,68.5999984741211,64.7219467163086,25900
2005-09-06,70.0,71.0,64.0,66.05000305175781,62.31610107421875,36000
2005-09-08,70.0,70.0,66.05000305175781,67.0,63.2124137878418,17500
2005-09-09,67.0,68.0,66.30000305175781,67.0,63.2124137878418,30200
2005-09-12,69.94999694824219,72.94999694824219,67.0,71.3499984741211,67.31648254394531,42920
2005-09-13,73.0,73.0,68.25,69.94999694824219,65.99563598632812,18200
2005-09-14,67.19999694824219,71.0,67.19999694824219,68.19999694824219,64.34455871582031,30700
2005-09-15,71.0,71.0,68.5,70.5,66.51453399658203,16800
2005-09-16,72.0,74.4000015258789,70.30000305175781,72.55000305175781,68.44866943359375,54200
2005-09-19,72.0999984741211,73.9000015258789,71.5,72.9000015258789,68.77888488769531,25000
2005-09-20,74.0,75.25,70.5,73.25,69.10908508300781,33900
2005-09-21,70.0,72.5999984741211,69.5999984741211,70.69999694824219,66.70323944091797,17200
2005-09-22,67.19999694824219,68.0,67.19999694824219,67.19999694824219,63.40108871459961,7600
2005-09-23,63.849998474121094,68.0,63.849998474121094,63.849998474121094,60.240474700927734,12900
2005-09-26,63.849998474121094,66.69999694824219,60.79999923706055,65.25,61.56133270263672,26600
2005-09-27,66.0,68.0,62.0,65.44999694824219,61.750030517578125,28700
2005-09-28,64.5,65.0,62.20000076293945,63.099998474121094,59.53287124633789,29800
2005-09-29,64.94999694824219,64.94999694824219,59.95000076293945,59.95000076293945,56.56094741821289,24100
2005-09-30,57.0,60.0,57.0,58.099998474121094,54.81553268432617,29000
2005-10-03,60.0,61.0,56.0,61.0,57.551597595214844,12900
2005-10-04,61.5,64.05000305175781,61.5,64.05000305175781,60.429168701171875,11200
2005-10-05,67.19999694824219,67.25,65.0999984741211,66.4000015258789,62.64632034301758,50600
2005-10-06,63.099998474121094,65.8499984741211,63.099998474121094,63.099998474121094,59.53287124633789,20800
2005-10-07,63.0,64.94999694824219,61.0,63.79999923706055,60.193294525146484,16000
2005-10-10,64.3499984741211,64.3499984741211,60.650001525878906,60.650001525878906,57.22137451171875,14500
2005-10-11,59.5,60.900001525878906,57.70000076293945,59.45000076293945,56.089210510253906,10600
2005-10-13,58.5,60.400001525878906,58.0,58.20000076293945,54.909881591796875,9400
2005-10-14,58.5,59.0,56.099998474121094,56.599998474121094,53.400333404541016,10700
2005-10-17,57.0,57.0,55.0,55.20000076293945,52.07947540283203,7700
2005-10-18,56.900001525878906,57.25,54.150001525878906,55.25,52.12664794921875,10200
2005-10-19,55.45000076293945,55.45000076293945,52.5,52.900001525878906,49.90949249267578,13000
2005-10-20,52.79999923706055,55.5,50.29999923706055,50.400001525878906,47.55082702636719,8100
2005-10-21,48.5,49.849998474121094,47.900001525878906,49.349998474121094,46.560184478759766,15000
2005-10-24,51.75,51.79999923706055,50.900001525878906,51.349998474121094,48.44711685180664,4600
2005-10-25,51.5,52.20000076293945,49.099998474121094,50.95000076293945,48.069725036621094,9400
2005-10-26,48.75,52.900001525878906,48.75,49.54999923706055,46.748878479003906,20500
2005-10-27,48.25,49.5,47.099998474121094,47.20000076293945,44.53171920776367,10400
2005-10-28,45.0,47.5,44.849998474121094,44.900001525878906,42.36174774169922,10300
2005-10-31,43.150001525878906,45.5,43.0,44.04999923706055,41.559791564941406,3600
2005-11-02,47.5,48.04999923706055,46.0,46.900001525878906,44.248687744140625,4300
2005-11-07,48.849998474121094,49.20000076293945,48.849998474121094,49.20000076293945,46.418663024902344,7100
2005-11-08,51.650001525878906,51.650001525878906,51.599998474121094,51.650001525878906,48.73016357421875,3100
2005-11-09,54.0,54.20000076293945,52.5,53.849998474121094,50.805789947509766,13000
2005-11-10,55.75,55.75,52.54999923706055,53.349998474121094,50.334049224853516,3700
2005-11-11,53.5,54.5,52.099998474121094,52.54999923706055,49.57927703857422,3900
2005-11-14,54.0,54.900001525878906,52.099998474121094,54.45000076293945,51.37186813354492,8800
2005-11-16,56.70000076293945,57.150001525878906,56.599998474121094,57.150001525878906,53.91924285888672,10700
2005-11-17,60.0,60.0,58.20000076293945,60.0,56.60811996459961,26800
2005-11-18,61.95000076293945,62.400001525878906,58.0,59.0,55.664649963378906,15800
2005-11-21,59.5,59.5,57.0,58.04999923706055,54.76836395263672,8200
2005-11-22,60.900001525878906,60.900001525878906,55.79999923706055,56.5,53.30598068237305,14700
2005-11-23,57.95000076293945,57.95000076293945,56.349998474121094,56.70000076293945,53.49467468261719,8600
2005-11-24,56.20000076293945,57.0,56.099998474121094,56.349998474121094,53.164459228515625,8400
2005-11-25,57.0,58.0,55.04999923706055,55.79999923706055,52.64555740356445,7800
2005-11-28,60.900001525878906,61.150001525878906,57.75,59.20000076293945,55.85334777832031,11600
2005-11-29,57.900001525878906,60.0,57.900001525878906,58.0,54.72118377685547,3500
2005-11-30,56.099998474121094,59.5,56.099998474121094,57.04999923706055,53.82489013671875,7700
2005-12-01,58.95000076293945,58.95000076293945,56.0,56.900001525878906,53.683372497558594,4500
2005-12-02,58.70000076293945,59.70000076293945,57.099998474121094,58.150001525878906,54.86270523071289,12000
2005-12-05,59.79999923706055,61.0,58.599998474121094,59.5,56.13638687133789,12700
2005-12-06,61.0,61.0,57.70000076293945,58.70000076293945,55.381614685058594,19500
2005-12-07,58.0,59.5,56.70000076293945,58.0,54.72118377685547,7600
2005-12-08,59.400001525878906,60.400001525878906,57.5,58.04999923706055,54.76836395263672,7100
2005-12-09,59.0,60.0,58.0,58.5,55.192928314208984,6300
2005-12-12,59.900001525878906,61.0,58.400001525878906,59.599998474121094,56.23073196411133,15900
2005-12-13,60.0,62.54999923706055,60.0,62.54999923706055,59.01396179199219,17800
2005-12-14,65.6500015258789,65.6500015258789,62.25,63.150001525878906,59.580047607421875,46100
2005-12-15,64.0999984741211,65.5,61.0,61.29999923706055,57.834625244140625,26600
2005-12-16,61.0,61.0,59.29999923706055,60.25,56.84398651123047,8400
2005-12-19,61.79999923706055,62.099998474121094,60.0,61.45000076293945,57.97615051269531,11000
2005-12-20,61.5,61.5,59.099998474121094,60.95000076293945,57.50442123413086,6800
2005-12-21,61.5,61.5,59.29999923706055,59.900001525878906,56.51377868652344,4600
2005-12-22,62.599998474121094,62.599998474121094,59.0,59.25,55.90052032470703,5100
2005-12-23,61.0,61.0,58.25,58.650001525878906,55.334442138671875,2200
2005-12-26,56.0,58.0,55.900001525878906,56.29999923706055,53.11728286743164,8700
2005-12-27,58.0,59.0,57.25,58.79999923706055,55.4759521484375,2400
2005-12-28,58.0,58.0,56.25,57.25,54.01358413696289,3100
2005-12-29,60.0,60.099998474121094,58.25,60.099998474121094,56.70246887207031,16900
2005-12-30,62.400001525878906,63.099998474121094,61.0,61.20000076293945,57.74028778076172,22700
2006-01-02,62.0,62.95000076293945,60.0,60.54999923706055,57.12703323364258,11400
2006-01-03,60.54999923706055,62.0,60.0,60.25,56.84398651123047,17500
2006-01-04,60.54999923706055,61.79999923706055,59.5,60.20000076293945,56.796817779541016,6100
2006-01-05,60.0,60.0,58.5,59.5,56.13638687133789,4700
2006-01-06,60.900001525878906,61.0,58.0,59.0,55.664649963378906,14400
2006-01-09,59.54999923706055,60.0,58.79999923706055,59.099998474121094,55.75899887084961,7800
2006-01-10,60.79999923706055,60.79999923706055,58.5,58.75,55.42878341674805,4300
2006-01-12,57.20000076293945,59.900001525878906,57.20000076293945,59.5,56.13638687133789,6200
2006-01-13,58.5,62.20000076293945,58.5,60.95000076293945,57.50442123413086,37400
2006-01-16,60.0,61.5,58.5,59.04999923706055,55.711822509765625,11000
2006-01-17,60.70000076293945,62.0,59.25,60.0,56.60811996459961,22100
2006-01-18,60.0,60.25,58.099998474121094,58.75,55.42878341674805,7300
2006-01-19,61.0,61.0,58.20000076293945,60.20000076293945,56.796817779541016,14400
2006-01-20,58.25,60.900001525878906,58.0,58.650001525878906,55.334442138671875,20000
2006-01-23,60.0,60.70000076293945,59.0,59.900001525878906,56.51377868652344,11500
2006-01-24,60.0,60.0,58.150001525878906,58.25,54.957054138183594,12600
2006-01-25,58.5,59.25,57.0,57.900001525878906,54.62683868408203,10200
2006-01-27,60.75,60.75,58.25,58.70000076293945,55.381614685058594,17100
2006-01-30,60.70000076293945,60.70000076293945,57.29999923706055,57.849998474121094,54.57966613769531,2200
2006-01-31,57.849998474121094,57.849998474121094,55.79999923706055,56.25,53.07011413574219,5400
2006-02-01,56.20000076293945,57.29999923706055,55.0,55.0,51.890777587890625,3900
2006-02-02,54.25,55.45000076293945,52.400001525878906,53.54999923706055,50.522743225097656,11200
2006-02-03,54.0,56.20000076293945,50.95000076293945,55.20000076293945,52.07947540283203,13100
2006-02-06,57.0,57.95000076293945,57.0,57.95000076293945,54.67401123046875,2700
2006-02-07,60.70000076293945,60.79999923706055,58.400001525878906,59.95000076293945,56.56094741821289,31600
2006-02-08,60.400001525878906,61.5,57.650001525878906,58.95000076293945,55.61748504638672,18400
2006-02-10,59.95000076293945,59.95000076293945,56.04999923706055,57.29999923706055,54.060752868652344,19000
2006-02-13,57.95000076293945,57.95000076293945,55.75,56.20000076293945,53.02294158935547,9500
2006-02-14,57.5,57.5,55.54999923706055,55.70000076293945,52.551204681396484,7500
2006-02-15,57.900001525878906,58.0,55.349998474121094,55.900001525878906,52.73990249633789,5400
2006-02-16,56.04999923706055,56.04999923706055,54.5,54.650001525878906,51.560569763183594,7100
2006-02-17,57.0,57.0,53.54999923706055,53.849998474121094,50.805789947509766,8400
2006-02-20,52.29999923706055,55.0,52.29999923706055,53.5,50.47557830810547,1600
2006-02-21,53.54999923706055,55.650001525878906,53.5,54.5,51.41904067993164,4400
2006-02-22,53.04999923706055,54.400001525878906,52.25,52.5,49.53211212158203,8800
2006-02-23,52.5,53.75,52.5,52.95000076293945,49.956668853759766,4600
2006-02-24,52.0,53.5,51.400001525878906,52.79999923706055,49.81514358520508,3500
2006-02-27,55.0,55.400001525878906,52.849998474121094,52.95000076293945,49.956668853759766,8200
2006-02-28,54.70000076293945,54.70000076293945,51.599998474121094,52.04999923706055,49.1075439453125,10800
2006-03-01,51.54999923706055,52.849998474121094,51.5,51.70000076293945,48.77733612060547,8000
2006-03-02,51.349998474121094,51.75,51.04999923706055,51.5,48.5886344909668,3500
2006-03-03,50.04999923706055,51.900001525878906,49.099998474121094,50.150001525878906,47.3149528503418,12400
2006-03-06,49.20000076293945,52.0,49.0,51.29999923706055,48.399940490722656,7300
2006-03-07,52.900001525878906,52.95000076293945,50.0,51.349998474121094,48.44711685180664,8900
2006-03-08,50.400001525878906,51.79999923706055,50.0,50.20000076293945,47.36213302612305,8500
2006-03-09,50.0,51.0,47.70000076293945,49.0,46.22996139526367,16300
2006-03-10,50.29999923706055,50.349998474121094,48.70000076293945,48.900001525878906,46.135623931884766,21200
2006-03-13,51.29999923706055,51.29999923706055,47.5,48.400001525878906,45.66388702392578,11700
2006-03-14,47.5,49.45000076293945,47.0,47.70000076293945,45.00345993041992,15000
2006-03-16,48.0,49.599998474121094,47.0,49.5,46.70169448852539,7700
2006-03-17,47.79999923706055,49.400001525878906,47.79999923706055,48.70000076293945,45.946929931640625,3000
2006-03-20,48.5,49.95000076293945,47.0,49.150001525878906,46.37148666381836,11000
2006-03-21,48.0,49.75,47.599998474121094,49.0,46.22996139526367,13800
2006-03-22,50.0,50.900001525878906,47.25,47.400001525878906,44.72041702270508,9600
2006-03-23,47.20000076293945,48.0,47.0,47.400001525878906,44.72041702270508,4500
2006-03-24,48.400001525878906,49.5,45.099998474121094,45.79999923706055,43.21086883544922,19600
2006-03-27,48.0,48.04999923706055,44.0,48.04999923706055,45.33367156982422,9000
2006-03-28,50.400001525878906,50.45000076293945,50.400001525878906,50.45000076293945,47.59799575805664,3000
2006-03-29,52.95000076293945,52.95000076293945,52.95000076293945,52.95000076293945,49.956668853759766,3500
2006-03-30,55.45000076293945,55.54999923706055,54.0,55.54999923706055,52.409690856933594,44200
2006-03-31,58.29999923706055,58.29999923706055,57.0,58.29999923706055,55.00422668457031,14700
2006-04-03,61.20000076293945,61.20000076293945,61.20000076293945,61.20000076293945,57.74028778076172,7200
2006-04-04,64.25,64.25,64.25,64.25,60.61786651611328,7000
2006-04-05,67.44999694824219,67.44999694824219,67.44999694824219,67.44999694824219,63.63697052001953,10400
2006-04-07,70.80000305175781,70.80000305175781,70.80000305175781,70.80000305175781,66.79759216308594,32600
2006-04-10,74.30000305175781,74.30000305175781,74.30000305175781,74.30000305175781,70.09972381591797,23700
2006-04-12,78.0,78.0,78.0,78.0,73.5905532836914,8900
2006-04-13,81.9000015258789,81.9000015258789,81.9000015258789,81.9000015258789,77.27008819580078,18800
2006-04-17,85.94999694824219,85.94999694824219,85.94999694824219,85.94999694824219,81.09112548828125,7200
2006-04-18,90.19999694824219,90.19999694824219,90.19999694824219,90.19999694824219,85.10088348388672,4300
2006-04-19,94.69999694824219,94.69999694824219,94.69999694824219,94.69999694824219,89.34648895263672,1800
2006-04-20,99.4000015258789,99.4000015258789,99.4000015258789,99.4000015258789,93.7807846069336,3700
2006-04-21,104.3499984741211,104.3499984741211,104.3499984741211,104.3499984741211,98.4509506225586,8600
2006-04-24,109.55000305175781,109.55000305175781,109.55000305175781,109.55000305175781,103.35699462890625,2000
2006-04-25,115.0,115.0,115.0,115.0,108.49888610839844,4700
2006-04-26,120.75,120.75,120.75,120.75,113.92384338378906,6800
2006-04-27,126.75,126.75,126.75,126.75,119.58465576171875,3400
2006-04-28,133.0500030517578,133.0500030517578,130.10000610351562,133.0500030517578,125.52851104736328,292500
2006-05-02,146.64999389648438,146.64999389648438,146.64999389648438,146.64999389648438,138.35968017578125,7200
2006-05-03,153.9499969482422,153.9499969482422,153.9499969482422,153.9499969482422,145.24700927734375,4000
2006-05-04,161.60000610351562,161.60000610351562,161.60000610351562,161.60000610351562,152.4645538330078,6600
2006-05-05,169.64999389648438,169.64999389648438,169.64999389648438,169.64999389648438,160.0594482421875,11700
2006-05-08,178.10000610351562,178.10000610351562,178.10000610351562,178.10000610351562,168.0317840576172,11800
2006-05-09,187.0,187.0,187.0,187.0,176.42861938476562,11100
2006-05-10,196.35000610351562,196.35000610351562,196.35000610351562,196.35000610351562,185.25009155273438,11500
2006-05-11,206.14999389648438,206.14999389648438,186.5500030517578,201.60000610351562,190.20330810546875,402400
2006-05-12,211.64999389648438,211.64999389648438,191.5500030517578,211.64999389648438,199.68515014648438,121300
2006-05-15,222.1999969482422,222.1999969482422,201.10000610351562,210.1999969482422,198.31710815429688,178400
2006-05-16,212.0,212.0,199.6999969482422,199.6999969482422,188.4106903076172,29900
2006-05-17,189.75,209.39999389648438,189.75,194.1999969482422,183.2216339111328,96700
2006-05-18,186.0,186.0,184.5,184.5,174.0699462890625,16700
2006-05-19,175.35000610351562,175.35000610351562,175.3000030517578,175.3000030517578,165.39004516601562,4400
2006-05-22,166.5500030517578,166.5500030517578,166.5500030517578,166.5500030517578,157.1347198486328,1300
2006-05-23,158.25,158.25,158.25,158.25,149.3039093017578,1600
2006-05-24,150.35000610351562,158.0,150.35000610351562,150.35000610351562,141.85052490234375,105000
2006-05-25,142.85000610351562,142.85000610351562,142.85000610351562,142.85000610351562,134.77450561523438,2400
2006-05-26,135.75,148.0,135.75,135.75,128.07586669921875,62800
2006-05-29,129.25,135.0,129.0,129.0,121.70745086669922,35600
2006-05-30,123.0,135.4499969482422,122.5999984741211,135.4499969482422,127.7928237915039,32200
2006-05-31,135.0,136.8000030517578,128.6999969482422,128.6999969482422,121.4244155883789,22400
2006-06-01,122.5,130.0,122.30000305175781,122.30000305175781,115.38622283935547,23200
2006-06-02,116.19999694824219,122.5,116.19999694824219,116.19999694824219,109.63106536865234,26500
2006-06-05,111.5,114.9000015258789,110.4000015258789,110.4000015258789,104.15895080566406,7600
2006-06-06,104.9000015258789,104.9000015258789,104.9000015258789,104.9000015258789,98.9698715209961,2200
2006-06-07,99.69999694824219,99.69999694824219,99.69999694824219,99.69999694824219,94.06383514404297,1800
2006-06-08,94.75,94.75,94.75,94.75,89.3936538696289,4300
2006-06-09,90.05000305175781,95.0,90.05000305175781,91.1500015258789,85.9971694946289,54800
2006-06-12,87.0,90.5,86.5999984741211,86.5999984741211,81.70439147949219,35200
2006-06-13,82.30000305175781,82.30000305175781,82.30000305175781,82.30000305175781,77.6474838256836,5700
2006-06-14,78.19999694824219,78.19999694824219,78.19999694824219,78.19999694824219,73.77925109863281,2600
2006-06-15,74.30000305175781,80.0,74.30000305175781,79.4000015258789,74.91140747070312,35700
2006-06-16,83.30000305175781,83.3499984741211,81.0,83.3499984741211,78.63811492919922,11100
2006-06-19,87.5,87.5,87.5,87.5,82.55352020263672,4600
2006-06-20,91.8499984741211,91.8499984741211,91.8499984741211,91.8499984741211,86.65760040283203,6200
2006-06-21,96.4000015258789,96.4000015258789,96.4000015258789,96.4000015258789,90.95037841796875,7000
2006-06-22,101.19999694824219,101.19999694824219,101.19999694824219,101.19999694824219,95.47903442382812,2500
2006-06-23,106.25,106.25,106.25,106.25,100.2435531616211,16200
2006-06-26,117.0999984741211,117.0999984741211,106.0,106.0,100.00768280029297,52000
2006-06-27,100.75,104.80000305175781,100.75,100.94999694824219,95.2431640625,25400
2006-06-28,95.94999694824219,100.9000015258789,95.94999694824219,96.25,90.8088607788086,10100
2006-06-29,95.25,100.9000015258789,91.5999984741211,91.80000305175781,86.61042785644531,15800
2006-06-30,96.3499984741211,96.3499984741211,96.3499984741211,96.3499984741211,90.9031982421875,1900
2006-07-03,101.1500015258789,101.1500015258789,96.1500015258789,99.8499984741211,94.2053451538086,15300
2006-07-04,100.0,100.0,96.5,96.80000305175781,91.32777404785156,8600
2006-07-05,99.9000015258789,99.9000015258789,96.0,98.0,92.45992279052734,8900
2006-07-06,94.5,100.0,94.5,97.5,91.98821258544922,4200
2006-07-07,102.3499984741211,102.3499984741211,93.5,94.6500015258789,89.29931640625,13600
2006-07-10,91.55000305175781,95.0,91.55000305175781,93.30000305175781,88.025634765625,4300
2006-07-11,94.05000305175781,94.30000305175781,90.3499984741211,91.0999984741211,85.95000457763672,4200
2006-07-12,90.0,95.6500015258789,89.0,95.6500015258789,90.24279022216797,8600
2006-07-13,97.94999694824219,98.44999694824219,94.0,94.8499984741211,89.48800659179688,6300
2006-07-14,95.0,95.25,91.0999984741211,92.4000015258789,87.17652130126953,6900
2006-07-17,94.0,94.0,88.5,89.19999694824219,84.15740966796875,5700
2006-07-18,88.5,89.5,85.0,86.80000305175781,81.89308166503906,8600
2006-07-19,88.0,88.0,82.5,82.5,77.83617401123047,7900
2006-07-20,86.5999984741211,86.5999984741211,82.0,86.0999984741211,81.23267364501953,6700
2006-07-21,82.5,83.0,81.80000305175781,81.80000305175781,77.17574310302734,7900
2006-07-24,79.0,80.94999694824219,77.75,78.75,74.29816436767578,5500
2006-07-25,80.9000015258789,82.6500015258789,79.19999694824219,82.5,77.83617401123047,4400
2006-07-26,81.0999984741211,85.9000015258789,81.0999984741211,81.69999694824219,77.08138275146484,2300
2006-07-27,83.0,83.0,78.4000015258789,80.9000015258789,76.32662200927734,8600
2006-07-28,80.0,83.5,78.0999984741211,83.25,78.54377746582031,5500
2006-07-31,80.5,85.69999694824219,80.0,82.69999694824219,78.02484893798828,5600
2006-08-01,85.0,85.69999694824219,82.3499984741211,84.0,79.2513656616211,3600
2006-08-02,82.19999694824219,86.0,82.19999694824219,84.0,79.2513656616211,6100
2006-08-03,83.5,87.0,83.5,84.55000305175781,79.77027130126953,7200
2006-08-04,84.55000305175781,85.80000305175781,82.0,83.5,78.7796401977539,6800
2006-08-07,83.0999984741211,84.9000015258789,82.0,82.44999694824219,77.78898620605469,3500
2006-08-08,85.4000015258789,86.55000305175781,82.1500015258789,86.19999694824219,81.3270034790039,12500
2006-08-09,85.0999984741211,90.5,85.0999984741211,90.5,85.38390350341797,12400
2006-08-10,94.94999694824219,95.0,92.5,95.0,89.6295394897461,8200
2006-08-11,99.75,99.75,95.0,98.80000305175781,93.21470642089844,20600
2006-08-14,96.05000305175781,98.0,93.9000015258789,94.8499984741211,89.48800659179688,31000
2006-08-16,96.5,99.25,95.0,98.9000015258789,93.30904388427734,12200
2006-08-17,102.94999694824219,103.0,94.0,96.44999694824219,90.99755096435547,10400
2006-08-18,93.0,94.69999694824219,91.6500015258789,91.6500015258789,86.46891021728516,9500
2006-08-21,93.0,94.9000015258789,87.55000305175781,88.6500015258789,83.63849639892578,12300
2006-08-22,92.0,93.05000305175781,90.5,92.0999984741211,86.89346313476562,9400
2006-08-23,91.05000305175781,92.4000015258789,89.0,89.25,84.20458221435547,5000
2006-08-24,90.5,91.9000015258789,87.5,91.80000305175781,86.61042785644531,2600
2006-08-25,90.05000305175781,94.0,90.05000305175781,91.4000015258789,86.23303985595703,4800
2006-08-28,91.0,93.44999694824219,90.0,91.9000015258789,86.70478057861328,5200
2006-08-29,91.25,92.0,90.0,90.0,84.91219329833984,4800
2006-08-30,89.0,91.3499984741211,88.3499984741211,90.55000305175781,85.43109893798828,4000
2006-08-31,89.0,89.0,86.0999984741211,87.9000015258789,82.93090057373047,5000
2006-09-01,86.30000305175781,88.5,85.0,85.4000015258789,80.57222747802734,4300
2006-09-04,88.9000015258789,88.94999694824219,85.69999694824219,86.0,81.13832092285156,3200
2006-09-05,89.9000015258789,89.9000015258789,86.0999984741211,87.69999694824219,82.74220275878906,6400
2006-09-06,91.8499984741211,92.05000305175781,88.0999984741211,91.8499984741211,86.65760040283203,23300
2006-09-07,93.3499984741211,96.4000015258789,91.5,96.4000015258789,90.95037841796875,22800
2006-09-08,101.19999694824219,101.19999694824219,98.8499984741211,101.19999694824219,95.47903442382812,9200
2006-09-11,106.25,106.25,97.5,98.5,92.9316635131836,42000
2006-09-12,97.0,100.0,93.69999694824219,99.30000305175781,93.68643951416016,12900
2006-09-13,102.9000015258789,103.0,97.0,99.5,93.8751449584961,5400
2006-09-14,95.0999984741211,98.0,94.75,96.5,91.04472351074219,4500
2006-09-15,95.05000305175781,98.75,93.0,93.30000305175781,88.025634765625,7100
2006-09-18,96.94999694824219,97.0,91.0,92.8499984741211,87.60107421875,9900
2006-09-19,94.8499984741211,94.9000015258789,90.5,91.05000305175781,85.90283203125,7500
2006-09-20,90.30000305175781,92.9000015258789,90.25,91.0999984741211,85.95000457763672,3900
2006-09-21,94.75,95.0,90.5,91.05000305175781,85.90283203125,4200
2006-09-22,94.0,94.0,89.0,90.9000015258789,85.76129913330078,4100
2006-09-25,91.0,92.0,89.19999694824219,91.19999694824219,86.04434204101562,4700
2006-09-26,89.0,91.0,88.0999984741211,88.5,83.49697875976562,4200
2006-09-27,92.9000015258789,92.9000015258789,92.9000015258789,92.9000015258789,87.64824676513672,1300
2006-09-28,97.5,97.5,97.5,97.5,91.98821258544922,7100
2006-09-29,102.3499984741211,102.3499984741211,96.0,98.44999694824219,92.88448333740234,30600
2006-10-03,103.0,103.0,96.0,96.19999694824219,90.76168823242188,12300
2006-10-04,101.0,101.0,97.0,101.0,95.29033660888672,59400
2006-10-05,105.9000015258789,105.9000015258789,98.25,99.5999984741211,93.96949005126953,45400
2006-10-06,99.5999984741211,102.0,95.55000305175781,96.19999694824219,90.76168823242188,24700
2006-10-09,98.0,99.69999694824219,93.55000305175781,97.4000015258789,91.89385986328125,14500
2006-10-10,100.0,100.0,95.1500015258789,96.44999694824219,90.99755096435547,12500
2006-10-11,96.5,97.30000305175781,93.5999984741211,94.0999984741211,88.78040313720703,12100
2006-10-12,94.4000015258789,95.0,90.55000305175781,94.75,89.3936538696289,11800
2006-10-13,96.94999694824219,96.94999694824219,93.5,94.05000305175781,88.73323822021484,6700
2006-10-16,96.0,96.0,92.55000305175781,93.80000305175781,88.49737548828125,6400
2006-10-17,96.0,96.94999694824219,93.75,94.19999694824219,88.87474822998047,10700
2006-10-18,96.0,96.0,93.0,93.5999984741211,88.30867004394531,8000
2006-10-19,95.75,95.75,93.80000305175781,94.75,89.3936538696289,8200
2006-10-20,93.1500015258789,98.0,92.0,92.80000305175781,87.55389404296875,17200
2006-10-23,95.5,95.75,92.4000015258789,92.6500015258789,87.4123764038086,8200
2006-10-26,93.0,94.3499984741211,92.5,93.9000015258789,88.59170532226562,5800
2006-10-27,95.94999694824219,97.25,93.55000305175781,94.0,88.6860580444336,9400
2006-10-30,94.0,96.3499984741211,93.0,93.3499984741211,88.07280731201172,9300
2006-10-31,94.0,95.5,91.05000305175781,91.75,86.56324768066406,10000
2006-11-01,93.05000305175781,93.05000305175781,89.19999694824219,89.80000305175781,84.72349548339844,15100
2006-11-02,88.6500015258789,91.94999694824219,86.8499984741211,90.4000015258789,85.28956604003906,8300
2006-11-03,91.3499984741211,92.0,88.0,88.5999984741211,83.59133911132812,12700
2006-11-06,91.94999694824219,91.94999694824219,89.5999984741211,90.0,84.91219329833984,6600
2006-11-07,91.5,92.0,90.5,91.30000305175781,86.13870239257812,6600
2006-11-08,93.0,93.0,88.19999694824219,89.0,83.96870422363281,5700
2006-11-09,86.0,93.44999694824219,86.0,88.69999694824219,83.68568420410156,8800
2006-11-10,90.5,90.5,88.0,88.55000305175781,83.54415130615234,9600
2006-11-13,90.0,90.0,87.25,88.44999694824219,83.44979858398438,9100
2006-11-14,89.0,89.8499984741211,85.5,86.0,81.13832092285156,8300
2006-11-15,87.44999694824219,87.44999694824219,82.0,83.05000305175781,78.3550796508789,10700
2006-11-16,83.94999694824219,85.44999694824219,78.9000015258789,79.6500015258789,75.14727783203125,14300
2006-11-17,80.05000305175781,80.05000305175781,75.69999694824219,76.5999984741211,72.26969909667969,16700
2006-11-20,74.75,79.80000305175781,73.25,77.80000305175781,73.40186309814453,6900
2006-11-21,77.05000305175781,80.3499984741211,77.0,80.19999694824219,75.66618347167969,7100
2006-11-22,83.0,84.0,78.6500015258789,80.55000305175781,75.99642181396484,5300
2006-11-23,83.4000015258789,83.4000015258789,79.30000305175781,80.0999984741211,75.57183837890625,5700
2006-11-24,80.0,81.44999694824219,78.1500015258789,79.44999694824219,74.95858764648438,5900
2006-11-27,82.9000015258789,83.1500015258789,80.0,81.8499984741211,77.2229232788086,8200
2006-11-28,82.0,84.0,80.5999984741211,83.19999694824219,78.49659729003906,4200
2006-11-29,83.9000015258789,85.80000305175781,83.44999694824219,84.19999694824219,79.44005584716797,5200
2006-11-30,88.4000015258789,88.4000015258789,88.4000015258789,88.4000015258789,83.40263366699219,3900
2006-12-01,92.80000305175781,92.80000305175781,92.80000305175781,92.80000305175781,87.55389404296875,4600
2006-12-04,97.4000015258789,97.4000015258789,97.4000015258789,97.4000015258789,91.89385986328125,2100
2006-12-05,102.25,102.25,102.25,102.25,96.46967315673828,5200
2006-12-06,107.3499984741211,107.3499984741211,98.5,102.55000305175781,96.75271606445312,84500
2006-12-07,101.0,101.9000015258789,97.44999694824219,98.30000305175781,92.74297332763672,19900
2006-12-08,97.5,103.19999694824219,94.75,96.19999694824219,90.76168823242188,16900
2006-12-11,94.05000305175781,96.9000015258789,91.4000015258789,91.80000305175781,86.61042785644531,12800
2006-12-12,94.94999694824219,96.3499984741211,87.30000305175781,88.4000015258789,83.40263366699219,22200
2006-12-13,90.0999984741211,92.0,88.80000305175781,90.6500015258789,85.52544403076172,5800
2006-12-14,93.05000305175781,93.05000305175781,90.05000305175781,92.55000305175781,87.31803131103516,8100
2006-12-15,88.4000015258789,92.4000015258789,88.4000015258789,91.6500015258789,86.46891021728516,5600
2006-12-18,91.0999984741211,92.44999694824219,88.0,91.8499984741211,86.65760040283203,4700
2006-12-19,92.94999694824219,92.94999694824219,87.6500015258789,88.8499984741211,83.82719421386719,3700
2006-12-20,92.4000015258789,92.4000015258789,86.05000305175781,86.8499984741211,81.94026184082031,4700
2006-12-21,88.9000015258789,88.9000015258789,84.0999984741211,87.1500015258789,82.2232894897461,10500
2006-12-22,85.0,87.5,85.0,85.55000305175781,80.71375274658203,4800
2006-12-26,86.0,89.44999694824219,86.0,87.69999694824219,82.74220275878906,4400
2006-12-27,88.0,89.0,85.19999694824219,86.05000305175781,81.18548583984375,4800
2006-12-28,85.1500015258789,86.94999694824219,84.0,84.55000305175781,79.77027130126953,6900
2006-12-29,84.75,87.0,84.0,86.80000305175781,81.89308166503906,5000
2007-01-02,85.0,91.0999984741211,85.0,91.0999984741211,85.95000457763672,5200
2007-01-03,95.0,95.6500015258789,91.0,91.55000305175781,86.37457275390625,18400
2007-01-04,89.0,91.25,87.05000305175781,90.55000305175781,85.43109893798828,9600
2007-01-05,88.1500015258789,90.0,87.5,89.3499984741211,84.29891967773438,4700
2007-01-08,89.9000015258789,89.9000015258789,85.25,86.4000015258789,81.51569366455078,10000
2007-01-09,85.5,86.5,85.0999984741211,85.5,80.66656494140625,4000
2007-01-10,86.94999694824219,87.44999694824219,85.1500015258789,85.69999694824219,80.85526275634766,5300
2007-01-11,85.5999984741211,86.94999694824219,85.0,85.4000015258789,80.57222747802734,6100
2007-01-12,88.0,88.5,86.25,86.9000015258789,81.98743438720703,4200
2007-01-15,87.94999694824219,88.25,85.05000305175781,86.19999694824219,81.3270034790039,15700
2007-01-16,85.0,90.5,85.0,90.5,85.38390350341797,12700
2007-01-17,91.0,94.75,88.25,91.05000305175781,85.90283203125,8100
2007-01-18,88.1500015258789,91.0,88.0999984741211,88.6500015258789,83.63849639892578,8900
2007-01-19,87.25,90.0,86.80000305175781,88.05000305175781,83.07241821289062,6000
2007-01-22,88.5,90.0,87.0999984741211,89.25,84.20458221435547,4600
2007-01-23,87.5999984741211,91.5,87.5999984741211,89.8499984741211,84.77066040039062,6800
2007-01-24,94.30000305175781,94.30000305175781,94.30000305175781,94.30000305175781,88.96910095214844,11400
2007-01-25,99.0,99.0,99.0,99.0,93.40338897705078,5700
2007-01-29,103.94999694824219,103.94999694824219,103.94999694824219,103.94999694824219,98.07356262207031,6400
2007-01-31,109.0999984741211,109.0999984741211,100.05000305175781,103.9000015258789,98.02639770507812,72900
2007-02-01,105.69999694824219,105.69999694824219,100.0,102.25,96.46967315673828,15600
2007-02-02,100.05000305175781,104.0,100.0,102.3499984741211,96.56402587890625,15800
2007-02-05,102.0,102.0,97.30000305175781,98.3499984741211,92.79015350341797,18700
2007-02-06,99.0,99.0,95.0,96.44999694824219,90.99755096435547,15300
2007-02-07,96.5,100.44999694824219,96.0,97.0,91.5164794921875,12600
2007-02-08,95.0999984741211,98.0,95.05000305175781,96.55000305175781,91.09191131591797,7200
2007-02-09,95.30000305175781,98.0,91.80000305175781,95.75,90.3371353149414,10900
2007-02-12,92.25,94.69999694824219,91.0,91.0,85.85564422607422,7900
2007-02-13,91.0999984741211,93.5999984741211,91.0,91.30000305175781,86.13870239257812,12000
2007-02-14,91.94999694824219,93.5,88.1500015258789,90.5,85.38390350341797,7800
2007-02-15,92.94999694824219,95.0,92.5,95.0,89.6295394897461,8500
2007-02-19,99.75,99.75,97.25,98.8499984741211,93.26187896728516,19100
2007-02-20,101.0,103.0,97.55000305175781,97.9000015258789,92.36559295654297,12700
2007-02-21,100.0,101.4000015258789,97.55000305175781,100.6500015258789,94.96012878417969,18100
2007-02-22,100.0999984741211,101.80000305175781,96.05000305175781,97.0,91.5164794921875,8800
2007-02-23,97.5999984741211,99.0,94.1500015258789,94.80000305175781,89.44083404541016,8500
2007-02-26,95.0,98.4000015258789,95.0,96.25,90.8088607788086,6000
2007-02-27,97.0,98.44999694824219,96.0,97.55000305175781,92.03536987304688,8500
2007-02-28,94.0,97.30000305175781,93.0,93.8499984741211,88.54452514648438,9300
2007-03-01,95.8499984741211,95.8499984741211,92.1500015258789,93.0,87.7425765991211,3200
2007-03-02,96.25,96.25,90.30000305175781,90.94999694824219,85.80846405029297,8400
2007-03-05,89.9000015258789,90.0,86.44999694824219,86.44999694824219,81.56287384033203,7400
2007-03-06,85.0,87.44999694824219,82.1500015258789,83.69999694824219,78.96833801269531,6200
2007-03-07,83.0,86.8499984741211,80.0,80.0999984741211,75.57183837890625,6100
2007-03-08,78.55000305175781,83.9000015258789,78.0,83.3499984741211,78.63811492919922,3700
2007-03-09,82.5999984741211,84.25,79.25,82.0,77.36443328857422,5000
2007-03-12,83.4000015258789,83.4000015258789,80.75,81.55000305175781,76.93988037109375,4400
2007-03-13,79.6500015258789,82.30000305175781,78.55000305175781,81.9000015258789,77.27008819580078,4900
2007-03-14,80.25,81.80000305175781,79.4000015258789,81.5999984741211,76.98704528808594,5400
2007-03-15,83.9000015258789,83.9000015258789,82.0999984741211,82.55000305175781,77.88334655761719,6800
2007-03-16,83.05000305175781,83.5999984741211,81.5,82.44999694824219,77.78898620605469,12100
2007-03-19,82.5,86.5,82.0,85.55000305175781,80.71375274658203,23400
2007-03-20,88.3499984741211,88.3499984741211,83.25,84.8499984741211,80.05331420898438,5500
2007-03-21,84.5,84.5,81.69999694824219,82.6500015258789,77.97769165039062,22800
2007-03-22,82.4000015258789,84.0,82.4000015258789,84.0,79.2513656616211,8500
2007-03-23,85.0,85.80000305175781,83.1500015258789,85.0,80.1948471069336,6000
2007-03-26,84.75,86.0,82.5,83.0,78.30789184570312,5200
2007-03-28,82.44999694824219,82.44999694824219,78.9000015258789,79.0,74.53401184082031,19000
2007-03-29,75.19999694824219,80.94999694824219,75.19999694824219,80.94999694824219,76.37378692626953,3100
2007-03-30,79.55000305175781,84.5999984741211,79.55000305175781,83.05000305175781,78.3550796508789,6700
2007-04-02,81.0,85.25,80.0999984741211,84.0999984741211,79.34571075439453,6100
2007-04-03,82.05000305175781,86.80000305175781,82.05000305175781,85.1500015258789,80.33636474609375,6300
2007-04-04,89.4000015258789,89.4000015258789,87.0,89.4000015258789,84.34609985351562,8500
2007-04-05,93.8499984741211,93.8499984741211,92.55000305175781,93.8499984741211,88.54452514648438,14700
2007-04-09,97.94999694824219,98.5,95.0999984741211,97.5999984741211,92.0825424194336,16800
2007-04-10,98.94999694824219,99.0,93.69999694824219,98.44999694824219,92.88448333740234,8800
2007-04-11,98.94999694824219,101.0,96.55000305175781,98.19999694824219,92.64861297607422,9900
2007-04-12,99.0,99.4000015258789,96.0999984741211,96.4000015258789,90.95037841796875,6900
2007-04-13,96.6500015258789,97.94999694824219,93.94999694824219,95.5999984741211,90.19559478759766,5300
2007-04-16,98.80000305175781,98.9000015258789,95.3499984741211,97.44999694824219,91.94102478027344,10300
2007-04-17,97.94999694824219,98.0,96.0999984741211,96.30000305175781,90.85604095458984,8500
2007-04-18,99.0,99.0,95.5,96.1500015258789,90.71451568603516,13400
2007-04-19,97.5,100.94999694824219,97.0,99.75,94.11100769042969,37300
2007-04-20,101.4000015258789,102.25,98.0,98.44999694824219,92.88448333740234,10700
2007-04-23,102.0,103.0,97.0,98.5,92.9316635131836,12400
2007-04-24,97.69999694824219,99.9000015258789,97.69999694824219,98.55000305175781,92.97882843017578,6800
2007-04-25,99.19999694824219,99.75,96.25,96.55000305175781,91.09191131591797,7300
2007-04-26,99.0,99.0,96.05000305175781,96.8499984741211,91.37494659423828,6800
2007-04-27,96.1500015258789,96.94999694824219,92.5,92.9000015258789,87.64824676513672,6300
2007-04-30,92.8499984741211,95.44999694824219,92.25,93.80000305175781,88.49737548828125,4600
2007-05-03,95.0,95.80000305175781,92.0,94.19999694824219,88.87474822998047,4200
2007-05-04,95.55000305175781,96.0,94.3499984741211,94.9000015258789,89.53518676757812,5100
2007-05-07,95.55000305175781,98.0,95.55000305175781,96.05000305175781,90.62016296386719,6200
2007-05-08,97.6500015258789,97.6500015258789,92.5,93.55000305175781,88.26148986816406,4600
2007-05-09,95.0,95.0,92.0,92.0,86.79912567138672,3000
2007-05-10,93.0,93.8499984741211,91.9000015258789,92.25,87.03497314453125,4500
2007-05-11,91.05000305175781,91.9000015258789,90.0999984741211,90.5,85.38390350341797,6200
2007-05-14,91.5,93.3499984741211,90.05000305175781,91.4000015258789,86.23303985595703,8800
2007-05-15,90.5,92.8499984741211,90.5,92.30000305175781,87.08216857910156,7400
2007-05-16,92.0,92.44999694824219,91.0,91.19999694824219,86.04434204101562,5700
2007-05-17,92.44999694824219,92.44999694824219,89.5,89.55000305175781,84.48762512207031,7900
2007-05-18,88.05000305175781,89.80000305175781,88.0,89.80000305175781,84.72349548339844,11800
2007-05-21,88.55000305175781,93.0,88.55000305175781,92.1500015258789,86.94063568115234,19000
2007-05-22,91.55000305175781,92.5999984741211,90.05000305175781,91.9000015258789,86.70478057861328,6700
2007-05-23,91.5,91.5,88.0,88.30000305175781,83.30828857421875,5200
2007-05-24,88.1500015258789,89.0,87.8499984741211,88.0,83.02523040771484,2600
2007-05-25,86.75,88.75,86.75,87.19999694824219,82.27046203613281,5400
2007-05-28,87.30000305175781,88.0,86.3499984741211,86.94999694824219,82.03460693359375,8900
2007-05-29,85.05000305175781,89.0,85.05000305175781,88.0,83.02523040771484,10300
2007-05-30,90.44999694824219,90.44999694824219,86.19999694824219,86.6500015258789,81.75157165527344,3700
2007-05-31,86.1500015258789,88.5,85.4000015258789,85.6500015258789,80.80810546875,6100
2007-06-01,85.5,88.5,85.19999694824219,86.1500015258789,81.27983093261719,7100
2007-06-04,85.30000305175781,89.9000015258789,85.30000305175781,88.9000015258789,83.87435913085938,3600
2007-06-05,87.0999984741211,89.0999984741211,87.0999984741211,87.30000305175781,82.36482238769531,1800
2007-06-06,87.0999984741211,91.6500015258789,87.0999984741211,89.75,84.67630767822266,11200
2007-06-07,91.30000305175781,91.5999984741211,87.5,87.5,82.55352020263672,2900
2007-06-08,88.6500015258789,89.5999984741211,87.0,88.94999694824219,83.92154693603516,2200
2007-06-11,87.94999694824219,89.75,87.19999694824219,87.3499984741211,82.41199493408203,2200
2007-06-12,88.94999694824219,89.25,85.44999694824219,87.9000015258789,82.93090057373047,5100
2007-06-13,86.6500015258789,87.75,85.6500015258789,85.94999694824219,81.09112548828125,2300
2007-06-14,86.5,88.0,86.05000305175781,86.44999694824219,81.56287384033203,6400
2007-06-15,85.94999694824219,86.75,85.94999694824219,86.5999984741211,81.70439147949219,5500
2007-06-18,86.19999694824219,87.44999694824219,85.30000305175781,85.3499984741211,80.52505493164062,2600
2007-06-19,84.6500015258789,87.80000305175781,84.6500015258789,85.9000015258789,81.04396057128906,1900
2007-06-20,88.94999694824219,88.94999694824219,84.55000305175781,86.75,81.84590911865234,5000
2007-06-21,87.0,90.0,85.5999984741211,86.05000305175781,81.18548583984375,6700
2007-06-22,86.0,87.5,86.0,86.69999694824219,81.79872131347656,6500
2007-06-25,85.5999984741211,89.6500015258789,85.55000305175781,87.0,82.081787109375,2700
2007-06-26,85.94999694824219,91.3499984741211,85.94999694824219,91.19999694824219,86.04434204101562,13900
2007-06-27,91.25,93.0,86.75,88.0,83.02523040771484,13400
2007-06-28,85.25,92.4000015258789,85.25,91.9000015258789,86.70478057861328,17100
2007-06-29,90.0,96.0,90.0,91.19999694824219,86.04434204101562,13400
2007-07-02,91.0999984741211,92.0,88.9000015258789,90.05000305175781,84.95935821533203,7400
2007-07-03,90.05000305175781,91.25,89.5,89.5,84.4404525756836,2700
2007-07-04,90.0,91.0,90.0,90.4000015258789,85.28956604003906,7500
2007-07-05,90.19999694824219,91.0,90.0999984741211,90.0999984741211,85.00653076171875,3500
2007-07-06,93.94999694824219,94.5999984741211,91.30000305175781,93.75,88.45018768310547,21100
2007-07-09,95.4000015258789,98.4000015258789,90.5,98.4000015258789,92.83732604980469,21200
2007-07-10,102.0,103.30000305175781,102.0,103.30000305175781,97.4603271484375,27500
2007-07-11,108.0,108.44999694824219,105.5,108.44999694824219,102.31917572021484,27900
2007-07-12,113.8499984741211,113.8499984741211,113.8499984741211,113.8499984741211,107.41390991210938,7200
2007-07-13,119.5,119.5,119.5,119.5,112.74452209472656,26900
2007-07-16,125.44999694824219,125.44999694824219,113.55000305175781,113.55000305175781,107.1308822631836,36500
2007-07-17,112.19999694824219,112.19999694824219,107.9000015258789,108.1500015258789,102.03614044189453,29700
2007-07-18,108.1500015258789,108.1500015258789,103.0,105.44999694824219,99.48876953125,20300
2007-07-19,105.05000305175781,109.0,103.0,104.5,98.59247589111328,14600
2007-07-20,105.94999694824219,106.8499984741211,101.44999694824219,103.1500015258789,97.31879425048828,14000
2007-07-23,104.94999694824219,107.5,103.0,103.8499984741211,97.97921752929688,14400
2007-07-24,103.5,104.0,100.05000305175781,100.5,94.81859588623047,8700
2007-07-25,99.55000305175781,101.0,98.0,98.94999694824219,93.3562240600586,6700
2007-07-26,99.0999984741211,103.8499984741211,99.05000305175781,103.8499984741211,97.97921752929688,11200
2007-07-27,100.5,106.0,98.69999694824219,99.4000015258789,93.7807846069336,10200
2007-07-30,96.30000305175781,100.0,96.30000305175781,98.5999984741211,93.02601623535156,5100
2007-07-31,101.94999694824219,103.4000015258789,101.0,101.8499984741211,96.09228515625,7700
2007-08-01,102.30000305175781,102.5,97.0999984741211,97.80000305175781,92.27124786376953,13500
2007-08-02,99.94999694824219,102.6500015258789,98.5,99.80000305175781,94.1581802368164,6000
2007-08-03,100.69999694824219,102.0,96.30000305175781,99.0,93.40338897705078,32000
2007-08-06,103.94999694824219,103.94999694824219,103.94999694824219,103.94999694824219,98.07356262207031,3600
2007-08-07,109.0999984741211,109.0999984741211,109.0999984741211,109.0999984741211,102.93243408203125,6400
2007-08-08,114.55000305175781,114.55000305175781,114.55000305175781,114.55000305175781,108.0743408203125,10000
2007-08-09,120.25,120.25,120.25,120.25,113.45211791992188,28500
2007-08-10,114.5,126.25,114.25,126.05000305175781,118.92423248291016,89400
2007-08-13,129.89999389648438,132.35000610351562,127.4000015258789,132.35000610351562,124.86808013916016,17500
2007-08-14,138.9499969482422,138.9499969482422,138.9499969482422,138.9499969482422,131.09494018554688,3700
2007-08-16,144.0,145.85000610351562,132.5,145.85000610351562,137.6049041748047,58000
2007-08-17,152.5,153.10000610351562,138.60000610351562,153.10000610351562,144.445068359375,127900
2007-08-20,160.75,160.75,145.4499969482422,156.5,147.65286254882812,60400
2007-08-21,162.25,162.25,148.6999969482422,148.6999969482422,140.29379272460938,20700
2007-08-22,141.3000030517578,141.3000030517578,141.3000030517578,141.3000030517578,133.3121337890625,7800
2007-08-23,134.25,140.89999389648438,134.25,134.25,126.66065979003906,34600
2007-08-24,128.0,133.6999969482422,127.55000305175781,128.5,121.23573303222656,19900
2007-08-27,131.89999389648438,134.89999389648438,130.0,134.89999389648438,127.27394104003906,11800
2007-08-28,141.5,141.60000610351562,130.89999389648438,141.5,133.5008087158203,19300
2007-08-29,140.0,147.39999389648438,136.35000610351562,145.35000610351562,137.1331787109375,20800
2007-08-30,145.35000610351562,147.0,138.1999969482422,141.0,133.02906799316406,36700
2007-08-31,142.0,143.89999389648438,137.0,138.0,130.19863891601562,9200
2007-09-03,143.5,143.89999389648438,134.1999969482422,138.1999969482422,130.3873748779297,13400
2007-09-04,141.6999969482422,141.89999389648438,132.14999389648438,134.5500030517578,126.94371795654297,9200
2007-09-05,135.0,138.0,130.14999389648438,133.39999389648438,125.85871887207031,20200
2007-09-06,132.10000610351562,135.85000610351562,130.10000610351562,133.60000610351562,126.04740905761719,7300
2007-09-07,135.0,138.0,130.0,134.0,126.4248275756836,16200
2007-09-10,132.25,135.9499969482422,128.0,128.8000030517578,121.51876831054688,20800
2007-09-11,128.1999969482422,131.9499969482422,127.3499984741211,127.9000015258789,120.6696548461914,8600
2007-09-12,127.05000305175781,130.25,127.05000305175781,129.14999389648438,121.84898376464844,11500
2007-09-13,129.9499969482422,131.25,128.4499969482422,130.0,122.65093994140625,12600
2007-09-14,130.0,133.89999389648438,126.0,130.0,122.65093994140625,13600
2007-09-17,129.0,133.10000610351562,128.0,133.10000610351562,125.57568359375,6400
2007-09-18,139.75,139.75,139.75,139.75,131.8497314453125,3600
2007-09-19,146.6999969482422,146.6999969482422,146.6999969482422,146.6999969482422,138.4068603515625,5700
2007-09-20,154.0,154.0,150.5,152.64999389648438,144.02049255371094,81000
2007-09-21,156.8000030517578,157.0,148.0,150.0,141.52032470703125,30700
2007-09-24,152.0500030517578,155.0,146.5500030517578,147.39999389648438,139.06727600097656,19100
2007-09-25,145.10000610351562,152.0,143.0,149.89999389648438,141.4259490966797,13000
2007-09-26,151.89999389648438,153.6999969482422,146.0,147.0,138.6898956298828,16500
2007-09-27,146.5,154.64999389648438,144.0500030517578,154.64999389648438,145.90745544433594,24600
2007-09-28,162.35000610351562,162.35000610351562,162.35000610351562,162.35000610351562,153.17214965820312,7700
2007-10-01,170.4499969482422,170.4499969482422,170.4499969482422,170.4499969482422,160.8142547607422,8300
2007-10-03,178.9499969482422,178.9499969482422,165.0,178.9499969482422,168.8336944580078,102800
2007-10-04,187.85000610351562,187.85000610351562,179.89999389648438,187.85000610351562,177.23060607910156,48400
2007-10-05,195.75,197.1999969482422,193.10000610351562,197.1999969482422,186.05203247070312,48300
2007-10-08,207.0500030517578,207.0500030517578,187.35000610351562,187.35000610351562,176.75888061523438,47600
2007-10-09,178.0,195.8000030517578,178.0,190.8000030517578,180.0138397216797,69100
2007-10-10,197.85000610351562,197.85000610351562,181.3000030517578,182.0500030517578,171.7584991455078,32400
2007-10-11,181.0,189.5,174.0,185.8000030517578,175.29649353027344,26900
2007-10-12,188.0,190.0,177.0,181.64999389648438,171.38108825683594,18700
2007-10-15,188.0,190.6999969482422,183.14999389648438,190.6999969482422,179.9194793701172,10400
2007-10-16,200.1999969482422,200.1999969482422,200.1999969482422,200.1999969482422,188.88243103027344,11500
2007-10-17,210.1999969482422,210.1999969482422,190.1999969482422,210.1999969482422,198.31710815429688,73600
2007-10-18,220.6999969482422,220.6999969482422,220.6999969482422,220.6999969482422,208.2235565185547,45200
2007-10-19,229.6999969482422,231.6999969482422,212.0,231.6999969482422,218.6016845703125,121200
2007-10-22,242.25,243.25,225.0,243.25,229.49874877929688,29000
2007-10-23,255.39999389648438,255.39999389648438,255.39999389648438,255.39999389648438,240.96189880371094,2800
2007-10-24,268.1499938964844,268.1499938964844,268.1499938964844,268.1499938964844,252.9911346435547,7300
2007-10-25,281.54998779296875,281.54998779296875,281.54998779296875,281.54998779296875,265.63360595703125,6800
2007-10-26,295.6000061035156,295.6000061035156,295.6000061035156,295.6000061035156,278.88934326171875,3500
2007-10-29,310.3500061035156,310.3500061035156,310.3500061035156,310.3500061035156,292.8055114746094,6600
2007-10-30,325.8500061035156,325.8500061035156,325.8500061035156,325.8500061035156,307.4292907714844,4500
2007-10-31,342.1000061035156,342.1000061035156,342.1000061035156,342.1000061035156,322.7606506347656,10000
2007-11-01,359.20001220703125,359.20001220703125,359.20001220703125,359.20001220703125,338.89398193359375,13700
2007-11-02,377.1499938964844,377.1499938964844,377.1499938964844,377.1499938964844,355.8291931152344,29200
2007-11-05,396.0,396.0,396.0,396.0,373.6135559082031,5000
2007-11-06,415.79998779296875,415.79998779296875,415.79998779296875,415.79998779296875,392.29425048828125,2700
2007-11-07,436.54998779296875,436.54998779296875,395.04998779296875,436.5,411.8240966796875,218500
2007-11-08,414.70001220703125,458.29998779296875,414.70001220703125,458.29998779296875,432.3917236328125,83300
2007-11-12,499.0,505.25,472.0,505.25,476.6875915527344,43800
2007-11-13,530.5,530.5,530.5,530.5,500.5102233886719,7700
2007-11-14,557.0,557.0,557.0,557.0,525.5120239257812,5000
2007-11-15,584.8499755859375,584.8499755859375,584.8499755859375,584.8499755859375,551.7876586914062,8200
2007-11-16,614.0499877929688,614.0499877929688,576.5499877929688,614.0499877929688,579.3369750976562,95400
2007-11-19,644.75,644.75,583.3499755859375,583.3499755859375,550.3724365234375,64600
2007-11-20,554.2000122070312,554.2000122070312,554.2000122070312,554.2000122070312,522.870361328125,10400
2007-11-21,526.5,526.5,526.5,526.5,496.73626708984375,4900
2007-11-22,500.20001220703125,500.20001220703125,500.20001220703125,500.20001220703125,471.923095703125,1400
2007-11-23,475.20001220703125,475.20001220703125,475.20001220703125,475.20001220703125,448.3363342285156,6800
2007-11-26,451.45001220703125,451.45001220703125,451.45001220703125,451.45001220703125,425.9289855957031,18800
2007-11-27,428.8999938964844,428.8999938964844,428.8999938964844,428.8999938964844,404.6536865234375,8100
2007-11-28,409.04998779296875,450.29998779296875,409.04998779296875,450.29998779296875,424.8439636230469,63000
2007-11-29,472.0,472.79998779296875,427.79998779296875,435.3500061035156,410.7391052246094,76300
2007-11-30,435.3500061035156,445.0,413.6000061035156,415.3500061035156,391.8697509765625,35100
2007-12-03,417.0,436.1000061035156,394.6000061035156,436.1000061035156,411.44671630859375,27000
2007-12-04,457.8999938964844,457.8999938964844,447.0,457.75,431.8728332519531,36300
2007-12-05,469.8500061035156,480.6000061035156,436.1499938964844,477.79998779296875,450.789306640625,37100
2007-12-06,501.6499938964844,501.6499938964844,462.3999938964844,470.1000061035156,443.524658203125,23900
2007-12-07,484.0,485.0,446.6000061035156,448.95001220703125,423.5703125,19800
2007-12-10,445.0,460.0,432.0,442.54998779296875,417.5320739746094,9300
2007-12-11,449.0,460.0,435.0,437.1000061035156,412.3901672363281,11600
2007-12-12,420.0,455.0,420.0,435.0,410.408935546875,14200
2007-12-13,440.0,445.0,420.0,432.8999938964844,408.4276123046875,13900
2007-12-14,434.0,442.95001220703125,421.1000061035156,430.0,405.6915283203125,12500
2007-12-17,447.79998779296875,454.3500061035156,412.1000061035156,418.8999938964844,395.2190246582031,21200
2007-12-18,430.0,439.0,401.5,426.79998779296875,402.6723937988281,14300
2007-12-19,420.0,440.0,400.0,414.0,390.59600830078125,12300
2007-12-20,432.0,433.0,402.0,405.0,382.1048278808594,10200
2007-12-24,425.0,428.6000061035156,407.1499938964844,424.95001220703125,400.92706298828125,8900
2007-12-26,446.0,446.1499938964844,441.0,446.1499938964844,420.9285888671875,18900
2007-12-27,468.45001220703125,468.45001220703125,468.45001220703125,468.45001220703125,441.9679260253906,5700
2007-12-28,491.8500061035156,491.8500061035156,491.0,491.8500061035156,464.0450439453125,6400
2007-12-31,516.4000244140625,516.4000244140625,516.4000244140625,516.4000244140625,487.2072448730469,3300
2008-01-01,542.2000122070312,542.2000122070312,542.2000122070312,542.2000122070312,511.54876708984375,2300
2008-01-02,569.2999877929688,569.2999877929688,553.0499877929688,569.2999877929688,537.11669921875,45800
2008-01-03,597.0,597.75,581.5,597.75,563.9584350585938,39500
2008-01-04,627.5999755859375,627.5999755859375,568.0,597.5,563.7224731445312,54500
2008-01-07,575.0,623.7999877929688,575.0,595.9000244140625,562.2130126953125,29400
2008-01-08,619.0,619.0,566.1500244140625,566.1500244140625,534.144775390625,19000
2008-01-09,540.0,540.0,537.8499755859375,537.8499755859375,507.4446716308594,3600
2008-01-10,511.0,527.0,511.0,511.0,482.1125183105469,15600
2008-01-11,485.5,499.0,485.5,485.5,458.0541076660156,3600
2008-01-14,461.25,498.0,461.25,490.0,462.2996520996094,12500
2008-01-15,510.0,510.0,471.1499938964844,471.1499938964844,444.5152282714844,9300
2008-01-16,457.1499938964844,464.95001220703125,451.79998779296875,460.0,433.99554443359375,12800
2008-01-17,460.0,478.79998779296875,447.5,478.79998779296875,451.7327575683594,7600
2008-01-18,495.0,500.0,454.8999938964844,455.6000061035156,429.8443298339844,15500
2008-01-21,432.8500061035156,435.0,432.8500061035156,432.8500061035156,408.38043212890625,4800
2008-01-22,411.25,411.25,411.25,411.25,388.00146484375,1300
2008-01-23,390.70001220703125,390.70001220703125,390.70001220703125,390.70001220703125,368.61322021484375,2900
2008-01-24,371.20001220703125,371.20001220703125,371.20001220703125,371.20001220703125,350.215576171875,3400
2008-01-25,352.6499938964844,352.6499938964844,352.6499938964844,352.6499938964844,332.7142028808594,3600
2008-01-28,335.04998779296875,352.0,335.04998779296875,350.0,330.2140808105469,11200
2008-01-29,350.0,353.25,324.0,353.25,333.2803649902344,21200
2008-01-30,370.0,370.8999938964844,340.0,341.0,321.72283935546875,11700
2008-01-31,349.95001220703125,349.95001220703125,328.5,328.5,309.929443359375,10000
2008-02-01,313.0,330.0,312.1000061035156,315.04998779296875,297.23980712890625,9600
2008-02-04,331.5,331.5,314.0,331.5,312.7598876953125,3300
2008-02-05,348.04998779296875,348.04998779296875,345.0,348.04998779296875,328.374267578125,3000
2008-02-06,348.0,365.45001220703125,330.6499938964844,360.0,339.6487731933594,15600
2008-02-07,360.0,379.79998779296875,346.0,346.0,326.4401550292969,10200
2008-02-08,333.0,340.5,328.75,332.0,313.2315673828125,11300
2008-02-11,320.0,328.0,315.6499938964844,315.6499938964844,297.805908203125,3000
2008-02-12,299.8999938964844,299.8999938964844,299.8999938964844,299.8999938964844,282.9462585449219,1500
2008-02-13,284.95001220703125,302.0,284.95001220703125,284.95001220703125,268.8414306640625,14400
2008-02-14,297.5,298.5,270.75,291.0,274.5494079589844,12300
2008-02-15,295.3500061035156,298.0,279.0,298.0,281.1536865234375,6100
2008-02-18,299.8999938964844,308.79998779296875,292.0,295.6000061035156,278.88934326171875,8400
2008-02-19,312.3999938964844,312.6499938964844,300.0,308.0,290.58837890625,7300
2008-02-20,301.20001220703125,304.0,293.0,300.0,283.0406494140625,5500
2008-02-21,302.04998779296875,303.0,294.0,303.0,285.87103271484375,4700
2008-02-22,299.0,312.70001220703125,292.0,294.54998779296875,277.8987121582031,7700
2008-02-25,293.0,293.0,281.3500061035156,285.8999938964844,269.73773193359375,4300
2008-02-26,292.0,302.0,290.04998779296875,302.0,284.92755126953125,5600
2008-02-27,307.0,315.0,300.5,307.5,290.11663818359375,6200
2008-02-28,310.0,312.95001220703125,304.04998779296875,306.0,288.7013854980469,6300
2008-02-29,312.5,312.70001220703125,295.04998779296875,300.6000061035156,283.6067199707031,5300
2008-03-03,294.54998779296875,315.0,289.04998779296875,290.3500061035156,273.9361572265625,11882
2008-03-04,288.54998779296875,294.0,275.8500061035156,275.8500061035156,260.2558288574219,8488
2008-03-05,265.0,272.0,262.1000061035156,265.25,250.25511169433594,12363
2008-03-07,252.0500030517578,256.5,249.14999389648438,249.14999389648438,235.06521606445312,3297
2008-03-10,224.25,268.79998779296875,224.25,251.60000610351562,237.37673950195312,25307
2008-03-11,280.0,281.8500061035156,260.1000061035156,281.8500061035156,265.9167175292969,19503
2008-03-12,310.0,310.0,264.0,274.1499938964844,258.65191650390625,26227
2008-03-13,273.0,273.0,246.75,249.4499969482422,235.34828186035156,18329
2008-03-14,232.0500030517578,258.8999938964844,232.0,250.0,235.86715698242188,22725
2008-03-17,232.10000610351562,240.0,223.89999389648438,226.1999969482422,213.41262817382812,18455
2008-03-18,227.5,228.9499969482422,204.0,206.9499969482422,195.25083923339844,19681
2008-03-19,214.89999389648438,217.25,196.64999389648438,198.4499969482422,187.2313690185547,20937
2008-03-24,199.0,199.0,188.5500030517578,188.5500030517578,177.8910369873047,6063
2008-03-25,180.0500030517578,197.9499969482422,179.14999389648438,197.5,186.3350830078125,36512
2008-03-26,191.25,207.39999389648438,190.0,207.25,195.53387451171875,23256
2008-03-27,201.0,217.0,200.0,214.14999389648438,202.0438232421875,23452
2008-03-28,221.0,224.85000610351562,212.0,224.85000610351562,212.1389617919922,16176
2008-03-31,225.0,236.0500030517578,225.0,236.0500030517578,222.70579528808594,12427
2008-04-01,247.85000610351562,247.85000610351562,231.0500030517578,247.85000610351562,233.83871459960938,15741
2008-04-02,260.20001220703125,260.20001220703125,259.8500061035156,260.20001220703125,245.49057006835938,2888
2008-04-03,273.20001220703125,273.20001220703125,247.1999969482422,247.25,233.2726287841797,26602
2008-04-04,239.10000610351562,253.75,237.0,242.0,228.3194122314453,9459
2008-04-07,239.4499969482422,244.0,228.0,234.89999389648438,221.6208038330078,9937
2008-04-08,239.0,246.0,231.6999969482422,242.0,228.3194122314453,7515
2008-04-09,249.0,255.0,240.10000610351562,253.8000030517578,239.45237731933594,9361
2008-04-10,253.89999389648438,266.45001220703125,252.0,266.45001220703125,251.38722229003906,8226
2008-04-11,279.75,279.75,268.1000061035156,279.75,263.93536376953125,20823
2008-04-15,285.0,293.70001220703125,281.0,293.70001220703125,277.0967712402344,13790
2008-04-16,304.0,308.3500061035156,304.0,308.3500061035156,290.9185791015625,9290
2008-04-17,323.75,323.75,323.75,323.75,305.44793701171875,2980
2008-04-21,339.8999938964844,339.8999938964844,339.8999938964844,339.8999938964844,320.68499755859375,2375
2008-04-22,356.8500061035156,356.8500061035156,338.0,356.8500061035156,336.67681884765625,33871
2008-04-23,374.6499938964844,374.6499938964844,339.04998779296875,345.8500061035156,326.29864501953125,83795
2008-04-24,354.0,354.75,331.0,337.45001220703125,318.37347412109375,21756
2008-04-25,342.8500061035156,342.8500061035156,320.6000061035156,321.5,303.3251647949219,17784
2008-04-28,329.8500061035156,337.54998779296875,318.5,331.1000061035156,312.38250732421875,42531
2008-04-29,333.8500061035156,342.70001220703125,322.5,336.8999938964844,317.8545837402344,15740
2008-04-30,340.0,347.79998779296875,334.1000061035156,335.75,316.7696533203125,16551
2008-05-02,346.8999938964844,346.8999938964844,325.0,331.3500061035156,312.6183776855469,14622
2008-05-05,320.25,342.0,320.25,329.45001220703125,310.8257751464844,12117
2008-05-06,332.8999938964844,336.0,320.0,322.25,304.03277587890625,10247
2008-05-07,319.0,325.0,313.1499938964844,319.95001220703125,301.86285400390625,10984
2008-05-08,320.95001220703125,320.95001220703125,305.0,305.95001220703125,288.6542663574219,9922
2008-05-09,309.0,314.0,290.70001220703125,291.54998779296875,275.0682373046875,14739
2008-05-12,290.0,295.0,277.0,283.3999938964844,267.3789978027344,11155
2008-05-13,288.0,297.54998779296875,288.0,292.5,275.9646301269531,15086
2008-05-14,295.0,301.0,285.0,297.54998779296875,280.72906494140625,10800
2008-05-15,304.0,312.3999938964844,304.0,311.75,294.1263427734375,15175
2008-05-16,313.0,322.3999938964844,305.0,307.20001220703125,289.8335876464844,15107
2008-05-20,300.0,322.0,300.0,312.5,294.8339538574219,12783
2008-05-21,312.0,322.5,309.1000061035156,320.0,301.90997314453125,8944
2008-05-22,320.0,336.0,312.0,336.0,317.0054626464844,17555
2008-05-23,350.8999938964844,352.79998779296875,331.1000061035156,345.6000061035156,326.0627746582031,42527
2008-05-26,350.04998779296875,351.3999938964844,328.3500061035156,328.3500061035156,309.7879638671875,21774
2008-05-27,334.8999938964844,334.95001220703125,311.95001220703125,312.1499938964844,294.5037536621094,13265
2008-05-28,312.1499938964844,314.79998779296875,299.04998779296875,311.0,293.41876220703125,12599
2008-05-29,314.79998779296875,319.5,301.04998779296875,303.45001220703125,286.2955627441406,13446
2008-05-30,310.1000061035156,310.1000061035156,290.6000061035156,297.70001220703125,280.87066650390625,8383
2008-06-02,297.04998779296875,304.5,282.8500061035156,282.95001220703125,266.9545593261719,9387
2008-06-03,272.1000061035156,277.0,268.8500061035156,270.70001220703125,255.3970184326172,37386
2008-06-04,267.95001220703125,279.0,257.25,259.95001220703125,245.25469970703125,19501
2008-06-05,257.0,265.0,250.25,256.3999938964844,241.90536499023438,15648
2008-06-06,263.79998779296875,267.79998779296875,258.5,262.8999938964844,248.03793334960938,7939
2008-06-09,250.10000610351562,255.0,247.39999389648438,248.0,233.98023986816406,17424
2008-06-10,246.14999389648438,255.0,236.25,237.10000610351562,223.69644165039062,7863
2008-06-11,238.0,250.0,238.0,242.75,229.0270538330078,6540
2008-06-12,233.10000610351562,245.0,233.10000610351562,244.5,230.67808532714844,6734
2008-06-13,250.0,256.70001220703125,242.0500030517578,256.70001220703125,242.18841552734375,14470
2008-06-16,269.5,269.5,261.1499938964844,269.5,254.2648162841797,5610
2008-06-17,282.95001220703125,282.95001220703125,282.95001220703125,282.95001220703125,266.9545593261719,3775
2008-06-18,297.04998779296875,297.04998779296875,297.04998779296875,297.04998779296875,280.25738525390625,12913
2008-06-19,295.0,311.8999938964844,282.6000061035156,283.95001220703125,267.89794921875,33019
2008-06-20,287.8999938964844,287.8999938964844,269.79998779296875,269.79998779296875,254.54788208007812,9491
2008-06-23,260.0,262.8999938964844,256.3500061035156,256.3500061035156,241.85821533203125,3313
2008-06-24,250.0,265.0,243.5500030517578,243.5500030517578,229.78179931640625,12753
2008-06-25,231.39999389648438,253.0,231.39999389648438,249.14999389648438,235.06521606445312,10162
2008-06-26,255.0,260.04998779296875,242.5,245.0,231.1498260498047,8790
2008-06-27,238.60000610351562,243.0,233.0,234.60000610351562,221.3377685546875,10443
2008-06-30,238.0,245.0,222.89999389648438,222.89999389648438,210.29917907714844,16898
2008-07-01,217.0,217.0,211.8000030517578,211.8000030517578,199.82667541503906,6228
2008-07-02,202.10000610351562,220.0,201.25,215.14999389648438,202.98728942871094,20432
2008-07-03,207.0,210.9499969482422,204.39999389648438,204.5,192.93934631347656,7672
2008-07-04,205.0,214.6999969482422,196.0500030517578,214.6999969482422,202.56272888183594,12403
2008-07-07,225.0,236.14999389648438,221.10000610351562,235.60000610351562,222.28123474121094,20511
2008-07-08,224.10000610351562,250.0,214.5500030517578,242.1999969482422,228.5081329345703,20801
2008-07-09,254.0,259.6499938964844,246.0,254.10000610351562,239.73541259765625,15985
2008-07-10,250.0,257.8999938964844,240.0,249.85000610351562,235.7256622314453,15123
2008-07-11,253.0,257.8500061035156,236.0,240.3000030517578,226.7155303955078,17861
2008-07-14,230.5,246.0,230.5,239.85000610351562,226.2909698486328,5242
2008-07-15,238.89999389648438,238.9499969482422,216.0,219.14999389648438,206.76116943359375,12209
2008-07-16,223.8000030517578,230.0,219.5,223.0,210.39352416992188,9520
2008-09-09,250.0,367.20001220703125,235.0,290.45001220703125,274.0305480957031,599146
2008-09-10,295.5,314.0,277.0,286.75,270.53961181640625,319919
2008-09-11,284.3999938964844,292.0,265.1000061035156,272.75,257.33111572265625,53070
2008-09-12,276.3999938964844,279.95001220703125,246.0,249.85000610351562,235.7256622314453,71116
2008-09-15,236.14999389648438,237.9499969482422,210.10000610351562,221.75,209.21417236328125,38732
2008-09-16,210.0,218.0,203.0,214.60000610351562,202.4683837890625,81788
2008-09-17,217.0,224.0,202.0500030517578,206.85000610351562,195.15650939941406,28278
2008-09-18,186.0,205.0,186.0,196.9499969482422,185.81617736816406,24278
2008-09-19,201.0,215.0,201.0,211.0,199.07191467285156,19418
2008-09-22,216.9499969482422,217.8000030517578,208.0500030517578,210.1999969482422,198.31710815429688,9993
2008-09-23,205.0,208.0,195.0,195.85000610351562,184.77835083007812,13685
2008-09-24,204.0,204.0,192.14999389648438,194.5,183.50465393066406,9287
2008-09-25,199.64999389648438,199.64999389648438,186.0,190.10000610351562,179.35340881347656,8730
2008-09-26,180.3000030517578,194.0,178.0,182.0,171.71128845214844,7923
2008-09-29,175.0,177.85000610351562,153.14999389648438,161.5,152.3701934814453,30578
2008-09-30,143.10000610351562,161.0,140.0,156.4499969482422,147.6056671142578,11056
2008-10-01,154.85000610351562,173.85000610351562,154.85000610351562,160.64999389648438,151.5682373046875,10036
2008-10-03,160.0,168.0,146.25,152.4499969482422,143.83180236816406,8985
2008-10-06,152.25,152.25,127.0,129.75,122.41506958007812,12888
2008-10-07,132.0,136.89999389648438,122.0,129.1999969482422,121.89614868164062,14854
2008-10-08,122.0,128.0,110.0,124.05000305175781,117.03730773925781,18109
2008-10-10,110.0,121.0,110.0,115.75,109.20650482177734,10646
2008-10-13,118.0,126.0,116.0,118.0,111.32929992675781,9103
2008-10-14,130.0,138.5,124.0,127.5,120.2922592163086,13275
2008-10-15,129.89999389648438,130.0,113.0,115.75,109.20650482177734,9314
2008-10-16,100.0999984741211,114.80000305175781,100.0999984741211,108.8499984741211,102.69657135009766,12378
2008-10-17,113.0,115.0,105.30000305175781,107.30000305175781,101.23419189453125,5506
2008-10-20,109.0,109.0,101.0999984741211,102.0,96.23380279541016,11348
2008-10-21,101.5999984741211,119.94999694824219,101.5999984741211,108.0,101.89462280273438,10367
2008-10-22,103.5,110.0,100.0,102.0,96.23380279541016,3522
2008-10-23,97.55000305175781,100.0,95.0,97.5999984741211,92.0825424194336,6803
2008-10-24,95.6500015258789,99.0,82.1500015258789,86.5999984741211,81.70439147949219,13316
2008-10-27,85.3499984741211,89.4000015258789,71.30000305175781,83.9000015258789,79.15702056884766,11722
2008-10-29,93.5,93.5,82.19999694824219,86.19999694824219,81.3270034790039,5367
2008-10-31,89.9000015258789,97.69999694824219,88.0,93.19999694824219,87.93128204345703,6627
2008-11-03,95.0,108.0,95.0,100.75,95.0544662475586,16234
2008-11-04,107.0,115.0,100.0,108.9000015258789,102.74373626708984,12192
2008-11-05,113.94999694824219,113.94999694824219,97.0,98.5999984741211,93.02601623535156,9069
2008-11-06,93.69999694824219,101.5,93.3499984741211,98.94999694824219,93.3562240600586,3854
2008-11-07,100.55000305175781,102.0,96.0,100.30000305175781,94.6299057006836,4534
2008-11-10,105.0,110.0,101.05000305175781,104.5,98.59247589111328,57783
2008-11-11,102.4000015258789,103.9000015258789,97.80000305175781,97.80000305175781,92.27124786376953,6826
2008-11-12,95.1500015258789,100.0,95.1500015258789,96.55000305175781,91.09191131591797,3622
2008-11-14,99.69999694824219,99.69999694824219,90.1500015258789,90.80000305175781,85.66696166992188,6858
2008-11-17,91.0,93.69999694824219,87.5,93.6500015258789,88.35584259033203,44321
2008-11-18,87.0,91.9000015258789,87.0,90.4000015258789,85.28956604003906,3435
2008-11-19,88.55000305175781,93.5999984741211,83.0,87.69999694824219,82.74220275878906,4227
2008-11-20,83.69999694824219,85.94999694824219,77.0,80.4000015258789,75.8548812866211,6549
2008-11-21,76.3499984741211,86.8499984741211,76.3499984741211,83.0,78.30789184570312,4374
2008-11-24,98.0,98.0,82.5,87.0,82.081787109375,6369
2008-11-25,90.0,97.4000015258789,88.0,88.19999694824219,83.21393585205078,13103
2008-11-26,86.0,88.0,85.0,86.5,81.61003875732422,10154
2008-11-28,87.5,88.0,83.0,85.4000015258789,80.57222747802734,4155
2008-12-01,87.9000015258789,87.9000015258789,75.0,75.8499984741211,71.56210327148438,8262
2008-12-02,74.94999694824219,79.69999694824219,70.19999694824219,78.55000305175781,74.10945892333984,10510
2008-12-03,78.19999694824219,82.5,78.19999694824219,80.5,75.94922637939453,7045
2008-12-04,82.8499984741211,84.80000305175781,79.0,80.80000305175781,76.2322769165039,7548
2008-12-05,81.0,83.44999694824219,80.1500015258789,80.9000015258789,76.32662200927734,4133
2008-12-08,84.94999694824219,85.0,81.5,81.8499984741211,77.2229232788086,5524
2008-12-10,82.9000015258789,85.19999694824219,81.75,85.0,80.1948471069336,9547
2008-12-11,84.94999694824219,86.0,83.0,85.5,80.66656494140625,8431
2008-12-12,82.5,102.0,82.5,102.0,96.23380279541016,33607
2008-12-15,100.25,119.4000015258789,100.25,117.4000015258789,110.76322937011719,50299
2008-12-16,119.0,120.94999694824219,113.0,115.0,108.49888610839844,16713
2008-12-17,117.80000305175781,118.80000305175781,102.80000305175781,102.80000305175781,96.98858642578125,15061
2008-12-18,103.94999694824219,109.80000305175781,101.0,107.9000015258789,101.80028533935547,9227
2008-12-19,105.0,112.0,105.0,107.0,100.95115661621094,7503
2008-12-22,108.25,111.44999694824219,104.5999984741211,106.0999984741211,100.10203552246094,4619
2008-12-23,104.5,104.94999694824219,100.0,101.30000305175781,95.57337951660156,5131
2008-12-24,102.0,106.0,98.19999694824219,100.30000305175781,94.6299057006836,7838
2008-12-26,101.9000015258789,105.0,95.25,95.25,89.86539459228516,5544
2008-12-29,96.05000305175781,98.55000305175781,93.0,98.0,92.45992279052734,4640
2008-12-30,98.5,99.0999984741211,96.0,98.05000305175781,92.50711059570312,1467
2008-12-31,98.55000305175781,102.0999984741211,96.0,98.9000015258789,93.30904388427734,9249
2009-01-02,114.69999694824219,119.5999984741211,111.0,117.4000015258789,110.76322937011719,27109
2009-01-05,119.6500015258789,125.0,113.19999694824219,115.5,108.97062683105469,14994
2009-01-06,114.30000305175781,117.5,111.05000305175781,115.6500015258789,109.11215209960938,10620
2009-01-07,117.0,125.0,104.55000305175781,105.3499984741211,99.39442443847656,41742
2009-01-09,100.0,106.8499984741211,96.0,102.5999984741211,96.79988098144531,13365
2009-01-12,100.55000305175781,105.94999694824219,94.0,95.44999694824219,90.0540771484375,12442
2009-01-13,98.3499984741211,98.3499984741211,91.1500015258789,91.30000305175781,86.13870239257812,9430
2009-01-14,96.9000015258789,99.19999694824219,94.55000305175781,98.9000015258789,93.30904388427734,13197
2009-01-15,95.0,99.9000015258789,94.0,96.19999694824219,90.76168823242188,8660
2009-01-16,98.0999984741211,100.0,95.8499984741211,97.5,91.98821258544922,2869
2009-01-19,102.0,102.0,96.5,98.05000305175781,92.50711059570312,4593
2009-01-20,95.0999984741211,96.9000015258789,94.9000015258789,95.44999694824219,90.0540771484375,3552
2009-01-21,94.0999984741211,96.5,88.25,89.80000305175781,84.72349548339844,6747
2009-01-22,89.3499984741211,90.69999694824219,84.0,85.5,80.66656494140625,6294
2009-01-23,88.5,88.5,84.5,85.4000015258789,80.57222747802734,3000
2009-01-27,88.0,92.0999984741211,85.0999984741211,91.5,86.32738494873047,5940
2009-01-28,93.19999694824219,93.25,89.3499984741211,92.30000305175781,87.08216857910156,2201
2009-01-29,90.5,91.5,86.1500015258789,88.80000305175781,83.780029296875,13435
2009-01-30,85.6500015258789,90.0,85.5999984741211,88.9000015258789,83.87435913085938,4911
2009-02-02,89.0,92.44999694824219,89.0,89.55000305175781,84.48762512207031,3279
2009-02-03,88.0,88.94999694824219,82.0,88.30000305175781,83.30828857421875,7268
2009-02-04,90.0,90.94999694824219,87.5,88.44999694824219,83.44979858398438,5405
2009-02-05,89.5,89.5,86.55000305175781,87.55000305175781,82.60067749023438,2993
2009-02-06,89.0,91.0,88.19999694824219,88.55000305175781,83.54415130615234,2935
2009-02-09,89.94999694824219,97.4000015258789,89.94999694824219,97.05000305175781,91.56364440917969,24238
2009-02-10,95.0,96.94999694824219,88.55000305175781,89.9000015258789,84.81784057617188,27102
2009-02-11,88.69999694824219,91.19999694824219,88.0,90.6500015258789,85.52544403076172,7238
2009-02-12,92.19999694824219,93.3499984741211,90.4000015258789,91.5,86.32738494873047,10632
2009-02-13,92.9000015258789,94.9000015258789,90.30000305175781,93.55000305175781,88.26148986816406,4831
2009-02-16,96.0,96.0,88.0,89.5999984741211,84.53479766845703,8765
2009-02-17,89.80000305175781,93.0,82.0,85.30000305175781,80.47787475585938,8304
2009-02-18,84.30000305175781,90.0,84.30000305175781,87.94999694824219,82.97808074951172,13961
2009-02-19,91.8499984741211,91.8499984741211,88.5999984741211,89.8499984741211,84.77066040039062,3511
2009-02-20,89.0,90.0,83.0999984741211,84.5999984741211,79.81745147705078,4258
2009-02-24,84.5999984741211,85.75,82.05000305175781,83.75,79.01551055908203,8106
2009-02-25,85.0,86.9000015258789,84.5,85.0999984741211,80.28916931152344,3123
2009-02-26,87.3499984741211,87.3499984741211,83.0,83.6500015258789,78.92115783691406,6722
2009-02-27,85.9000015258789,91.0,85.9000015258789,88.69999694824219,83.68568420410156,9685
2009-03-02,88.0,88.0,84.0,84.94999694824219,80.14765930175781,8055
2009-03-03,85.0,87.75,83.0999984741211,85.6500015258789,80.80810546875,5212
2009-03-04,87.80000305175781,91.4000015258789,86.0999984741211,90.05000305175781,84.95935821533203,18738
2009-03-05,91.0,93.8499984741211,85.30000305175781,87.0,82.081787109375,13069
2009-03-06,85.0999984741211,87.75,83.94999694824219,86.1500015258789,81.27983093261719,10329
2009-03-09,86.1500015258789,87.69999694824219,86.1500015258789,86.3499984741211,81.46851348876953,12977
2009-03-12,88.6500015258789,88.6500015258789,83.4000015258789,83.94999694824219,79.20419311523438,22636
2009-03-13,86.0,88.9000015258789,85.0,87.8499984741211,82.88372802734375,11350
2009-03-16,89.80000305175781,91.80000305175781,86.5,89.4000015258789,84.34609985351562,16228
2009-03-17,91.9000015258789,93.0,88.4000015258789,90.0999984741211,85.00653076171875,12963
2009-03-18,91.80000305175781,95.80000305175781,91.80000305175781,95.0,89.6295394897461,22591
2009-03-19,97.80000305175781,98.0,87.0,95.69999694824219,90.28995513916016,21952
2009-03-20,97.80000305175781,106.30000305175781,96.0999984741211,99.5,93.8751449584961,87051
2009-03-23,101.0,115.94999694824219,101.0,111.05000305175781,104.77220916748047,190907
2009-03-24,114.30000305175781,117.4000015258789,102.0999984741211,103.30000305175781,97.4603271484375,97123
2009-03-25,105.0,107.69999694824219,101.5,106.3499984741211,100.33788299560547,34440
2009-03-26,106.30000305175781,114.94999694824219,105.0,113.6500015258789,107.2252197265625,57600
2009-03-27,115.0,125.9000015258789,115.0,119.5,112.74452209472656,73692
2009-03-30,119.0,123.5,105.0,107.19999694824219,101.13983917236328,49632
2009-03-31,109.9000015258789,115.4000015258789,102.4000015258789,110.80000305175781,104.53633117675781,61548
2009-04-01,114.0,119.80000305175781,111.0,118.0999984741211,111.42364501953125,44767
2009-04-02,121.5,122.94999694824219,116.25,118.4000015258789,111.70669555664062,35140
2009-04-06,122.0,130.0,121.1500015258789,127.4000015258789,120.19791412353516,50040
2009-04-08,124.0,152.85000610351562,122.1500015258789,152.85000610351562,144.20919799804688,69505
2009-04-09,164.39999389648438,168.10000610351562,150.0,167.64999389648438,158.17251586914062,163098
2009-04-13,172.39999389648438,184.39999389648438,170.5,184.39999389648438,173.9756317138672,154559
2009-04-15,198.0,202.8000030517578,188.0500030517578,202.8000030517578,191.33544921875,91088
2009-04-16,222.0,223.0500030517578,188.10000610351562,194.1999969482422,183.2216339111328,322223
2009-04-17,197.5,213.60000610351562,192.25,196.35000610351562,185.25009155273438,197031
2009-04-20,199.9499969482422,206.14999389648438,196.75,204.1999969482422,192.6562957763672,93928
2009-04-21,196.10000610351562,200.0,194.0,194.0,183.032958984375,43607
2009-04-22,184.35000610351562,190.0,184.35000610351562,184.35000610351562,173.928466796875,17335
2009-04-23,175.14999389648438,193.5500030517578,175.14999389648438,192.8000030517578,181.9007568359375,109042
2009-04-24,195.5,196.8000030517578,183.1999969482422,183.1999969482422,172.84347534179688,34347
2009-04-27,174.0500030517578,184.0,174.0500030517578,174.0500030517578,164.21072387695312,106658
2009-04-28,170.0,172.1999969482422,165.35000610351562,165.35000610351562,156.00254821777344,24350
2009-04-29,161.0,167.0,158.35000610351562,161.0,151.89845275878906,23671
2009-04-30,161.0,161.0,161.0,161.0,151.89845275878906,0
2009-05-04,169.0500030517578,169.0500030517578,167.8000030517578,169.0500030517578,159.49339294433594,7185
2009-05-05,177.5,177.5,177.5,177.5,167.46571350097656,52767
2009-05-06,186.35000610351562,186.35000610351562,170.10000610351562,175.5500030517578,165.6259307861328,127794
2009-05-07,184.3000030517578,184.3000030517578,179.8000030517578,184.3000030517578,173.8812713623047,67497
2009-05-08,193.60000610351562,202.5,180.60000610351562,196.5500030517578,185.43878173828125,95208
2009-05-11,209.0,209.0,179.0,181.60000610351562,171.33392333984375,52718
2009-05-12,180.0,189.0,175.0,185.9499969482422,175.43801879882812,34221
2009-05-13,188.0,192.0,178.10000610351562,180.35000610351562,170.15460205078125,23234
2009-05-14,174.0500030517578,178.4499969482422,169.0500030517578,173.0500030517578,163.2672576904297,33194
2009-05-15,172.0,179.60000610351562,171.14999389648438,172.0500030517578,162.3238067626953,26929
2009-05-18,189.25,189.25,189.25,189.25,178.5514373779297,2051
2009-05-19,208.14999389648438,208.14999389648438,190.0,198.75,187.514404296875,182178
2009-05-20,200.0,214.89999389648438,197.39999389648438,206.6999969482422,195.01499938964844,100679
2009-05-21,210.0,224.89999389648438,210.0,212.25,200.251220703125,96697
2009-05-22,212.0,223.0,212.0,220.5,208.0348358154297,69129
2009-05-25,225.0,228.9499969482422,209.60000610351562,215.89999389648438,203.69488525390625,112019
2009-05-26,218.0,224.0,205.25,206.75,195.0621337890625,48127
2009-05-27,212.10000610351562,217.0500030517578,212.10000610351562,217.0500030517578,204.7798614501953,68316
2009-05-28,219.89999389648438,227.89999389648438,217.8000030517578,224.60000610351562,211.90309143066406,125078
2009-05-29,229.0,235.8000030517578,227.10000610351562,235.8000030517578,222.46994018554688,55277
2009-06-01,247.5,247.5500030517578,243.6999969482422,247.5500030517578,233.55567932128906,9771
2009-06-02,259.8999938964844,259.8999938964844,235.6999969482422,259.8999938964844,245.20751953125,145259
2009-06-03,272.0,272.8500061035156,260.0,270.70001220703125,255.3970184326172,91506
2009-06-04,283.0,284.20001220703125,268.0,284.20001220703125,268.1338195800781,30043
2009-06-05,298.3999938964844,298.3999938964844,298.3999938964844,298.3999938964844,281.5310974121094,9726
2009-06-08,313.29998779296875,313.29998779296875,287.0,297.54998779296875,280.72906494140625,187743
2009-06-09,298.0,312.3999938964844,283.0,312.3999938964844,294.7396240234375,109177
2009-06-10,328.0,328.0,298.0,303.79998779296875,286.6257629394531,129385
2009-06-11,305.0,307.75,290.0,294.29998779296875,277.662841796875,52914
2009-06-12,299.6499938964844,306.0,280.0,283.04998779296875,267.0487976074219,48605
2009-06-15,284.79998779296875,284.79998779296875,268.8999938964844,268.8999938964844,253.69876098632812,36226
2009-06-16,255.5,275.0,255.5,266.29998779296875,251.2457275390625,106965
2009-06-17,262.79998779296875,268.0,253.0,253.0,238.6975555419922,61021
2009-06-18,250.0,250.0,240.39999389648438,240.39999389648438,226.80987548828125,46302
2009-06-19,240.0,249.0,231.0,239.4499969482422,225.91358947753906,37594
2009-06-22,246.60000610351562,249.0,235.0,236.6999969482422,223.3190155029297,19809
2009-06-23,224.89999389648438,248.5,224.89999389648438,246.5500030517578,232.61219787597656,61638
2009-06-24,247.0,254.5500030517578,238.0500030517578,243.6999969482422,229.92330932617188,51247
2009-06-25,248.0,250.0,238.0,239.6999969482422,226.1494598388672,22522
2009-06-26,243.5,249.0,239.14999389648438,246.89999389648438,232.94239807128906,25427
2009-06-29,246.5,251.89999389648438,242.0,244.0500030517578,230.2535400390625,27096
2009-06-30,250.0,251.8000030517578,235.3000030517578,238.10000610351562,224.63990783691406,31957
2009-07-01,240.0,244.8000030517578,232.0500030517578,234.25,221.007568359375,24957
2009-07-02,238.1999969482422,278.0,237.39999389648438,245.9499969482422,232.04615783691406,156795
2009-07-03,258.20001220703125,258.20001220703125,255.75,258.20001220703125,243.60362243652344,10461
2009-07-06,271.1000061035156,271.1000061035156,245.3000030517578,245.3000030517578,231.43287658691406,71163
2009-07-07,240.0,247.39999389648438,226.10000610351562,238.1999969482422,224.7342529296875,32560
2009-07-08,235.0,258.0,223.0,237.1999969482422,223.79080200195312,65289
2009-07-09,242.0,246.3000030517578,235.0,242.60000610351562,228.885498046875,36907
2009-07-10,246.0,249.0,228.0,232.8000030517578,219.6395263671875,39262
2009-07-13,230.0,230.0,210.0,212.0500030517578,200.06253051757812,41380
2009-07-14,217.0,226.89999389648438,217.0,221.0,208.506591796875,40352
2009-07-15,227.0,242.85000610351562,225.5500030517578,242.85000610351562,229.12136840820312,137176
2009-07-16,252.0,265.0,245.0,247.4499969482422,233.46131896972656,214512
2009-07-17,260.1000061035156,272.1499938964844,252.0,266.8999938964844,251.81178283691406,238224
2009-07-20,280.3999938964844,292.0,270.0,275.5,259.9256896972656,177290
2009-07-21,278.8999938964844,278.8999938964844,261.75,262.1499938964844,247.330322265625,85407
2009-07-22,269.0,273.0,256.0,258.70001220703125,244.07534790039062,64711
2009-07-23,265.0,267.0,260.04998779296875,261.95001220703125,247.14163208007812,37006
2009-07-24,264.0,267.0,256.3500061035156,258.95001220703125,244.31121826171875,36350
2009-07-27,258.0,266.0,255.10000610351562,259.5,244.83013916015625,27340
2009-07-28,261.79998779296875,265.0,255.10000610351562,258.29998779296875,243.69796752929688,33125
2009-07-29,258.5,261.75,246.0,248.14999389648438,234.12173461914062,40495
2009-07-30,247.5,253.0,242.1999969482422,248.3000030517578,234.26329040527344,20039
2009-07-31,260.70001220703125,260.70001220703125,250.0,251.1999969482422,236.99932861328125,28955
2009-08-03,248.0,255.9499969482422,245.0,251.14999389648438,236.95217895507812,42768
2009-08-04,253.0,259.8999938964844,251.25,253.1999969482422,238.8862762451172,37186
2009-08-05,257.0,259.8999938964844,251.0,253.10000610351562,238.79196166992188,33215
2009-08-06,250.0,256.79998779296875,241.9499969482422,244.25,230.4422149658203,40750
2009-08-07,243.6999969482422,243.6999969482422,235.0,235.8000030517578,222.46994018554688,29390
2009-08-10,242.0,242.0,225.0500030517578,228.89999389648438,215.95997619628906,23356
2009-08-11,230.0,231.0,223.5,226.5500030517578,213.74282836914062,17099
2009-08-12,220.0,227.0,217.60000610351562,223.6999969482422,211.05393981933594,19548
2009-08-13,230.0,234.85000610351562,226.5,234.85000610351562,221.57362365722656,11091
2009-08-14,246.5500030517578,246.5500030517578,240.0,246.39999389648438,232.470703125,77093
2009-08-17,248.0,248.0,234.10000610351562,234.10000610351562,220.86602783203125,35927
2009-08-18,235.0,240.89999389648438,231.0,237.1999969482422,223.79080200195312,18256
2009-08-19,236.0,239.89999389648438,226.10000610351562,229.85000610351562,216.85629272460938,27720
2009-08-20,234.8000030517578,238.0,224.0,226.60000610351562,213.79002380371094,19796
2009-08-21,225.6999969482422,228.14999389648438,222.0,224.89999389648438,212.1861114501953,24899
2009-08-24,230.0,236.10000610351562,228.0,236.10000610351562,222.75296020507812,25063
2009-08-25,239.75,246.89999389648438,230.3000030517578,237.10000610351562,223.69644165039062,44483
2009-08-26,241.0,244.0,235.14999389648438,237.85000610351562,224.40402221679688,50836
2009-08-27,237.85000610351562,240.8000030517578,231.0,234.35000610351562,221.10189819335938,21169
2009-08-28,237.0,240.0,232.0,233.0,219.82821655273438,33948
2009-08-31,235.0,238.0,231.0,231.75,218.64886474609375,14810
2009-09-01,232.25,236.0,227.8000030517578,228.5500030517578,215.6297607421875,27931
2009-09-02,228.14999389648438,230.8000030517578,222.89999389648438,224.85000610351562,212.1389617919922,13937
2009-09-03,225.0500030517578,228.5,225.0500030517578,226.25,213.45977783203125,14095
2009-09-04,228.89999389648438,229.0,225.0,225.89999389648438,213.1295623779297,15173
2009-09-07,230.0,238.0,227.0500030517578,233.35000610351562,220.15843200683594,20502
2009-09-08,236.6999969482422,241.0,233.0,233.25,220.06407165527344,28063
2009-09-09,235.25,237.89999389648438,230.0,230.25,217.23367309570312,28505
2009-09-10,232.25,237.0,225.0500030517578,227.9499969482422,215.0636749267578,16998
2009-09-11,230.0,245.0,222.5500030517578,235.1999969482422,221.90380859375,94595
2009-09-14,236.0,244.5,232.5500030517578,237.0,223.60208129882812,65099
2009-09-15,242.0,242.0,234.0,234.6999969482422,221.43211364746094,22739
2009-09-16,235.0,239.89999389648438,232.5,233.4499969482422,220.2527618408203,38517
2009-09-17,237.10000610351562,237.39999389648438,228.14999389648438,230.60000610351562,217.5638885498047,34656
2009-09-18,230.60000610351562,232.6999969482422,226.0,228.5500030517578,215.6297607421875,21421
2009-09-22,234.6999969482422,234.6999969482422,226.0,228.39999389648438,215.4882354736328,22730
2009-09-23,230.8000030517578,230.8000030517578,222.89999389648438,224.3000030517578,211.62001037597656,13832
2009-09-24,222.0,228.0,220.64999389648438,225.0,212.28045654296875,11833
2009-09-25,221.10000610351562,225.0,220.5,223.14999389648438,210.53504943847656,23765
2009-09-29,229.39999389648438,232.0,223.5,224.1999969482422,211.52565002441406,16228
2009-09-30,224.1999969482422,230.6999969482422,222.3000030517578,226.0,213.2239227294922,42032
2009-10-01,225.0,227.8000030517578,220.0,221.8000030517578,209.26136779785156,20838
2009-10-05,220.5,222.5,217.0,217.5500030517578,205.25161743164062,9823
2009-10-06,221.0,221.9499969482422,211.0,215.85000610351562,203.64773559570312,13812
2009-10-07,219.8000030517578,221.35000610351562,213.60000610351562,215.60000610351562,203.411865234375,19507
2009-10-08,219.8000030517578,220.0,216.5,217.1999969482422,204.92141723632812,16205
2009-10-09,219.0,219.75,210.0,211.64999389648438,199.68515014648438,14681
2009-10-12,215.0,216.39999389648438,208.1999969482422,209.10000610351562,197.279296875,18040
2009-10-13,209.10000610351562,209.10000610351562,209.10000610351562,209.10000610351562,197.279296875,0
2009-10-14,212.0,215.0,210.64999389648438,212.75,200.72299194335938,16783
2009-10-15,214.0500030517578,215.0,206.10000610351562,207.75,196.00564575195312,13680
2009-10-16,210.89999389648438,213.5,206.1999969482422,207.60000610351562,195.86412048339844,23088
2009-10-20,220.25,238.6999969482422,219.0500030517578,232.3000030517578,219.1678009033203,120767
2009-10-21,236.8000030517578,255.5,233.25,255.5,241.05625915527344,265848
2009-10-22,260.0,274.0,255.0,259.6499938964844,244.97161865234375,434943
2009-10-23,266.3999938964844,271.0,248.10000610351562,251.75,237.51821899414062,160260
2009-10-26,253.6999969482422,253.6999969482422,236.0,238.5,225.0172882080078,69477
2009-10-27,235.10000610351562,236.5,225.25,227.85000610351562,214.96932983398438,74068
2009-10-28,227.0,233.89999389648438,220.5,230.5,217.4695281982422,43606
2009-10-29,225.0,227.85000610351562,221.0,224.8000030517578,212.09176635742188,25828
2009-10-30,233.0,235.0,220.0,221.4499969482422,208.93113708496094,29493
2009-11-03,223.0,224.89999389648438,204.0,209.5,197.65667724609375,25200
2009-11-04,212.0,215.8000030517578,205.0500030517578,211.89999389648438,199.9210205078125,32469
2009-11-05,216.0,233.0500030517578,209.0,233.0500030517578,219.87538146972656,30053
2009-11-06,256.3500061035156,256.3500061035156,241.5,256.3500061035156,241.85821533203125,31263
2009-11-09,298.0,298.0,261.6000061035156,265.25,250.25511169433594,188113
2009-11-10,270.0,284.0,267.0,280.6000061035156,264.7373352050781,277615
2009-11-11,285.0,326.0,281.5,320.3500061035156,302.24017333984375,962172
2009-11-12,321.95001220703125,323.20001220703125,290.25,293.8999938964844,277.2854309082031,337804
2009-11-13,294.5,309.95001220703125,287.0,292.25,275.7287902832031,484172
2009-11-16,301.1000061035156,301.1000061035156,289.0,290.8500061035156,274.40789794921875,109823
2009-11-17,293.0,293.0,281.0,283.3500061035156,267.3319091796875,82609
2009-11-18,282.8999938964844,294.0,280.29998779296875,282.70001220703125,266.7186584472656,94368
2009-11-19,282.0,283.0,272.0,272.95001220703125,257.5198669433594,104934
2009-11-20,269.0,274.45001220703125,264.0,268.70001220703125,253.51002502441406,89807
2009-11-23,272.70001220703125,282.0,268.6000061035156,277.70001220703125,262.0013122558594,89759
2009-11-24,285.0,290.0,278.0,280.20001220703125,264.3599853515625,107831
2009-11-25,282.5,283.3999938964844,272.0,272.8999938964844,257.47259521484375,44536
2009-11-26,274.1000061035156,276.6499938964844,263.0,265.04998779296875,250.06640625,35069
2009-11-27,263.0,263.0,245.5,256.0,241.52798461914062,77548
2009-11-30,259.8999938964844,271.5,259.8999938964844,265.04998779296875,250.06640625,67567
2009-12-01,270.0,278.0,268.0,272.1499938964844,256.7650146484375,78191
2009-12-02,278.0,278.0,269.8999938964844,270.3999938964844,255.11390686035156,42041
2009-12-03,275.0,276.0,268.0,269.0,253.79302978515625,36341
2009-12-04,272.5,272.5,265.0,265.75,250.72683715820312,31739
2009-12-07,269.79998779296875,270.0,260.25,262.3500061035156,247.51901245117188,21198
2009-12-08,265.3999938964844,275.0,260.1499938964844,267.3500061035156,252.2363739013672,44627
2009-12-09,264.0,276.0,262.8999938964844,266.8999938964844,251.81178283691406,80376
2009-12-10,266.0,270.75,265.04998779296875,266.25,251.19850158691406,19760
2009-12-11,271.0,275.0,264.0,264.6499938964844,249.68896484375,24232
2009-12-14,265.0,269.95001220703125,259.1000061035156,261.25,246.48118591308594,30554
2009-12-15,262.1000061035156,264.3999938964844,254.10000610351562,255.5,241.05625915527344,22725
2009-12-16,257.1000061035156,259.54998779296875,250.35000610351562,254.75,240.34864807128906,27024
2009-12-17,252.75,271.70001220703125,252.5,260.3999938964844,245.67926025390625,81508
2009-12-18,265.3999938964844,274.0,262.29998779296875,266.29998779296875,251.2457275390625,115289
2009-12-21,267.1000061035156,269.95001220703125,261.0,262.3500061035156,247.51901245117188,45228
2009-12-22,267.20001220703125,279.79998779296875,264.25,274.95001220703125,259.4067077636719,160228
2010-01-04,279.8999938964844,284.70001220703125,277.1499938964844,280.3500061035156,264.50146484375,52063
2010-01-05,288.0,303.79998779296875,281.5,295.20001220703125,278.51202392578125,253024
2010-01-06,299.0,299.8999938964844,286.1000061035156,287.54998779296875,271.29437255859375,82250
2010-01-07,288.1499938964844,316.29998779296875,286.20001220703125,316.29998779296875,298.419189453125,399350
2010-01-08,328.29998779296875,373.0,321.5,360.8999938964844,340.4978942871094,1415941
2010-01-11,367.0,395.20001220703125,362.3500061035156,380.04998779296875,358.5652770996094,720771
2010-01-12,385.0,385.0,362.0,366.54998779296875,345.8283996582031,245354
2010-01-13,360.0,378.0,354.0,367.79998779296875,347.0078430175781,265409
2010-01-14,372.95001220703125,379.0,365.54998779296875,367.04998779296875,346.3002014160156,98013
2010-01-15,369.8999938964844,440.45001220703125,369.8999938964844,430.8500061035156,406.4934997558594,1917746
2010-01-18,435.0,517.0,415.1000061035156,511.95001220703125,483.0088195800781,3341360
2010-01-19,520.0,614.2999877929688,520.0,608.7999877929688,574.3838500976562,5126347
2010-01-20,623.4500122070312,656.9500122070312,594.0,606.5499877929688,572.2609252929688,4534321
2010-01-21,590.0499877929688,600.0,546.7000122070312,551.7999877929688,520.6060791015625,1581792
2010-01-22,535.0,606.9500122070312,506.04998779296875,606.9500122070312,572.6382446289062,2873050
2010-01-25,610.0,646.0,605.0,610.7999877929688,576.2706909179688,2545343
2010-01-27,599.0,628.2999877929688,550.0499877929688,565.75,533.7673950195312,1459529
2010-01-28,573.0,605.0,567.2999877929688,578.5499877929688,545.84375,1354491
2010-01-29,576.6500244140625,605.25,553.0,595.9500122070312,562.2600708007812,1415223
2010-02-01,590.0,614.0,578.0,590.2000122070312,556.8352661132812,1445758
2010-02-02,598.8499755859375,613.2999877929688,572.5999755859375,579.9500122070312,547.1647338867188,820519
2010-02-03,597.9000244140625,625.0999755859375,581.0,584.5999755859375,551.5516967773438,637073
2010-02-04,588.0,599.9000244140625,563.0999755859375,569.6500244140625,537.4469604492188,672425
2010-02-05,557.7999877929688,557.7999877929688,526.0,535.2999877929688,505.0386962890625,479230
2010-02-08,537.9000244140625,554.7999877929688,525.0,529.7000122070312,499.75537109375,362014
2010-02-09,531.7000122070312,582.6500244140625,507.0,582.6500244140625,549.7120971679688,1718356
2010-02-10,585.0,614.7000122070312,578.0,585.0999755859375,552.0235595703125,2207740
2010-02-11,588.6500244140625,605.8499755859375,578.0,583.4500122070312,550.466796875,1292100
2010-02-15,585.0,599.0,574.4000244140625,578.75,546.032470703125,477808
2010-02-16,582.0,590.9000244140625,573.2000122070312,581.8499755859375,548.957275390625,474739
2010-02-17,588.2000122070312,592.5,574.0,577.75,545.0890502929688,459122
2010-02-18,579.7999877929688,582.0,554.4000244140625,557.9500122070312,526.4083251953125,288958
2010-02-19,560.0,586.0,545.5,561.6500244140625,529.8991088867188,1228053
2010-02-22,570.0,579.2999877929688,519.2000122070312,534.1500244140625,503.9538269042969,644280
2010-02-23,530.0,557.4000244140625,520.2000122070312,533.0999755859375,502.9631652832031,604181
2010-02-24,537.0,539.0,521.0,526.3499755859375,496.5947265625,298530
2010-02-25,530.0,541.7000122070312,522.5999755859375,525.9500122070312,496.2174072265625,340711
2010-02-26,528.0,552.9000244140625,522.0,527.4500122070312,497.6325988769531,671202
2010-03-02,532.7999877929688,542.0,530.0,532.6500244140625,502.5387268066406,257388
2010-03-03,533.5,548.0,530.0,535.7999877929688,505.51043701171875,340372
2010-03-04,537.0,546.2000122070312,533.0,535.7999877929688,505.51043701171875,211242
2010-03-05,545.0,545.0,527.4000244140625,529.5499877929688,499.61383056640625,187007
2010-03-08,536.4000244140625,542.4000244140625,526.0,529.25,499.33074951171875,174345
2010-03-09,529.9000244140625,533.0,503.0,505.5,476.9234619140625,287190
2010-03-10,502.0,520.0,493.20001220703125,509.54998779296875,480.7444763183594,401827
2010-03-11,510.0,512.0,493.0,494.79998779296875,466.8282775878906,150489
2010-03-12,499.95001220703125,505.79998779296875,480.5,483.45001220703125,456.1199951171875,283485
2010-03-15,481.0,481.0,456.54998779296875,460.3999938964844,434.3729248046875,384564
2010-03-16,459.95001220703125,462.0,442.6499938964844,447.3999938964844,422.1078796386719,295892
2010-03-17,455.0,536.8499755859375,447.0,531.0999755859375,501.076171875,3124315
2010-03-18,551.0,567.7000122070312,497.29998779296875,516.25,487.06573486328125,3108461
2010-03-19,517.0,542.4000244140625,513.7000122070312,525.25,495.5569763183594,1322152
2010-03-22,510.0,540.4500122070312,510.0,525.4500122070312,495.74560546875,758810
2010-03-23,526.0,537.0,521.5499877929688,524.4000244140625,494.7550354003906,373621
2010-03-25,525.0,528.0,511.3500061035156,513.9500122070312,484.895751953125,331849
2010-03-26,516.0,527.5,501.5,507.8999938964844,479.187744140625,344325
2010-03-29,511.1000061035156,515.4000244140625,485.1000061035156,488.8999938964844,461.2618408203125,321647
2010-03-30,493.3999938964844,562.0,492.0,529.25,499.33074951171875,3086199
2010-03-31,535.0,549.0,527.9000244140625,533.3499755859375,503.1990051269531,1136100
2010-04-01,539.0,544.0,530.5999755859375,535.2000122070312,504.9444274902344,528617
2010-04-05,540.25,554.7999877929688,531.5499877929688,539.75,509.2372131347656,751652
2010-04-06,542.5,550.7000122070312,532.0,538.9000244140625,508.4351806640625,680123
2010-04-07,543.7000122070312,548.9000244140625,535.0,537.75,507.3503112792969,311789
2010-04-08,536.0,539.7000122070312,524.2000122070312,526.5,496.73626708984375,158006
2010-04-09,528.7999877929688,536.9000244140625,518.5999755859375,521.3499755859375,491.8774108886719,167388
2010-04-12,526.0,536.0,517.0,530.7999877929688,500.7931213378906,344683
2010-04-13,530.0,533.5499877929688,517.5,519.7000122070312,490.3206787109375,270481
2010-04-15,524.9000244140625,531.5999755859375,511.0,516.7999877929688,487.5845947265625,271258
2010-04-16,519.9000244140625,522.7000122070312,507.25,510.25,481.4049377441406,185350
2010-04-19,505.0,512.0,495.45001220703125,498.6499938964844,470.460693359375,236603
2010-04-20,503.8999938964844,542.0,502.0,528.0999755859375,498.2458801269531,1057564
2010-04-21,522.0,532.7999877929688,516.0,518.5999755859375,489.2828674316406,365354
2010-04-22,517.4000244140625,527.0,513.2999877929688,515.7000122070312,486.54681396484375,282594
2010-04-23,519.2999877929688,522.9500122070312,508.0,509.6499938964844,480.83880615234375,143763
2010-04-26,516.7999877929688,521.9500122070312,512.0,513.3499755859375,484.32965087890625,254104
2010-04-27,514.5,519.7000122070312,508.5,509.95001220703125,481.1219177246094,171222
2010-04-28,500.0,505.0,489.0,492.04998779296875,464.2337341308594,152905
2010-04-29,495.0,507.8999938964844,493.70001220703125,498.20001220703125,470.0361328125,137137
2010-04-30,504.3999938964844,507.6000061035156,494.1499938964844,496.25,468.19635009765625,142793
2010-05-03,498.0,502.0,487.54998779296875,491.5,463.7148742675781,85038
2010-05-04,495.70001220703125,498.6000061035156,480.3999938964844,482.6000061035156,455.3179931640625,93747
2010-05-05,478.0,479.0,456.0,470.20001220703125,443.6189880371094,160019
2010-05-06,468.0,515.0,466.1000061035156,506.3500061035156,477.7253723144531,878126
2010-05-07,491.25,493.0,468.0,471.0,444.3737487792969,346724
2010-05-10,480.0,489.8999938964844,478.0,483.79998779296875,456.4501037597656,171529
2010-05-11,486.70001220703125,488.3500061035156,475.0,476.6499938964844,449.704345703125,99254
2010-05-12,480.0,496.0,469.1000061035156,478.1499938964844,451.1195373535156,374072
2010-05-13,484.04998779296875,487.8999938964844,474.3500061035156,477.79998779296875,450.789306640625,116398
2010-05-14,479.0,483.5,461.6499938964844,467.6499938964844,441.21307373046875,144697
2010-05-17,465.0,478.0,458.1000061035156,469.3500061035156,442.8170166015625,173168
2010-05-18,470.5,476.8999938964844,465.0,466.5,440.1281433105469,78175
2010-05-19,464.0,468.0,445.0,447.54998779296875,422.2494201660156,96140
2010-05-20,452.70001220703125,456.6499938964844,429.04998779296875,434.1499938964844,409.6069641113281,136263
2010-05-21,430.1499938964844,430.1499938964844,411.1000061035156,413.75,390.3601379394531,84223
2010-05-24,415.0,434.5,412.20001220703125,415.54998779296875,392.05841064453125,140397
2010-05-25,414.0,415.5,390.04998779296875,392.8500061035156,370.64166259765625,80790
2010-05-26,396.0,406.0,392.0,397.0,374.55706787109375,105310
2010-05-27,399.0,404.8999938964844,394.0,398.6499938964844,376.1138000488281,147983
2010-05-28,404.54998779296875,412.0,402.1000061035156,404.45001220703125,381.5859680175781,135276
2010-05-31,406.0,485.29998779296875,402.0,482.54998779296875,455.2708435058594,2169467
2010-06-01,490.0,498.20001220703125,453.8500061035156,461.75,435.6466979980469,3105828
2010-06-02,465.0,483.8999938964844,457.25,472.79998779296875,446.0719909667969,944819
2010-06-03,480.04998779296875,498.3999938964844,477.70001220703125,481.29998779296875,454.0914306640625,1153594
2010-06-04,483.0,485.0,473.3999938964844,475.6000061035156,448.71368408203125,273730
2010-06-07,452.29998779296875,468.0,431.54998779296875,456.6499938964844,430.8349914550781,646144
2010-06-08,459.5,486.5,458.0,470.6499938964844,444.0434875488281,1041129
2010-06-09,472.0,482.0,466.70001220703125,471.6000061035156,444.93988037109375,299188
2010-06-10,475.0,486.75,456.1499938964844,468.95001220703125,442.4396667480469,648936
2010-06-11,473.0,481.70001220703125,464.0,468.6499938964844,442.1566162109375,425449
2010-06-14,473.0,475.8999938964844,465.25,470.54998779296875,443.94921875,169070
2010-06-15,473.95001220703125,537.7000122070312,472.04998779296875,513.3499755859375,484.32965087890625,3997306
2010-06-16,518.0,531.5,508.20001220703125,510.95001220703125,482.0653991699219,668571
2010-06-17,513.0,515.5,492.1000061035156,493.8999938964844,465.97918701171875,363205
2010-06-18,495.0,518.3499755859375,485.5,493.0,465.13006591796875,945179
2010-06-21,426.0,507.29998779296875,426.0,492.95001220703125,465.0828857421875,277738
2010-06-22,495.0,509.79998779296875,491.1000061035156,494.1000061035156,466.1678771972656,314110
2010-06-23,492.70001220703125,501.0,491.0,492.8999938964844,465.0357360839844,200065
2010-06-24,494.0,505.70001220703125,490.0,495.29998779296875,467.300048828125,366094
2010-06-25,493.8999938964844,503.8999938964844,485.0,488.3500061035156,460.7429504394531,219197
2010-06-28,493.0,498.79998779296875,485.5,488.70001220703125,461.0731506347656,216119
2010-06-29,490.0,495.95001220703125,478.1499938964844,480.45001220703125,453.28948974609375,185310
2010-06-30,478.0,495.0,464.0,485.0,457.58233642578125,953576
2010-07-01,481.0,494.8999938964844,480.0,483.79998779296875,456.4501037597656,418723
2010-07-02,486.8999938964844,498.45001220703125,481.5,486.1000061035156,458.6201171875,544266
2010-07-05,488.0,492.0,480.5,483.5,456.1671142578125,208824
2010-07-06,484.5,493.5,484.20001220703125,486.29998779296875,458.8088073730469,238534
2010-07-07,489.0,491.95001220703125,478.0,479.79998779296875,452.67626953125,236044
2010-07-08,487.0,487.6000061035156,477.1499938964844,479.04998779296875,451.9686279296875,106191
2010-07-09,482.5,484.95001220703125,473.1000061035156,474.1499938964844,447.345703125,124911
2010-07-12,480.0,481.79998779296875,472.1499938964844,474.25,447.4400329589844,115109
2010-07-13,479.0,479.0,472.1000061035156,473.6000061035156,446.8267822265625,105402
2010-07-14,478.3999938964844,487.95001220703125,475.0,476.54998779296875,449.6099853515625,337204
2010-07-15,479.0,481.29998779296875,471.04998779296875,473.3500061035156,446.59088134765625,111829
2010-07-16,476.0,477.95001220703125,466.1499938964844,468.5,442.01513671875,87819
2010-07-19,469.0,488.3999938964844,467.0,484.3500061035156,456.9690856933594,455759
2010-07-20,488.0,494.8999938964844,476.0,478.54998779296875,451.49688720703125,399876
2010-07-21,483.95001220703125,485.8999938964844,480.0,480.79998779296875,453.6197509765625,121582
2010-07-22,480.0,483.79998779296875,474.25,477.1499938964844,450.1761169433594,112168
2010-07-23,481.95001220703125,485.0,470.20001220703125,471.54998779296875,444.8926086425781,76570
2010-07-26,474.0,474.8999938964844,460.0,461.45001220703125,435.3636779785156,92144
2010-07-27,463.95001220703125,469.8999938964844,457.0,460.1499938964844,434.1370849609375,126430
2010-07-28,463.0,467.0,453.04998779296875,456.0,430.2217102050781,85683
2010-07-29,458.0,464.0,455.29998779296875,457.95001220703125,432.0614929199219,125824
2010-07-30,462.29998779296875,462.29998779296875,449.20001220703125,450.6000061035156,425.1269836425781,71042
2010-08-02,450.0,459.79998779296875,450.0,452.5,426.9195556640625,182791
2010-08-03,454.45001220703125,473.79998779296875,453.0,460.54998779296875,434.5144958496094,541015
2010-08-04,462.0,469.8999938964844,455.0,460.1000061035156,434.0899658203125,134962
2010-08-05,462.1000061035156,469.0,457.0,460.75,434.70318603515625,164515
2010-08-06,462.0,467.25,454.0,456.04998779296875,430.2689208984375,123624
2010-08-09,458.0,464.70001220703125,457.04998779296875,461.6000061035156,435.50518798828125,121537
2010-08-10,463.3999938964844,464.8999938964844,455.1000061035156,457.0,431.1651916503906,89952
2010-08-11,457.0,461.8999938964844,450.5,452.54998779296875,426.9667663574219,129800
2010-08-12,448.0,454.20001220703125,445.5,447.25,421.9663391113281,76595
2010-08-13,453.0,471.75,450.20001220703125,452.6000061035156,427.013916015625,229841
2010-08-16,450.0,457.3999938964844,442.0,444.25,419.1359558105469,55643
2010-08-17,446.70001220703125,448.8500061035156,441.25,443.5,418.4283447265625,67483
2010-08-18,445.95001220703125,449.8500061035156,442.0,443.6000061035156,418.5227355957031,73782
2010-08-19,446.0,461.0,444.0,449.54998779296875,424.1363525390625,241544
2010-08-20,449.0,452.79998779296875,441.5,442.8999938964844,417.8622741699219,77455
2010-08-23,445.95001220703125,446.8999938964844,440.1000061035156,441.5,416.5413818359375,47360
2010-08-24,443.0,444.5,435.04998779296875,435.95001220703125,411.30517578125,49854
2010-08-25,437.0,437.0,420.5,422.1499938964844,398.2853088378906,55761
2010-08-26,425.0,433.54998779296875,422.25,423.70001220703125,399.7476806640625,105247
2010-08-27,425.0,426.79998779296875,405.1000061035156,407.8500061035156,384.7936706542969,62948
2010-08-30,408.0,416.0,403.1499938964844,407.8500061035156,384.7936706542969,64273
2010-08-31,406.0,406.0,391.5,395.1499938964844,372.8116455078125,54997
2010-09-01,396.0,471.29998779296875,393.5,465.0,438.71295166015625,2590854
2010-09-02,469.8500061035156,473.70001220703125,443.0,445.95001220703125,420.7398376464844,755081
2010-09-03,450.0,474.79998779296875,444.20001220703125,456.04998779296875,430.2689208984375,888437
2010-09-06,460.0,470.8500061035156,455.54998779296875,459.45001220703125,433.4767150878906,293740
2010-09-07,461.79998779296875,480.79998779296875,461.0,464.79998779296875,438.5242614746094,722597
2010-09-08,460.0,468.6499938964844,454.0,455.54998779296875,429.7971496582031,144734
2010-09-09,459.0,466.70001220703125,455.1000061035156,456.45001220703125,430.64630126953125,162976
2010-09-13,459.8500061035156,465.8999938964844,455.0,456.6499938964844,430.8349914550781,173684
2010-09-14,459.70001220703125,459.8999938964844,448.1000061035156,449.20001220703125,423.8061828613281,79545
2010-09-15,451.0,457.70001220703125,444.04998779296875,445.29998779296875,420.1265869140625,90670
2010-09-16,446.0,454.0,438.5,440.6000061035156,415.6922912597656,135554
2010-09-17,444.75,448.3999938964844,438.54998779296875,441.3500061035156,416.39990234375,98424
2010-09-20,429.79998779296875,446.25,429.79998779296875,438.5,413.7110595703125,129461
2010-09-21,445.0,464.3500061035156,440.04998779296875,452.79998779296875,427.2026672363281,596356
2010-09-22,453.0,457.1499938964844,442.04998779296875,444.95001220703125,419.7964172363281,160350
2010-09-23,447.0,452.8999938964844,442.54998779296875,444.8500061035156,419.7020568847656,135847
2010-09-24,446.0,449.79998779296875,439.1000061035156,442.6499938964844,417.62640380859375,69179
2010-09-27,446.75,447.20001220703125,439.20001220703125,440.79998779296875,415.8810119628906,56923
2010-09-28,444.0,453.0,442.0,444.1499938964844,419.0416259765625,147425
2010-09-29,446.0,456.0,440.20001220703125,442.8999938964844,417.8622741699219,293529
2010-09-30,443.20001220703125,445.8999938964844,439.1000061035156,440.6499938964844,415.739501953125,71663
2010-10-01,445.0,451.0,441.0,443.04998779296875,418.00384521484375,137781
2010-10-04,449.0,456.0,446.1000061035156,447.0,421.7304992675781,122709
2010-10-05,449.8999938964844,450.95001220703125,445.04998779296875,446.1000061035156,420.88134765625,62273
2010-10-06,448.95001220703125,485.3999938964844,448.04998779296875,462.3500061035156,436.2127685546875,817802
2010-10-07,465.0,470.70001220703125,445.5,450.6000061035156,425.1269836425781,175950
2010-10-08,451.0,455.1000061035156,443.20001220703125,446.54998779296875,421.30596923828125,72382
2010-10-11,454.0,471.0,450.0,452.8500061035156,427.24981689453125,101189
2010-10-12,453.0,454.04998779296875,443.5,444.95001220703125,419.7964172363281,53782
2010-10-13,430.54998779296875,454.0,430.54998779296875,447.29998779296875,422.0135803222656,89957
2010-10-14,447.3500061035156,461.1499938964844,447.25,448.6000061035156,423.2400207519531,169004
2010-10-15,448.0,454.79998779296875,442.0,442.8999938964844,417.8622741699219,76691
2010-10-18,435.0,446.6000061035156,435.0,439.75,414.8903503417969,57631
2010-10-19,440.0,453.0,440.0,442.29998779296875,417.29620361328125,116907
2010-10-20,442.0,445.95001220703125,435.0,436.1000061035156,411.44671630859375,57783
2010-10-21,436.3999938964844,444.0,435.0,439.95001220703125,415.0790710449219,60593
2010-10-22,441.0,444.29998779296875,408.1000061035156,434.8500061035156,410.267333984375,63256
2010-10-25,437.8999938964844,444.79998779296875,436.04998779296875,437.5,412.7675476074219,67413
2010-10-26,437.54998779296875,446.79998779296875,435.25,437.6000061035156,412.86187744140625,81701
2010-10-27,438.20001220703125,460.0,437.5,439.3999938964844,414.5601501464844,69993
2010-10-28,443.54998779296875,456.0,439.3999938964844,441.0,416.0696716308594,110679
2010-10-29,441.04998779296875,443.79998779296875,425.0,427.29998779296875,403.1441650390625,63341
2010-11-01,432.8999938964844,440.0,345.0,432.8500061035156,408.38043212890625,31381
2010-11-02,427.5,433.95001220703125,423.3500061035156,427.3999938964844,403.2384948730469,41235
2010-11-03,433.0,470.6499938964844,430.04998779296875,444.6000061035156,419.4662170410156,655846
2010-11-04,445.5,454.75,440.29998779296875,446.6499938964844,421.40032958984375,141426
2010-11-08,450.0,450.45001220703125,438.0,440.70001220703125,415.78668212890625,54556
2010-11-09,441.0,446.8999938964844,436.70001220703125,440.70001220703125,415.78668212890625,53356
2010-11-10,440.0,462.1499938964844,438.3999938964844,446.79998779296875,421.5417785644531,279758
2010-11-11,448.0,454.0,439.04998779296875,441.1499938964844,416.677490234375,78204
2010-11-12,441.20001220703125,443.79998779296875,390.0,407.20001220703125,384.6109313964844,1081675
2010-11-15,404.79998779296875,406.25,363.0,374.20001220703125,353.4415283203125,366859
2010-11-16,369.0,370.20001220703125,355.0,359.0,339.0846862792969,203876
2010-11-18,360.04998779296875,362.5,339.0,347.8999938964844,328.6004638671875,122899
2010-11-19,343.0,345.0,332.0,334.75,316.1799621582031,91070
2010-11-22,340.0,364.8500061035156,332.79998779296875,352.3999938964844,332.85089111328125,328111
2010-11-23,345.0,350.8500061035156,335.0,339.25,320.4303894042969,81380
2010-11-24,340.0,355.0,330.0,338.70001220703125,319.9108581542969,143719
2010-11-25,340.0,344.0,330.1000061035156,332.1000061035156,313.677001953125,36423
2010-11-26,334.0,335.5,307.0,311.5,294.2197570800781,47899
2010-11-29,311.5,315.0,303.0,308.75,291.6223449707031,42358
2010-11-30,305.0,322.0,301.04998779296875,312.6499938964844,295.30596923828125,100066
2010-12-01,314.95001220703125,350.70001220703125,313.0,338.6499938964844,319.86358642578125,504022
2010-12-02,340.29998779296875,354.6000061035156,336.0,342.6000061035156,323.5945739746094,130311
2010-12-03,344.79998779296875,350.0,329.0,332.95001220703125,314.4798583984375,95088
2010-12-06,334.8999938964844,344.8999938964844,332.5,333.75,315.2354431152344,64944
2010-12-07,333.0,337.3999938964844,327.20001220703125,328.95001220703125,310.7017517089844,35730
2010-12-08,328.0,332.75,318.0,319.70001220703125,301.96490478515625,30972
2010-12-09,305.0,324.0,299.0,304.25,287.3719787597656,67268
2010-12-10,305.0,314.0,291.25,307.54998779296875,290.48883056640625,75194
2010-12-13,312.0,328.75,312.0,321.5,303.6650085449219,99374
2010-12-14,324.5,332.8999938964844,320.0,326.5,308.3876647949219,66096
2010-12-15,325.1000061035156,330.0,316.6000061035156,319.0,301.3037109375,44292
2010-12-16,310.1000061035156,320.0,310.1000061035156,316.70001220703125,299.13134765625,30523
2010-12-20,317.0,336.29998779296875,312.1499938964844,322.6499938964844,304.7511901855469,84202
2010-12-21,322.0,334.0,322.0,327.45001220703125,309.28497314453125,66424
2010-12-22,328.0,340.0,328.0,335.6000061035156,316.9828186035156,117109
2010-12-23,337.0,345.0,335.0,336.6000061035156,317.9273681640625,73531
2010-12-24,337.0,337.0,330.1000061035156,331.75,313.346435546875,26283
2010-12-27,334.0,340.0,330.04998779296875,331.20001220703125,312.826904296875,44328
2010-12-28,332.6499938964844,353.0,331.8999938964844,340.6499938964844,321.7526550292969,367396
2010-12-29,343.1499938964844,349.0,341.0,341.8999938964844,322.9333190917969,69285
2010-12-30,342.8999938964844,364.79998779296875,342.8999938964844,355.0,335.306640625,642805
2010-12-31,339.0,344.95001220703125,290.0,329.6000061035156,311.3157043457031,753205
2011-01-03,327.0,346.5,324.0,336.54998779296875,317.880126953125,170475
2011-01-04,339.95001220703125,342.79998779296875,334.04998779296875,336.1499938964844,317.5023193359375,57631
2011-01-05,337.70001220703125,342.29998779296875,301.1499938964844,320.1499938964844,302.3899230957031,1373229
2011-01-06,315.0,316.6499938964844,290.04998779296875,304.04998779296875,287.1830139160156,998861
2011-01-07,304.0,314.3500061035156,300.1000061035156,307.45001220703125,290.39447021484375,464974
2011-01-10,307.0,309.29998779296875,298.1000061035156,302.45001220703125,285.67181396484375,127445
2011-01-11,303.0,306.0,292.5,296.79998779296875,280.3351745605469,93568
2011-01-12,297.0,301.0,291.0,298.3999938964844,281.84649658203125,70769
2011-01-13,299.0,302.0,292.1000061035156,294.8999938964844,278.5406188964844,52118
2011-01-14,295.29998779296875,295.29998779296875,284.04998779296875,287.45001220703125,271.5039367675781,32331
2011-01-17,285.5,287.0,275.25,278.0,262.5781555175781,26016
2011-01-18,279.0,280.0,267.1000061035156,273.79998779296875,258.611083984375,53602
2011-01-19,275.0,287.70001220703125,268.3500061035156,277.1499938964844,261.7752685546875,165100
2011-01-20,275.0,284.3999938964844,273.0,282.1499938964844,266.4979248046875,55014
2011-01-21,282.0,283.95001220703125,277.0,280.45001220703125,264.89227294921875,40032
2011-01-24,283.0,285.0,277.1499938964844,280.20001220703125,264.6561279296875,29006
2011-01-25,281.95001220703125,285.04998779296875,275.04998779296875,277.04998779296875,261.68084716796875,28531
2011-01-27,277.5,280.0,272.0,273.1000061035156,257.949951171875,15231
2011-01-28,273.1000061035156,273.1000061035156,258.5,262.54998779296875,247.98521423339844,32469
2011-01-31,260.0,260.29998779296875,245.9499969482422,252.6999969482422,238.68162536621094,21775
2011-02-01,254.0,268.75,253.0,257.0,242.7431182861328,53299
2011-02-02,259.0,263.0,254.64999389648438,256.3999938964844,242.17637634277344,32523
2011-02-03,256.5,266.95001220703125,256.0,263.79998779296875,249.16586303710938,95809
2011-02-04,266.0,274.3999938964844,259.0,263.3999938964844,248.7880859375,73301
2011-02-07,267.29998779296875,272.6499938964844,262.5,265.54998779296875,250.81878662109375,34350
2011-02-08,266.0,268.95001220703125,255.0,258.3500061035156,244.01821899414062,24115
2011-02-09,260.0,261.0,242.0,245.35000610351562,231.7393798828125,26635
2011-02-10,249.8000030517578,249.8000030517578,235.0,236.10000610351562,223.00250244140625,16691
2011-02-11,239.0,239.0,230.0,236.1999969482422,223.0969696044922,26022
2011-02-14,237.1999969482422,249.0,237.1999969482422,246.0500030517578,232.4005584716797,26012
2011-02-15,250.10000610351562,295.25,248.0,291.95001220703125,275.7542724609375,806930
2011-02-16,295.0,306.70001220703125,284.6499938964844,301.25,284.53839111328125,1144276
2011-02-17,302.0,303.20001220703125,287.1000061035156,290.3999938964844,274.2902526855469,188466
2011-02-18,291.25,343.0,288.0,324.3999938964844,306.40411376953125,2873054
2011-02-21,327.5,338.6499938964844,324.04998779296875,328.79998779296875,310.56005859375,863038
2011-02-22,322.1000061035156,336.3500061035156,319.0,324.0,306.02630615234375,462931
2011-02-23,323.95001220703125,331.8500061035156,315.04998779296875,317.29998779296875,299.697998046875,134357
2011-02-24,315.0,320.29998779296875,291.0,295.45001220703125,279.0601501464844,117675
2011-02-25,299.70001220703125,303.20001220703125,279.1499938964844,288.8500061035156,272.8262634277344,76808
2011-02-28,285.0,320.0,285.0,297.3999938964844,280.9019775390625,608067
2011-03-01,300.0,315.0,299.79998779296875,304.75,287.84423828125,192203
2011-03-03,306.0,313.20001220703125,299.6499938964844,304.5,287.6080627441406,139315
2011-03-04,309.29998779296875,311.8999938964844,300.0,301.20001220703125,284.4910888671875,110432
2011-03-07,300.0,300.0,292.0,293.45001220703125,277.1710510253906,43474
2011-03-08,294.0,318.20001220703125,291.0,307.5,290.4416198730469,555565
2011-03-09,310.0,315.5,306.29998779296875,307.8500061035156,290.7722473144531,133190
2011-03-10,307.0,311.5,304.0,305.04998779296875,288.12750244140625,120515
2011-03-11,302.0,308.95001220703125,295.0,295.6499938964844,279.2489929199219,81078
2011-03-14,291.29998779296875,307.0,291.29998779296875,297.45001220703125,280.94915771484375,76802
2011-03-15,291.95001220703125,295.0,282.0,288.29998779296875,272.3067321777344,57072
2011-03-16,292.0,304.0,292.0,295.5,279.1073303222656,102594
2011-03-17,293.0,302.95001220703125,290.0,295.1000061035156,278.7295837402344,133468
2011-03-18,299.0,302.0,290.25,292.79998779296875,276.5570983886719,105044
2011-03-21,296.5,299.8999938964844,292.1000061035156,293.3999938964844,277.12384033203125,49464
2011-03-22,296.70001220703125,302.0,293.29998779296875,294.1499938964844,277.8321838378906,62728
2011-03-23,293.29998779296875,298.0,292.04998779296875,293.04998779296875,276.7932434082031,46005
2011-03-24,298.0,299.0,293.5,294.5,278.162841796875,56140
2011-03-25,296.29998779296875,303.0,294.1000061035156,295.6000061035156,279.2018127441406,159141
2011-03-28,295.29998779296875,298.8999938964844,292.04998779296875,292.79998779296875,276.5570983886719,43879
2011-03-29,293.29998779296875,296.0,287.04998779296875,289.25,273.2040710449219,27895
2011-03-30,293.0,298.3500061035156,291.3500061035156,292.8500061035156,276.6043701171875,57547
2011-03-31,294.8999938964844,297.0,289.1000061035156,291.1499938964844,274.9986572265625,45156
2011-04-01,291.29998779296875,300.29998779296875,291.29998779296875,296.45001220703125,280.004638671875,101286
2011-04-04,297.25,311.8999938964844,296.0,303.6000061035156,286.7580261230469,310659
2011-04-05,304.29998779296875,310.0,303.0,305.1499938964844,288.2220458984375,106694
2011-04-06,306.1000061035156,308.95001220703125,301.0,302.3999938964844,285.62457275390625,78687
2011-04-07,304.29998779296875,310.95001220703125,304.0,305.95001220703125,288.9776306152344,113693
2011-04-08,307.8999938964844,312.0,301.1000061035156,301.8500061035156,285.10504150390625,78351
2011-04-11,300.1000061035156,305.95001220703125,298.0,299.20001220703125,282.60211181640625,55630
2011-04-13,297.75,303.70001220703125,295.1499938964844,300.6000061035156,283.9244689941406,53183
2011-04-15,302.8999938964844,324.8999938964844,300.04998779296875,311.5,294.2197570800781,690836
2011-04-18,314.3999938964844,319.5,303.1000061035156,304.0,287.1358337402344,138735
2011-04-19,304.29998779296875,309.0,301.54998779296875,302.70001220703125,285.9079284667969,73232
2011-04-20,306.95001220703125,311.0,303.3999938964844,305.29998779296875,288.3636169433594,64463
2011-04-21,308.3500061035156,311.0,304.1000061035156,305.04998779296875,288.12750244140625,61730
2011-04-25,306.0,310.3999938964844,304.04998779296875,305.3999938964844,288.4581604003906,76994
2011-04-26,307.3500061035156,307.3500061035156,300.29998779296875,302.04998779296875,285.2939758300781,47648
2011-04-27,304.79998779296875,306.0,298.70001220703125,300.0,283.3577575683594,37793
2011-04-28,303.0,304.0,295.1000061035156,296.20001220703125,279.7685546875,31260
2011-04-29,297.04998779296875,299.5,290.70001220703125,292.25,276.0376892089844,28488
2011-05-02,294.0,296.0,290.1000061035156,291.25,275.0931091308594,25588
2011-05-03,290.8999938964844,293.5,282.04998779296875,283.8999938964844,268.1508483886719,25613
2011-05-04,284.0,286.0,278.1000061035156,278.70001220703125,263.23931884765625,21055
2011-05-05,278.0,285.8999938964844,276.1499938964844,277.95001220703125,262.5309143066406,72854
2011-05-06,280.0,282.5,275.0,277.54998779296875,262.1531066894531,32766
2011-05-09,280.0,280.0,275.1499938964844,276.3999938964844,261.06689453125,15093
2011-05-10,276.3999938964844,280.6000061035156,275.25,277.1499938964844,261.7752685546875,27273
2011-05-11,278.0,282.0,278.0,279.75,264.2310791015625,29925
2011-05-12,279.0,279.0,273.79998779296875,274.45001220703125,259.2250671386719,17294
2011-05-13,274.45001220703125,276.6000061035156,271.54998779296875,273.75,258.5639343261719,21132
2011-05-16,272.0,272.3500061035156,268.54998779296875,269.45001220703125,254.50244140625,13454
2011-05-17,270.0,271.25,263.20001220703125,264.70001220703125,250.01593017578125,21414
2011-05-18,265.0,265.79998779296875,259.29998779296875,261.70001220703125,247.18240356445312,16321
2011-05-19,262.0,297.54998779296875,261.79998779296875,290.95001220703125,274.80975341796875,1165678
2011-05-20,290.6000061035156,294.0,281.1499938964844,282.8500061035156,267.15911865234375,244065
2011-05-23,278.3999938964844,287.54998779296875,274.3999938964844,278.3999938964844,262.9559326171875,179510
2011-05-24,279.0,280.6499938964844,271.45001220703125,272.5,257.38323974609375,33948
2011-05-25,277.0,294.45001220703125,270.0,280.0,264.4671936035156,560358
2011-05-26,282.70001220703125,286.5,271.0,278.1499938964844,262.7198181152344,81155
2011-05-27,279.0,283.75,276.1000061035156,277.3999938964844,262.01141357421875,42518
2011-05-30,278.0,285.5,275.0,279.20001220703125,263.71160888671875,91107
2011-05-31,282.0,287.79998779296875,279.5,282.54998779296875,266.8757019042969,105352
2011-06-01,283.0,287.5,281.04998779296875,283.95001220703125,268.1980895996094,56007
2011-06-02,283.0,285.0,278.04998779296875,280.70001220703125,265.1284484863281,34394
2011-06-03,280.1000061035156,285.3999938964844,276.1000061035156,277.79998779296875,262.3892517089844,22437
2011-06-06,278.8999938964844,282.70001220703125,276.1000061035156,278.0,262.5781555175781,23764
2011-06-07,279.0,284.75,278.04998779296875,280.0,264.4671936035156,75410
2011-06-08,281.8999938964844,295.0,281.20001220703125,286.0,270.1343078613281,203647
2011-06-09,284.79998779296875,287.0,280.3500061035156,282.20001220703125,266.5451965332031,31041
2011-06-10,283.70001220703125,284.6499938964844,277.70001220703125,279.29998779296875,263.8060607910156,23833
2011-06-13,278.0,281.8999938964844,275.1000061035156,277.6499938964844,262.2475280761719,22951
2011-06-14,279.70001220703125,286.29998779296875,277.5,278.79998779296875,263.333740234375,81333
2011-06-15,281.70001220703125,284.79998779296875,277.3999938964844,278.3500061035156,262.9087219238281,52813
2011-06-16,278.0,280.25,273.79998779296875,275.1499938964844,259.88629150390625,22621
2011-06-17,278.0,279.3999938964844,268.5,270.6000061035156,255.5886688232422,31715
2011-06-20,280.0,289.0,257.20001220703125,260.5,246.04891967773438,30789
2011-06-21,262.70001220703125,272.0,258.54998779296875,260.25,245.8128204345703,53306
2011-06-22,262.20001220703125,263.3999938964844,254.8000030517578,256.1499938964844,241.94024658203125,28163
2011-06-23,257.5,257.5,250.0,251.85000610351562,237.87879943847656,24009
2011-06-24,256.5,258.5,253.8000030517578,256.45001220703125,242.2236328125,31483
2011-06-27,256.45001220703125,262.0,256.0,260.20001220703125,245.76560974121094,27439
2011-06-28,261.0,268.3500061035156,258.1000061035156,262.6499938964844,248.07968139648438,81232
2011-06-29,263.0,268.0,263.0,263.95001220703125,249.30755615234375,41807
2011-06-30,265.0,270.70001220703125,264.25,266.75,251.95220947265625,61537
2011-07-01,267.5,270.5,266.0,267.25,252.42446899414062,38846
2011-07-04,269.79998779296875,273.70001220703125,267.5,271.0,255.96644592285156,55645
2011-07-05,272.0,274.5,270.29998779296875,271.1000061035156,256.0608825683594,28273
2011-07-06,272.20001220703125,275.5,272.0,272.54998779296875,257.4305114746094,35628
2011-07-07,272.79998779296875,275.0,272.3999938964844,273.3500061035156,258.18609619140625,39568
2011-07-08,273.1499938964844,274.75,262.1000061035156,264.6000061035156,249.9215087890625,22987
2011-07-11,265.0,265.0,260.0,262.0,247.46572875976562,15495
2011-07-12,260.0,261.1000061035156,257.5,259.45001220703125,245.05722045898438,9640
2011-07-13,262.29998779296875,271.04998779296875,260.8500061035156,265.8500061035156,251.10214233398438,64415
2011-07-14,266.79998779296875,271.45001220703125,264.1000061035156,267.1499938964844,252.3300323486328,49056
2011-07-15,267.0,270.0,265.45001220703125,265.75,251.00772094726562,15746
2011-07-18,268.0,269.79998779296875,264.5,266.6499938964844,251.85781860351562,10625
2011-07-19,267.79998779296875,271.29998779296875,265.1499938964844,268.3999938964844,253.5106964111328,30929
2011-07-20,269.0,272.79998779296875,266.29998779296875,267.79998779296875,252.94398498535156,18877
2011-07-21,267.0,269.5,263.0,264.1499938964844,249.4964599609375,16255
2011-07-22,267.3999938964844,269.3999938964844,263.20001220703125,264.3500061035156,249.6853790283203,23298
2011-07-25,265.95001220703125,267.79998779296875,262.6000061035156,263.3500061035156,248.7408447265625,15171
2011-07-26,263.70001220703125,268.0,261.25,262.25,247.70188903808594,34231
2011-07-27,264.0,264.8999938964844,260.54998779296875,261.6499938964844,247.1351318359375,10965
2011-07-28,261.6499938964844,261.6499938964844,257.04998779296875,257.6499938964844,243.35702514648438,8515
2011-07-29,258.0,260.6499938964844,253.0,253.89999389648438,239.81507873535156,18375
2011-08-01,257.0,265.5,254.14999389648438,255.3000030517578,241.13742065429688,14156
2011-08-02,254.8000030517578,256.1499938964844,248.0,249.4499969482422,235.6119384765625,28387
2011-08-03,247.5,248.0,246.0,247.14999389648438,233.43954467773438,16253
2011-08-04,252.0,273.5,250.0,262.79998779296875,248.22134399414062,457712
2011-08-05,258.0,258.0,245.0,251.0,237.07595825195312,59130
2011-08-08,249.0,249.0,239.6999969482422,241.35000610351562,227.96128845214844,29715
2011-08-09,241.0,241.0,230.0,232.4499969482422,219.55499267578125,29833
2011-08-10,239.0,243.0,236.8000030517578,237.64999389648438,224.4665069580078,28096
2011-08-11,234.25,238.8000030517578,232.5,236.0500030517578,222.95530700683594,19995
2011-08-12,240.0,241.5,232.0500030517578,233.6999969482422,220.73565673828125,21590
2011-08-16,235.1999969482422,238.64999389648438,229.0,230.5,217.71316528320312,14450
2011-08-17,239.6999969482422,239.6999969482422,224.0,225.25,212.75439453125,13978
2011-08-18,226.5,226.5,217.0,217.75,205.6704864501953,11567
2011-08-19,215.10000610351562,238.0,206.25,224.35000610351562,211.90435791015625,138018
2011-08-22,227.0,231.39999389648438,224.0,226.8000030517578,214.21841430664062,23516
2011-08-23,227.0,237.3000030517578,224.5500030517578,230.85000610351562,218.0437774658203,89413
2011-08-24,233.8000030517578,238.3000030517578,227.0500030517578,228.25,215.58799743652344,66662
2011-08-25,230.0,234.0,226.4499969482422,227.8000030517578,215.16294860839844,27007
2011-08-26,230.1999969482422,233.0,220.0500030517578,222.0500030517578,209.73193359375,28824
2011-08-29,226.39999389648438,229.5,224.25,227.0500030517578,214.4545440673828,13112
2011-08-30,229.5,241.0,227.5,233.85000610351562,220.87734985351562,99711
2011-09-02,234.6999969482422,235.4499969482422,229.1999969482422,230.4499969482422,218.13233947753906,10418
2011-09-05,229.8000030517578,231.6999969482422,225.0,228.1999969482422,216.00257873535156,21088
2011-09-06,225.10000610351562,235.0,225.0,229.89999389648438,217.61172485351562,38391
2011-09-07,231.64999389648438,234.8000030517578,230.8000030517578,231.6999969482422,219.31553649902344,27531
2011-09-08,233.0,235.0,230.39999389648438,232.6999969482422,220.2620849609375,34969
2011-09-09,233.0,251.8000030517578,231.14999389648438,238.64999389648438,225.89404296875,277572
2011-09-12,234.0,234.0,224.0,226.39999389648438,214.29881286621094,33916
2011-09-13,228.64999389648438,232.89999389648438,224.14999389648438,225.5,213.44692993164062,22998
2011-09-14,225.0,228.8000030517578,225.0,226.14999389648438,214.06216430664062,10735
2011-09-15,230.0,231.39999389648438,226.3000030517578,228.35000610351562,216.14459228515625,21809
2011-09-16,232.60000610351562,244.14999389648438,232.60000610351562,235.60000610351562,223.00709533691406,131548
2011-09-19,235.0,235.0,229.5,230.6999969482422,218.36898803710938,13952
2011-09-20,228.75,237.0,228.75,234.10000610351562,221.58724975585938,34889
2011-09-21,233.5500030517578,239.0500030517578,232.0,234.5,221.96588134765625,40523
2011-09-22,233.0,233.0,222.5,225.10000610351562,213.0683135986328,19532
2011-09-23,223.0,224.0,215.0,219.5,207.7676239013672,23486
2011-09-26,219.9499969482422,219.9499969482422,210.0,212.10000610351562,200.76316833496094,16322
2011-09-27,216.0,222.5,216.0,217.89999389648438,206.25314331054688,23333
2011-09-28,220.5,221.0,214.0500030517578,215.14999389648438,203.65013122558594,9701
2011-09-29,213.1999969482422,214.3000030517578,210.14999389648438,212.6999969482422,201.33108520507812,14305
2011-09-30,212.39999389648438,234.0,210.10000610351562,226.89999389648438,214.7720947265625,105784
2011-10-03,220.5,226.0,215.89999389648438,217.85000610351562,206.20582580566406,37520
2011-10-04,217.0,220.0500030517578,210.4499969482422,211.64999389648438,200.33721923828125,24410
2011-10-05,213.3000030517578,214.5,207.0,207.9499969482422,196.83499145507812,30242
2011-10-07,212.89999389648438,215.4499969482422,210.75,211.8000030517578,200.47921752929688,31747
2011-10-10,214.0,215.6999969482422,211.0,213.89999389648438,202.4669189453125,15982
2011-10-11,215.89999389648438,225.0,215.3000030517578,216.39999389648438,204.83331298828125,56326
2011-10-12,218.0,221.6999969482422,216.1999969482422,219.9499969482422,208.19358825683594,19197
2011-10-13,222.0,225.5,219.5,220.14999389648438,208.38287353515625,32761
2011-10-14,220.0,221.60000610351562,215.0,216.64999389648438,205.0699462890625,13753
2011-10-17,222.0,222.10000610351562,216.8000030517578,217.85000610351562,206.20582580566406,10043
2011-10-18,215.0,232.0,214.5,223.0500030517578,211.1278839111328,185356
2011-10-19,225.1999969482422,227.0,220.3000030517578,221.25,209.42408752441406,14649
2011-10-20,220.0,221.14999389648438,215.6999969482422,216.9499969482422,205.35391235351562,10197
2011-10-21,219.8000030517578,222.10000610351562,213.85000610351562,215.0500030517578,203.55548095703125,30954
2011-10-24,218.9499969482422,221.0,216.0,216.0,204.4547119140625,19272
2011-10-25,218.75,218.75,215.25,216.60000610351562,205.0226287841797,9033
2011-10-28,221.0,224.8000030517578,221.0,222.64999389648438,210.74925231933594,24883
2011-10-31,222.0,229.5,222.0,223.5500030517578,211.6011505126953,44784
2011-11-01,222.0,227.0,219.1999969482422,220.8000030517578,208.99813842773438,13992
2011-11-02,219.0,224.39999389648438,218.5500030517578,220.25,208.4775390625,25478
2011-11-03,220.0,222.5,218.35000610351562,219.1999969482422,207.48365783691406,9221
2011-11-04,221.89999389648438,226.0500030517578,221.0,221.75,209.89736938476562,28231
2011-11-08,223.0,229.89999389648438,215.1999969482422,225.25,213.2102813720703,154999
2011-11-09,223.8000030517578,224.5,219.10000610351562,220.25,208.4775390625,23278
2011-11-11,218.0,222.5,215.0,217.64999389648438,206.0164794921875,23018
2011-11-14,220.0,220.1999969482422,209.0,212.0500030517578,200.7158203125,16246
2011-11-15,211.64999389648438,213.0,205.10000610351562,205.85000610351562,194.84722900390625,13766
2011-11-16,207.0,208.0,200.0,204.14999389648438,193.23806762695312,13788
2011-11-17,203.9499969482422,205.89999389648438,200.0,200.25,189.54653930664062,11474
2011-11-18,200.10000610351562,200.10000610351562,190.0,195.1999969482422,184.76646423339844,15013
2011-11-21,195.0,195.5,190.0,191.0,180.7909698486328,10925
2011-11-22,191.0,192.85000610351562,187.0,189.25,179.13450622558594,9989
2011-11-23,189.0,189.0,185.0,186.10000610351562,176.1528778076172,10384
2011-11-24,186.10000610351562,186.6999969482422,182.0,185.10000610351562,175.20632934570312,7393
2011-11-25,182.5,187.4499969482422,182.5,184.1999969482422,174.35443115234375,10883
2011-11-28,188.5,194.8000030517578,186.8000030517578,190.14999389648438,179.9864044189453,30005
2011-11-29,192.0,193.8000030517578,186.10000610351562,187.6999969482422,177.66734313964844,8938
2011-11-30,188.0,188.0,183.0,185.0,175.11167907714844,4623
2011-12-01,188.0,196.0,188.0,191.5,181.2642364501953,31916
2011-12-02,189.0,195.8000030517578,188.64999389648438,194.3000030517578,183.91458129882812,16312
2011-12-05,193.0500030517578,195.85000610351562,191.0500030517578,192.64999389648438,182.35276794433594,8953
2011-12-07,190.5,194.5,190.5,191.3000030517578,181.07493591308594,6414
2011-12-08,188.25,192.0,185.60000610351562,186.4499969482422,176.48416137695312,3991
2011-12-09,184.5,186.64999389648438,181.5,184.39999389648438,174.54373168945312,4458
2011-12-12,184.5,184.5,177.5500030517578,179.4499969482422,169.85833740234375,6835
2011-12-13,175.0,175.5,172.1999969482422,174.0,164.69961547851562,13829
2011-12-14,174.85000610351562,178.0,172.8000030517578,174.64999389648438,165.3148651123047,6416
2011-12-15,172.0,172.3000030517578,167.75,168.75,159.73023986816406,6645
2011-12-16,174.9499969482422,174.9499969482422,160.0,161.6999969482422,153.05703735351562,6598
2011-12-19,155.25,160.0,154.0,156.0500030517578,147.70904541015625,6719
2011-12-20,155.0,155.25,146.25,148.10000610351562,140.1840057373047,9169
2011-12-21,150.8000030517578,150.8000030517578,147.89999389648438,148.85000610351562,140.89390563964844,4203
2011-12-22,148.3000030517578,174.9499969482422,147.25,171.5,162.333251953125,239393
2011-12-23,171.5,178.39999389648438,168.14999389648438,174.1999969482422,164.88894653320312,290290
2011-12-26,175.0,180.5,173.4499969482422,176.3000030517578,166.876708984375,42980
2011-12-27,175.0,175.64999389648438,168.0500030517578,169.9499969482422,160.8660888671875,18465
2011-12-28,169.10000610351562,169.10000610351562,164.0,164.6999969482422,155.89669799804688,6773
2011-12-29,164.0500030517578,165.6999969482422,161.0,162.5500030517578,153.8616485595703,9069
2011-12-30,163.0,188.5,162.10000610351562,186.25,176.2948455810547,913054
2012-01-02,188.0,192.39999389648438,182.6999969482422,187.4499969482422,177.4307098388672,502794
2012-01-03,187.0,222.6999969482422,185.5,219.6999969482422,207.95692443847656,1656672
2012-01-04,222.0,256.8999938964844,220.0,253.25,239.71368408203125,4437623
2012-01-05,252.6999969482422,273.3500061035156,237.0,266.75,252.49205017089844,2322792
2012-01-06,266.75,279.95001220703125,256.1000061035156,270.8999938964844,256.4202880859375,2287413
2012-01-09,299.1000061035156,312.8999938964844,293.54998779296875,308.1499938964844,291.67926025390625,2073712
2012-01-10,311.0,315.95001220703125,300.6499938964844,303.75,287.51446533203125,1007838
2012-01-11,305.0,305.0,282.6499938964844,286.3999938964844,271.09173583984375,558999
2012-01-12,290.0,309.5,277.0,292.95001220703125,277.2917175292969,1504049
2012-01-13,292.6000061035156,304.8999938964844,292.0,294.79998779296875,279.04278564453125,489153
2012-01-16,292.79998779296875,298.5,288.0,290.8500061035156,275.303955078125,215179
2012-01-17,292.8999938964844,298.0,283.20001220703125,287.75,272.3696594238281,182378
2012-01-18,291.6000061035156,291.6000061035156,271.0,275.04998779296875,260.34844970703125,285695
2012-01-19,277.5,290.0,268.25,283.54998779296875,268.3941345214844,646025
2012-01-20,287.3999938964844,288.0,275.1000061035156,277.70001220703125,262.8568115234375,239483
2012-01-23,278.0,280.5,272.1000061035156,273.54998779296875,258.9286193847656,144023
2012-01-24,294.0,294.0,270.20001220703125,272.1499938964844,257.60345458984375,124424
2012-01-25,273.29998779296875,287.0,272.0,280.79998779296875,265.7911071777344,430439
2012-01-27,283.6499938964844,287.0,277.25,278.6499938964844,263.75604248046875,147146
2012-01-30,279.0,304.29998779296875,279.0,299.3999938964844,283.3969421386719,982005
2012-01-31,301.0,313.54998779296875,299.0,310.79998779296875,294.1876220703125,1125978
2012-02-01,312.79998779296875,316.79998779296875,306.25,311.3500061035156,294.7082214355469,842122
2012-02-02,312.70001220703125,320.0,306.79998779296875,308.6499938964844,292.1524963378906,473306
2012-02-03,310.0,311.70001220703125,295.0,299.3500061035156,283.349609375,280070
2012-02-06,301.5,309.5,294.5,296.54998779296875,280.6992492675781,211847
2012-02-07,299.0,311.45001220703125,297.0,304.3500061035156,288.0823669433594,451782
2012-02-08,305.8999938964844,308.25,294.8500061035156,296.3500061035156,280.5099792480469,279290
2012-02-09,297.8500061035156,302.8999938964844,291.0,295.1499938964844,279.37408447265625,132612
2012-02-10,296.1499938964844,302.0,289.1499938964844,291.3999938964844,275.82452392578125,153229
2012-02-13,292.5,294.3999938964844,285.1000061035156,286.45001220703125,271.1391296386719,99308
2012-02-14,287.5,301.0,287.1000061035156,291.70001220703125,276.1085205078125,344339
2012-02-15,295.0,298.3999938964844,290.3500061035156,291.79998779296875,276.203125,94089
2012-02-16,293.0,296.0,288.20001220703125,288.8999938964844,273.4581298828125,95006
2012-02-17,292.0,293.5,281.54998779296875,283.3999938964844,268.25213623046875,99584
2012-02-21,284.0,288.0,281.1000061035156,282.45001220703125,267.3529357910156,66712
2012-02-22,283.5,293.5,281.1000061035156,283.70001220703125,268.5361328125,211261
2012-02-23,285.0,285.0,271.1000061035156,273.3500061035156,258.73931884765625,73057
2012-02-24,275.0,276.79998779296875,256.0,260.25,246.33953857421875,79648
2012-02-27,262.0,262.3999938964844,242.10000610351562,245.8000030517578,232.66188049316406,63514
2012-02-28,249.0,270.3500061035156,247.3000030517578,270.3500061035156,255.89967346191406,150229
2012-02-29,281.0,297.3500061035156,278.5,293.5,277.8122863769531,518539
2012-03-01,296.3999938964844,310.0,292.5,297.29998779296875,281.4091491699219,829635
2012-03-02,292.0,298.54998779296875,282.75,284.1000061035156,268.914794921875,135485
2012-03-05,305.0,305.0,281.1000061035156,283.6499938964844,268.48876953125,179337
2012-03-06,282.70001220703125,301.0,272.0,278.70001220703125,263.8033752441406,410618
2012-03-07,278.70001220703125,278.70001220703125,278.70001220703125,278.70001220703125,263.8033752441406,0
2012-03-09,280.0,288.0,277.95001220703125,280.29998779296875,265.31781005859375,73401
2012-03-12,282.0,290.29998779296875,281.25,282.3999938964844,267.3055725097656,81635
2012-03-13,284.5,289.70001220703125,282.0,282.8999938964844,267.77886962890625,76489
2012-03-14,286.0,288.0,280.8999938964844,282.04998779296875,266.9742736816406,70071
2012-03-15,280.20001220703125,286.8999938964844,275.25,276.79998779296875,262.0049133300781,94318
2012-03-16,279.95001220703125,284.0,270.0,272.54998779296875,257.9820861816406,82577
2012-03-19,275.0,276.0,262.54998779296875,263.5,249.41580200195312,46047
2012-03-20,264.0,267.8999938964844,258.0,261.04998779296875,247.0967254638672,42863
2012-03-21,261.5,270.6000061035156,260.3500061035156,265.5,251.30892944335938,65164
2012-03-22,265.0,293.6000061035156,265.0,273.5,258.8812561035156,770523
2012-03-23,275.0,285.5,273.0,274.8999938964844,260.2064514160156,228697
2012-03-26,277.3999938964844,285.25,271.3999938964844,272.6499938964844,258.07672119140625,175142
2012-03-27,275.1000061035156,279.70001220703125,268.1000061035156,270.54998779296875,256.0889587402344,89605
2012-03-28,271.70001220703125,277.8999938964844,264.70001220703125,266.20001220703125,251.9714813232422,126357
2012-03-29,266.0,270.70001220703125,264.0,265.45001220703125,251.2615966796875,57890
2012-03-30,268.04998779296875,273.54998779296875,265.0,267.5,253.20199584960938,66971
2012-04-02,273.3999938964844,276.6000061035156,269.0,271.29998779296875,256.79888916015625,87049
2012-04-03,273.1499938964844,279.25,273.0,274.20001220703125,259.54388427734375,108114
2012-04-04,273.5,275.8999938964844,270.0,271.8500061035156,257.31951904296875,47026
2012-04-09,272.5,279.95001220703125,272.1499938964844,272.95001220703125,258.3607482910156,91141
2012-04-10,274.70001220703125,275.45001220703125,268.29998779296875,269.6000061035156,255.1897735595703,37223
2012-04-11,267.0,278.3500061035156,263.0,270.75,256.2782897949219,250273
2012-04-12,273.45001220703125,275.29998779296875,269.6000061035156,270.79998779296875,256.32562255859375,45416
2012-04-13,271.5,277.20001220703125,267.0,268.3999938964844,254.0539093017578,80844
2012-04-16,269.45001220703125,270.8500061035156,266.6499938964844,268.0,253.67527770996094,23712
2012-04-17,268.29998779296875,273.8999938964844,267.20001220703125,268.95001220703125,254.5745086669922,40633
2012-04-18,270.1000061035156,274.5,270.0,270.6000061035156,256.13629150390625,52263
2012-04-19,271.1000061035156,277.0,270.1000061035156,270.79998779296875,256.32562255859375,88449
2012-04-20,272.0,273.8999938964844,266.25,267.5,253.20199584960938,35429
2012-04-23,268.95001220703125,270.5,260.75,261.70001220703125,247.71202087402344,33815
2012-04-24,263.95001220703125,264.0,256.20001220703125,260.25,246.33953857421875,31754
2012-04-25,260.5,262.3999938964844,254.0,255.10000610351562,241.46481323242188,23985
2012-04-26,256.0,264.0,250.25,254.89999389648438,241.27548217773438,111181
2012-04-27,257.5,260.95001220703125,252.10000610351562,253.4499969482422,239.90298461914062,35152
2012-04-30,253.4499969482422,253.4499969482422,253.4499969482422,253.4499969482422,239.90298461914062,0
2012-05-02,282.25,290.45001220703125,275.6499938964844,280.25,265.2705078125,605226
2012-05-03,279.79998779296875,286.0,272.0,274.75,260.0644836425781,281147
2012-05-04,273.20001220703125,277.5,261.1000061035156,262.04998779296875,248.04330444335938,145089
2012-05-07,260.0,260.0,248.3000030517578,258.29998779296875,244.49374389648438,108328
2012-05-08,259.29998779296875,280.3999938964844,258.5,263.0,248.94256591796875,721157
2012-05-09,260.0,269.79998779296875,255.9499969482422,257.25,243.4998779296875,235459
2012-05-10,259.20001220703125,266.0,254.5500030517578,256.8999938964844,243.16854858398438,143511
2012-05-11,257.29998779296875,262.3500061035156,252.4499969482422,253.25,239.71368408203125,122964
2012-05-14,255.0,258.95001220703125,246.5,248.5500030517578,235.264892578125,76796
2012-05-15,249.35000610351562,255.64999389648438,244.60000610351562,249.3000030517578,235.9748077392578,151517
2012-05-16,247.39999389648438,255.0,243.5,246.6999969482422,233.51376342773438,180413
2012-05-17,248.89999389648438,254.89999389648438,245.0,246.3000030517578,233.13514709472656,114435
2012-05-18,245.89999389648438,245.89999389648438,239.64999389648438,241.5500030517578,228.6390380859375,69001
2012-05-21,242.3000030517578,249.8000030517578,241.39999389648438,244.9499969482422,231.85733032226562,118334
2012-05-22,246.5,255.0,243.39999389648438,245.1999969482422,232.09393310546875,228146
2012-05-23,246.0,250.89999389648438,244.25,245.39999389648438,232.2832489013672,94994
2012-05-24,247.0,249.75,245.0,246.6999969482422,233.51376342773438,82475
2012-05-25,247.5,252.4499969482422,247.0,247.64999389648438,234.4130096435547,89403
2012-05-28,252.0,253.5,249.0,251.0,237.5839385986328,78319
2012-05-29,253.0,259.79998779296875,251.14999389648438,252.3000030517578,238.81446838378906,200594
2012-05-30,255.5,262.70001220703125,254.10000610351562,255.4499969482422,241.7960662841797,242716
2012-05-31,256.0,258.79998779296875,251.0,252.0500030517578,238.57781982421875,49174
2012-06-01,254.0500030517578,254.89999389648438,247.0,247.9499969482422,234.6969451904297,68309
2012-06-04,246.0,249.0,243.5500030517578,246.6999969482422,233.51376342773438,56292
2012-06-05,249.0,254.14999389648438,247.6999969482422,248.5500030517578,235.264892578125,76425
2012-06-06,250.9499969482422,253.25,250.0,251.75,238.29385375976562,53591
2012-06-07,254.0,256.3999938964844,251.4499969482422,252.8000030517578,239.2877197265625,77282
2012-06-08,253.0,253.35000610351562,248.0,251.4499969482422,238.0098876953125,50349
2012-06-11,253.89999389648438,261.29998779296875,251.64999389648438,252.85000610351562,239.33506774902344,143835
2012-06-12,252.6999969482422,254.5,252.0500030517578,253.6999969482422,240.1396026611328,41090
2012-06-13,254.64999389648438,258.0,253.0,253.64999389648438,240.09230041503906,57403
2012-06-14,254.25,267.79998779296875,250.5,263.75,249.65245056152344,629368
2012-06-15,264.20001220703125,269.0,256.6499938964844,258.3500061035156,244.5410919189453,369911
2012-06-18,259.0,261.45001220703125,252.8000030517578,254.0,240.423583984375,176902
2012-06-19,254.0,256.8999938964844,252.35000610351562,253.35000610351562,239.80831909179688,91251
2012-06-20,254.0500030517578,257.04998779296875,253.0,253.85000610351562,240.2816162109375,73111
2012-06-21,254.39999389648438,256.79998779296875,252.1999969482422,254.5,240.8968505859375,60012
2012-06-22,252.39999389648438,254.60000610351562,250.0500030517578,251.60000610351562,238.1519012451172,54495
2012-06-25,253.89999389648438,257.20001220703125,252.10000610351562,252.60000610351562,239.0984344482422,79466
2012-06-26,253.0500030517578,254.60000610351562,251.0500030517578,252.5500030517578,239.0511016845703,42639
2012-06-27,254.5500030517578,255.39999389648438,251.10000610351562,251.5500030517578,238.1045379638672,36588
2012-06-28,252.9499969482422,263.79998779296875,252.10000610351562,258.1499938964844,244.35174560546875,521264
2012-06-29,262.0,262.8999938964844,258.5,260.04998779296875,246.15020751953125,139177
2012-07-02,262.0,263.1000061035156,259.25,260.20001220703125,246.29220581054688,74960
2012-07-03,262.3999938964844,267.70001220703125,260.25,262.6000061035156,248.5639190673828,181580
2012-07-04,263.8999938964844,266.5,262.6000061035156,263.20001220703125,249.13185119628906,99044
2012-07-05,264.20001220703125,271.0,263.1000061035156,269.25,254.8584747314453,262180
2012-07-06,269.0,271.70001220703125,263.1000061035156,264.29998779296875,250.1730499267578,164732
2012-07-09,264.0,265.0,256.0,258.6499938964844,244.82505798339844,54539
2012-07-10,259.0,265.0,258.20001220703125,262.20001220703125,248.18528747558594,148507
2012-07-11,261.6499938964844,264.75,260.3999938964844,260.8999938964844,246.9547882080078,51696
2012-07-12,260.0,260.0,256.70001220703125,257.20001220703125,243.4525604248047,41850
2012-07-13,258.70001220703125,261.25,253.89999389648438,254.85000610351562,241.2281494140625,44536
2012-07-16,255.85000610351562,256.3999938964844,250.6999969482422,251.3000030517578,237.86790466308594,39865
2012-07-17,252.89999389648438,254.89999389648438,248.10000610351562,248.5500030517578,235.264892578125,56354
2012-07-18,249.64999389648438,251.39999389648438,245.0,248.1999969482422,234.93359375,58444
2012-07-19,250.0,254.6999969482422,250.0,251.0500030517578,237.63128662109375,73376
2012-07-20,251.0,255.89999389648438,251.0,251.60000610351562,238.1519012451172,69527
2012-07-23,251.9499969482422,251.9499969482422,245.0,245.1999969482422,232.09393310546875,32083
2012-07-24,246.35000610351562,250.89999389648438,245.0,245.6999969482422,232.56723022460938,52604
2012-07-25,246.75,251.85000610351562,244.10000610351562,247.75,234.50765991210938,71828
2012-07-26,248.6999969482422,249.85000610351562,238.14999389648438,240.14999389648438,227.31387329101562,33570
2012-07-27,243.4499969482422,246.1999969482422,238.85000610351562,239.25,226.46197509765625,42260
2012-07-30,241.8000030517578,247.64999389648438,241.14999389648438,246.25,233.08782958984375,40873
2012-07-31,247.60000610351562,248.1999969482422,245.35000610351562,247.0500030517578,233.84506225585938,21788
2012-08-01,248.1999969482422,252.0,247.3000030517578,247.8000030517578,234.55496215820312,38358
2012-08-02,248.39999389648438,252.5,247.5500030517578,249.35000610351562,236.0221405029297,48563
2012-08-03,248.0,248.8000030517578,245.35000610351562,246.4499969482422,233.27713012695312,17747
2012-08-06,249.6999969482422,253.25,247.89999389648438,248.85000610351562,235.5488739013672,42706
2012-08-07,250.14999389648438,253.0,248.6999969482422,250.39999389648438,237.01597595214844,42072
2012-08-08,252.0,292.0,251.89999389648438,282.8500061035156,267.7315368652344,1493300
2012-08-09,283.0,292.54998779296875,268.45001220703125,270.75,256.2782897949219,701401
2012-08-10,270.0,282.3999938964844,265.8999938964844,266.8999938964844,252.63404846191406,530862
2012-08-13,268.95001220703125,280.70001220703125,266.8999938964844,274.70001220703125,260.0172119140625,431136
2012-08-14,276.79998779296875,281.8500061035156,273.0,274.25,259.5911865234375,286093
2012-08-16,275.0,279.0,270.0,271.3500061035156,256.8462219238281,244158
2012-08-17,274.0,274.54998779296875,261.0,262.5,248.46926879882812,149960
2012-08-21,265.0,265.8999938964844,260.1000061035156,262.70001220703125,248.65855407714844,100977
2012-08-22,262.54998779296875,272.5,261.3999938964844,263.45001220703125,249.36846923828125,210095
2012-08-23,265.0,269.6000061035156,262.0,263.6499938964844,249.5577850341797,162527
2012-08-24,262.3999938964844,268.0,260.1499938964844,261.20001220703125,247.2387237548828,125273
2012-08-27,262.0,264.8999938964844,256.3500061035156,257.3500061035156,243.5945587158203,128169
2012-08-28,258.20001220703125,259.0,246.3000030517578,248.10000610351562,234.83895874023438,98147
2012-08-29,249.0,252.8000030517578,246.25,247.9499969482422,234.6969451904297,80021
2012-08-30,246.1999969482422,256.3999938964844,244.39999389648438,252.1999969482422,238.7198028564453,194804
2012-08-31,252.6999969482422,265.29998779296875,252.6999969482422,259.8500061035156,245.96090698242188,420057
2012-09-03,259.0,263.1499938964844,254.1999969482422,255.6999969482422,242.03273010253906,109401
2012-09-04,257.0,259.45001220703125,252.64999389648438,255.0,241.37013244628906,81262
2012-09-05,256.0,257.8999938964844,252.64999389648438,253.6999969482422,240.1396026611328,64767
2012-09-06,257.0,264.3999938964844,256.0,259.29998779296875,245.44027709960938,201454
2012-09-07,262.0,269.6000061035156,260.29998779296875,267.75,253.43865966796875,277624
2012-09-10,272.1000061035156,272.6499938964844,262.54998779296875,263.25,249.17916870117188,123383
2012-09-11,263.0,266.3500061035156,259.70001220703125,261.8999938964844,247.90135192871094,125127
2012-09-12,264.8500061035156,268.70001220703125,262.20001220703125,263.8999938964844,249.79443359375,184739
2012-09-13,266.0,272.45001220703125,266.0,267.70001220703125,253.39134216308594,178888
2012-09-14,270.5,275.0,267.79998779296875,269.3500061035156,254.953125,216292
2012-09-17,275.0,275.0,273.0,273.0,258.4080810546875,164286
2012-09-18,273.0,276.3999938964844,266.5,271.54998779296875,257.98052978515625,196020
2012-09-20,269.95001220703125,271.5,265.1000061035156,266.45001220703125,253.13534545898438,100596
2012-09-21,267.29998779296875,271.79998779296875,266.45001220703125,267.25,253.8953857421875,80497
2012-09-24,268.79998779296875,272.0,266.6000061035156,267.45001220703125,254.08541870117188,97099
2012-09-25,268.29998779296875,269.79998779296875,264.3999938964844,265.3500061035156,252.09033203125,60124
2012-09-26,265.70001220703125,268.1499938964844,262.3500061035156,263.1000061035156,249.9527587890625,67048
2012-09-27,264.75,268.3999938964844,262.6499938964844,263.29998779296875,250.1427764892578,87484
2012-09-28,268.0,269.79998779296875,262.1499938964844,263.04998779296875,249.90524291992188,54704
2012-10-01,264.0,265.5,262.6000061035156,263.6499938964844,250.4752960205078,39189
2012-10-03,264.3999938964844,268.0,264.04998779296875,264.8999938964844,251.6627960205078,52452
2012-10-04,266.75,270.3999938964844,265.0,266.5,253.18287658691406,79549
2012-10-05,266.5,267.29998779296875,258.0,261.0,247.95770263671875,49088
2012-10-08,261.3500061035156,266.0,260.0,260.79998779296875,247.76768493652344,65956
2012-10-09,262.3999938964844,267.79998779296875,260.0,264.25,251.04530334472656,84514
2012-10-10,263.45001220703125,264.8500061035156,260.3999938964844,261.1499938964844,248.10023498535156,29644
2012-10-11,262.20001220703125,264.0,261.0,263.04998779296875,249.90524291992188,31972
2012-10-12,263.1499938964844,264.8999938964844,257.20001220703125,259.75,246.7701873779297,43113
2012-10-15,261.70001220703125,261.70001220703125,257.1499938964844,258.3500061035156,245.44012451171875,33707
2012-10-16,260.0,262.3999938964844,255.0,256.70001220703125,243.87258911132812,43951
2012-10-17,258.70001220703125,258.8999938964844,254.0,255.5500030517578,242.78004455566406,27161
2012-10-18,256.0,259.5,256.0,257.95001220703125,245.06011962890625,53018
2012-10-19,258.0,263.45001220703125,256.04998779296875,258.8500061035156,245.91514587402344,115301
2012-10-22,259.0,259.0,255.0,256.0,243.2075653076172,21697
2012-10-23,257.0,269.8999938964844,255.89999389648438,264.25,251.04530334472656,192673
2012-10-25,266.0,267.29998779296875,257.54998779296875,259.8999938964844,246.91265869140625,42007
2012-10-29,256.5,260.75,253.0,253.8000030517578,241.11749267578125,72017
2012-10-30,254.0,254.75,247.35000610351562,248.14999389648438,235.74981689453125,32401
2012-10-31,249.8000030517578,252.89999389648438,246.10000610351562,250.1999969482422,237.69737243652344,33181
2012-11-01,251.60000610351562,255.0,250.0,253.6999969482422,241.0224609375,57503
2012-11-02,255.0,272.5,254.5500030517578,268.5,255.0829315185547,387553
2012-11-05,269.0,269.0,259.5,261.25,248.19520568847656,109344
2012-11-06,261.1000061035156,263.6000061035156,258.25,258.79998779296875,245.8676300048828,57122
2012-11-07,259.25,261.8999938964844,257.6000061035156,258.6000061035156,245.67762756347656,31058
2012-11-08,258.95001220703125,260.0,255.10000610351562,256.5,243.6825714111328,30748
2012-11-09,256.79998779296875,258.29998779296875,253.64999389648438,254.25,241.54498291015625,21018
2012-11-12,255.0,257.5,253.60000610351562,255.75,242.97003173828125,27676
2012-11-15,254.0,254.9499969482422,249.5,250.5,237.9823760986328,14870
2012-11-16,251.8000030517578,262.1499938964844,248.0,250.3000030517578,237.7924041748047,119343
2012-11-19,254.0,261.70001220703125,252.4499969482422,253.25,240.594970703125,88296
2012-11-20,254.6999969482422,257.1000061035156,247.5500030517578,248.8000030517578,236.36734008789062,50961
2012-11-21,250.0,251.39999389648438,232.60000610351562,239.1999969482422,227.2470703125,246074
2012-11-22,241.5,276.5,222.0,266.29998779296875,252.9928741455078,1919511
2012-11-23,225.35000610351562,248.6999969482422,213.0500030517578,213.0500030517578,202.40379333496094,2559195
2012-11-26,171.1999969482422,171.1999969482422,170.4499969482422,170.4499969482422,161.93252563476562,125649
2012-11-27,155.3000030517578,167.4499969482422,153.4499969482422,153.4499969482422,145.7820281982422,2603911
2012-11-29,153.4499969482422,156.5,148.5,152.39999389648438,144.78448486328125,2064929
2012-11-30,153.39999389648438,156.0,152.89999389648438,153.1999969482422,145.5445098876953,746930
2012-12-03,154.9499969482422,154.9499969482422,152.10000610351562,152.60000610351562,144.97451782226562,361933
2012-12-04,152.89999389648438,153.85000610351562,150.5,150.9499969482422,143.40696716308594,318930
2012-12-05,151.75,154.0,151.0,151.14999389648438,143.59693908691406,399658
2012-12-06,152.6999969482422,152.6999969482422,150.25,150.6999969482422,143.16944885253906,217637
2012-12-07,151.1999969482422,152.5,148.39999389648438,148.9499969482422,141.50689697265625,248871
2012-12-10,149.85000610351562,152.0,149.35000610351562,150.14999389648438,142.64691162109375,257437
2012-12-11,151.39999389648438,153.5,149.35000610351562,149.6999969482422,142.21942138671875,432169
2012-12-12,150.3000030517578,151.5,148.35000610351562,148.64999389648438,141.2218780517578,185789
2012-12-13,149.1999969482422,150.35000610351562,146.14999389648438,146.64999389648438,139.3218231201172,230460
2012-12-14,146.6999969482422,147.0,141.89999389648438,142.60000610351562,135.47421264648438,306963
2012-12-17,143.0,145.1999969482422,141.89999389648438,142.1999969482422,135.09417724609375,204465
2012-12-18,142.6999969482422,143.35000610351562,141.0,141.14999389648438,134.09664916992188,196846
2012-12-19,142.14999389648438,142.85000610351562,141.0,141.25,134.19166564941406,164501
2012-12-20,141.64999389648438,141.6999969482422,137.3000030517578,138.0,131.10406494140625,229197
2012-12-21,138.0,141.10000610351562,136.14999389648438,138.1999969482422,131.29408264160156,452285
2012-12-24,139.0,140.5,138.3000030517578,138.6999969482422,131.7690887451172,143192
2012-12-26,139.60000610351562,139.85000610351562,137.1999969482422,137.64999389648438,130.7715606689453,118561
2012-12-27,137.5,138.39999389648438,136.10000610351562,136.4499969482422,129.6315155029297,169061
2012-12-28,137.0,138.39999389648438,136.5,136.9499969482422,130.10655212402344,198113
2012-12-31,137.5,144.8000030517578,137.0500030517578,142.1999969482422,135.09417724609375,790104
2013-01-01,145.0,145.3000030517578,142.6999969482422,143.0500030517578,135.9017333984375,227357
2013-01-02,145.10000610351562,145.10000610351562,143.39999389648438,143.6999969482422,136.51922607421875,202808
2013-01-03,144.5,145.3000030517578,143.1999969482422,143.60000610351562,136.4242401123047,224113
2013-01-04,143.60000610351562,144.9499969482422,142.39999389648438,143.0500030517578,135.9017333984375,200665
2013-01-07,143.89999389648438,146.8000030517578,142.1999969482422,144.5500030517578,137.3267822265625,374352
2013-01-08,144.60000610351562,146.25,144.0,144.9499969482422,137.70677185058594,184836
2013-01-09,145.9499969482422,146.85000610351562,145.1999969482422,145.5500030517578,138.27682495117188,175879
2013-01-10,146.0,146.39999389648438,143.25,143.6999969482422,136.51922607421875,111971
2013-01-11,144.3000030517578,144.60000610351562,140.3000030517578,140.9499969482422,133.90664672851562,85633
2013-01-14,141.39999389648438,142.4499969482422,140.0,141.14999389648438,134.09664916992188,102907
2013-01-15,141.3000030517578,142.89999389648438,140.5,140.6999969482422,133.66915893554688,106029
2013-01-16,141.6999969482422,141.6999969482422,137.6999969482422,138.0,131.10406494140625,91602
2013-01-17,138.14999389648438,139.5,138.0,138.64999389648438,131.72158813476562,80312
2013-01-18,139.0500030517578,139.64999389648438,137.5500030517578,138.0,131.10406494140625,80633
2013-01-21,138.39999389648438,138.64999389648438,136.10000610351562,137.1999969482422,130.3440399169922,57877
2013-01-22,137.5500030517578,138.75,136.10000610351562,136.64999389648438,129.821533203125,94006
2013-01-23,137.5,137.60000610351562,134.89999389648438,135.10000610351562,128.34898376464844,82681
2013-01-24,135.10000610351562,135.3000030517578,131.10000610351562,131.4499969482422,124.88138580322266,83503
2013-01-25,131.39999389648438,132.5,128.5,131.8000030517578,125.2138900756836,101354
2013-01-28,131.75,133.64999389648438,130.14999389648438,132.1999969482422,125.5938949584961,66313
2013-01-29,132.1999969482422,132.4499969482422,129.5500030517578,129.85000610351562,123.36133575439453,61693
2013-01-30,130.25,131.25,128.8000030517578,129.3000030517578,122.83881378173828,80729
2013-01-31,129.35000610351562,130.6999969482422,129.0,129.64999389648438,123.17131805419922,62339
2013-02-01,129.60000610351562,131.10000610351562,128.64999389648438,129.0,122.55380249023438,67049
2013-02-04,129.6999969482422,130.64999389648438,127.30000305175781,128.0500030517578,121.65127563476562,53816
2013-02-05,128.0,128.35000610351562,125.4000015258789,125.94999694824219,119.65621185302734,91020
2013-02-06,125.94999694824219,127.6500015258789,125.94999694824219,126.55000305175781,120.22624969482422,74345
2013-02-07,126.5,127.0,125.0999984741211,125.30000305175781,119.03870391845703,61424
2013-02-08,125.3499984741211,125.75,123.5,124.05000305175781,117.8511734008789,58255
2013-02-11,124.3499984741211,139.6999969482422,121.55000305175781,137.0500030517578,130.2015380859375,2120863
2013-02-12,137.6999969482422,139.5,129.39999389648438,130.9499969482422,124.40636444091797,849465
2013-02-13,129.0,132.1999969482422,127.0,127.4000015258789,121.03376007080078,293217
2013-02-14,127.5,128.85000610351562,124.1500015258789,124.55000305175781,118.32617950439453,147359
2013-02-15,124.5,125.5,122.0,123.0,116.85363006591797,137196
2013-02-18,123.44999694824219,131.35000610351562,123.25,127.94999694824219,121.55628204345703,504625
2013-02-19,128.0,128.6999969482422,125.0999984741211,126.8499984741211,120.51123046875,167195
2013-02-20,128.25,129.60000610351562,126.19999694824219,126.69999694824219,120.36873626708984,148957
2013-02-21,126.0,127.25,123.5999984741211,124.0,117.80366516113281,122679
2013-02-22,124.5999984741211,127.05000305175781,123.4000015258789,124.05000305175781,117.8511734008789,154946
2013-02-25,124.75,125.1500015258789,120.9000015258789,121.80000305175781,115.71359252929688,95438
2013-02-26,121.80000305175781,122.8499984741211,119.5,119.94999694824219,113.95603942871094,146170
2013-02-27,120.5,121.0,118.0,119.3499984741211,113.38602447509766,120672
2013-02-28,120.25,122.5,112.5999984741211,114.1500015258789,108.44586944580078,165038
2013-03-01,115.19999694824219,116.6500015258789,114.0,114.55000305175781,108.82588195800781,118962
2013-03-04,114.94999694824219,115.0,109.55000305175781,110.3499984741211,104.83576202392578,112040
2013-03-05,110.1500015258789,112.55000305175781,108.19999694824219,110.0,104.50324249267578,163542
2013-03-06,110.6500015258789,116.5,110.0,113.30000305175781,107.63834381103516,375804
2013-03-07,113.30000305175781,116.0,112.55000305175781,113.75,108.06585693359375,150551
2013-03-08,114.19999694824219,115.9000015258789,111.5,114.1500015258789,108.44586944580078,128559
2013-03-11,114.5,114.94999694824219,112.0999984741211,113.80000305175781,108.11335754394531,71239
2013-03-12,114.0,122.55000305175781,113.0999984741211,118.0,112.10348510742188,993378
2013-03-13,118.0,119.75,115.0999984741211,115.69999694824219,109.91841125488281,238875
2013-03-14,115.25,116.44999694824219,113.44999694824219,114.25,108.5408706665039,94837
2013-03-15,115.05000305175781,117.80000305175781,113.55000305175781,113.8499984741211,108.16085815429688,148265
2013-03-18,112.19999694824219,113.5,111.3499984741211,111.69999694824219,106.11829376220703,87704
2013-03-19,112.44999694824219,112.75,108.1500015258789,108.75,103.31570434570312,121077
2013-03-20,108.80000305175781,109.19999694824219,103.0,103.80000305175781,98.61306762695312,130771
2013-03-21,84.0,104.69999694824219,84.0,97.6500015258789,92.7703857421875,217796
2013-03-22,97.0,97.5,93.69999694824219,94.44999694824219,89.73028564453125,187453
2013-03-25,96.0,98.44999694824219,91.05000305175781,93.0999984741211,88.44773864746094,270966
2013-03-26,92.0,94.0,91.44999694824219,91.9000015258789,87.30772399902344,115707
2013-03-28,91.25,93.3499984741211,90.1500015258789,92.69999694824219,88.0677261352539,128480
2013-04-01,92.94999694824219,107.80000305175781,92.94999694824219,106.3499984741211,101.03563690185547,1361068
2013-04-02,106.1500015258789,108.44999694824219,104.0999984741211,105.5,100.22811889648438,704901
2013-04-03,105.94999694824219,107.44999694824219,102.05000305175781,102.8499984741211,97.71052551269531,246934
2013-04-04,100.4000015258789,106.55000305175781,99.4000015258789,103.55000305175781,98.37555694580078,662346
2013-04-05,102.9000015258789,105.3499984741211,100.69999694824219,101.1500015258789,96.0954818725586,186554
2013-04-08,101.1500015258789,103.9000015258789,100.4000015258789,101.0999984741211,96.04798889160156,187146
2013-04-09,101.69999694824219,103.5999984741211,99.5,99.94999694824219,94.9554443359375,168257
2013-04-10,100.69999694824219,101.69999694824219,98.4000015258789,99.44999694824219,94.48043060302734,102698
2013-04-11,99.3499984741211,101.9000015258789,99.3499984741211,99.94999694824219,94.9554443359375,118534
2013-04-12,99.05000305175781,100.0,97.94999694824219,98.30000305175781,93.38790893554688,82732
2013-04-15,97.9000015258789,98.9000015258789,97.0999984741211,97.5,92.62789154052734,101182
2013-04-16,97.69999694824219,103.0,97.1500015258789,101.05000305175781,96.00048828125,446816
2013-04-17,101.05000305175781,102.80000305175781,99.5,99.80000305175781,94.81294250488281,158232
2013-04-18,100.1500015258789,101.4000015258789,99.6500015258789,99.9000015258789,94.90795135498047,72710
2013-04-22,100.0,102.55000305175781,99.0,100.80000305175781,95.76297760009766,178719
2013-04-23,101.4000015258789,103.80000305175781,101.05000305175781,101.75,96.6655044555664,171978
2013-04-25,102.4000015258789,103.1500015258789,101.0,101.5,96.42798614501953,90080
2013-04-26,101.80000305175781,102.80000305175781,100.19999694824219,100.44999694824219,95.43046569824219,155929
2013-04-29,100.69999694824219,103.5,99.19999694824219,101.25,96.19049835205078,239467
2013-04-30,101.5999984741211,102.6500015258789,99.5,100.25,95.2404556274414,82830
2013-05-02,99.80000305175781,101.5999984741211,99.80000305175781,100.19999694824219,95.19295501708984,68480
2013-05-03,100.4000015258789,102.05000305175781,99.69999694824219,100.05000305175781,95.05045318603516,80254
2013-05-06,100.69999694824219,102.4000015258789,100.05000305175781,101.0999984741211,96.04798889160156,87526
2013-05-07,101.8499984741211,108.5999984741211,100.0999984741211,105.8499984741211,100.56062316894531,698467
2013-05-08,106.5,107.69999694824219,103.80000305175781,104.1500015258789,98.9455795288086,221125
2013-05-09,104.19999694824219,106.44999694824219,103.30000305175781,103.8499984741211,98.66056060791016,165481
2013-05-10,104.5,109.3499984741211,103.9000015258789,107.05000305175781,101.70065307617188,509155
2013-05-13,111.25,113.0,107.0,107.80000305175781,102.41317749023438,370256
2013-05-14,108.0,108.8499984741211,105.30000305175781,105.75,100.46561431884766,122633
2013-05-15,106.19999694824219,107.69999694824219,105.5,106.0999984741211,100.79812622070312,137569
2013-05-16,106.0,108.3499984741211,105.5999984741211,105.9000015258789,100.60813903808594,194672
2013-05-17,106.0,106.6500015258789,104.5,104.9000015258789,99.65809631347656,79863
2013-05-20,105.6500015258789,107.0,104.5,104.94999694824219,99.7055892944336,104966
2013-05-21,105.19999694824219,105.5999984741211,102.6500015258789,103.1500015258789,97.99554443359375,75279
2013-05-22,103.69999694824219,105.30000305175781,101.5999984741211,101.9000015258789,96.8080062866211,100852
2013-05-23,101.8499984741211,102.5,97.05000305175781,97.44999694824219,92.58036804199219,127649
2013-05-24,100.0,102.0,99.0999984741211,100.0999984741211,95.09794616699219,189896
2013-05-27,100.19999694824219,100.69999694824219,99.0999984741211,99.6500015258789,94.67044067382812,65273
2013-05-28,99.9000015258789,102.8499984741211,99.5999984741211,100.5999984741211,95.57296752929688,144161
2013-05-29,101.0,101.30000305175781,99.0,99.3499984741211,94.38543701171875,73467
2013-05-30,99.4000015258789,99.5999984741211,98.0,98.25,93.34040069580078,59822
2013-05-31,98.5,98.69999694824219,95.30000305175781,95.80000305175781,91.01283264160156,53491
2013-06-03,96.5,96.5,92.05000305175781,93.44999694824219,88.7802505493164,51401
2013-06-04,93.9000015258789,95.30000305175781,93.0999984741211,93.4000015258789,88.73275756835938,77332
2013-06-05,93.44999694824219,95.3499984741211,92.8499984741211,94.4000015258789,89.68279266357422,155444
2013-06-06,94.0,94.6500015258789,93.19999694824219,93.4000015258789,88.73275756835938,67055
2013-06-07,93.6500015258789,94.25,92.55000305175781,92.69999694824219,88.0677261352539,51942
2013-06-10,93.4000015258789,93.6500015258789,90.0999984741211,90.5,85.97766876220703,65692
2013-06-11,90.0,90.5,87.05000305175781,87.94999694824219,83.55509185791016,56884
2013-06-12,87.05000305175781,90.05000305175781,85.0,87.80000305175781,83.41259002685547,148328
2013-06-13,85.0,85.0,79.6500015258789,83.3499984741211,79.18495178222656,349116
2013-06-14,82.0,85.0999984741211,80.05000305175781,83.0,78.8524398803711,336586
2013-06-17,82.25,84.5,82.25,83.25,79.0899658203125,78874
2013-06-18,83.5,84.6500015258789,82.05000305175781,82.9000015258789,78.7574462890625,80699
2013-06-19,82.19999694824219,83.25,80.0,81.3499984741211,77.28490447998047,156551
2013-06-20,81.0,81.0,79.19999694824219,79.8499984741211,75.85985565185547,55069
2013-06-21,79.80000305175781,81.0,76.1500015258789,77.0999984741211,73.24727630615234,92633
2013-06-24,76.69999694824219,77.0,73.0999984741211,73.5,69.8271713256836,73523
2013-06-25,73.4000015258789,73.6500015258789,70.5999984741211,71.05000305175781,67.49960327148438,57466
2013-06-26,71.5,74.5,70.6500015258789,71.55000305175781,67.97461700439453,133136
2013-06-27,72.0999984741211,73.30000305175781,71.55000305175781,72.1500015258789,68.54462432861328,42424
2013-06-28,72.9000015258789,76.30000305175781,72.5,74.44999694824219,70.72969818115234,238260
2013-07-01,74.5999984741211,78.3499984741211,74.4000015258789,77.80000305175781,73.91229248046875,130127
2013-07-02,78.0999984741211,78.0999984741211,65.0,72.6500015258789,69.01964569091797,504511
2013-07-03,71.0,71.69999694824219,70.30000305175781,70.4000015258789,66.88208770751953,459583
2013-07-04,70.0,70.19999694824219,67.30000305175781,68.0999984741211,64.69700622558594,218394
2013-07-05,68.0999984741211,68.94999694824219,64.5,65.94999694824219,62.654441833496094,214152
2013-07-08,65.9000015258789,72.25,64.25,69.0,65.55203247070312,1317472
2013-07-09,70.0,70.5999984741211,67.0,67.5,64.12699127197266,676542
2013-07-10,67.5,68.19999694824219,66.0,66.1500015258789,62.84445571899414,231930
2013-07-11,66.75,67.25,66.05000305175781,66.30000305175781,62.98695755004883,186826
2013-07-12,67.6500015258789,67.6500015258789,66.0999984741211,66.44999694824219,63.12946319580078,179605
2013-07-15,66.0,67.0999984741211,65.69999694824219,66.30000305175781,62.98695755004883,162784
2013-07-16,65.19999694824219,65.69999694824219,63.0,63.650001525878906,60.469383239746094,135722
2013-07-17,63.70000076293945,65.3499984741211,62.5,62.79999923706055,59.6618537902832,216581
2013-07-18,63.20000076293945,63.5,61.04999923706055,61.5,58.426815032958984,120515
2013-07-19,61.5,64.5,61.20000076293945,62.54999923706055,59.42434310913086,318368
2013-07-22,62.95000076293945,63.20000076293945,61.25,61.349998474121094,58.28430938720703,87720
2013-07-23,61.5,62.54999923706055,60.75,61.0,57.95180130004883,131964
2013-07-24,60.75,61.0,58.650001525878906,58.900001525878906,55.95673751831055,123476
2013-07-25,58.0,58.599998474121094,56.900001525878906,57.099998474121094,54.246681213378906,119772
2013-07-26,57.29999923706055,58.099998474121094,55.849998474121094,56.099998474121094,53.29665756225586,99838
2013-07-29,56.099998474121094,56.70000076293945,53.400001525878906,53.900001525878906,51.20658874511719,108434
2013-07-30,53.5,54.0,49.5,50.0,47.50148010253906,252712
2013-07-31,50.0,50.0,46.5,47.0,44.65138626098633,225395
2013-08-01,47.099998474121094,48.900001525878906,47.0,47.650001525878906,45.26890563964844,160130
2013-08-02,47.79999923706055,47.79999923706055,44.599998474121094,45.349998474121094,43.083839416503906,105378
2013-08-05,45.099998474121094,45.20000076293945,43.650001525878906,44.04999923706055,41.84880065917969,118300
2013-08-06,43.79999923706055,50.79999923706055,42.5,47.900001525878906,45.50641632080078,936701
2013-08-07,47.849998474121094,57.45000076293945,47.599998474121094,56.70000076293945,53.86667251586914,1233226
2013-08-08,57.25,65.44999694824219,57.04999923706055,64.0,60.8018913269043,2105350
2013-08-12,63.54999923706055,66.4000015258789,60.150001525878906,63.45000076293945,60.27937316894531,1604782
2013-08-13,61.5,64.30000305175781,61.0,61.599998474121094,58.521820068359375,760663
2013-08-14,61.70000076293945,63.599998474121094,60.150001525878906,60.5,57.476783752441406,650152
2013-08-16,59.900001525878906,60.0,54.849998474121094,55.650001525878906,52.869140625,337239
2013-08-19,55.5,55.5,52.599998474121094,53.45000076293945,50.77907943725586,341470
2013-08-20,52.79999923706055,58.75,51.79999923706055,58.599998474121094,55.671730041503906,577246
2013-08-21,59.599998474121094,62.0,54.849998474121094,55.25,52.489131927490234,479598
2013-08-22,53.900001525878906,60.349998474121094,53.599998474121094,58.900001525878906,55.95673751831055,405723
2013-08-23,59.900001525878906,60.70000076293945,57.650001525878906,58.20000076293945,55.291717529296875,305449
2013-08-26,58.0,60.29999923706055,58.0,58.54999923706055,55.62422561645508,219692
2013-08-27,58.0,58.0,54.04999923706055,54.5,51.776607513427734,172039
2013-08-28,54.0,56.400001525878906,52.849998474121094,55.04999923706055,52.29912567138672,240647
2013-08-29,55.95000076293945,57.25,55.099998474121094,55.45000076293945,52.67913818359375,164583
2013-08-30,55.900001525878906,58.29999923706055,55.25,55.849998474121094,53.059146881103516,232082
2013-09-02,55.79999923706055,57.20000076293945,55.5,55.95000076293945,53.154151916503906,184890
2013-09-03,56.900001525878906,59.70000076293945,55.79999923706055,56.349998474121094,53.53416442871094,446749
2013-09-04,56.5,58.0,56.5,57.150001525878906,54.294193267822266,150694
2013-09-05,58.0,60.25,57.650001525878906,58.75,55.814231872558594,381979
2013-09-06,60.0,68.30000305175781,59.25,65.0,61.751922607421875,2001119
2013-09-10,66.19999694824219,69.6500015258789,66.0,67.0,63.6519775390625,667378
2013-09-11,67.25,69.30000305175781,65.75,67.0999984741211,63.746986389160156,400197
2013-09-12,67.30000305175781,69.80000305175781,65.55000305175781,66.25,62.939456939697266,446976
2013-09-13,65.69999694824219,67.8499984741211,65.0,66.30000305175781,63.952274322509766,230470
2013-09-16,66.9000015258789,68.19999694824219,63.79999923706055,64.75,62.4571647644043,369018
2013-09-17,64.5999984741211,65.44999694824219,63.599998474121094,63.900001525878906,61.637264251708984,157789
2013-09-18,64.0,65.05000305175781,63.75,63.95000076293945,61.685489654541016,151255
2013-09-19,65.05000305175781,66.5,65.0,65.25,62.939456939697266,216845
2013-09-20,65.30000305175781,67.9000015258789,64.25,66.5999984741211,64.24165344238281,503195
2013-09-23,66.25,71.19999694824219,66.05000305175781,67.80000305175781,65.39916229248047,586737
2013-09-24,67.80000305175781,68.69999694824219,66.4000015258789,66.75,64.38634490966797,187270
2013-09-25,67.0,67.0,64.55000305175781,65.19999694824219,62.8912239074707,159262
2013-09-26,65.4000015258789,66.8499984741211,65.19999694824219,65.5,63.180599212646484,125162
2013-09-27,65.69999694824219,68.1500015258789,65.5999984741211,65.94999694824219,63.61466598510742,239209
2013-09-30,65.1500015258789,65.44999694824219,62.5,62.95000076293945,60.72090530395508,147025
2013-10-01,63.400001525878906,64.69999694824219,63.0,63.650001525878906,61.396114349365234,140417
2013-10-03,63.54999923706055,65.3499984741211,63.54999923706055,64.6500015258789,62.36070251464844,148614
2013-10-04,64.5,66.4000015258789,64.30000305175781,64.9000015258789,62.60184860229492,175464
2013-10-07,64.9000015258789,66.1500015258789,64.5,65.25,62.939456939697266,132338
2013-10-08,65.75,67.1500015258789,65.1500015258789,65.4000015258789,63.08414077758789,264892
2013-10-09,65.4000015258789,66.19999694824219,64.9000015258789,65.5,63.180599212646484,142473
2013-10-10,65.19999694824219,66.80000305175781,65.1500015258789,65.5,63.180599212646484,204621
2013-10-11,66.0,67.80000305175781,65.69999694824219,66.0,63.66289520263672,349598
2013-10-14,66.19999694824219,66.55000305175781,65.19999694824219,65.44999694824219,63.13237762451172,102477
2013-10-15,66.0,67.0,64.25,64.5999984741211,62.31247329711914,220517
2013-10-17,64.9000015258789,65.4000015258789,63.900001525878906,64.0999984741211,61.830177307128906,133217
2013-10-18,64.55000305175781,65.75,64.55000305175781,64.9000015258789,62.60184860229492,142853
2013-10-21,65.30000305175781,67.0,65.1500015258789,66.4000015258789,64.04873657226562,233719
2013-10-22,66.6500015258789,67.69999694824219,66.0999984741211,66.3499984741211,64.00050354003906,169434
2013-10-23,66.5,74.80000305175781,66.5,73.5999984741211,70.9937744140625,2444423
2013-10-24,72.55000305175781,74.19999694824219,70.4000015258789,70.80000305175781,68.29293060302734,694595
2013-10-25,70.8499984741211,73.0,70.19999694824219,70.94999694824219,68.43760681152344,419082
2013-10-28,71.5999984741211,71.80000305175781,68.0,68.25,65.8332290649414,238027
2013-10-29,68.30000305175781,69.4000015258789,66.5999984741211,68.6500015258789,66.21906280517578,260989
2013-10-30,69.0999984741211,71.75,68.80000305175781,70.25,67.76239776611328,374301
2013-10-31,70.0,72.69999694824219,70.0,71.6500015258789,69.11283111572266,364989
2013-11-01,71.5,74.6500015258789,71.1500015258789,73.69999694824219,71.09022521972656,455788
2013-11-05,73.0999984741211,74.80000305175781,72.5999984741211,73.5,70.8973159790039,280174
2013-11-06,73.55000305175781,78.30000305175781,73.44999694824219,75.30000305175781,72.63357543945312,917221
2013-11-07,75.5,76.0999984741211,71.80000305175781,72.1500015258789,69.59512329101562,322683
2013-11-08,72.1500015258789,73.0999984741211,70.80000305175781,71.0,68.48583984375,200978
2013-11-11,71.1500015258789,72.80000305175781,70.55000305175781,70.94999694824219,68.43760681152344,206500
2013-11-12,70.4000015258789,71.6500015258789,68.1500015258789,68.69999694824219,66.26728820800781,165037
2013-11-13,68.0,69.75,66.75,67.6500015258789,65.25447082519531,185274
2013-11-14,70.69999694824219,71.4000015258789,69.0,69.69999694824219,67.23188018798828,289436
2013-11-18,70.4000015258789,71.3499984741211,69.69999694824219,70.55000305175781,68.05178833007812,209637
2013-11-19,70.75,73.4000015258789,69.8499984741211,72.80000305175781,70.22210693359375,601333
2013-11-20,72.5,72.94999694824219,70.25,70.5999984741211,68.0999984741211,201227
2013-11-21,70.6500015258789,71.1500015258789,68.6500015258789,68.9000015258789,66.460205078125,207120
2013-11-22,69.5,69.94999694824219,67.94999694824219,68.30000305175781,65.88146209716797,156819
2013-11-25,68.3499984741211,71.0,67.9000015258789,70.0999984741211,67.61771392822266,318263
2013-11-26,70.4000015258789,70.4000015258789,68.5,68.69999694824219,66.26728820800781,151248
2013-11-27,68.80000305175781,69.3499984741211,67.6500015258789,67.9000015258789,65.49561309814453,107022
2013-11-28,68.5,69.4000015258789,68.0,68.25,65.8332290649414,125531
2013-11-29,68.5999984741211,69.75,68.5,68.75,66.31551361083984,131395
2013-12-02,69.0,70.75,69.0,69.80000305175781,67.32833862304688,186769
2013-12-03,69.8499984741211,70.94999694824219,69.5999984741211,69.80000305175781,67.32833862304688,164390
2013-12-04,70.25,72.4000015258789,69.5999984741211,70.5,68.00354766845703,327089
2013-12-05,71.30000305175781,72.19999694824219,70.0,70.4000015258789,67.90709686279297,195475
2013-12-06,70.75,71.9000015258789,70.3499984741211,70.5999984741211,68.0999984741211,157630
2013-12-09,72.0,72.19999694824219,70.5999984741211,70.94999694824219,68.43760681152344,104564
2013-12-10,71.1500015258789,71.5,68.75,70.05000305175781,67.56949615478516,151466
2013-12-11,69.80000305175781,70.44999694824219,69.1500015258789,69.6500015258789,67.18364715576172,110819
2013-12-12,69.1500015258789,69.6500015258789,68.5999984741211,68.8499984741211,66.41197967529297,78506
2013-12-13,68.5999984741211,68.8499984741211,67.1500015258789,67.4000015258789,65.0133285522461,65588
2013-12-16,67.5,67.8499984741211,66.69999694824219,67.0999984741211,64.72394561767578,89799
2013-12-17,67.4000015258789,68.80000305175781,67.1500015258789,67.25,64.8686294555664,125386
2013-12-18,67.3499984741211,68.69999694824219,67.0,67.75,65.35092163085938,87805
2013-12-19,68.5,68.5,67.0,67.19999694824219,64.82040405273438,67793
2013-12-20,67.30000305175781,68.69999694824219,66.5,67.94999694824219,65.5438461303711,100498
2013-12-23,68.19999694824219,70.30000305175781,67.80000305175781,69.0999984741211,66.65312194824219,219547
2013-12-24,69.5,71.44999694824219,69.19999694824219,70.30000305175781,67.81063079833984,305931
2013-12-26,70.69999694824219,73.4000015258789,70.25,71.55000305175781,69.01637268066406,530361
2013-12-27,71.8499984741211,72.4000015258789,70.0,70.30000305175781,67.81063079833984,153816
2013-12-30,70.80000305175781,71.69999694824219,70.19999694824219,70.69999694824219,68.19646453857422,148724
2013-12-31,71.30000305175781,71.69999694824219,70.3499984741211,70.55000305175781,68.05178833007812,130641
2014-01-01,70.80000305175781,72.80000305175781,70.69999694824219,71.75,69.20928955078125,225141
2014-01-02,71.80000305175781,73.25,69.19999694824219,69.5,67.0389633178711,283338
2014-01-03,68.5999984741211,69.4000015258789,68.0999984741211,69.1500015258789,66.70135498046875,101401
2014-01-06,69.9000015258789,70.25,68.80000305175781,69.5,67.0389633178711,108983
2014-01-07,69.80000305175781,70.55000305175781,68.55000305175781,69.19999694824219,66.74958801269531,147390
2014-01-08,69.80000305175781,71.3499984741211,69.0,69.8499984741211,67.3765640258789,242963
2014-01-09,70.0999984741211,71.19999694824219,68.9000015258789,69.30000305175781,66.8460464477539,221363
2014-01-10,69.5,69.80000305175781,67.5,68.19999694824219,65.78498840332031,97654
2014-01-13,68.6500015258789,68.9000015258789,67.6500015258789,68.1500015258789,65.73676300048828,61111
2014-01-14,68.4000015258789,68.80000305175781,67.4000015258789,67.5999984741211,65.20624542236328,90686
2014-01-15,68.1500015258789,69.1500015258789,67.94999694824219,68.1500015258789,65.73676300048828,79386
2014-01-16,68.44999694824219,70.4000015258789,67.69999694824219,69.19999694824219,66.74958801269531,227941
2014-01-17,69.19999694824219,69.9000015258789,67.25,67.3499984741211,64.965087890625,119440
2014-01-20,67.44999694824219,67.75,66.55000305175781,67.0,64.62748718261719,132437
2014-01-21,67.3499984741211,67.8499984741211,67.0999984741211,67.19999694824219,64.82040405273438,64468
2014-01-22,67.4000015258789,68.1500015258789,67.1500015258789,67.75,65.35092163085938,73383
2014-01-23,67.5999984741211,68.19999694824219,67.1500015258789,67.3499984741211,64.965087890625,60485
2014-01-24,67.25,67.3499984741211,65.55000305175781,65.69999694824219,63.37351989746094,81106
2014-01-27,64.4000015258789,65.1500015258789,62.70000076293945,63.0,60.769126892089844,90444
2014-01-28,63.20000076293945,63.75,62.400001525878906,63.099998474121094,60.86558532714844,58245
2014-01-29,63.150001525878906,64.94999694824219,62.0,63.29999923706055,61.05850601196289,162610
2014-01-30,62.29999923706055,62.900001525878906,61.599998474121094,61.849998474121094,59.65985107421875,57605
2014-01-31,62.0,62.79999923706055,61.150001525878906,61.599998474121094,59.41870880126953,47849
2014-02-03,61.400001525878906,61.79999923706055,60.5,60.650001525878906,58.502342224121094,43250
2014-02-04,59.900001525878906,61.5,59.25,60.5,58.3576545715332,120573
2014-02-05,60.45000076293945,61.25,60.29999923706055,60.70000076293945,58.55057144165039,50398
2014-02-06,60.75,63.04999923706055,60.75,61.650001525878906,59.46693801879883,124922
2014-02-07,62.0,62.25,61.04999923706055,61.29999923706055,59.12932586669922,49828
2014-02-10,61.95000076293945,61.95000076293945,61.04999923706055,61.20000076293945,59.03287124633789,60469
2014-02-11,61.5,62.54999923706055,61.45000076293945,61.79999923706055,59.61162185668945,77784
2014-02-12,61.95000076293945,62.79999923706055,61.54999923706055,61.849998474121094,59.65985107421875,71567
2014-02-13,62.0,62.099998474121094,59.29999923706055,59.849998474121094,57.73067092895508,78492
2014-02-14,60.5,60.5,59.150001525878906,59.5,57.39306640625,61100
2014-02-17,59.599998474121094,59.849998474121094,58.099998474121094,58.75,56.66962432861328,31938
2014-02-18,58.75,60.20000076293945,58.599998474121094,59.20000076293945,57.10369110107422,89896
2014-02-19,59.25,59.95000076293945,59.20000076293945,59.400001525878906,57.29660415649414,32020
2014-02-20,59.29999923706055,59.400001525878906,58.349998474121094,58.70000076293945,56.62139892578125,57718
2014-02-21,58.849998474121094,59.75,58.599998474121094,58.849998474121094,56.766082763671875,50052
2014-02-24,58.599998474121094,58.79999923706055,58.099998474121094,58.29999923706055,56.235557556152344,33058
2014-02-25,58.20000076293945,59.79999923706055,58.099998474121094,58.70000076293945,56.62139892578125,56829
2014-02-26,58.75,59.099998474121094,58.29999923706055,58.5,56.42848205566406,41712
2014-02-28,58.70000076293945,59.900001525878906,58.5,59.150001525878906,57.05546188354492,103952
2014-03-03,58.70000076293945,59.25,57.75,58.25,56.18733215332031,43259
2014-03-04,58.45000076293945,61.70000076293945,58.150001525878906,60.29999923706055,58.164737701416016,134097
2014-03-05,60.349998474121094,61.45000076293945,59.79999923706055,60.5,58.3576545715332,101922
2014-03-06,60.29999923706055,62.099998474121094,60.29999923706055,61.349998474121094,59.177555084228516,124897
2014-03-07,61.70000076293945,65.0,61.400001525878906,63.349998474121094,61.10673141479492,300042
2014-03-10,63.5,64.25,62.79999923706055,63.099998474121094,60.86558532714844,88886
2014-03-11,63.20000076293945,64.0,62.20000076293945,62.400001525878906,60.19037628173828,87459
2014-03-12,62.099998474121094,63.25,61.650001525878906,61.900001525878906,59.70808029174805,70878
2014-03-13,62.150001525878906,69.5,62.150001525878906,66.0999984741211,63.75935363769531,1505546
2014-03-14,65.5,67.19999694824219,64.3499984741211,65.9000015258789,63.56644058227539,383508
2014-03-18,62.0,66.9000015258789,62.0,65.9000015258789,63.56644058227539,285177
2014-03-19,66.19999694824219,69.69999694824219,65.30000305175781,68.30000305175781,65.88146209716797,610261
2014-03-20,68.05000305175781,69.94999694824219,66.0,67.25,64.8686294555664,425559
2014-03-21,67.5999984741211,70.75,67.5999984741211,70.1500015258789,67.66594696044922,488541
2014-03-24,69.19999694824219,69.5,67.0,67.30000305175781,64.91686248779297,257198
2014-03-25,67.44999694824219,68.25,65.3499984741211,65.75,63.4217529296875,167622
2014-03-26,66.0,67.30000305175781,65.1500015258789,65.44999694824219,63.13237762451172,192095
2014-03-27,65.8499984741211,67.0,65.6500015258789,66.0,63.66289520263672,109819
2014-03-28,66.19999694824219,67.75,66.19999694824219,67.0,64.62748718261719,155782
2014-03-31,67.69999694824219,69.9000015258789,67.69999694824219,68.5999984741211,66.17082977294922,223745
2014-04-01,68.19999694824219,69.44999694824219,68.19999694824219,68.69999694824219,66.26728820800781,99684
2014-04-02,69.1500015258789,71.30000305175781,68.75,70.55000305175781,68.05178833007812,312637
2014-04-03,69.5999984741211,70.9000015258789,68.9000015258789,69.19999694824219,66.74958801269531,123208
2014-04-04,69.25,75.8499984741211,68.69999694824219,73.0,70.41502380371094,1531835
2014-04-07,74.3499984741211,74.3499984741211,70.75,71.94999694824219,69.4021987915039,239498
2014-04-09,72.0,73.80000305175781,72.0,73.1500015258789,70.5597152709961,191140
2014-04-10,73.44999694824219,75.19999694824219,72.8499984741211,74.5999984741211,71.9583740234375,430647
2014-04-11,74.19999694824219,80.5,74.0,77.0999984741211,74.36984252929688,1473362
2014-04-15,77.4000015258789,78.5,75.1500015258789,76.75,74.03223419189453,297499
2014-04-16,77.0,79.5999984741211,74.5,74.94999694824219,72.29595947265625,338495
2014-04-17,75.5,77.25,75.05000305175781,76.55000305175781,73.83931732177734,204695
2014-04-21,77.0999984741211,78.9000015258789,76.5999984741211,77.5,74.75567626953125,237668
2014-04-22,77.9000015258789,82.5,77.55000305175781,80.0999984741211,77.26361083984375,1062558
2014-04-23,80.69999694824219,84.05000305175781,80.30000305175781,81.25,78.37287902832031,769076
2014-04-24,81.25,81.25,81.25,81.25,78.37287902832031,0
2014-04-25,81.75,82.0,78.30000305175781,78.5999984741211,75.81672668457031,273328
2014-04-28,79.0,80.5,78.0999984741211,79.0,76.20255279541016,243361
2014-04-29,79.30000305175781,80.25,76.75,77.25,74.5145263671875,273956
2014-04-30,77.4000015258789,78.9000015258789,71.5,73.69999694824219,71.09022521972656,293095
2014-05-02,74.9000015258789,75.94999694824219,73.5,74.05000305175781,71.42784118652344,192483
2014-05-05,74.0,75.25,73.1500015258789,73.55000305175781,70.94554901123047,190355
2014-05-06,74.0,75.30000305175781,72.9000015258789,73.75,71.13847351074219,137936
2014-05-07,73.9000015258789,74.5,71.9000015258789,72.0999984741211,69.5468978881836,183944
2014-05-08,73.19999694824219,73.5999984741211,70.80000305175781,71.1500015258789,68.63053131103516,122690
2014-05-09,71.44999694824219,77.0,70.94999694824219,76.25,73.54993438720703,601528
2014-05-12,76.94999694824219,81.4000015258789,75.55000305175781,78.44999694824219,75.67203521728516,613440
2014-05-13,78.8499984741211,83.0,78.0999984741211,80.69999694824219,77.84235382080078,667058
2014-05-14,80.30000305175781,82.69999694824219,79.69999694824219,81.05000305175781,78.17996978759766,341289
2014-05-15,81.1500015258789,82.8499984741211,78.1500015258789,78.8499984741211,76.05786895751953,262995
2014-05-16,81.75,82.80000305175781,78.5,81.75,78.85517883300781,750970
2014-05-19,83.0,95.0,82.30000305175781,94.44999694824219,91.10546875,2201826
2014-05-20,95.75,100.19999694824219,94.19999694824219,96.4000015258789,92.98641204833984,1397471
2014-05-21,97.5,106.75,94.0999984741211,103.5999984741211,99.93145751953125,2157934
2014-05-22,104.9000015258789,109.5999984741211,102.8499984741211,104.5,100.7995834350586,1107672
2014-05-23,105.4000015258789,108.0,102.3499984741211,103.44999694824219,99.7867660522461,673647
2014-05-26,105.44999694824219,108.8499984741211,92.8499984741211,98.94999694824219,95.44611358642578,949375
2014-05-27,99.9000015258789,100.75,92.80000305175781,98.1500015258789,94.67444610595703,673180
2014-05-28,98.8499984741211,105.75,97.1500015258789,102.9000015258789,99.25624084472656,871028
2014-05-29,103.0,103.5999984741211,98.5,99.3499984741211,95.83195495605469,377179
2014-05-30,100.4000015258789,103.0,99.19999694824219,100.0999984741211,96.55538940429688,379638
2014-06-02,99.5,104.8499984741211,99.5,104.25,100.55844116210938,590863
2014-06-03,105.0,109.9000015258789,105.0,107.9000015258789,104.07919311523438,909339
2014-06-04,109.0,110.9000015258789,108.0999984741211,109.25,105.38139343261719,532834
2014-06-05,110.0,114.0999984741211,108.55000305175781,112.30000305175781,108.32339477539062,988818
2014-06-06,113.05000305175781,113.9000015258789,109.5999984741211,110.25,106.34597778320312,584952
2014-06-09,112.5999984741211,113.94999694824219,111.25,112.94999694824219,108.95036315917969,616679
2014-06-10,114.5,121.25,114.5,120.25,115.99187469482422,1649621
2014-06-11,122.69999694824219,125.0,115.80000305175781,117.0,112.85696411132812,1066623
2014-06-12,117.6500015258789,119.75,114.0,117.9000015258789,113.72509002685547,443820
2014-06-13,119.05000305175781,119.5,109.0,109.5999984741211,105.718994140625,611721
2014-06-16,109.0,110.8499984741211,103.1500015258789,108.1500015258789,104.3203353881836,578561
2014-06-17,108.0,115.0,107.4000015258789,114.1500015258789,110.10787963867188,430425
2014-06-18,114.94999694824219,115.80000305175781,108.75,110.80000305175781,106.87650299072266,494700
2014-06-19,111.94999694824219,116.80000305175781,109.5,113.1500015258789,109.14328002929688,696606
2014-06-20,113.5,115.69999694824219,111.3499984741211,112.80000305175781,108.80567932128906,546350
2014-06-23,115.0999984741211,116.94999694824219,113.25,114.5999984741211,110.54193878173828,409248
2014-06-24,116.0,116.80000305175781,113.4000015258789,114.44999694824219,110.39724731445312,482203
2014-06-25,116.0,117.55000305175781,115.0999984741211,115.6500015258789,111.55476379394531,367479
2014-06-26,115.30000305175781,115.9000015258789,112.5999984741211,113.25,109.23973846435547,224306
2014-06-27,113.94999694824219,114.6500015258789,112.0,112.44999694824219,108.46807098388672,246160
2014-06-30,113.5999984741211,116.44999694824219,112.5999984741211,115.55000305175781,111.45831298828125,432439
2014-07-01,116.25,117.3499984741211,114.0,114.30000305175781,110.25257873535156,367136
2014-07-02,115.0,115.94999694824219,113.69999694824219,113.94999694824219,109.91496276855469,245135
2014-07-03,114.94999694824219,115.3499984741211,112.30000305175781,112.6500015258789,108.66099548339844,75867
2014-07-04,113.30000305175781,114.0,112.0999984741211,112.55000305175781,108.56453704833984,197709
2014-07-07,113.0999984741211,117.80000305175781,113.0,115.1500015258789,111.07247924804688,464635
2014-07-08,115.8499984741211,115.8499984741211,104.5999984741211,106.5,102.72876739501953,274391
2014-07-09,106.8499984741211,108.0,101.0,103.5,99.83499908447266,470599
2014-07-10,103.94999694824219,108.4000015258789,99.0999984741211,104.55000305175781,100.84780883789062,458968
2014-07-11,105.55000305175781,105.8499984741211,96.30000305175781,97.8499984741211,94.38507080078125,316385
2014-07-14,98.0,98.5999984741211,94.55000305175781,95.5,92.1182861328125,190975
2014-07-15,97.0,99.30000305175781,96.0,97.0999984741211,93.66162872314453,219312
2014-07-16,97.80000305175781,101.69999694824219,97.0,100.9000015258789,97.32707214355469,392437
2014-07-17,101.5,103.44999694824219,100.5,101.4000015258789,97.80935668945312,231031
2014-07-18,101.05000305175781,102.80000305175781,98.75,101.1500015258789,97.56820678710938,239832
2014-07-21,101.05000305175781,102.8499984741211,100.55000305175781,101.1500015258789,97.56820678710938,134263
2014-07-22,101.5,103.0,99.0,99.9000015258789,96.36248016357422,183940
2014-07-23,100.80000305175781,101.1500015258789,97.5,98.44999694824219,94.96381378173828,160800
2014-07-24,98.69999694824219,99.5,97.0,97.9000015258789,94.43329620361328,175916
2014-07-25,98.19999694824219,98.3499984741211,94.1500015258789,96.75,93.32402801513672,175600
2014-07-28,97.8499984741211,98.5,95.0999984741211,95.55000305175781,92.16651916503906,123669
2014-07-30,95.55000305175781,95.94999694824219,93.19999694824219,94.69999694824219,91.34661102294922,98707
2014-07-31,94.5,95.69999694824219,92.05000305175781,92.55000305175781,89.27274322509766,123778
2014-08-01,92.5999984741211,94.0,90.94999694824219,91.30000305175781,88.0670166015625,160415
2014-08-04,91.6500015258789,93.5,90.4000015258789,91.1500015258789,87.92232513427734,109920
2014-08-05,91.5999984741211,93.19999694824219,90.19999694824219,92.1500015258789,88.88690948486328,187913
2014-08-06,91.94999694824219,93.0999984741211,90.0,90.19999694824219,87.0059585571289,208987
2014-08-07,90.3499984741211,91.1500015258789,88.0,88.4000015258789,85.26969909667969,121952
2014-08-08,87.0999984741211,87.5,84.9000015258789,85.25,82.23124694824219,102546
2014-08-11,85.75,87.0999984741211,85.19999694824219,85.8499984741211,82.80998992919922,103443
2014-08-12,86.25,87.5999984741211,85.94999694824219,87.19999694824219,84.11219024658203,101441
2014-08-13,87.25,91.80000305175781,85.6500015258789,86.75,83.6781234741211,596845
2014-08-14,85.9000015258789,86.4000015258789,84.5,85.3499984741211,82.32770538330078,187653
2014-08-18,85.5,91.9000015258789,85.0,90.8499984741211,87.6329345703125,361989
2014-08-19,91.0,92.0999984741211,89.5999984741211,90.44999694824219,87.24710845947266,253112
2014-08-20,90.5999984741211,92.44999694824219,89.4000015258789,90.05000305175781,86.86127471923828,195732
2014-08-21,90.1500015258789,91.94999694824219,89.8499984741211,90.1500015258789,86.95772552490234,187547
2014-08-22,90.9000015258789,90.9000015258789,88.19999694824219,88.5999984741211,85.46261596679688,81453
2014-08-25,88.69999694824219,90.3499984741211,87.30000305175781,87.80000305175781,84.6909408569336,123032
2014-08-26,87.69999694824219,87.8499984741211,84.4000015258789,85.94999694824219,82.90644073486328,99263
2014-08-27,86.44999694824219,89.19999694824219,86.0999984741211,87.80000305175781,84.6909408569336,204375
2014-08-28,87.9000015258789,90.94999694824219,87.25,88.25,85.12500762939453,464567
2014-09-01,88.0,90.30000305175781,88.0,89.75,86.57189178466797,167030
2014-09-02,89.94999694824219,91.69999694824219,89.69999694824219,89.8499984741211,86.66835021972656,133630
2014-09-03,90.0999984741211,91.19999694824219,89.0999984741211,89.5,86.33074951171875,110771
2014-09-04,89.55000305175781,89.55000305175781,86.55000305175781,88.30000305175781,85.1732406616211,103262
2014-09-05,88.05000305175781,90.9000015258789,87.25,88.4000015258789,86.2464370727539,202194
2014-09-08,88.4000015258789,90.80000305175781,88.30000305175781,89.6500015258789,87.46598052978516,97161
2014-09-09,89.25,91.1500015258789,88.0,89.55000305175781,87.36841583251953,172874
2014-09-10,89.0,92.9000015258789,88.5,91.4000015258789,89.17335510253906,286848
2014-09-11,91.8499984741211,94.69999694824219,91.8499984741211,93.1500015258789,90.88072967529297,257548
2014-09-12,93.25,94.0,91.0,91.3499984741211,89.12457275390625,110249
2014-09-15,90.94999694824219,91.69999694824219,89.75,90.05000305175781,87.85625457763672,143861
2014-09-16,90.30000305175781,92.5,86.5,87.1500015258789,85.02689361572266,188539
2014-09-17,88.0,88.80000305175781,86.19999694824219,86.80000305175781,84.68541717529297,100779
2014-09-18,86.80000305175781,89.44999694824219,86.55000305175781,89.19999694824219,87.0269546508789,107817
2014-09-19,89.5,90.75,87.69999694824219,88.3499984741211,86.1976547241211,147770
2014-09-22,87.5,89.4000015258789,87.30000305175781,88.0,85.85618591308594,83125
2014-09-23,88.0,89.30000305175781,85.19999694824219,85.8499984741211,83.75856018066406,114559
2014-09-24,85.94999694824219,86.30000305175781,83.0,83.0999984741211,81.07555389404297,101995
2014-09-25,83.75,84.0,79.19999694824219,79.75,77.80716705322266,145866
2014-09-26,79.19999694824219,80.80000305175781,75.4000015258789,80.0,78.05107879638672,155314
2014-09-29,80.3499984741211,83.25,80.0,80.6500015258789,78.68524169921875,107519
2014-09-30,80.5999984741211,82.55000305175781,79.0,79.5,77.56326293945312,107561
2014-10-01,79.8499984741211,80.44999694824219,78.5,78.69999694824219,76.78274536132812,72329
2014-10-07,78.69999694824219,79.44999694824219,77.5,77.9000015258789,76.00223541259766,69216
2014-10-08,77.94999694824219,78.94999694824219,77.4000015258789,77.94999694824219,76.05101776123047,104348
2014-10-09,78.5999984741211,81.0,78.4000015258789,79.75,77.80716705322266,137512
2014-10-10,79.0,79.4000015258789,77.8499984741211,78.1500015258789,76.24615478515625,87624
2014-10-13,77.55000305175781,79.05000305175781,77.0,78.4000015258789,76.49005889892578,51674
2014-10-14,78.94999694824219,79.4000015258789,77.9000015258789,78.0999984741211,76.19735717773438,45249
2014-10-15,78.0999984741211,78.0999984741211,78.0999984741211,78.0999984741211,76.19735717773438,0
2014-10-16,78.0,78.55000305175781,74.5,75.44999694824219,73.61192321777344,98063
2014-10-17,76.0,76.69999694824219,75.1500015258789,75.4000015258789,73.56314086914062,67620
2014-10-20,76.69999694824219,77.69999694824219,75.9000015258789,76.3499984741211,74.48999786376953,105453
2014-10-21,76.5,79.5,76.44999694824219,78.25,76.34371185302734,151293
2014-10-22,79.0,81.80000305175781,78.0999984741211,80.8499984741211,78.88036346435547,238853
2014-10-27,80.5999984741211,83.4000015258789,78.6500015258789,80.4000015258789,78.44132995605469,244420
2014-10-28,80.9000015258789,81.5,80.0,80.5999984741211,78.63645935058594,41353
2014-10-29,80.80000305175781,83.5,80.6500015258789,82.5,80.49017333984375,195833
2014-10-30,81.9000015258789,82.6500015258789,80.0,80.69999694824219,78.73401641845703,88493
2014-10-31,81.5999984741211,83.19999694824219,81.25,82.05000305175781,80.05113220214844,133524
2014-11-03,82.05000305175781,85.69999694824219,81.9000015258789,84.80000305175781,82.73414611816406,188563
2014-11-05,85.5,88.0,85.0999984741211,86.55000305175781,84.44151306152344,143032
2014-11-07,87.0,87.4000015258789,83.0,83.3499984741211,81.3194580078125,114116
2014-11-10,83.9000015258789,84.30000305175781,82.5,82.80000305175781,80.7828598022461,48729
2014-11-11,82.80000305175781,83.44999694824219,81.25,81.8499984741211,79.85601043701172,90258
2014-11-12,82.4000015258789,84.4000015258789,82.19999694824219,83.0,80.97798919677734,89870
2014-11-13,83.30000305175781,83.8499984741211,80.0999984741211,80.5,78.53889465332031,56342
2014-11-14,78.55000305175781,79.69999694824219,78.0999984741211,79.05000305175781,77.12422943115234,110325
2014-11-17,80.0,82.19999694824219,79.0,80.44999694824219,78.4901123046875,109631
2014-11-18,80.94999694824219,82.69999694824219,80.55000305175781,81.0999984741211,79.12428283691406,72389
2014-11-19,81.55000305175781,82.8499984741211,79.0999984741211,79.3499984741211,77.41690826416016,88339
2014-11-20,79.4000015258789,79.75,78.0,78.3499984741211,76.44126892089844,69030
2014-11-21,78.5999984741211,81.69999694824219,78.1500015258789,79.75,77.80716705322266,215053
2014-11-24,80.5,80.80000305175781,78.69999694824219,78.8499984741211,76.92909240722656,99224
2014-11-25,79.0,79.0,76.0,76.19999694824219,74.3436508178711,88912
2014-11-26,76.44999694824219,78.1500015258789,76.0999984741211,76.55000305175781,74.68512725830078,140875
2014-11-27,76.9000015258789,77.19999694824219,75.0,75.94999694824219,74.0997314453125,67551
2014-11-28,76.05000305175781,77.3499984741211,75.0999984741211,75.55000305175781,73.70948791503906,85521
2014-12-01,75.75,78.25,75.05000305175781,75.5999984741211,73.75827026367188,89333
2014-12-02,75.5999984741211,76.0,75.05000305175781,75.5,73.66070556640625,50853
2014-12-03,75.94999694824219,78.19999694824219,75.80000305175781,77.30000305175781,75.41685485839844,99432
2014-12-04,77.6500015258789,79.80000305175781,77.0999984741211,78.0999984741211,76.19735717773438,139048
2014-12-05,78.5999984741211,79.5,77.5,77.9000015258789,76.00223541259766,113385
2014-12-08,78.0,78.69999694824219,75.69999694824219,75.8499984741211,74.0021743774414,66501
2014-12-09,76.05000305175781,76.75,73.9000015258789,74.0999984741211,72.29480743408203,33971
2014-12-10,73.8499984741211,74.9000015258789,73.8499984741211,74.25,72.441162109375,52174
2014-12-11,74.1500015258789,74.55000305175781,73.0,73.4000015258789,71.61186981201172,36758
2014-12-12,73.75,74.1500015258789,72.0999984741211,72.4000015258789,70.63623046875,32471
2014-12-15,72.55000305175781,76.30000305175781,71.0999984741211,74.4000015258789,72.5875015258789,267855
2014-12-16,73.69999694824219,73.75,69.4000015258789,69.94999694824219,68.24591064453125,83884
2014-12-17,69.5,70.5999984741211,67.19999694824219,68.3499984741211,66.68489074707031,74554
2014-12-18,69.30000305175781,71.44999694824219,69.30000305175781,70.5,68.78250122070312,65712
2014-12-19,71.30000305175781,72.0,70.0999984741211,70.5,68.78250122070312,60532
2014-12-22,70.9000015258789,71.69999694824219,70.44999694824219,71.0999984741211,69.36788940429688,34753
2014-12-23,71.1500015258789,71.5999984741211,70.0999984741211,70.3499984741211,68.63616180419922,35520
2014-12-24,71.19999694824219,71.19999694824219,70.0,70.30000305175781,68.58738708496094,35943
2014-12-26,70.69999694824219,71.3499984741211,69.8499984741211,70.3499984741211,68.63616180419922,53393
2014-12-29,70.5,71.6500015258789,70.30000305175781,70.6500015258789,68.92887115478516,67228
2014-12-30,70.9000015258789,72.25,70.0,70.94999694824219,69.22154235839844,106947
2014-12-31,71.0,71.5,70.44999694824219,70.55000305175781,68.831298828125,45514
2015-01-01,70.69999694824219,75.69999694824219,70.69999694824219,74.0,72.19725036621094,167233
2015-01-02,74.30000305175781,75.0,72.5999984741211,73.30000305175781,71.51429748535156,91062
2015-01-05,72.6500015258789,74.5,72.6500015258789,73.25,71.46552276611328,44560
2015-01-06,72.1500015258789,72.5,69.5,70.0999984741211,68.39225769042969,85733
2015-01-07,70.25,70.69999694824219,68.44999694824219,68.94999694824219,67.27027130126953,38749
2015-01-08,70.0999984741211,71.9000015258789,69.94999694824219,70.94999694824219,69.22154235839844,56779
2015-01-09,71.5999984741211,71.75,69.80000305175781,70.05000305175781,68.3434829711914,43652
2015-01-12,70.0999984741211,70.69999694824219,69.8499984741211,70.30000305175781,68.58738708496094,22732
2015-01-13,70.69999694824219,75.19999694824219,70.30000305175781,72.69999694824219,70.92891693115234,376830
2015-01-14,72.75,74.0999984741211,71.19999694824219,71.8499984741211,70.09961700439453,117638
2015-01-15,72.5999984741211,72.9000015258789,71.4000015258789,71.75,70.0020523071289,68408
2015-01-16,71.8499984741211,72.5999984741211,71.05000305175781,71.3499984741211,69.61180114746094,57327
2015-01-19,71.94999694824219,72.1500015258789,70.9000015258789,71.1500015258789,69.41667938232422,55527
2015-01-20,71.19999694824219,73.9000015258789,71.19999694824219,71.6500015258789,69.90450286865234,125158
2015-01-21,71.6500015258789,72.3499984741211,70.75,71.0,69.27032470703125,39185
2015-01-22,71.0,72.0999984741211,70.69999694824219,71.0,69.27032470703125,53705
2015-01-23,71.6500015258789,71.75,70.30000305175781,70.6500015258789,68.92887115478516,76629
2015-01-27,70.94999694824219,71.80000305175781,70.0,70.30000305175781,68.58738708496094,55585
2015-01-28,70.19999694824219,70.94999694824219,69.3499984741211,69.69999694824219,68.00199890136719,42988
2015-01-29,69.1500015258789,70.94999694824219,69.1500015258789,70.0,68.29469299316406,38205
2015-01-30,70.80000305175781,71.4000015258789,69.19999694824219,69.5999984741211,67.90443420410156,66544
2015-02-02,69.94999694824219,70.55000305175781,69.69999694824219,69.94999694824219,68.24591064453125,28291
2015-02-03,70.19999694824219,70.94999694824219,69.75,70.0,68.29469299316406,45403
2015-02-04,70.69999694824219,72.0,70.25,71.1500015258789,69.41667938232422,97007
2015-02-05,71.30000305175781,73.5,70.4000015258789,71.1500015258789,69.41667938232422,143432
2015-02-06,69.0,70.55000305175781,68.0,69.75,68.05077362060547,121056
2015-02-09,69.0,69.0,68.30000305175781,68.5,66.83123779296875,32995
2015-02-10,68.5,69.05000305175781,67.9000015258789,68.80000305175781,67.12393188476562,52053
2015-02-11,69.0,70.44999694824219,68.4000015258789,69.8499984741211,68.1483383178711,38073
2015-02-12,70.05000305175781,70.75,68.1500015258789,70.05000305175781,68.3434829711914,76337
2015-02-13,70.0,71.0999984741211,69.55000305175781,70.0,68.29469299316406,64511
2015-02-16,70.44999694824219,71.44999694824219,69.69999694824219,70.19999694824219,68.48982238769531,64055
2015-02-18,70.8499984741211,71.8499984741211,70.80000305175781,71.25,69.51423645019531,84750
2015-02-19,71.3499984741211,81.5,71.3499984741211,77.69999694824219,75.8071060180664,1353013
2015-02-20,77.5999984741211,79.19999694824219,74.69999694824219,75.69999694824219,73.85582733154297,366239
2015-02-23,76.0999984741211,78.19999694824219,74.5999984741211,75.1500015258789,73.31922912597656,132794
2015-02-24,75.55000305175781,75.80000305175781,72.0999984741211,72.6500015258789,70.88014221191406,115753
2015-02-25,72.94999694824219,74.4000015258789,72.30000305175781,72.55000305175781,70.7825698852539,114623
2015-02-26,72.75,73.30000305175781,71.19999694824219,71.55000305175781,69.80693817138672,75849
2015-02-27,72.0,74.0,71.5999984741211,73.0999984741211,71.31916046142578,141871
2015-03-02,73.0999984741211,73.0999984741211,71.0999984741211,71.30000305175781,69.56303405761719,70165
2015-03-03,71.69999694824219,74.5,71.3499984741211,72.8499984741211,71.07525634765625,181871
2015-03-04,73.19999694824219,74.05000305175781,71.19999694824219,71.75,70.0020523071289,123172
2015-03-05,71.4000015258789,73.75,71.19999694824219,73.4000015258789,71.61186981201172,94246
2015-03-09,73.55000305175781,73.69999694824219,71.55000305175781,71.8499984741211,70.09961700439453,60378
2015-03-10,72.5999984741211,73.5999984741211,70.9000015258789,72.80000305175781,71.02648162841797,126641
2015-03-11,73.94999694824219,74.30000305175781,71.6500015258789,73.69999694824219,71.90454864501953,100962
2015-03-12,75.55000305175781,76.69999694824219,72.25,72.55000305175781,70.7825698852539,242847
2015-03-13,73.0,73.6500015258789,71.0,72.0,70.24597930908203,91812
2015-03-16,74.4000015258789,74.4000015258789,71.0,71.19999694824219,69.4654541015625,102984
2015-03-17,72.0,72.0,70.75,71.4000015258789,69.66059875488281,64827
2015-03-18,73.94999694824219,74.0999984741211,71.30000305175781,71.5,69.75814056396484,297441
2015-03-19,72.55000305175781,72.55000305175781,70.4000015258789,70.6500015258789,68.92887115478516,77871
2015-03-20,70.94999694824219,72.69999694824219,68.25,68.6500015258789,66.97757720947266,147658
2015-03-23,68.9000015258789,69.1500015258789,67.0999984741211,67.4000015258789,65.7580337524414,70623
2015-03-24,67.80000305175781,68.19999694824219,65.5,65.8499984741211,64.24579620361328,99816
2015-03-25,65.5999984741211,66.4000015258789,63.599998474121094,64.19999694824219,62.635990142822266,88231
2015-03-26,64.0,64.0,61.54999923706055,61.75,60.24567413330078,79258
2015-03-27,62.099998474121094,62.79999923706055,60.25,60.5,59.02613067626953,83340
2015-03-30,61.5,63.849998474121094,60.75,63.04999923706055,61.51400375366211,121152
2015-03-31,65.55000305175781,66.0999984741211,62.0,63.099998474121094,61.562782287597656,156450
2015-04-01,63.95000076293945,65.5999984741211,62.5,64.80000305175781,63.221378326416016,104562
2015-04-06,64.94999694824219,65.5,64.5,65.0,63.41650390625,37610
2015-04-07,65.5,67.3499984741211,65.5,66.69999694824219,65.07508087158203,112787
2015-04-08,67.0,68.4000015258789,66.5999984741211,66.8499984741211,65.221435546875,97444
2015-04-09,67.25,68.8499984741211,66.25,67.44999694824219,65.80680847167969,124392
2015-04-10,67.1500015258789,71.1500015258789,66.8499984741211,69.75,68.05077362060547,321485
2015-04-13,70.0,72.4000015258789,69.05000305175781,70.1500015258789,68.4410400390625,196933
2015-04-15,70.5,71.19999694824219,66.5999984741211,69.0999984741211,67.41661071777344,79711
2015-04-16,69.30000305175781,69.6500015258789,67.75,68.05000305175781,66.39220428466797,46601
2015-04-17,68.1500015258789,68.69999694824219,66.80000305175781,67.05000305175781,65.41655731201172,75934
2015-04-20,67.44999694824219,67.5999984741211,65.4000015258789,65.69999694824219,64.09944152832031,44539
2015-04-21,65.0999984741211,65.80000305175781,64.94999694824219,65.19999694824219,63.61162185668945,32191
2015-04-22,65.55000305175781,66.5999984741211,64.1500015258789,65.30000305175781,63.709190368652344,57961
2015-04-23,65.3499984741211,65.8499984741211,64.55000305175781,64.94999694824219,63.367713928222656,34779
2015-04-24,64.94999694824219,65.5,63.650001525878906,64.0999984741211,62.538421630859375,49088
2015-04-27,64.0999984741211,64.19999694824219,61.900001525878906,62.20000076293945,60.68471145629883,42765
2015-04-28,62.099998474121094,63.0,61.849998474121094,62.599998474121094,61.07496643066406,42890
2015-04-29,62.599998474121094,63.599998474121094,62.599998474121094,63.20000076293945,61.66035461425781,34045
2015-04-30,62.5,63.5,62.5,62.650001525878906,61.12375259399414,12029
2015-05-04,63.400001525878906,66.1500015258789,63.20000076293945,64.55000305175781,62.97746658325195,53980
2015-05-05,64.75,65.5999984741211,64.19999694824219,64.8499984741211,63.2701530456543,54351
2015-05-06,64.80000305175781,65.30000305175781,63.0,63.04999923706055,61.51400375366211,39712
2015-05-07,63.20000076293945,63.20000076293945,61.099998474121094,61.5,60.001766204833984,22209
2015-05-08,62.25,63.0,61.95000076293945,62.25,60.73349380493164,28840
2015-05-11,63.95000076293945,64.30000305175781,63.150001525878906,63.95000076293945,62.39208221435547,78469
2015-05-12,64.0,64.0,61.849998474121094,62.150001525878906,60.63593673706055,29750
2015-05-13,63.0,65.44999694824219,59.20000076293945,63.349998474121094,61.80669403076172,181903
2015-05-14,63.20000076293945,63.25,62.349998474121094,63.099998474121094,61.562782287597656,36815
2015-05-15,63.099998474121094,64.30000305175781,62.5,62.79999923706055,61.27009201049805,95718
2015-05-18,62.900001525878906,63.349998474121094,62.54999923706055,62.70000076293945,61.17253494262695,32624
2015-05-19,63.0,63.5,62.599998474121094,62.79999923706055,61.27009201049805,20718
2015-05-20,63.20000076293945,63.900001525878906,62.650001525878906,63.5,61.95304489135742,53889
2015-05-21,63.95000076293945,64.5,62.5,63.29999923706055,61.757911682128906,41684
2015-05-22,62.150001525878906,63.400001525878906,62.150001525878906,62.349998474121094,60.831058502197266,35903
2015-05-25,62.900001525878906,62.900001525878906,61.900001525878906,62.04999923706055,60.53836441040039,17927
2015-05-26,62.099998474121094,62.400001525878906,61.349998474121094,61.5,60.001766204833984,23190
2015-05-27,61.5,62.79999923706055,61.349998474121094,61.900001525878906,60.39202117919922,46302
2015-05-28,62.20000076293945,63.349998474121094,61.599998474121094,62.29999923706055,60.78227615356445,59983
2015-05-29,62.5,62.900001525878906,61.5,61.79999923706055,60.29446029663086,59499
2015-06-01,62.04999923706055,63.45000076293945,62.0,62.79999923706055,61.27009201049805,54134
2015-06-02,63.0,63.0,61.04999923706055,61.150001525878906,59.66029357910156,26673
2015-06-03,61.400001525878906,61.54999923706055,58.70000076293945,59.599998474121094,58.148048400878906,57782
2015-06-04,60.099998474121094,60.099998474121094,52.150001525878906,56.25,54.87965774536133,159116
2015-06-05,56.45000076293945,57.04999923706055,55.5,56.54999923706055,55.1723518371582,46902
2015-06-08,57.20000076293945,61.150001525878906,55.75,59.95000076293945,58.48952865600586,113115
2015-06-09,60.0,60.0,58.400001525878906,59.0,57.56266784667969,33901
2015-06-10,59.95000076293945,60.099998474121094,59.0,59.400001525878906,57.95292663574219,20405
2015-06-11,59.849998474121094,60.25,58.0,58.849998474121094,57.41632080078125,24853
2015-06-12,59.0,59.20000076293945,57.29999923706055,58.150001525878906,56.733375549316406,18662
2015-06-15,58.599998474121094,59.0,57.5,58.04999923706055,56.63581466674805,46872
2015-06-16,58.45000076293945,59.849998474121094,57.0,59.29999923706055,57.85536193847656,35324
2015-06-17,59.20000076293945,61.70000076293945,58.599998474121094,60.849998474121094,59.36759948730469,55135
2015-06-18,60.849998474121094,61.650001525878906,60.400001525878906,60.95000076293945,59.46516418457031,26380
2015-06-19,61.400001525878906,62.599998474121094,61.04999923706055,61.25,59.75785446166992,26841
2015-06-22,61.04999923706055,62.25,60.79999923706055,61.70000076293945,60.19689178466797,46237
2015-06-23,61.900001525878906,62.70000076293945,61.45000076293945,62.04999923706055,60.53836441040039,30699
2015-06-24,62.29999923706055,63.650001525878906,62.099998474121094,62.45000076293945,60.92861557006836,68505
2015-06-25,62.400001525878906,69.9000015258789,54.20000076293945,68.0,66.34341430664062,1101144
2015-06-26,66.94999694824219,68.5999984741211,64.0,64.6500015258789,63.07502746582031,283982
2015-06-29,62.45000076293945,63.0,60.849998474121094,62.650001525878906,61.12375259399414,80096
2015-06-30,62.0,63.599998474121094,62.0,62.70000076293945,61.17253494262695,64400
2015-07-01,63.0,65.25,62.650001525878906,63.70000076293945,62.148170471191406,75734
2015-07-02,63.70000076293945,65.25,62.70000076293945,63.45000076293945,61.90426254272461,128774
2015-07-03,63.95000076293945,64.44999694824219,62.599998474121094,63.0,61.4652214050293,81619
2015-07-06,62.04999923706055,63.099998474121094,61.5,62.54999923706055,61.02618408203125,55611
2015-07-07,63.0,64.30000305175781,62.349998474121094,63.0,61.4652214050293,101425
2015-07-08,61.400001525878906,62.20000076293945,60.599998474121094,61.099998474121094,59.61151123046875,53478
2015-07-09,61.599998474121094,62.0,60.599998474121094,60.849998474121094,59.36759948730469,31422
2015-07-10,61.599998474121094,61.900001525878906,60.849998474121094,61.25,59.75785446166992,32914
2015-07-13,61.75,62.29999923706055,60.70000076293945,61.25,59.75785446166992,52713
2015-07-14,61.70000076293945,62.150001525878906,61.400001525878906,61.599998474121094,60.09933090209961,32962
2015-07-15,61.599998474121094,62.150001525878906,61.099998474121094,61.45000076293945,59.95298385620117,23139
2015-07-16,61.70000076293945,63.04999923706055,61.400001525878906,61.75,60.24567413330078,74402
2015-07-17,62.20000076293945,62.25,61.20000076293945,61.45000076293945,59.95298385620117,27962
2015-07-20,61.75,62.75,60.900001525878906,61.75,60.24567413330078,75349
2015-07-21,61.900001525878906,62.20000076293945,60.5,60.849998474121094,59.36759948730469,59092
2015-07-22,60.75,61.45000076293945,60.599998474121094,60.95000076293945,59.46516418457031,36420
2015-07-23,61.0,61.5,60.349998474121094,60.5,59.02613067626953,41424
2015-07-24,60.29999923706055,61.29999923706055,60.0,60.099998474121094,58.635868072509766,30698
2015-07-27,60.099998474121094,60.099998474121094,58.5,58.650001525878906,57.22119903564453,34891
2015-07-28,59.04999923706055,59.29999923706055,58.0,58.79999923706055,57.36753845214844,36222
2015-07-29,58.849998474121094,59.0,57.900001525878906,58.20000076293945,56.78215789794922,26327
2015-07-30,58.95000076293945,59.5,58.349998474121094,58.54999923706055,57.12363052368164,38247
2015-07-31,58.79999923706055,64.6500015258789,58.650001525878906,61.70000076293945,60.19689178466797,334405
2015-08-03,62.04999923706055,64.5,61.29999923706055,63.54999923706055,62.00182342529297,180717
2015-08-04,63.25,66.69999694824219,62.0,65.80000305175781,64.19701385498047,225765
2015-08-05,66.0,67.05000305175781,64.5999984741211,65.4000015258789,63.80675506591797,310544
2015-08-06,65.9000015258789,66.5,64.0,64.4000015258789,62.83111572265625,64950
2015-08-07,64.69999694824219,65.8499984741211,63.79999923706055,64.30000305175781,62.8800163269043,90482
2015-08-10,64.94999694824219,65.5999984741211,63.70000076293945,64.0999984741211,62.684425354003906,69076
2015-08-11,64.44999694824219,64.44999694824219,61.70000076293945,62.099998474121094,60.72859573364258,73905
2015-08-12,61.650001525878906,62.04999923706055,59.79999923706055,60.04999923706055,58.7238655090332,43728
2015-08-13,60.099998474121094,60.79999923706055,58.20000076293945,58.400001525878906,57.11030578613281,37903
2015-08-14,60.0,60.0,57.5,58.79999923706055,57.501468658447266,93106
2015-08-17,59.25,59.70000076293945,57.900001525878906,58.70000076293945,57.403682708740234,56365
2015-08-18,59.5,63.20000076293945,59.25,60.75,59.408409118652344,188424
2015-08-19,60.900001525878906,61.400001525878906,60.04999923706055,60.25,58.91945266723633,47711
2015-08-20,57.75,60.0,57.75,58.75,57.45257568359375,36118
2015-08-21,57.54999923706055,58.599998474121094,57.349998474121094,57.70000076293945,56.42576599121094,28042
2015-08-24,55.0,56.0,51.04999923706055,52.400001525878906,51.24281311035156,74372
2015-08-25,45.0,52.599998474121094,45.0,51.04999923706055,49.92262268066406,85209
2015-08-26,51.599998474121094,53.0,50.5,51.54999923706055,50.41157913208008,30358
2015-08-27,53.0,53.400001525878906,52.349998474121094,52.599998474121094,51.43838882446289,22679
2015-08-28,53.900001525878906,55.599998474121094,52.400001525878906,53.599998474121094,52.41630554199219,68687
2015-08-31,54.0,54.20000076293945,53.099998474121094,53.29999923706055,52.122928619384766,17583
2015-09-01,52.5,53.20000076293945,51.099998474121094,51.54999923706055,50.41157913208008,27522
2015-09-02,52.5,53.099998474121094,51.150001525878906,51.29999923706055,50.16709899902344,76390
2015-09-03,51.849998474121094,52.75,51.79999923706055,52.0,50.85163879394531,33711
2015-09-04,51.79999923706055,52.5,50.400001525878906,50.599998474121094,49.48255920410156,24173
2015-09-07,50.5,51.650001525878906,50.04999923706055,50.70000076293945,49.58034896850586,42158
2015-09-08,50.70000076293945,51.54999923706055,49.45000076293945,51.25,50.11820602416992,31748
2015-09-09,51.900001525878906,53.900001525878906,51.900001525878906,52.95000076293945,51.78066635131836,39817
2015-09-10,52.0,52.45000076293945,51.25,51.95000076293945,50.8027458190918,17418
2015-09-11,52.400001525878906,53.0,52.0,52.400001525878906,51.24281311035156,23771
2015-09-14,52.400001525878906,53.900001525878906,52.400001525878906,53.25,52.074039459228516,35214
2015-09-15,53.099998474121094,53.900001525878906,52.75,53.04999923706055,51.87845230102539,16893
2015-09-16,53.400001525878906,54.400001525878906,52.70000076293945,53.20000076293945,52.025142669677734,39719
2015-09-18,53.0,56.5,52.900001525878906,55.150001525878906,53.93207931518555,88619
2015-09-21,54.900001525878906,57.5,54.599998474121094,56.5,55.25226593017578,44917
2015-09-22,57.0,58.0,55.0,55.5,54.274349212646484,48033
2015-09-23,53.5,55.900001525878906,53.45000076293945,55.25,54.029869079589844,20776
2015-09-24,54.900001525878906,55.79999923706055,54.45000076293945,54.599998474121094,53.394222259521484,16972
2015-09-28,54.099998474121094,55.150001525878906,52.70000076293945,53.400001525878906,52.220726013183594,16015
2015-09-29,52.849998474121094,53.849998474121094,52.29999923706055,53.150001525878906,51.97624588012695,11427
2015-09-30,53.849998474121094,54.150001525878906,53.099998474121094,53.5,52.318519592285156,15504
2015-10-01,54.20000076293945,54.599998474121094,53.650001525878906,53.849998474121094,52.66078186035156,11121
2015-10-05,54.04999923706055,55.0,53.849998474121094,54.54999923706055,53.34532928466797,37263
2015-10-06,54.70000076293945,60.099998474121094,54.29999923706055,57.650001525878906,56.376869201660156,217417
2015-10-07,57.79999923706055,59.400001525878906,57.20000076293945,57.849998474121094,56.57244873046875,105487
2015-10-08,57.29999923706055,58.70000076293945,57.29999923706055,57.95000076293945,56.67024612426758,44703
2015-10-09,58.29999923706055,59.75,57.95000076293945,58.29999923706055,57.01251220703125,53011
2015-10-12,58.70000076293945,61.5,58.5,60.349998474121094,59.017242431640625,132677
2015-10-13,60.54999923706055,61.650001525878906,59.5,60.04999923706055,58.7238655090332,98146
2015-10-14,60.5,61.349998474121094,59.0,59.150001525878906,57.843746185302734,35731
2015-10-15,59.29999923706055,60.849998474121094,59.0,59.150001525878906,57.843746185302734,27712
2015-10-16,59.5,59.75,58.599998474121094,58.95000076293945,57.64815902709961,21445
2015-10-19,58.849998474121094,59.5,58.5,58.54999923706055,57.25699234008789,25940
2015-10-20,59.0,60.0,58.5,58.650001525878906,57.35478973388672,37330
2015-10-21,58.54999923706055,59.70000076293945,58.25,59.04999923706055,57.745948791503906,23829
2015-10-23,59.599998474121094,60.20000076293945,58.650001525878906,59.0,57.69705581665039,32373
2015-10-26,59.20000076293945,59.20000076293945,57.099998474121094,57.349998474121094,56.083492279052734,32047
2015-10-27,57.25,58.29999923706055,57.20000076293945,57.95000076293945,56.67024612426758,17014
2015-10-28,57.900001525878906,60.650001525878906,57.599998474121094,58.54999923706055,57.25699234008789,64045
2015-10-29,58.70000076293945,59.150001525878906,57.099998474121094,57.400001525878906,56.13239288330078,26380
2015-10-30,57.75,58.20000076293945,56.70000076293945,56.95000076293945,55.692325592041016,35167
2015-11-02,57.20000076293945,57.20000076293945,56.25,56.900001525878906,55.6434326171875,12072
2015-11-03,56.20000076293945,58.29999923706055,56.20000076293945,56.650001525878906,55.398956298828125,23209
2015-11-04,57.400001525878906,58.099998474121094,56.0,56.849998474121094,55.59453582763672,24090
2015-11-05,56.95000076293945,57.5,54.900001525878906,55.04999923706055,53.834285736083984,17138
2015-11-06,55.400001525878906,55.849998474121094,53.150001525878906,53.599998474121094,52.41630554199219,24097
2015-11-09,53.099998474121094,54.70000076293945,51.900001525878906,54.25,53.05195617675781,23312
2015-11-10,53.29999923706055,55.0,53.29999923706055,53.900001525878906,52.70968246459961,26652
2015-11-13,54.0,54.29999923706055,53.0,53.25,52.074039459228516,12736
2015-11-16,53.5,55.5,53.5,54.650001525878906,53.443119049072266,52056
2015-11-17,54.75,56.45000076293945,54.5,55.20000076293945,53.98097229003906,42877
2015-11-18,55.0,55.0,54.099998474121094,54.5,53.29643249511719,16541
2015-11-19,54.900001525878906,55.849998474121094,52.0,54.900001525878906,53.687599182128906,44695
2015-11-20,54.75,55.349998474121094,53.5,54.349998474121094,53.149742126464844,19721
2015-11-23,54.5,55.25,54.04999923706055,54.79999923706055,53.58980941772461,15540
2015-11-24,54.400001525878906,55.400001525878906,54.04999923706055,54.349998474121094,53.149742126464844,17653
2015-11-26,54.79999923706055,56.599998474121094,54.599998474121094,56.400001525878906,55.154476165771484,53801
2015-11-27,58.349998474121094,60.70000076293945,57.70000076293945,58.599998474121094,57.30588912963867,227472
2015-11-30,57.79999923706055,58.900001525878906,56.849998474121094,57.70000076293945,56.42576599121094,56701
2015-12-01,57.900001525878906,59.0,57.79999923706055,58.599998474121094,57.30588912963867,42100
2015-12-02,58.5,61.5,57.79999923706055,59.79999923706055,58.47938919067383,106857
2015-12-03,59.54999923706055,60.900001525878906,58.150001525878906,58.70000076293945,57.403682708740234,55312
2015-12-04,57.900001525878906,58.900001525878906,56.29999923706055,56.849998474121094,55.59453582763672,47760
2015-12-07,57.900001525878906,58.45000076293945,56.599998474121094,56.95000076293945,55.692325592041016,18773
2015-12-08,56.400001525878906,57.45000076293945,56.0,56.150001525878906,54.90999984741211,12025
2015-12-09,56.099998474121094,56.599998474121094,54.150001525878906,54.349998474121094,53.149742126464844,20681
2015-12-10,54.70000076293945,55.900001525878906,54.70000076293945,55.650001525878906,54.42103576660156,14417
2015-12-11,56.0,56.29999923706055,54.5,54.79999923706055,53.58980941772461,24381
2015-12-14,54.95000076293945,55.900001525878906,54.349998474121094,54.650001525878906,53.443119049072266,9315
2015-12-15,54.599998474121094,55.29999923706055,54.20000076293945,54.45000076293945,53.247535705566406,21432
2015-12-16,54.75,55.54999923706055,54.29999923706055,54.70000076293945,53.49201583862305,62641
2015-12-17,55.0,56.29999923706055,55.0,55.95000076293945,54.714412689208984,112269
2015-12-18,55.79999923706055,56.650001525878906,55.0,55.20000076293945,53.98097229003906,29365
2015-12-21,55.20000076293945,56.54999923706055,55.150001525878906,56.0,54.7633056640625,18653
2015-12-22,56.29999923706055,57.79999923706055,56.20000076293945,56.650001525878906,55.398956298828125,129068
2015-12-23,56.70000076293945,57.95000076293945,56.5,56.75,55.49674606323242,35243
2015-12-24,57.20000076293945,59.5,56.70000076293945,57.70000076293945,56.42576599121094,68066
2015-12-28,57.599998474121094,59.400001525878906,57.25,58.70000076293945,57.403682708740234,38835
2015-12-29,60.25,63.20000076293945,58.75,60.54999923706055,59.212825775146484,384043
2015-12-30,60.099998474121094,61.599998474121094,58.900001525878906,59.099998474121094,57.79484558105469,72595
2015-12-31,58.95000076293945,59.95000076293945,58.400001525878906,58.54999923706055,57.25699234008789,32241
2016-01-01,59.5,60.29999923706055,59.0,59.45000076293945,58.13711929321289,34354
2016-01-04,59.20000076293945,61.599998474121094,58.5,58.79999923706055,57.501468658447266,75114
2016-01-05,59.099998474121094,60.5,58.54999923706055,59.599998474121094,58.2838020324707,113530
2016-01-06,59.0,61.349998474121094,59.0,59.45000076293945,58.13711929321289,115560
2016-01-07,59.0,59.0,56.099998474121094,56.79999923706055,55.54563903808594,45018
2016-01-08,57.0,57.70000076293945,56.20000076293945,56.599998474121094,55.35005569458008,41737
2016-01-11,56.400001525878906,57.5,55.650001525878906,56.849998474121094,55.59453582763672,80977
2016-01-12,56.70000076293945,57.5,55.20000076293945,55.54999923706055,54.323246002197266,47462
2016-01-13,56.25,56.650001525878906,51.70000076293945,53.79999923706055,52.61189270019531,89151
2016-01-14,53.0,53.599998474121094,51.95000076293945,53.20000076293945,52.025142669677734,37226
2016-01-15,53.599998474121094,54.099998474121094,51.04999923706055,51.75,50.60716247558594,42644
2016-01-18,51.5,52.45000076293945,48.099998474121094,49.599998474121094,48.504642486572266,32915
2016-01-19,50.0,50.79999923706055,49.400001525878906,50.150001525878906,49.04249572753906,33864
2016-01-20,49.400001525878906,50.0,48.5,49.29999923706055,48.21126937866211,27644
2016-01-21,49.70000076293945,50.04999923706055,48.0,49.099998474121094,48.015682220458984,29950
2016-01-22,49.900001525878906,50.29999923706055,48.849998474121094,49.29999923706055,48.21126937866211,86736
2016-01-25,50.0,50.599998474121094,49.5,49.70000076293945,48.60243606567383,25889
2016-01-27,49.849998474121094,50.099998474121094,49.099998474121094,49.25,48.16237258911133,16446
2016-01-28,49.75,50.04999923706055,48.79999923706055,49.099998474121094,48.015682220458984,27328
2016-01-29,49.099998474121094,49.75,48.0,49.599998474121094,48.504642486572266,39452
2016-02-01,50.79999923706055,50.79999923706055,49.20000076293945,49.400001525878906,48.309059143066406,28517
2016-02-02,49.45000076293945,49.900001525878906,49.04999923706055,49.25,48.16237258911133,16958
2016-02-03,49.0,49.29999923706055,46.70000076293945,48.099998474121094,47.03776931762695,63512
2016-02-04,48.75,49.099998474121094,48.0,48.349998474121094,47.28224563598633,13673
2016-02-05,48.900001525878906,49.849998474121094,48.599998474121094,49.29999923706055,48.21126937866211,16223
2016-02-08,49.0,49.79999923706055,48.5,48.54999923706055,47.47783279418945,23472
2016-02-09,48.0,48.650001525878906,48.0,48.400001525878906,47.331146240234375,14140
2016-02-10,48.0,48.349998474121094,47.400001525878906,47.599998474121094,46.54880905151367,10372
2016-02-11,47.29999923706055,48.400001525878906,45.5,46.20000076293945,45.17973327636719,19362
2016-02-12,45.54999923706055,46.0,44.099998474121094,45.099998474121094,44.10401916503906,16183
2016-02-15,45.5,48.400001525878906,45.5,46.70000076293945,45.6686897277832,40756
2016-02-16,47.75,47.75,45.599998474121094,46.0,44.9841423034668,15081
2016-02-17,46.099998474121094,46.599998474121094,45.0,45.599998474121094,44.592979431152344,27480
2016-02-18,46.400001525878906,47.0,43.29999923706055,43.70000076293945,42.73493957519531,55338
2016-02-19,43.70000076293945,45.20000076293945,42.29999923706055,44.849998474121094,43.85954284667969,50429
2016-02-22,44.79999923706055,45.400001525878906,44.400001525878906,44.849998474121094,43.85954284667969,9345
2016-02-23,44.900001525878906,45.20000076293945,43.400001525878906,43.599998474121094,42.637142181396484,15656
2016-02-24,43.70000076293945,43.75,42.599998474121094,43.29999923706055,42.34376907348633,18930
2016-02-25,43.599998474121094,44.150001525878906,43.0,43.45000076293945,42.49045944213867,19053
2016-02-26,43.70000076293945,43.849998474121094,42.900001525878906,43.150001525878906,42.197086334228516,8642
2016-02-29,43.0,44.25,43.0,43.150001525878906,42.197086334228516,18610
2016-03-01,43.04999923706055,45.45000076293945,43.04999923706055,44.54999923706055,43.566165924072266,30402
2016-03-02,45.20000076293945,46.900001525878906,45.150001525878906,46.25,45.2286262512207,40940
2016-03-03,46.70000076293945,48.900001525878906,46.099998474121094,48.349998474121094,47.28224563598633,66715
2016-03-04,48.25,49.70000076293945,47.5,49.04999923706055,47.96678924560547,53028
2016-03-08,49.0,52.04999923706055,49.0,50.04999923706055,48.9447021484375,68285
2016-03-09,49.25,49.75,48.5,49.25,48.16237258911133,24480
2016-03-10,49.20000076293945,50.29999923706055,48.599998474121094,48.95000076293945,47.868995666503906,34199
2016-03-11,49.150001525878906,49.29999923706055,48.04999923706055,48.29999923706055,47.23335266113281,32672
2016-03-14,48.849998474121094,49.54999923706055,47.900001525878906,48.04999923706055,46.98887252807617,13435
2016-03-15,47.75,48.54999923706055,47.599998474121094,47.79999923706055,46.74439239501953,12091
2016-03-16,48.70000076293945,48.70000076293945,47.150001525878906,47.70000076293945,46.646602630615234,13692
2016-03-17,49.0,52.20000076293945,48.099998474121094,50.04999923706055,48.9447021484375,137422
2016-03-18,51.79999923706055,51.79999923706055,49.900001525878906,50.849998474121094,49.72703552246094,85524
2016-03-21,50.95000076293945,54.70000076293945,50.650001525878906,52.650001525878906,51.48728942871094,222280
2016-03-22,52.70000076293945,53.099998474121094,51.400001525878906,51.900001525878906,50.75385284423828,48986
2016-03-23,52.20000076293945,54.29999923706055,51.849998474121094,52.54999923706055,51.38949203491211,127921
2016-03-28,52.599998474121094,54.0,51.0,51.20000076293945,50.06930923461914,33222
2016-03-29,50.900001525878906,51.349998474121094,49.099998474121094,49.650001525878906,48.55353927612305,31212
2016-03-30,50.0,51.70000076293945,49.95000076293945,50.849998474121094,49.72703552246094,32465
2016-03-31,51.70000076293945,52.099998474121094,50.54999923706055,50.75,49.62924575805664,53315
2016-04-01,51.20000076293945,52.5,50.349998474121094,51.400001525878906,50.264892578125,62012
2016-04-04,51.650001525878906,52.5,51.349998474121094,51.79999923706055,50.65605926513672,20800
2016-04-05,51.20000076293945,51.849998474121094,49.150001525878906,50.0,48.89581298828125,30532
2016-04-06,50.04999923706055,50.70000076293945,49.70000076293945,50.400001525878906,49.28697967529297,19029
2016-04-07,50.0,51.5,50.0,50.349998474121094,49.23807907104492,14431
2016-04-08,50.150001525878906,50.900001525878906,49.79999923706055,50.20000076293945,49.091392517089844,18501
2016-04-11,50.25,51.5,50.0,50.75,49.62924575805664,24014
2016-04-12,50.70000076293945,51.599998474121094,50.70000076293945,51.099998474121094,49.971519470214844,14970
2016-04-13,51.20000076293945,53.29999923706055,51.099998474121094,51.70000076293945,50.55826950073242,45183
2016-04-18,52.25,52.70000076293945,51.650001525878906,52.29999923706055,51.145015716552734,21669
2016-04-20,52.29999923706055,58.0,52.29999923706055,56.70000076293945,55.44784927368164,290300
2016-04-21,58.70000076293945,59.0,56.349998474121094,57.0,55.7412223815918,203115
2016-04-22,57.0,57.04999923706055,56.0,56.349998474121094,55.10557556152344,37378
2016-04-25,56.70000076293945,56.70000076293945,54.54999923706055,54.75,53.54091262817383,38397
2016-04-26,54.54999923706055,56.29999923706055,53.95000076293945,54.54999923706055,53.34532928466797,130537
2016-04-27,54.849998474121094,56.599998474121094,54.849998474121094,55.849998474121094,54.61661911010742,67156
2016-04-28,56.0,56.0,54.150001525878906,54.54999923706055,53.34532928466797,40563
2016-04-29,54.20000076293945,54.95000076293945,53.54999923706055,53.849998474121094,52.66078186035156,38987
2016-05-02,53.75,55.349998474121094,53.0,54.75,53.54091262817383,50749
2016-05-03,54.349998474121094,55.599998474121094,53.849998474121094,54.20000076293945,53.00305938720703,33241
2016-05-04,53.900001525878906,55.0,52.79999923706055,53.04999923706055,51.87845230102539,33603
2016-05-05,52.95000076293945,53.70000076293945,51.79999923706055,52.29999923706055,51.145015716552734,26327
2016-05-06,52.45000076293945,53.5,51.25,51.95000076293945,50.8027458190918,35232
2016-05-09,52.29999923706055,52.849998474121094,51.25,51.5,50.3626823425293,26119
2016-05-10,52.0,52.349998474121094,51.599998474121094,51.849998474121094,50.7049560546875,18322
2016-05-11,51.5,52.0,51.0,51.20000076293945,50.06930923461914,15064
2016-05-12,51.75,53.900001525878906,51.45000076293945,52.75,51.585079193115234,66632
2016-05-13,52.5,52.5,51.0,51.650001525878906,50.50937271118164,21894
2016-05-16,52.0,52.900001525878906,51.04999923706055,51.70000076293945,50.55826950073242,21119
2016-05-17,52.25,52.650001525878906,51.599998474121094,51.75,50.60716247558594,25199
2016-05-18,52.0,52.0,51.20000076293945,51.599998474121094,50.46047592163086,11490
2016-05-19,51.79999923706055,52.54999923706055,51.0,51.150001525878906,50.020416259765625,15919
2016-05-20,51.099998474121094,51.150001525878906,50.0,50.25,49.140289306640625,16930
2016-05-23,50.599998474121094,50.599998474121094,46.75,47.150001525878906,46.10874938964844,54726
2016-05-24,47.599998474121094,48.099998474121094,42.29999923706055,42.75,41.80591583251953,215351
2016-05-25,43.400001525878906,46.0,43.400001525878906,45.400001525878906,44.39739990234375,117135
2016-05-26,45.900001525878906,45.900001525878906,43.04999923706055,44.54999923706055,43.566165924072266,103497
2016-05-27,45.0,45.849998474121094,44.900001525878906,45.400001525878906,44.39739990234375,23752
2016-05-30,46.0,46.849998474121094,44.150001525878906,45.79999923706055,44.78855895996094,103836
2016-05-31,46.0,46.849998474121094,45.04999923706055,45.45000076293945,44.4462890625,86242
2016-06-01,45.400001525878906,47.54999923706055,45.400001525878906,46.75,45.71758270263672,88983
2016-06-02,47.0,47.25,45.79999923706055,46.349998474121094,45.326412200927734,45619
2016-06-03,47.04999923706055,48.349998474121094,46.400001525878906,46.599998474121094,45.570892333984375,59591
2016-06-06,46.900001525878906,47.45000076293945,46.20000076293945,46.650001525878906,45.61979293823242,23267
2016-06-07,46.95000076293945,47.150001525878906,46.29999923706055,46.650001525878906,45.61979293823242,13579
2016-06-08,46.45000076293945,48.0,46.45000076293945,47.5,46.45102310180664,49467
2016-06-09,49.900001525878906,54.5,48.20000076293945,53.45000076293945,52.269622802734375,1076211
2016-06-10,54.0,54.0,52.04999923706055,52.70000076293945,51.53618621826172,219383
2016-06-13,52.099998474121094,54.099998474121094,51.25,52.650001525878906,51.48728942871094,141501
2016-06-14,52.95000076293945,55.29999923706055,52.400001525878906,53.70000076293945,52.514102935791016,177260
2016-06-15,54.400001525878906,54.400001525878906,50.25,53.099998474121094,51.92734909057617,297270
2016-06-16,53.29999923706055,53.650001525878906,52.04999923706055,52.599998474121094,51.43838882446289,59459
2016-06-17,52.900001525878906,53.5,52.29999923706055,52.650001525878906,51.48728942871094,45834
2016-06-20,52.599998474121094,53.400001525878906,51.599998474121094,52.400001525878906,51.24281311035156,56590
2016-06-21,52.5,53.20000076293945,51.95000076293945,52.099998474121094,50.949432373046875,27764
2016-06-22,52.25,54.150001525878906,52.0,52.900001525878906,51.73176956176758,125076
2016-06-23,53.0,53.79999923706055,51.79999923706055,52.099998474121094,50.949432373046875,56452
2016-06-24,51.45000076293945,51.45000076293945,49.099998474121094,50.79999923706055,49.67814254760742,64118
2016-06-27,51.0,51.5,50.0,50.849998474121094,49.72703552246094,35509
2016-06-28,51.400001525878906,55.25,51.0,53.099998474121094,51.92734909057617,221557
2016-06-29,53.849998474121094,55.599998474121094,53.599998474121094,54.20000076293945,53.00305938720703,241467
2016-06-30,54.900001525878906,54.900001525878906,52.650001525878906,53.25,52.074039459228516,186089
2016-07-01,53.900001525878906,54.79999923706055,53.54999923706055,53.75,52.56299591064453,60263
2016-07-04,54.5,55.20000076293945,53.900001525878906,54.54999923706055,53.34532928466797,79701
2016-07-05,55.20000076293945,60.45000076293945,54.75,57.75,56.47465896606445,886487
2016-07-07,57.650001525878906,63.400001525878906,56.849998474121094,61.099998474121094,59.75067901611328,839593
2016-07-08,61.20000076293945,63.0,59.5,61.849998474121094,60.48411560058594,325507
2016-07-11,62.70000076293945,63.95000076293945,61.150001525878906,62.150001525878906,60.777496337890625,208918
2016-07-12,62.900001525878906,65.0,62.099998474121094,63.20000076293945,61.80430603027344,370032
2016-07-13,64.5,67.9000015258789,64.5,66.05000305175781,64.59136199951172,667229
2016-07-14,66.69999694824219,68.80000305175781,66.3499984741211,67.0999984741211,65.61817932128906,219502
2016-07-15,67.5,67.5999984741211,64.55000305175781,64.9000015258789,63.46676254272461,153194
2016-07-18,65.80000305175781,65.9000015258789,62.5,62.79999923706055,61.41313552856445,87881
2016-07-19,62.79999923706055,63.599998474121094,61.04999923706055,62.099998474121094,60.72859573364258,83617
2016-07-20,62.400001525878906,63.650001525878906,62.25,62.900001525878906,61.51093292236328,83176
2016-07-21,63.099998474121094,64.75,61.29999923706055,62.650001525878906,61.26645278930664,124964
2016-07-22,62.650001525878906,63.70000076293945,62.0,62.650001525878906,61.26645278930664,65954
2016-07-25,62.75,63.70000076293945,62.5,63.0,61.60871887207031,74085
2016-07-26,63.25,66.80000305175781,62.75,64.80000305175781,63.36897659301758,306109
2016-07-27,65.19999694824219,65.75,63.650001525878906,64.55000305175781,63.12449264526367,125069
2016-07-28,64.5999984741211,66.0999984741211,64.19999694824219,65.1500015258789,63.711238861083984,118896
2016-07-29,65.0999984741211,65.5,63.900001525878906,64.1500015258789,62.73332595825195,45898
2016-08-01,64.1500015258789,64.8499984741211,61.95000076293945,62.29999923706055,60.92417907714844,80712
2016-08-02,62.650001525878906,63.70000076293945,61.25,61.45000076293945,60.09294891357422,56054
2016-08-03,62.0,62.04999923706055,59.849998474121094,60.20000076293945,58.87055587768555,50159
2016-08-04,61.099998474121094,61.5,60.25,60.75,59.408409118652344,55349
2016-08-05,61.29999923706055,63.400001525878906,61.29999923706055,62.25,60.875282287597656,78296
2016-08-08,63.25,63.25,61.400001525878906,61.900001525878906,60.53301239013672,52634
2016-08-09,61.95000076293945,62.20000076293945,61.04999923706055,61.349998474121094,59.99515914916992,35104
2016-08-10,61.54999923706055,61.599998474121094,59.099998474121094,59.349998474121094,58.03932189941406,32790
2016-08-11,59.900001525878906,60.29999923706055,58.75,59.099998474121094,57.79484558105469,58707
2016-08-12,59.599998474121094,63.29999923706055,59.599998474121094,62.04999923706055,60.6796989440918,206462
2016-08-16,63.0,64.5,62.400001525878906,64.0999984741211,62.684425354003906,98957
2016-08-17,64.19999694824219,65.19999694824219,63.70000076293945,64.05000305175781,62.635536193847656,58029
2016-08-18,64.0,65.75,64.0,64.94999694824219,63.51565170288086,89530
2016-08-19,65.05000305175781,71.8499984741211,64.5,70.0999984741211,68.55192565917969,782955
2016-08-22,70.75,73.5999984741211,68.75,70.0999984741211,68.55192565917969,699071
2016-08-23,67.0,68.0,66.05000305175781,66.25,64.78694915771484,260078
2016-08-24,66.4000015258789,69.8499984741211,66.4000015258789,68.30000305175781,66.79167938232422,321049
2016-08-25,68.30000305175781,68.94999694824219,66.25,67.0,65.5203857421875,110394
2016-08-26,67.05000305175781,67.5999984741211,64.30000305175781,65.1500015258789,63.711238861083984,128990
2016-08-29,65.0999984741211,65.69999694824219,63.900001525878906,64.1500015258789,62.73332595825195,67874
2016-08-30,64.9000015258789,66.5999984741211,64.4000015258789,65.25,63.80903244018555,107545
2016-08-31,65.4000015258789,69.4000015258789,65.0999984741211,65.5999984741211,64.15129852294922,310964
2016-09-01,66.0,67.30000305175781,64.5,65.05000305175781,63.61345291137695,71490
2016-09-02,65.0,68.1500015258789,64.69999694824219,66.25,64.78694915771484,161461
2016-09-06,66.55000305175781,66.5999984741211,65.0,65.0,63.56455612182617,79016
2016-09-07,65.30000305175781,69.5,65.05000305175781,68.69999694824219,67.18284606933594,326325
2016-09-08,68.8499984741211,70.5,67.9000015258789,68.5999984741211,67.08505249023438,163233
2016-09-09,68.5,69.0,66.5,66.8499984741211,65.37370300292969,97645
2016-09-12,65.0999984741211,67.4000015258789,63.5,64.69999694824219,63.271175384521484,86177
2016-09-14,64.1500015258789,65.5999984741211,64.0,64.55000305175781,63.12449264526367,68335
2016-09-15,65.0,66.75,64.8499984741211,65.75,64.2979965209961,79065
2016-09-16,66.5,66.6500015258789,62.5,63.20000076293945,61.80430603027344,73939
2016-09-19,63.400001525878906,64.0999984741211,63.0,63.5,62.097679138183594,60717
2016-09-20,63.5,63.79999923706055,62.75,63.099998474121094,61.70650863647461,50615
2016-09-21,62.849998474121094,64.80000305175781,62.849998474121094,63.349998474121094,61.95098876953125,61147
2016-09-22,63.900001525878906,64.80000305175781,63.29999923706055,63.70000076293945,62.29326248168945,48253
2016-09-23,63.599998474121094,64.4000015258789,63.0,63.349998474121094,61.95098876953125,49682
2016-09-26,63.45000076293945,66.80000305175781,63.150001525878906,65.19999694824219,63.7601318359375,183840
2016-09-27,66.19999694824219,66.69999694824219,64.3499984741211,64.94999694824219,63.51565170288086,53065
2016-09-28,64.94999694824219,67.3499984741211,64.5999984741211,65.3499984741211,63.90682601928711,112275
2016-09-29,63.400001525878906,63.400001525878906,61.70000076293945,62.099998474121094,60.72859573364258,314134
2016-09-30,62.0,62.0,59.599998474121094,59.75,58.43049240112305,230350
2016-10-03,59.900001525878906,60.349998474121094,59.349998474121094,60.0,58.67497253417969,237019
2016-10-04,60.400001525878906,60.54999923706055,59.400001525878906,59.70000076293945,58.38159942626953,116122
2016-10-05,59.95000076293945,60.0,59.20000076293945,59.5,58.186012268066406,76602
2016-10-06,60.0,60.349998474121094,58.70000076293945,59.04999923706055,57.745948791503906,59690
2016-10-07,59.5,59.75,58.79999923706055,58.95000076293945,57.64815902709961,37763
2016-10-10,59.20000076293945,59.70000076293945,58.900001525878906,59.04999923706055,57.745948791503906,54010
2016-10-13,58.95000076293945,59.150001525878906,57.70000076293945,57.900001525878906,56.6213493347168,54237
2016-10-14,58.400001525878906,59.25,57.25,58.400001525878906,57.11030578613281,58215
2016-10-17,58.400001525878906,59.599998474121094,57.900001525878906,58.0,56.719139099121094,100028
2016-10-18,58.0,60.099998474121094,57.95000076293945,59.5,58.186012268066406,129556
2016-10-19,60.0,60.150001525878906,58.849998474121094,59.150001525878906,57.843746185302734,47590
2016-10-20,59.0,60.099998474121094,59.0,59.25,57.94153594970703,66766
2016-10-21,59.400001525878906,59.400001525878906,58.54999923706055,58.79999923706055,57.501468658447266,37691
2016-10-24,58.900001525878906,59.54999923706055,58.5,59.04999923706055,57.745948791503906,68026
2016-10-25,59.29999923706055,61.95000076293945,58.5,61.349998474121094,59.99515914916992,269619
2016-10-26,61.900001525878906,62.29999923706055,59.04999923706055,60.0,58.67497253417969,138683
2016-10-27,59.20000076293945,61.099998474121094,58.599998474121094,59.04999923706055,57.745948791503906,86472
2016-10-28,59.04999923706055,60.400001525878906,58.95000076293945,59.650001525878906,58.33270263671875,115233
2016-11-01,59.95000076293945,62.75,59.5,61.900001525878906,60.53301239013672,372403
2016-11-02,61.0,63.849998474121094,60.70000076293945,61.20000076293945,59.848472595214844,872026
2016-11-03,62.5,62.849998474121094,59.849998474121094,60.25,58.91945266723633,363771
2016-11-04,60.5,60.650001525878906,57.5,57.849998474121094,56.57244873046875,171739
2016-11-07,60.25,60.25,58.5,58.849998474121094,57.55036544799805,158380
2016-11-08,60.099998474121094,60.150001525878906,58.0,58.20000076293945,56.91472244262695,87858
2016-11-09,52.0,57.45000076293945,50.099998474121094,56.45000076293945,55.203369140625,185949
2016-11-10,57.400001525878906,62.0,57.400001525878906,60.099998474121094,58.77275848388672,309254
2016-11-11,59.29999923706055,61.95000076293945,58.849998474121094,60.04999923706055,58.7238655090332,237545
2016-11-15,61.20000076293945,61.5,57.04999923706055,57.349998474121094,56.083492279052734,119966
2016-11-16,58.70000076293945,58.900001525878906,56.849998474121094,57.0,55.7412223815918,64302
2016-11-17,57.5,58.29999923706055,55.5,56.349998474121094,55.10557556152344,83051
2016-11-18,56.650001525878906,57.0,55.0,55.29999923706055,54.078765869140625,63327
2016-11-21,55.5,56.29999923706055,54.150001525878906,54.45000076293945,53.247535705566406,64307
2016-11-22,55.0,56.900001525878906,54.099998474121094,55.849998474121094,54.61661911010742,68498
2016-11-23,56.54999923706055,57.400001525878906,56.0,56.25,55.007781982421875,82307
2016-11-24,56.349998474121094,60.29999923706055,56.349998474121094,58.75,57.45257568359375,230751
2016-11-25,60.0,62.5,60.0,61.150001525878906,59.79957580566406,406429
2016-11-28,61.150001525878906,62.5,61.0,61.400001525878906,60.04405212402344,150542
2016-11-29,61.70000076293945,62.0,59.599998474121094,59.95000076293945,58.62607955932617,97686
2016-11-30,59.79999923706055,59.79999923706055,58.5,58.79999923706055,57.501468658447266,98582
2016-12-01,59.20000076293945,62.599998474121094,59.0,60.54999923706055,59.212825775146484,392894
2016-12-02,59.95000076293945,60.900001525878906,58.29999923706055,58.75,57.45257568359375,160377
2016-12-05,59.0,60.20000076293945,58.70000076293945,59.599998474121094,58.2838020324707,98611
2016-12-06,60.5,61.79999923706055,60.0,61.349998474121094,59.99515914916992,169869
2016-12-07,62.5,65.8499984741211,62.099998474121094,63.20000076293945,61.80430603027344,1062460
2016-12-08,64.75,65.4000015258789,63.25,63.900001525878906,62.48884582519531,473258
2016-12-09,65.0,65.05000305175781,63.599998474121094,63.75,62.342159271240234,192699
2016-12-12,63.5,65.3499984741211,62.650001525878906,63.20000076293945,61.80430603027344,314051
2016-12-13,64.5999984741211,64.5999984741211,60.79999923706055,61.150001525878906,59.79957580566406,368073
2016-12-14,61.599998474121094,61.599998474121094,59.099998474121094,59.45000076293945,58.13711929321289,159396
2016-12-15,59.0,60.25,58.75,59.20000076293945,57.89263916015625,178041
2016-12-16,59.5,59.599998474121094,58.20000076293945,58.5,57.208099365234375,65567
2016-12-19,58.5,58.900001525878906,57.849998474121094,58.04999923706055,56.768035888671875,82613
2016-12-20,58.04999923706055,60.400001525878906,57.5,58.29999923706055,57.01251220703125,190732
2016-12-21,58.70000076293945,59.25,57.95000076293945,58.099998474121094,56.816932678222656,58945
2016-12-22,58.099998474121094,58.400001525878906,55.849998474121094,56.349998474121094,55.10557556152344,130228
2016-12-23,56.29999923706055,60.0,55.900001525878906,58.54999923706055,57.25699234008789,356602
2016-12-26,58.20000076293945,61.70000076293945,57.849998474121094,58.25,56.963619232177734,464309
2016-12-27,58.5,59.45000076293945,57.5,58.29999923706055,57.01251220703125,126379
2016-12-28,58.5,60.5,58.5,59.099998474121094,57.79484558105469,176444
2016-12-29,59.0,59.900001525878906,58.54999923706055,59.25,57.94153594970703,76773
2016-12-30,59.29999923706055,60.70000076293945,59.25,59.54999923706055,58.23490905761719,120302
2017-01-02,59.29999923706055,64.9000015258789,59.29999923706055,63.900001525878906,62.48884582519531,1473035
2017-01-03,63.900001525878906,64.05000305175781,61.900001525878906,62.400001525878906,61.021976470947266,654345
2017-01-04,62.650001525878906,63.5,61.79999923706055,62.150001525878906,60.777496337890625,278023
2017-01-05,62.400001525878906,64.4000015258789,62.099998474121094,63.45000076293945,62.04878616333008,630080
2017-01-06,63.95000076293945,64.0,61.5,62.0,60.630802154541016,202998
2017-01-09,62.599998474121094,65.55000305175781,62.29999923706055,64.55000305175781,63.12449264526367,1045098
2017-01-10,64.94999694824219,68.3499984741211,63.79999923706055,67.75,66.25382232666016,1596331
2017-01-11,68.4000015258789,69.5,67.0,67.4000015258789,65.91155242919922,841183
2017-01-12,67.5,70.30000305175781,66.25,69.44999694824219,67.9162826538086,1529004
2017-01-13,69.9000015258789,70.30000305175781,68.0,68.19999694824219,66.69388580322266,540752
2017-01-16,68.4000015258789,69.25,67.05000305175781,67.44999694824219,65.96044158935547,458543
2017-01-17,67.94999694824219,68.0,65.0999984741211,65.30000305175781,63.85792541503906,280504
2017-01-18,65.9000015258789,66.19999694824219,64.69999694824219,65.0999984741211,63.66234588623047,305829
2017-01-19,65.30000305175781,69.4000015258789,65.25,67.4000015258789,65.91155242919922,684586
2017-01-20,67.30000305175781,67.9000015258789,64.5,64.75,63.32007598876953,309899
2017-01-23,64.5,66.5,64.5,65.94999694824219,64.49356842041016,223949
2017-01-24,66.30000305175781,67.05000305175781,65.0,66.0,64.54247283935547,205607
2017-01-25,67.9000015258789,70.4000015258789,66.5,69.9000015258789,68.3563461303711,875453
2017-01-27,70.55000305175781,71.19999694824219,68.0,68.6500015258789,67.13394165039062,322438
2017-01-30,68.80000305175781,69.0,67.19999694824219,67.5999984741211,66.10713958740234,122731
2017-01-31,67.6500015258789,68.25,66.0999984741211,66.3499984741211,64.88473510742188,150759
2017-02-01,66.5,68.75,66.5,68.19999694824219,66.69388580322266,395697
2017-02-02,68.0,70.30000305175781,67.44999694824219,68.94999694824219,67.42732238769531,340123
2017-02-03,69.5999984741211,69.5999984741211,67.0999984741211,67.30000305175781,65.81375885009766,290433
2017-02-06,68.0,68.55000305175781,67.19999694824219,67.55000305175781,66.05824279785156,101134
2017-02-07,67.75,68.1500015258789,66.3499984741211,66.69999694824219,65.22700500488281,113478
2017-02-08,67.0999984741211,68.30000305175781,67.0999984741211,67.9000015258789,66.40050506591797,126535
2017-02-09,67.94999694824219,69.19999694824219,67.05000305175781,67.6500015258789,66.1560287475586,189925
2017-02-10,68.0,71.69999694824219,68.0,69.69999694824219,68.16075897216797,1269933
2017-02-13,70.9000015258789,71.6500015258789,69.05000305175781,69.80000305175781,68.25856018066406,422274
2017-02-14,70.44999694824219,71.4000015258789,69.3499984741211,69.9000015258789,68.3563461303711,262867
2017-02-15,70.0,70.1500015258789,66.80000305175781,67.1500015258789,65.66706848144531,133072
2017-02-16,67.44999694824219,69.0999984741211,66.5,68.69999694824219,67.18284606933594,185886
2017-02-17,69.0,69.1500015258789,67.4000015258789,67.6500015258789,66.1560287475586,109356
2017-02-20,68.0,69.69999694824219,68.0,68.9000015258789,67.37842559814453,130376
2017-02-21,68.94999694824219,72.0999984741211,68.9000015258789,70.80000305175781,69.2364730834961,511649
2017-02-22,71.5,71.9000015258789,69.19999694824219,69.75,68.20964813232422,255893
2017-02-23,69.5,69.69999694824219,68.0,68.19999694824219,66.69388580322266,138852
2017-02-27,68.5,70.1500015258789,67.94999694824219,68.3499984741211,66.840576171875,280828
2017-02-28,68.6500015258789,68.75,67.5,67.94999694824219,66.44940948486328,104409
2017-03-01,68.25,71.0,68.19999694824219,70.4000015258789,68.84529876708984,372553
2017-03-02,70.9000015258789,72.0,69.0999984741211,69.44999694824219,67.9162826538086,362248
2017-03-03,69.3499984741211,69.80000305175781,68.4000015258789,69.0,67.47621154785156,146024
2017-03-06,69.69999694824219,71.0,69.0999984741211,69.4000015258789,67.86737823486328,259482
2017-03-07,69.6500015258789,70.0999984741211,68.44999694824219,68.5999984741211,67.08505249023438,99687
2017-03-08,68.9000015258789,69.3499984741211,67.05000305175781,67.4000015258789,65.91155242919922,79585
2017-03-09,67.30000305175781,67.69999694824219,66.44999694824219,66.8499984741211,65.37370300292969,80733
2017-03-10,67.0,67.1500015258789,65.05000305175781,65.19999694824219,63.7601318359375,103860
2017-03-14,67.3499984741211,67.4000015258789,64.9000015258789,65.4000015258789,63.955718994140625,100264
2017-03-15,65.80000305175781,68.19999694824219,65.5999984741211,66.94999694824219,65.47148895263672,207402
2017-03-16,67.30000305175781,69.94999694824219,67.30000305175781,68.80000305175781,67.2806396484375,352298
2017-03-17,69.44999694824219,69.5999984741211,67.30000305175781,67.5,66.00934600830078,157237
2017-03-20,67.94999694824219,68.6500015258789,67.1500015258789,67.5,66.00934600830078,96194
2017-03-21,67.8499984741211,68.0999984741211,66.4000015258789,67.0,65.5203857421875,68229
2017-03-22,66.3499984741211,66.5,65.44999694824219,65.9000015258789,64.4446792602539,84661
2017-03-23,66.44999694824219,68.4000015258789,66.44999694824219,67.44999694824219,65.96044158935547,155404
2017-03-24,67.25,68.5,66.44999694824219,66.80000305175781,65.32479858398438,109159
2017-03-27,66.80000305175781,67.05000305175781,65.5,65.9000015258789,64.4446792602539,54370
2017-03-28,66.3499984741211,66.69999694824219,65.25,65.3499984741211,63.90682601928711,74274
2017-03-29,65.9000015258789,66.30000305175781,65.0,65.19999694824219,63.7601318359375,76630
2017-03-30,65.19999694824219,66.30000305175781,65.19999694824219,65.44999694824219,64.0046157836914,83944
2017-03-31,65.9000015258789,67.0999984741211,65.75,66.0999984741211,64.6402587890625,162140
2017-04-03,66.5,67.1500015258789,66.25,66.75,65.27590942382812,141850
2017-04-05,66.69999694824219,69.94999694824219,66.5999984741211,68.8499984741211,67.32952880859375,342544
2017-04-06,68.8499984741211,70.69999694824219,68.5,69.05000305175781,67.52511596679688,179438
2017-04-07,68.69999694824219,69.0,67.0,67.3499984741211,65.86265563964844,91650
2017-04-10,67.94999694824219,68.69999694824219,67.0999984741211,67.5999984741211,66.10713958740234,94282
2017-04-11,67.1500015258789,69.25,67.1500015258789,68.19999694824219,66.69388580322266,167695
2017-04-12,68.0,68.4000015258789,66.0,66.5,65.03142547607422,138216
2017-04-13,67.80000305175781,67.80000305175781,66.0,66.19999694824219,64.73805236816406,184342
2017-04-17,66.5,67.0999984741211,65.44999694824219,66.0999984741211,64.6402587890625,103416
2017-04-18,66.25,68.0,64.3499984741211,64.9000015258789,63.46676254272461,222534
2017-04-19,65.25,65.4000015258789,64.30000305175781,65.0,63.56455612182617,96495
2017-04-20,65.05000305175781,66.0,65.05000305175781,65.5999984741211,64.15129852294922,124559
2017-04-21,65.94999694824219,67.44999694824219,65.30000305175781,66.30000305175781,64.83584594726562,225976
2017-04-24,67.0,67.94999694824219,66.30000305175781,66.55000305175781,65.080322265625,124021
2017-04-25,66.5999984741211,67.44999694824219,66.0,66.19999694824219,64.73805236816406,100512
2017-04-26,66.75,67.5,64.5,65.19999694824219,63.7601318359375,116278
2017-04-27,65.69999694824219,65.80000305175781,64.80000305175781,65.30000305175781,63.85792541503906,71752
2017-04-28,65.1500015258789,66.4000015258789,65.05000305175781,65.9000015258789,64.4446792602539,86490
2017-05-02,65.8499984741211,66.5999984741211,65.55000305175781,65.80000305175781,64.34688568115234,73335
2017-05-03,65.8499984741211,67.5,65.44999694824219,65.80000305175781,64.34688568115234,122180
2017-05-04,66.0,66.0999984741211,65.0,65.1500015258789,63.711238861083984,61489
2017-05-05,65.19999694824219,65.19999694824219,63.349998474121094,63.599998474121094,62.19546890258789,75029
2017-05-08,64.19999694824219,64.5,63.5,63.75,62.342159271240234,61503
2017-05-09,64.0,64.6500015258789,63.75,63.900001525878906,62.48884582519531,98796
2017-05-10,64.19999694824219,64.8499984741211,63.650001525878906,63.849998474121094,62.439945220947266,142710
2017-05-11,63.04999923706055,64.69999694824219,63.04999923706055,63.95000076293945,62.537742614746094,82887
2017-05-12,64.0999984741211,64.19999694824219,63.099998474121094,63.29999923706055,61.90209197998047,48738
2017-05-15,63.75,66.9000015258789,63.5,66.75,65.27590942382812,275406
2017-05-16,67.69999694824219,68.0,66.0999984741211,66.44999694824219,64.98252868652344,176012
2017-05-17,66.44999694824219,67.5,66.44999694824219,66.75,65.27590942382812,100188
2017-05-18,68.80000305175781,71.8499984741211,68.05000305175781,68.5999984741211,67.08505249023438,1868980
2017-05-19,69.55000305175781,70.0,67.25,68.1500015258789,66.64498901367188,327394
2017-05-22,68.5,69.05000305175781,65.6500015258789,66.0999984741211,64.6402587890625,150394
2017-05-23,66.25,66.25,63.5,64.0999984741211,62.684425354003906,128484
2017-05-24,64.0,64.5999984741211,61.900001525878906,62.29999923706055,60.92417907714844,126808
2017-05-25,62.5,63.349998474121094,61.099998474121094,62.95000076293945,61.55982971191406,78761
2017-05-26,63.5,65.69999694824219,62.900001525878906,64.75,63.32007598876953,166800
2017-05-29,64.5999984741211,65.0,62.599998474121094,62.900001525878906,61.51093292236328,104858
2017-05-30,62.75,63.54999923706055,60.599998474121094,62.650001525878906,61.26645278930664,104709
2017-05-31,63.25,64.30000305175781,62.29999923706055,63.099998474121094,61.70650863647461,52014
2017-06-01,63.0,63.75,62.79999923706055,63.150001525878906,61.755409240722656,30219
2017-06-02,63.650001525878906,63.849998474121094,63.0,63.29999923706055,61.90209197998047,63903
2017-06-05,64.0,64.0,60.5,62.70000076293945,61.31534957885742,66213
2017-06-06,62.79999923706055,63.20000076293945,62.0,62.150001525878906,60.777496337890625,31837
2017-06-07,62.150001525878906,63.25,62.099998474121094,62.349998474121094,60.97307586669922,57464
2017-06-08,62.650001525878906,66.80000305175781,62.400001525878906,65.25,63.80903244018555,527938
2017-06-09,64.9000015258789,65.25,63.70000076293945,64.05000305175781,62.635536193847656,101112
2017-06-12,63.5,65.75,63.5,64.3499984741211,62.92890167236328,163329
2017-06-13,64.5999984741211,65.19999694824219,63.54999923706055,63.650001525878906,62.24436950683594,45742
2017-06-14,64.0,64.9000015258789,63.099998474121094,64.0999984741211,62.684425354003906,111175
2017-06-15,64.0,66.9000015258789,63.75,65.9000015258789,64.4446792602539,299532
2017-06-16,65.5999984741211,66.5,64.4000015258789,64.5999984741211,63.17338180541992,93234
2017-06-19,64.80000305175781,65.9000015258789,64.5,65.0,63.56455612182617,66483
2017-06-20,64.55000305175781,65.8499984741211,64.55000305175781,64.75,63.32007598876953,46604
2017-06-21,64.44999694824219,65.25,64.05000305175781,64.1500015258789,62.73332595825195,40567
2017-06-22,64.8499984741211,66.0999984741211,64.69999694824219,64.8499984741211,63.41786575317383,99404
2017-06-23,65.30000305175781,65.5,63.150001525878906,63.70000076293945,62.29326248168945,79235
2017-06-27,63.75,64.0,62.349998474121094,62.54999923706055,61.16865539550781,47817
2017-06-28,62.54999923706055,63.70000076293945,62.5,62.79999923706055,61.41313552856445,38115
2017-06-29,64.0999984741211,64.75,63.900001525878906,64.0999984741211,62.684425354003906,76399
2017-06-30,63.900001525878906,64.80000305175781,63.54999923706055,63.79999923706055,62.391048431396484,47550
2017-07-03,64.75,65.1500015258789,64.05000305175781,64.6500015258789,63.22228240966797,61833
2017-07-04,64.55000305175781,66.1500015258789,64.44999694824219,65.1500015258789,63.711238861083984,85664
2017-07-05,65.80000305175781,66.9000015258789,65.5999984741211,66.05000305175781,64.59136199951172,152489
2017-07-06,66.30000305175781,67.19999694824219,65.75,66.0,64.54247283935547,108374
2017-07-07,66.0999984741211,66.44999694824219,64.94999694824219,65.0999984741211,63.66234588623047,85236
2017-07-10,65.30000305175781,66.69999694824219,64.5,65.3499984741211,63.90682601928711,139612
2017-07-11,65.5,66.44999694824219,64.25,64.94999694824219,63.51565170288086,96649
2017-07-12,65.25,65.75,65.0,65.25,63.80903244018555,46165
2017-07-13,65.8499984741211,66.19999694824219,64.5,64.9000015258789,63.46676254272461,75301
2017-07-14,64.9000015258789,65.30000305175781,64.0,64.19999694824219,62.78221893310547,69180
2017-07-17,64.3499984741211,65.44999694824219,64.05000305175781,64.69999694824219,63.271175384521484,58393
2017-07-18,64.75,66.19999694824219,64.6500015258789,65.0,63.56455612182617,90732
2017-07-19,65.69999694824219,66.0,65.0999984741211,65.4000015258789,63.955718994140625,53903
2017-07-20,65.0999984741211,66.44999694824219,65.0,65.19999694824219,63.7601318359375,107710
2017-07-21,65.30000305175781,66.05000305175781,65.30000305175781,65.55000305175781,64.10240936279297,86022
2017-07-24,65.5,66.4000015258789,65.0,65.05000305175781,63.61345291137695,67038
2017-07-25,65.9000015258789,67.19999694824219,65.75,66.05000305175781,64.59136199951172,180888
2017-07-26,67.30000305175781,71.19999694824219,66.94999694824219,70.0999984741211,68.55192565917969,795954
2017-07-27,70.94999694824219,74.69999694824219,70.3499984741211,71.19999694824219,69.62763214111328,795256
2017-07-28,71.1500015258789,71.44999694824219,69.0,69.8499984741211,68.30744171142578,241450
2017-07-31,70.0999984741211,71.0,69.5,69.80000305175781,68.25856018066406,133331
2017-08-01,70.4000015258789,72.5999984741211,70.0999984741211,70.6500015258789,69.08979034423828,205978
2017-08-02,65.75,65.8499984741211,65.0,65.05000305175781,63.61345291137695,783949
2017-08-03,64.1500015258789,64.19999694824219,62.150001525878906,62.45000076293945,61.07086181640625,1030001
2017-08-04,61.599998474121094,62.54999923706055,61.29999923706055,62.099998474121094,60.72859573364258,487807
2017-08-07,62.349998474121094,62.75,61.599998474121094,61.900001525878906,60.53301239013672,226281
2017-08-08,62.5,64.4000015258789,62.0,63.650001525878906,62.24436950683594,399246
2017-08-09,64.0,64.0,62.04999923706055,62.54999923706055,61.16865539550781,209980
2017-08-10,62.650001525878906,63.20000076293945,60.25,61.20000076293945,59.848472595214844,162195
2017-08-11,60.5,60.70000076293945,59.25,59.79999923706055,58.47938919067383,158146
2017-08-14,62.25,63.29999923706055,61.25,62.0,60.83426284790039,267610
2017-08-16,62.5,63.150001525878906,61.79999923706055,62.79999923706055,61.61922073364258,166533
2017-08-17,63.099998474121094,64.4000015258789,62.599998474121094,62.79999923706055,61.61922073364258,158067
2017-08-18,62.95000076293945,63.70000076293945,62.150001525878906,62.29999923706055,61.128623962402344,83789
2017-08-21,63.0,63.29999923706055,61.400001525878906,61.599998474121094,60.4417839050293,116263
2017-08-22,62.04999923706055,62.45000076293945,60.95000076293945,61.04999923706055,59.90212631225586,67196
2017-08-23,60.5,63.0,60.5,62.04999923706055,60.88331985473633,155900
2017-08-24,62.5,62.599998474121094,61.70000076293945,61.79999923706055,60.638023376464844,74182
2017-08-28,62.25,62.79999923706055,61.900001525878906,62.150001525878906,60.9814453125,83720
2017-08-29,62.04999923706055,62.5,61.29999923706055,61.400001525878906,60.24554443359375,82988
2017-08-30,61.650001525878906,62.70000076293945,61.650001525878906,62.349998474121094,61.17768096923828,154440
2017-08-31,62.099998474121094,63.04999923706055,61.95000076293945,62.45000076293945,61.27580261230469,120852
2017-09-01,62.20000076293945,63.95000076293945,62.20000076293945,63.5,62.306060791015625,257380
2017-09-04,63.650001525878906,64.3499984741211,62.349998474121094,62.75,61.570159912109375,150436
2017-09-05,63.29999923706055,64.5999984741211,63.20000076293945,64.3499984741211,63.14007568359375,346309
2017-09-06,64.1500015258789,65.4000015258789,63.70000076293945,64.55000305175781,63.33631896972656,318786
2017-09-07,64.80000305175781,66.4000015258789,64.0,65.05000305175781,63.82691955566406,607750
2017-09-08,65.4000015258789,65.80000305175781,63.75,63.95000076293945,62.74760055541992,427277
2017-09-11,64.0,65.44999694824219,64.0,64.5,63.28725814819336,235575
2017-09-12,64.75,66.6500015258789,64.69999694824219,64.80000305175781,63.58161926269531,553742
2017-09-13,64.80000305175781,65.69999694824219,63.400001525878906,63.75,62.55135726928711,206729
2017-09-14,64.25,64.25,62.5,62.599998474121094,61.422977447509766,245662
2017-09-15,62.29999923706055,62.79999923706055,62.0,62.099998474121094,60.93238067626953,142888
2017-09-18,62.099998474121094,63.0,62.099998474121094,62.54999923706055,61.37392044067383,139740
2017-09-19,63.5,63.70000076293945,62.54999923706055,62.70000076293945,61.52110290527344,220933
2017-09-20,63.0,63.900001525878906,62.75,63.0,61.81546401977539,300832
2017-09-21,63.79999923706055,63.79999923706055,61.70000076293945,62.29999923706055,61.128623962402344,200698
2017-09-22,62.650001525878906,62.650001525878906,60.29999923706055,60.54999923706055,59.41152572631836,338313
2017-09-25,61.400001525878906,61.400001525878906,58.04999923706055,58.5,57.40007019042969,306975
2017-09-26,60.0,60.0,57.75,58.5,57.40007019042969,129065
2017-09-27,58.45000076293945,59.099998474121094,56.5,56.75,55.68297576904297,196127
2017-09-28,57.0,58.54999923706055,56.849998474121094,57.900001525878906,56.81135559082031,141360
2017-09-29,58.5,59.849998474121094,58.25,58.45000076293945,57.35101318359375,198140
2017-10-03,58.599998474121094,59.25,58.099998474121094,58.29999923706055,57.20383071899414,95287
2017-10-04,58.5,58.849998474121094,55.45000076293945,58.29999923706055,57.20383071899414,149598
2017-10-05,58.95000076293945,63.349998474121094,58.54999923706055,60.849998474121094,59.70588302612305,629839
2017-10-06,61.54999923706055,64.05000305175781,61.29999923706055,63.75,62.55135726928711,434581
2017-10-09,64.4000015258789,65.3499984741211,63.5,64.0,62.79665756225586,301594
2017-10-10,64.0,65.0,63.849998474121094,64.25,63.04195785522461,208857
2017-10-11,64.0,65.4000015258789,61.79999923706055,62.349998474121094,61.17768096923828,628011
2017-10-12,63.0,64.25,61.70000076293945,63.150001525878906,61.96263885498047,176669
2017-10-13,63.5,64.0999984741211,62.5,62.650001525878906,61.472042083740234,159986
2017-10-16,63.5,64.0999984741211,62.25,62.95000076293945,61.76640319824219,161666
2017-10-17,62.75,64.30000305175781,62.75,63.45000076293945,62.25699996948242,163330
2017-10-18,62.70000076293945,63.54999923706055,62.70000076293945,63.099998474121094,61.913578033447266,170134
2017-10-19,63.5,64.0,63.0,63.5,62.306060791015625,85111
2017-10-23,63.20000076293945,66.80000305175781,63.150001525878906,65.19999694824219,63.974098205566406,501516
2017-10-24,65.69999694824219,66.44999694824219,64.4000015258789,64.80000305175781,63.58161926269531,329696
2017-10-25,65.25,68.6500015258789,63.75,67.80000305175781,66.52520751953125,906072
2017-10-26,67.80000305175781,71.55000305175781,67.0999984741211,70.0,68.68384552001953,1827149
2017-10-27,70.4000015258789,71.25,69.3499984741211,69.8499984741211,68.53665924072266,812928
2017-10-30,70.4000015258789,72.4000015258789,69.5,69.94999694824219,68.63478088378906,712424
2017-10-31,70.69999694824219,70.9000015258789,69.0,69.4000015258789,68.09512329101562,448975
2017-11-01,70.19999694824219,76.9000015258789,70.19999694824219,75.8499984741211,74.4238510131836,3400221
2017-11-02,76.5999984741211,85.5999984741211,76.19999694824219,82.69999694824219,81.14505004882812,6747871
2017-11-03,84.9000015258789,88.19999694824219,84.25,86.9000015258789,85.2660903930664,3915376
2017-11-06,88.0,104.25,87.5,103.8499984741211,101.89739227294922,9278918
2017-11-07,109.0,110.55000305175781,98.05000305175781,99.25,97.38388061523438,6354186
2017-11-08,99.4000015258789,104.30000305175781,94.0,95.05000305175781,93.26285552978516,3088607
2017-11-09,96.25,101.94999694824219,93.30000305175781,100.44999694824219,98.56131744384766,2413942
2017-11-10,100.9000015258789,103.5,97.3499984741211,99.3499984741211,97.48200225830078,2478415
2017-11-13,102.0,104.4000015258789,98.4000015258789,98.8499984741211,96.99140167236328,1981121
2017-11-14,99.19999694824219,100.30000305175781,96.30000305175781,97.25,95.4214859008789,956268
2017-11-15,96.05000305175781,96.30000305175781,88.0999984741211,88.9000015258789,87.22848510742188,1969556
2017-11-16,89.5999984741211,97.75,89.0,97.0999984741211,95.27430725097656,2168418
2017-11-17,99.80000305175781,101.5,95.6500015258789,96.6500015258789,94.83277130126953,1938293
2017-11-20,96.0,99.5,95.0999984741211,98.0999984741211,96.25550079345703,1199921
2017-11-21,99.4000015258789,101.30000305175781,97.4000015258789,98.4000015258789,96.54986572265625,1205096
2017-11-22,99.30000305175781,101.3499984741211,97.19999694824219,98.6500015258789,96.795166015625,997769
2017-11-23,98.69999694824219,100.5,96.6500015258789,97.75,95.9120864868164,702338
2017-11-24,97.5999984741211,99.5,96.69999694824219,97.1500015258789,95.3233642578125,648016
2017-11-27,97.19999694824219,101.0,96.0,99.55000305175781,97.67823791503906,1190567
2017-11-28,99.9000015258789,103.19999694824219,98.94999694824219,99.69999694824219,97.8254165649414,1636779
2017-11-29,99.5,100.75,96.94999694824219,97.55000305175781,95.71585083007812,841785
2017-11-30,97.55000305175781,97.75,94.6500015258789,95.0,93.21379089355469,829039
2017-12-01,95.5999984741211,97.69999694824219,92.4000015258789,92.8499984741211,91.10421752929688,679526
2017-12-04,94.05000305175781,94.25,90.1500015258789,90.94999694824219,89.23993682861328,607103
2017-12-05,91.0,93.5999984741211,88.69999694824219,92.30000305175781,90.56455993652344,726435
2017-12-06,89.0999984741211,92.5,87.80000305175781,88.30000305175781,86.6397705078125,1020000
2017-12-07,89.1500015258789,91.19999694824219,88.6500015258789,90.1500015258789,88.4549789428711,587972
2017-12-08,91.19999694824219,93.5999984741211,90.5999984741211,91.3499984741211,89.63241577148438,829464
2017-12-11,91.5,92.75,90.5999984741211,91.0999984741211,89.38712310791016,578876
2017-12-12,91.0,91.6500015258789,88.75,89.1500015258789,87.47378540039062,572791
2017-12-13,90.44999694824219,96.5999984741211,89.69999694824219,92.6500015258789,90.90797424316406,2440194
2017-12-14,93.5,94.0999984741211,90.1500015258789,91.0999984741211,89.38712310791016,745817
2017-12-15,92.3499984741211,93.30000305175781,90.80000305175781,91.25,89.53429412841797,427524
2017-12-18,91.0,93.30000305175781,86.5,91.5999984741211,89.87771606445312,707888
2017-12-19,92.30000305175781,93.4000015258789,91.1500015258789,91.55000305175781,89.82865905761719,630698
2017-12-20,91.69999694824219,93.6500015258789,91.0999984741211,91.4000015258789,89.68147277832031,804281
2017-12-21,91.5,93.0,91.5,91.80000305175781,90.07395935058594,586152
2017-12-22,92.4000015258789,96.5,92.30000305175781,93.5999984741211,91.8401107788086,1841901
2017-12-26,93.80000305175781,94.80000305175781,92.30000305175781,93.0,91.25139617919922,688799
2017-12-27,94.19999694824219,100.19999694824219,94.19999694824219,96.19999694824219,94.39122772216797,3012652
2017-12-28,97.4000015258789,104.9000015258789,97.4000015258789,102.55000305175781,100.62183380126953,3930673
2017-12-29,104.0,105.5999984741211,100.0999984741211,100.9000015258789,99.00286102294922,1624221
2018-01-01,101.6500015258789,103.30000305175781,99.30000305175781,99.9000015258789,98.02165985107422,924198
2018-01-02,100.69999694824219,100.8499984741211,96.4000015258789,97.44999694824219,95.61772155761719,1272863
2018-01-03,98.5,101.5,97.5,99.9000015258789,98.02165985107422,933965
2018-01-04,100.94999694824219,102.69999694824219,99.25,100.0,98.11978149414062,1031585
2018-01-05,100.69999694824219,101.9000015258789,99.1500015258789,99.44999694824219,97.58011627197266,732244
2018-01-08,100.0,100.5,97.3499984741211,97.5999984741211,95.76490020751953,787709
2018-01-09,98.1500015258789,98.5999984741211,94.6500015258789,94.94999694824219,93.16472625732422,1138965
2018-01-10,95.5,97.25,93.80000305175781,94.0999984741211,92.3307113647461,719325
2018-01-11,94.44999694824219,95.69999694824219,93.8499984741211,94.6500015258789,92.87036895751953,467743
2018-01-12,95.3499984741211,95.80000305175781,91.94999694824219,93.3499984741211,91.59481048583984,670834
2018-01-15,94.0999984741211,95.0,93.05000305175781,93.4000015258789,91.64387512207031,418048
2018-01-16,94.30000305175781,94.30000305175781,89.9000015258789,90.44999694824219,88.74933624267578,711198
2018-01-17,90.80000305175781,92.3499984741211,86.8499984741211,91.5,89.77959442138672,608552
2018-01-18,92.0999984741211,92.55000305175781,86.3499984741211,87.05000305175781,85.41326904296875,851933
2018-01-19,87.1500015258789,88.0,84.9000015258789,86.8499984741211,85.21702575683594,451185
2018-01-22,87.4000015258789,92.0,86.44999694824219,90.3499984741211,88.6512222290039,799341
2018-01-23,91.0,92.94999694824219,89.44999694824219,90.1500015258789,88.4549789428711,784665
2018-01-24,90.0,90.69999694824219,87.0999984741211,87.44999694824219,85.80574035644531,356675
2018-01-25,88.0,90.4000015258789,87.05000305175781,87.30000305175781,85.6585693359375,443867
2018-01-29,88.19999694824219,89.0,85.4000015258789,85.69999694824219,84.0886459350586,326643
2018-01-30,85.5999984741211,88.0,84.5,85.25,83.64710998535156,550079
2018-01-31,85.0999984741211,86.80000305175781,83.19999694824219,85.05000305175781,83.45087432861328,591323
2018-02-01,84.5999984741211,84.5999984741211,78.69999694824219,80.19999694824219,78.69205474853516,1062103
2018-02-02,79.0,80.0999984741211,74.25,76.1500015258789,74.71820831298828,1156014
2018-02-05,75.0,76.80000305175781,72.25,75.69999694824219,74.27667236328125,1022636
2018-02-06,71.94999694824219,74.5999984741211,70.0,73.3499984741211,71.97085571289062,673941
2018-02-07,75.1500015258789,76.80000305175781,73.1500015258789,73.94999694824219,72.5595703125,481683
2018-02-08,73.6500015258789,80.0999984741211,73.55000305175781,79.5999984741211,78.10334014892578,811097
2018-02-09,77.44999694824219,81.30000305175781,76.55000305175781,79.19999694824219,77.71086120605469,767949
2018-02-12,79.75,81.5,79.5,79.80000305175781,78.29959106445312,516876
2018-02-14,79.55000305175781,81.5,79.05000305175781,79.4000015258789,77.9071044921875,381905
2018-02-15,80.5,80.6500015258789,77.3499984741211,78.19999694824219,76.72966003417969,212615
2018-02-16,79.55000305175781,79.9000015258789,75.75,76.30000305175781,74.86539459228516,397129
2018-02-19,76.0,76.5,74.0999984741211,74.6500015258789,73.24641418457031,232162
2018-02-20,74.0999984741211,75.80000305175781,73.80000305175781,74.55000305175781,73.14830017089844,362581
2018-02-21,75.0999984741211,75.44999694824219,73.0,73.30000305175781,71.92179870605469,335656
2018-02-22,73.0,73.94999694824219,72.3499984741211,73.25,71.87274169921875,209009
2018-02-23,73.0,75.0,73.0,74.3499984741211,72.95205688476562,273174
2018-02-26,74.5999984741211,75.69999694824219,74.05000305175781,74.3499984741211,72.95205688476562,492241
2018-02-27,74.69999694824219,75.5,73.5,73.8499984741211,72.46145629882812,266746
2018-02-28,72.55000305175781,73.9000015258789,72.55000305175781,73.0999984741211,71.72555541992188,268954
2018-03-01,72.6500015258789,73.8499984741211,72.30000305175781,72.69999694824219,71.33307647705078,279027
2018-03-05,71.69999694824219,72.19999694824219,70.19999694824219,71.05000305175781,69.71410369873047,272534
2018-03-06,71.55000305175781,72.30000305175781,69.0,69.75,68.43854522705078,196545
2018-03-07,69.0,69.19999694824219,65.0,65.30000305175781,64.07221221923828,509351
2018-03-08,66.0999984741211,66.4000015258789,63.0,64.75,63.53255844116211,343155
2018-03-09,64.75,65.3499984741211,62.95000076293945,63.599998474121094,62.404178619384766,249112
2018-03-12,63.79999923706055,67.25,63.5,64.80000305175781,63.58161926269531,451711
2018-03-13,64.55000305175781,67.19999694824219,64.5,65.94999694824219,64.70999145507812,451281
2018-03-14,65.25,66.30000305175781,64.9000015258789,65.5999984741211,64.36656951904297,292926
2018-03-15,66.4000015258789,75.6500015258789,66.4000015258789,74.19999694824219,72.80487060546875,2958696
2018-03-16,74.30000305175781,75.69999694824219,71.1500015258789,71.5,70.1556396484375,1361498
2018-03-19,72.30000305175781,72.4000015258789,66.5,67.3499984741211,66.08366394042969,502640
2018-03-20,66.44999694824219,69.30000305175781,65.75,67.05000305175781,65.78932189941406,445482
2018-03-21,67.19999694824219,69.30000305175781,66.4000015258789,66.8499984741211,65.59307098388672,349284
2018-03-22,67.30000305175781,67.9000015258789,65.80000305175781,66.19999694824219,64.95529174804688,374132
2018-03-23,64.5,65.25,63.099998474121094,63.349998474121094,62.158878326416016,471798
2018-03-26,63.349998474121094,65.0,62.349998474121094,63.400001525878906,62.207942962646484,674333
2018-03-27,64.0,65.3499984741211,64.0,64.44999694824219,63.23819351196289,436755
2018-03-28,64.19999694824219,64.19999694824219,62.70000076293945,62.95000076293945,61.76640319824219,302544
2018-04-02,64.0,65.1500015258789,63.5,64.69999694824219,63.48349380493164,318095
2018-04-03,64.3499984741211,68.4000015258789,64.3499984741211,67.5999984741211,66.32897186279297,645411
2018-04-04,68.0999984741211,68.5,65.5999984741211,66.0999984741211,64.85717010498047,456407
2018-04-05,66.8499984741211,68.3499984741211,66.8499984741211,68.0,66.72145080566406,411207
2018-04-06,68.25,74.80000305175781,67.5,72.25,70.89154052734375,1462032
2018-04-09,72.5,72.55000305175781,70.55000305175781,71.1500015258789,69.81222534179688,902359
2018-04-10,72.5,74.30000305175781,71.69999694824219,72.55000305175781,71.18590545654297,765822
2018-04-11,73.30000305175781,74.80000305175781,71.75,74.25,72.85393524169922,744954
2018-04-12,74.5,75.0,72.80000305175781,73.44999694824219,72.0689697265625,414000
2018-04-13,73.5,74.1500015258789,71.9000015258789,72.4000015258789,71.03872680664062,295201
2018-04-16,70.55000305175781,73.0,70.55000305175781,72.0999984741211,70.7443618774414,221516
2018-04-17,72.69999694824219,74.1500015258789,72.0,72.19999694824219,70.84247589111328,366326
2018-04-18,72.5,72.9000015258789,71.25,71.44999694824219,70.10658264160156,330383
2018-04-19,72.69999694824219,82.0999984741211,72.5,79.6500015258789,78.15240478515625,4315550
2018-04-20,80.0,80.0,76.0,77.1500015258789,75.69940948486328,840617
2018-04-23,77.1500015258789,78.69999694824219,76.30000305175781,76.5999984741211,75.15974426269531,640365
2018-04-24,75.9000015258789,75.9000015258789,74.1500015258789,74.55000305175781,73.14830017089844,519783
2018-04-25,74.30000305175781,77.19999694824219,74.30000305175781,75.25,73.83513641357422,657751
2018-04-26,75.44999694824219,76.3499984741211,74.1500015258789,74.44999694824219,73.05017852783203,348665
2018-04-27,74.69999694824219,75.6500015258789,73.80000305175781,74.0999984741211,72.70674896240234,304577
2018-04-30,74.4000015258789,74.69999694824219,73.05000305175781,73.30000305175781,71.92179870605469,430957
2018-05-02,73.4000015258789,73.80000305175781,70.1500015258789,70.75,69.41974639892578,273859
2018-05-03,70.75,71.9000015258789,70.1500015258789,70.5999984741211,69.2725601196289,251265
2018-05-04,70.4000015258789,71.1500015258789,69.0999984741211,69.6500015258789,68.34042358398438,223408
2018-05-07,70.0999984741211,70.80000305175781,69.75,70.1500015258789,68.83102416992188,260160
2018-05-08,70.3499984741211,74.19999694824219,69.80000305175781,72.0999984741211,70.7443618774414,623580
2018-05-09,72.19999694824219,73.69999694824219,71.30000305175781,71.5,70.1556396484375,250674
2018-05-10,71.75,72.9000015258789,70.5999984741211,71.0,69.66504669189453,401526
2018-05-11,71.19999694824219,76.9000015258789,71.19999694824219,74.05000305175781,72.65769958496094,1115732
2018-05-14,74.5,75.19999694824219,71.69999694824219,72.4000015258789,71.03872680664062,311802
2018-05-15,72.05000305175781,74.4000015258789,70.5,70.75,69.41974639892578,482950
2018-05-16,70.75,71.25,69.25,70.19999694824219,68.88008880615234,382843
2018-05-17,71.0,72.19999694824219,70.5999984741211,71.44999694824219,70.10658264160156,256958
2018-05-18,71.8499984741211,72.0,69.0999984741211,69.30000305175781,67.99700927734375,160882
2018-05-21,69.69999694824219,70.5,67.4000015258789,67.8499984741211,66.57427215576172,261012
2018-05-22,68.0,69.5,67.3499984741211,68.5999984741211,67.31016540527344,251652
2018-05-23,69.0,73.80000305175781,68.8499984741211,70.19999694824219,68.88008880615234,516245
2018-05-24,70.69999694824219,71.6500015258789,69.9000015258789,70.3499984741211,69.02726745605469,226287
2018-05-25,70.75,71.8499984741211,70.6500015258789,71.0999984741211,69.7631607055664,293495
2018-05-28,71.5999984741211,72.1500015258789,70.69999694824219,71.19999694824219,69.86128234863281,305218
2018-05-29,72.69999694824219,76.94999694824219,72.19999694824219,74.94999694824219,73.540771484375,993358
2018-05-30,74.30000305175781,76.5,74.30000305175781,75.80000305175781,74.37479400634766,497427
2018-05-31,72.5,72.94999694824219,70.0,70.5999984741211,69.2725601196289,545575
2018-06-01,70.69999694824219,71.75,68.30000305175781,69.0999984741211,67.80076599121094,295296
2018-06-04,69.30000305175781,69.80000305175781,66.25,66.55000305175781,65.29871368408203,272031
2018-06-05,66.25,67.44999694824219,64.3499984741211,64.69999694824219,63.48349380493164,267990
2018-06-06,65.69999694824219,67.80000305175781,64.3499984741211,67.3499984741211,66.08366394042969,397855
2018-06-07,68.69999694824219,70.5,68.05000305175781,69.80000305175781,68.48760986328125,415339
2018-06-08,70.0999984741211,71.6500015258789,69.6500015258789,70.4000015258789,69.07632446289062,358931
2018-06-11,70.69999694824219,71.69999694824219,70.0999984741211,70.30000305175781,68.97820281982422,160875
2018-06-12,70.19999694824219,74.19999694824219,70.0,73.4000015258789,72.0199203491211,833011
2018-06-13,73.1500015258789,73.25,70.9000015258789,71.19999694824219,69.86128234863281,451963
2018-06-14,71.5999984741211,73.75,71.4000015258789,72.9000015258789,71.5293197631836,622059
2018-06-15,73.0,73.75,71.0,71.5,70.1556396484375,386995
2018-06-18,71.0999984741211,73.0999984741211,69.6500015258789,70.69999694824219,69.37068176269531,583929
2018-06-19,70.25,71.1500015258789,69.19999694824219,69.55000305175781,68.2423095703125,251042
2018-06-20,69.69999694824219,70.4000015258789,69.19999694824219,69.5999984741211,68.29136657714844,246615
2018-06-21,69.5,69.8499984741211,67.69999694824219,67.94999694824219,66.6723861694336,180695
2018-06-22,68.0,68.5,66.80000305175781,67.30000305175781,66.03461456298828,266372
2018-06-25,67.1500015258789,68.80000305175781,66.0,66.25,65.00434875488281,527404
2018-06-26,66.25,67.0999984741211,65.0999984741211,65.25,64.02315521240234,301081
2018-06-27,65.05000305175781,65.69999694824219,61.900001525878906,62.25,61.07956314086914,355618
2018-06-28,61.79999923706055,62.849998474121094,60.400001525878906,60.900001525878906,59.754947662353516,271610
2018-06-29,61.650001525878906,62.650001525878906,61.150001525878906,62.29999923706055,61.128623962402344,193944
2018-07-02,62.29999923706055,62.70000076293945,60.29999923706055,60.900001525878906,59.754947662353516,255061
2018-07-03,60.5,61.849998474121094,60.0,60.900001525878906,59.754947662353516,193959
2018-07-04,60.900001525878906,61.900001525878906,60.400001525878906,60.849998474121094,59.70588302612305,235279
2018-07-05,60.849998474121094,61.099998474121094,60.20000076293945,60.349998474121094,59.21528625488281,131753
2018-07-06,60.20000076293945,61.5,60.04999923706055,60.599998474121094,59.4605827331543,228253
2018-07-09,60.79999923706055,61.79999923706055,60.79999923706055,61.349998474121094,60.19648361206055,150095
2018-07-10,61.599998474121094,63.099998474121094,61.5,62.29999923706055,61.128623962402344,238221
2018-07-11,62.5,62.54999923706055,60.849998474121094,61.04999923706055,59.90212631225586,219240
2018-07-12,61.150001525878906,62.95000076293945,60.5,60.849998474121094,59.70588302612305,257642
2018-07-13,60.79999923706055,61.20000076293945,58.70000076293945,59.5,58.38126754760742,163041
2018-07-16,59.70000076293945,59.70000076293945,56.04999923706055,56.79999923706055,55.73203659057617,171927
2018-07-17,57.099998474121094,57.45000076293945,55.20000076293945,57.0,55.92827224731445,145522
2018-07-18,57.849998474121094,57.849998474121094,54.650001525878906,55.099998474121094,54.063995361328125,193201
2018-07-19,55.20000076293945,55.45000076293945,52.599998474121094,54.54999923706055,53.52433776855469,135572
2018-07-20,53.900001525878906,54.599998474121094,53.20000076293945,53.900001525878906,52.88656234741211,159716
2018-07-23,54.20000076293945,56.5,53.849998474121094,55.900001525878906,54.84895706176758,238282
2018-07-24,56.0,58.75,56.0,57.95000076293945,56.86041259765625,270497
2018-07-25,58.75,59.25,56.400001525878906,58.099998474121094,57.007591247558594,208893
2018-07-26,58.25,58.79999923706055,57.0,58.0,56.90947341918945,266388
2018-07-27,58.150001525878906,61.0,58.150001525878906,60.0,58.871864318847656,281806
2018-07-30,60.79999923706055,61.400001525878906,59.70000076293945,60.400001525878906,59.264347076416016,170143
2018-07-31,60.0,61.400001525878906,59.75,60.099998474121094,58.96998596191406,337941
2018-08-01,60.70000076293945,67.4000015258789,60.70000076293945,64.9000015258789,63.67974090576172,1575386
2018-08-02,65.44999694824219,67.5,64.25,64.8499984741211,63.63067626953125,674912
2018-08-03,65.05000305175781,66.3499984741211,63.25,63.79999923706055,62.60041809082031,382731
2018-08-06,64.5,64.6500015258789,63.0,63.79999923706055,62.60041809082031,203741
2018-08-07,63.900001525878906,64.8499984741211,62.650001525878906,63.25,62.060760498046875,313958
2018-08-08,63.0,64.0,62.54999923706055,62.900001525878906,61.717342376708984,259463
2018-08-09,63.099998474121094,64.44999694824219,63.099998474121094,63.849998474121094,62.64947509765625,299295
2018-08-10,65.5999984741211,68.05000305175781,64.25,64.6500015258789,63.43444061279297,475128
2018-08-13,64.05000305175781,64.05000305175781,62.20000076293945,62.79999923706055,61.61922073364258,172482
2018-08-14,62.900001525878906,63.25,61.150001525878906,61.5,60.34366226196289,218753
2018-08-16,61.150001525878906,61.150001525878906,60.04999923706055,60.400001525878906,59.264347076416016,201021
2018-08-17,61.04999923706055,61.599998474121094,60.70000076293945,60.900001525878906,59.754947662353516,129932
2018-08-20,61.20000076293945,62.45000076293945,60.900001525878906,62.099998474121094,60.93238067626953,225459
2018-08-21,62.099998474121094,62.400001525878906,61.349998474121094,61.54999923706055,60.392723083496094,157029
2018-08-23,60.650001525878906,61.599998474121094,60.20000076293945,60.599998474121094,59.4605827331543,153982
2018-08-24,60.29999923706055,60.5,59.150001525878906,59.849998474121094,58.72468566894531,179380
2018-08-27,60.04999923706055,61.599998474121094,60.04999923706055,60.75,59.607765197753906,274794
2018-08-28,61.349998474121094,61.70000076293945,60.25,60.70000076293945,59.5587043762207,200636
2018-08-29,60.79999923706055,62.150001525878906,60.79999923706055,61.099998474121094,59.9511833190918,345603
2018-08-30,62.0,67.0,62.0,63.400001525878906,62.207942962646484,672950
2018-08-31,63.5,64.0,62.45000076293945,62.900001525878906,61.717342376708984,202214
2018-09-03,63.099998474121094,63.70000076293945,62.400001525878906,62.75,61.570159912109375,234543
2018-09-04,62.650001525878906,62.650001525878906,60.400001525878906,60.849998474121094,59.70588302612305,145755
2018-09-05,60.29999923706055,60.45000076293945,58.70000076293945,59.5,58.38126754760742,167654
2018-09-06,60.400001525878906,60.400001525878906,58.650001525878906,59.099998474121094,57.98878860473633,168290
2018-09-07,59.5,60.75,58.849998474121094,59.79999923706055,58.675628662109375,238376
2018-09-10,59.900001525878906,60.0,58.400001525878906,58.599998474121094,57.498191833496094,116912
2018-09-11,59.70000076293945,60.54999923706055,58.25,58.54999923706055,57.44913101196289,253427
2018-09-12,58.650001525878906,58.70000076293945,57.150001525878906,57.95000076293945,56.86041259765625,107955
2018-09-14,58.349998474121094,59.29999923706055,58.349998474121094,58.79999923706055,57.694427490234375,75239
2018-09-17,58.70000076293945,61.20000076293945,58.150001525878906,60.5,59.36246871948242,246566
2018-09-18,60.900001525878906,63.79999923706055,60.5,60.79999923706055,59.904361724853516,283932
2018-09-19,61.099998474121094,62.099998474121094,58.599998474121094,60.70000076293945,59.80583572387695,214214
2018-09-21,61.0,62.400001525878906,55.25,58.5,57.63824462890625,267582
2018-09-24,59.29999923706055,60.25,56.099998474121094,56.45000076293945,55.61844253540039,198520
2018-09-25,56.75,56.75,55.0,55.79999923706055,54.9780158996582,212495
2018-09-26,56.25,56.599998474121094,55.099998474121094,55.849998474121094,55.027278900146484,383346
2018-09-27,55.70000076293945,56.400001525878906,54.29999923706055,54.75,53.943485260009766,173308
2018-09-28,55.0,55.20000076293945,50.400001525878906,51.150001525878906,50.39651870727539,207086
2018-10-01,51.099998474121094,51.29999923706055,47.29999923706055,49.849998474121094,49.115665435791016,281725
2018-10-03,50.20000076293945,52.849998474121094,48.54999923706055,51.29999923706055,50.54430389404297,234177
2018-10-04,50.70000076293945,52.75,50.099998474121094,50.75,50.00240707397461,213863
2018-10-05,50.5,50.900001525878906,46.400001525878906,47.349998474121094,46.65249252319336,287336
2018-10-08,47.400001525878906,47.400001525878906,45.400001525878906,46.04999923706055,45.37164306640625,154142
2018-10-09,46.099998474121094,46.5,45.099998474121094,45.349998474121094,44.68195343017578,242544
2018-10-10,45.349998474121094,48.20000076293945,45.349998474121094,47.650001525878906,46.94807434082031,165639
2018-10-11,46.900001525878906,52.95000076293945,45.54999923706055,51.849998474121094,51.086204528808594,801527
2018-10-12,51.79999923706055,53.75,51.150001525878906,51.45000076293945,50.69209671020508,397788
2018-10-15,51.70000076293945,52.849998474121094,50.849998474121094,52.0,51.23399353027344,205570
2018-10-16,52.0,52.95000076293945,51.599998474121094,52.29999923706055,51.52957534790039,187936
2018-10-17,52.70000076293945,53.0,50.04999923706055,50.349998474121094,49.608299255371094,268997
2018-10-19,49.79999923706055,50.349998474121094,47.349998474121094,47.95000076293945,47.243656158447266,286594
2018-10-22,48.5,48.75,47.099998474121094,47.70000076293945,46.997337341308594,100875
2018-10-23,47.0,49.25,46.75,48.400001525878906,47.68702697753906,175214
2018-10-24,48.849998474121094,49.400001525878906,47.54999923706055,47.79999923706055,47.095863342285156,145965
2018-10-25,47.25,47.79999923706055,46.75,47.20000076293945,46.504703521728516,143133
2018-10-26,47.29999923706055,48.400001525878906,46.79999923706055,47.099998474121094,46.40617370605469,242611
2018-10-29,47.349998474121094,48.650001525878906,47.04999923706055,48.20000076293945,47.48997116088867,125235
2018-10-30,48.5,49.70000076293945,48.5,48.79999923706055,48.08113098144531,156648
2018-10-31,49.0,50.04999923706055,48.0,49.25,48.524505615234375,179941
2018-11-01,49.20000076293945,50.95000076293945,49.20000076293945,50.45000076293945,49.70682907104492,214068
2018-11-02,50.95000076293945,52.099998474121094,50.70000076293945,51.349998474121094,50.59356689453125,352260
2018-11-05,51.29999923706055,52.45000076293945,50.650001525878906,51.900001525878906,51.135467529296875,215011
2018-11-06,52.29999923706055,52.400001525878906,51.54999923706055,51.70000076293945,50.93841552734375,96333
2018-11-07,51.70000076293945,53.0,51.70000076293945,52.29999923706055,51.52957534790039,57829
2018-11-09,52.70000076293945,53.400001525878906,52.45000076293945,52.79999923706055,52.02220916748047,124286
2018-11-12,53.04999923706055,53.25,51.5,51.70000076293945,50.93841552734375,189479
2018-11-13,52.0,52.79999923706055,51.70000076293945,52.099998474121094,51.33251953125,166102
2018-11-14,52.79999923706055,52.900001525878906,51.04999923706055,51.29999923706055,50.54430389404297,172950
2018-11-15,51.29999923706055,51.29999923706055,50.099998474121094,50.54999923706055,49.805355072021484,128242
2018-11-16,50.900001525878906,51.29999923706055,50.29999923706055,50.70000076293945,49.95314407348633,89361
2018-11-19,51.0,51.400001525878906,50.5,50.849998474121094,50.10093307495117,272968
2018-11-20,50.79999923706055,52.5,50.54999923706055,51.29999923706055,50.54430389404297,228220
2018-11-21,51.099998474121094,51.5,50.400001525878906,50.75,50.00240707397461,213383
2018-11-22,50.70000076293945,51.25,49.650001525878906,49.900001525878906,49.16493225097656,176910
2018-11-26,50.400001525878906,50.400001525878906,48.79999923706055,49.150001525878906,48.42597961425781,183301
2018-11-27,48.849998474121094,49.20000076293945,48.349998474121094,48.95000076293945,48.22892379760742,157800
2018-11-28,48.900001525878906,49.04999923706055,48.0,48.349998474121094,47.637760162353516,113110
2018-11-29,48.45000076293945,48.79999923706055,47.5,47.849998474121094,47.14512634277344,206449
2018-11-30,48.0,48.5,47.70000076293945,48.099998474121094,47.39144515991211,64359
2018-12-03,48.5,49.650001525878906,48.5,48.95000076293945,48.22892379760742,113144
2018-12-04,48.70000076293945,49.70000076293945,48.5,48.75,48.0318717956543,152233
2018-12-05,48.20000076293945,49.150001525878906,47.75,48.0,47.29291915893555,87068
2018-12-06,47.75,47.75,47.04999923706055,47.25,46.5539665222168,131276
2018-12-07,47.45000076293945,47.5,46.400001525878906,46.599998474121094,45.91353988647461,61887
2018-12-10,45.95000076293945,46.04999923706055,45.400001525878906,45.5,44.82974624633789,126094
2018-12-11,45.5,46.599998474121094,44.900001525878906,46.20000076293945,45.51943588256836,164293
2018-12-12,46.70000076293945,48.150001525878906,46.70000076293945,47.599998474121094,46.898807525634766,154253
2018-12-13,48.150001525878906,49.150001525878906,47.75,48.099998474121094,47.39144515991211,139021
2018-12-14,48.20000076293945,48.349998474121094,47.79999923706055,48.150001525878906,47.440711975097656,74337
2018-12-17,48.79999923706055,52.650001525878906,48.45000076293945,51.04999923706055,50.29798889160156,449959
2018-12-18,50.79999923706055,51.45000076293945,50.04999923706055,50.29999923706055,49.55903625488281,169003
2018-12-19,50.599998474121094,51.400001525878906,50.0,50.29999923706055,49.55903625488281,104666
2018-12-20,49.54999923706055,52.0,49.54999923706055,50.79999923706055,50.05167007446289,186026
2018-12-21,51.0,51.75,49.849998474121094,50.54999923706055,49.805355072021484,147344
2018-12-24,50.599998474121094,51.349998474121094,49.900001525878906,50.04999923706055,49.31271743774414,153763
2018-12-26,50.0,50.0,49.099998474121094,49.79999923706055,49.066402435302734,115343
2018-12-27,51.0,51.900001525878906,50.099998474121094,50.45000076293945,49.70682907104492,124345
2018-12-28,50.0,51.25,50.0,50.70000076293945,49.95314407348633,118652
2018-12-31,51.400001525878906,53.0,51.20000076293945,52.45000076293945,51.6773681640625,396334
2019-01-01,52.5,52.75,51.70000076293945,52.150001525878906,51.38178634643555,165692
2019-01-02,51.54999923706055,51.79999923706055,50.54999923706055,50.849998474121094,50.10093307495117,86266
2019-01-03,50.650001525878906,50.849998474121094,50.0,50.400001525878906,49.65756607055664,118724
2019-01-04,50.25,50.599998474121094,49.54999923706055,50.150001525878906,49.41124725341797,94063
2019-01-07,50.75,51.150001525878906,50.150001525878906,50.349998474121094,49.608299255371094,150610
2019-01-08,49.95000076293945,50.54999923706055,49.650001525878906,49.849998474121094,49.115665435791016,74265
2019-01-09,49.95000076293945,50.400001525878906,49.25,49.5,48.77082061767578,140480
2019-01-10,49.29999923706055,49.599998474121094,49.099998474121094,49.20000076293945,48.475242614746094,82193
2019-01-11,49.79999923706055,50.25,49.29999923706055,49.400001525878906,48.67229461669922,99589
2019-01-14,49.5,49.79999923706055,48.599998474121094,49.29999923706055,48.573768615722656,61664
2019-01-15,49.45000076293945,50.20000076293945,49.20000076293945,49.54999923706055,48.82008361816406,115286
2019-01-16,49.75,50.79999923706055,49.75,50.04999923706055,49.31271743774414,108022
2019-01-17,50.04999923706055,50.5,49.5,49.79999923706055,49.066402435302734,73916
2019-01-18,50.0,50.04999923706055,48.79999923706055,49.04999923706055,48.327449798583984,61073
2019-01-21,49.54999923706055,49.599998474121094,48.400001525878906,48.650001525878906,47.933345794677734,80911
2019-01-22,48.400001525878906,48.400001525878906,47.5,47.95000076293945,47.243656158447266,49825
2019-01-23,48.04999923706055,48.75,47.5,47.95000076293945,47.243656158447266,146650
2019-01-24,47.70000076293945,47.849998474121094,47.150001525878906,47.29999923706055,46.60322952270508,82943
2019-01-25,47.45000076293945,47.75,46.04999923706055,46.25,45.56869888305664,70160
2019-01-28,46.150001525878906,46.20000076293945,45.0,45.45000076293945,44.78048324584961,82185
2019-01-29,46.900001525878906,46.900001525878906,44.849998474121094,45.75,45.0760612487793,111282
2019-01-30,45.79999923706055,46.20000076293945,45.400001525878906,45.900001525878906,45.223854064941406,62434
2019-01-31,46.400001525878906,46.54999923706055,45.900001525878906,46.349998474121094,45.66722106933594,128894
2019-02-01,46.25,46.849998474121094,45.599998474121094,45.95000076293945,45.27311706542969,61119
2019-02-04,46.04999923706055,46.20000076293945,44.849998474121094,45.099998474121094,44.43563461303711,78673
2019-02-05,44.79999923706055,45.25,44.25,44.349998474121094,43.696685791015625,82153
2019-02-06,44.150001525878906,44.95000076293945,43.5,44.349998474121094,43.696685791015625,95754
2019-02-07,44.95000076293945,44.95000076293945,44.150001525878906,44.400001525878906,43.74595260620117,89766
2019-02-08,44.5,44.5,43.70000076293945,43.900001525878906,43.25331497192383,33844
2019-02-11,44.0,44.45000076293945,43.0,43.45000076293945,42.80994415283203,106622
2019-02-12,44.900001525878906,46.900001525878906,44.599998474121094,45.650001525878906,44.9775390625,301120
2019-02-14,44.0,45.95000076293945,43.5,45.150001525878906,44.484901428222656,99773
2019-02-15,45.5,45.5,43.150001525878906,43.54999923706055,42.908470153808594,113199
2019-02-18,44.0,44.0,43.0,43.150001525878906,42.514366149902344,61863
2019-02-19,43.25,45.29999923706055,43.099998474121094,44.25,43.59815979003906,97787
2019-02-20,44.5,45.349998474121094,44.349998474121094,44.54999923706055,43.89373779296875,61288
2019-02-21,44.70000076293945,45.400001525878906,44.20000076293945,44.70000076293945,44.04153060913086,60830
2019-02-22,44.79999923706055,45.5,44.70000076293945,45.099998474121094,44.43563461303711,90031
2019-02-25,45.099998474121094,46.70000076293945,45.099998474121094,46.5,45.81501388549805,92587
2019-02-26,46.5,46.5,45.04999923706055,45.349998474121094,44.68195343017578,111092
2019-02-27,45.54999923706055,46.900001525878906,44.45000076293945,45.349998474121094,44.68195343017578,216588
2019-02-28,45.349998474121094,46.0,45.150001525878906,45.70000076293945,45.026798248291016,96049
2019-03-01,46.5,47.79999923706055,46.25,47.20000076293945,46.504703521728516,223315
2019-03-05,47.20000076293945,50.599998474121094,47.099998474121094,49.95000076293945,49.214195251464844,324152
2019-03-06,51.54999923706055,52.70000076293945,50.54999923706055,51.20000076293945,50.44578170776367,339120
2019-03-07,51.849998474121094,51.849998474121094,49.79999923706055,50.04999923706055,49.31271743774414,257595
2019-03-08,49.400001525878906,50.5,49.0,49.25,48.524505615234375,95286
2019-03-11,49.29999923706055,50.400001525878906,49.29999923706055,50.150001525878906,49.41124725341797,209403
2019-03-12,50.5,51.25,50.0,50.29999923706055,49.55903625488281,223028
2019-03-13,50.5,50.5,48.95000076293945,49.04999923706055,48.327449798583984,119404
2019-03-14,49.150001525878906,49.75,48.650001525878906,48.79999923706055,48.08113098144531,118758
2019-03-15,48.099998474121094,49.29999923706055,48.099998474121094,48.400001525878906,47.68702697753906,45754
2019-03-18,48.900001525878906,49.54999923706055,48.599998474121094,49.099998474121094,48.376712799072266,171048
2019-03-19,49.45000076293945,51.599998474121094,48.79999923706055,50.650001525878906,49.90388107299805,321317
2019-03-20,50.349998474121094,50.79999923706055,49.04999923706055,49.25,48.524505615234375,113416
2019-03-22,49.349998474121094,50.150001525878906,48.25,48.599998474121094,47.88407897949219,176573
2019-03-25,48.099998474121094,48.5,47.20000076293945,47.599998474121094,46.898807525634766,130520
2019-03-26,48.0,49.349998474121094,47.599998474121094,48.29999923706055,47.588497161865234,111690
2019-03-27,48.20000076293945,48.650001525878906,47.70000076293945,48.150001525878906,47.440711975097656,155696
2019-03-28,48.79999923706055,49.099998474121094,48.29999923706055,48.54999923706055,47.834815979003906,111118
2019-04-01,50.0,51.54999923706055,49.849998474121094,50.0,49.263458251953125,208285
2019-04-02,50.20000076293945,50.29999923706055,49.04999923706055,49.5,48.77082061767578,128557
2019-04-03,50.0,50.25,48.95000076293945,49.45000076293945,48.7215576171875,102687
2019-04-04,49.75,50.25,48.599998474121094,48.75,48.0318717956543,79337
2019-04-05,49.54999923706055,50.20000076293945,49.45000076293945,50.0,49.263458251953125,170972
2019-04-08,50.20000076293945,51.349998474121094,49.29999923706055,50.099998474121094,49.36198043823242,320224
2019-04-09,50.099998474121094,50.5,49.5,49.900001525878906,49.16493225097656,97318
2019-04-10,49.099998474121094,50.79999923706055,49.099998474121094,49.650001525878906,48.91861343383789,144189
2019-04-11,49.79999923706055,49.900001525878906,49.150001525878906,49.349998474121094,48.62303161621094,93222
2019-04-12,49.900001525878906,50.0,49.099998474121094,49.25,48.524505615234375,79587
2019-04-15,49.54999923706055,51.0,49.349998474121094,50.25,49.50977325439453,178722
2019-04-16,50.150001525878906,50.95000076293945,49.900001525878906,50.0,49.263458251953125,92055
2019-04-18,50.20000076293945,50.599998474121094,48.599998474121094,48.849998474121094,48.130393981933594,130197
2019-04-22,48.5,48.79999923706055,48.04999923706055,48.150001525878906,47.440711975097656,84347
2019-04-23,48.75,49.29999923706055,48.20000076293945,48.400001525878906,47.68702697753906,90057
2019-04-24,48.54999923706055,49.150001525878906,48.54999923706055,48.75,48.0318717956543,81713
2019-04-25,48.75,49.20000076293945,47.599998474121094,48.0,47.29291915893555,104559
2019-04-26,48.25,48.29999923706055,47.54999923706055,47.70000076293945,46.997337341308594,60801
2019-04-30,48.0,48.0,45.849998474121094,46.0,45.32238006591797,75782
2019-05-02,46.0,47.29999923706055,45.150001525878906,46.349998474121094,45.66722106933594,91935
2019-05-03,47.0,47.0,45.70000076293945,45.849998474121094,45.17458724975586,49589
2019-05-06,45.849998474121094,45.849998474121094,44.29999923706055,45.0,44.33711242675781,97376
2019-05-07,45.25,45.29999923706055,43.70000076293945,43.849998474121094,43.20404815673828,101692
2019-05-08,44.04999923706055,44.20000076293945,43.099998474121094,43.45000076293945,42.80994415283203,238134
2019-05-09,43.349998474121094,44.20000076293945,43.150001525878906,43.29999923706055,42.66215133666992,103469
2019-05-10,43.54999923706055,43.650001525878906,42.849998474121094,42.95000076293945,42.31731033325195,109490
2019-05-13,43.0,43.20000076293945,42.0,42.099998474121094,41.479827880859375,56138
2019-05-14,41.900001525878906,41.95000076293945,40.900001525878906,41.349998474121094,40.740875244140625,76883
2019-05-15,41.5,42.29999923706055,40.400001525878906,40.5,39.90340042114258,119659
2019-05-16,41.400001525878906,41.400001525878906,40.150001525878906,40.599998474121094,40.00192642211914,89566
2019-05-17,40.54999923706055,40.849998474121094,39.95000076293945,40.20000076293945,39.607818603515625,81768
2019-05-20,41.849998474121094,43.099998474121094,40.900001525878906,41.04999923706055,40.44529724121094,181170
2019-05-21,41.45000076293945,42.400001525878906,40.5,40.599998474121094,40.00192642211914,144513
2019-05-22,41.150001525878906,41.150001525878906,40.29999923706055,40.650001525878906,40.05119323730469,94276
2019-05-23,41.849998474121094,41.95000076293945,40.0,40.25,39.657081604003906,248714
2019-05-24,40.599998474121094,42.20000076293945,40.400001525878906,42.0,41.38130187988281,192297
2019-05-27,42.349998474121094,44.599998474121094,42.25,43.400001525878906,42.76068115234375,205173
2019-05-28,43.75,46.20000076293945,43.599998474121094,45.29999923706055,44.6326904296875,365512
2019-05-29,46.5,47.29999923706055,45.20000076293945,45.75,45.0760612487793,245790
2019-05-30,46.29999923706055,46.29999923706055,45.099998474121094,45.45000076293945,44.78048324584961,110330
2019-05-31,45.79999923706055,45.79999923706055,43.849998474121094,44.099998474121094,43.45036697387695,120807
2019-06-03,44.0,44.0,43.349998474121094,43.54999923706055,42.908470153808594,64830
2019-06-04,43.5,45.150001525878906,43.45000076293945,44.20000076293945,43.54889678955078,153216
2019-06-06,44.45000076293945,44.45000076293945,43.04999923706055,43.45000076293945,42.80994415283203,75724
2019-06-07,43.5,43.54999923706055,42.349998474121094,42.650001525878906,42.021728515625,42820
2019-06-10,42.5,43.04999923706055,41.29999923706055,41.70000076293945,41.085723876953125,87219
2019-06-11,42.0,42.29999923706055,41.400001525878906,42.150001525878906,41.52909469604492,67133
2019-06-12,41.95000076293945,42.79999923706055,41.650001525878906,41.79999923706055,41.18424987792969,38122
2019-06-13,41.650001525878906,41.70000076293945,40.400001525878906,41.0,40.396034240722656,101250
2019-06-14,40.900001525878906,41.0,40.25,40.349998474121094,39.75560760498047,94929
2019-06-17,40.349998474121094,40.599998474121094,39.75,39.95000076293945,39.36150360107422,68864
2019-06-18,40.0,40.29999923706055,39.650001525878906,39.79999923706055,39.21371078491211,56561
2019-06-19,40.20000076293945,40.29999923706055,38.099998474121094,38.5,37.932861328125,98547
2019-06-20,39.0,39.349998474121094,37.650001525878906,39.04999923706055,38.47475814819336,88550
2019-06-21,39.0,39.79999923706055,38.79999923706055,39.099998474121094,38.52402114868164,73359
2019-06-24,39.900001525878906,39.900001525878906,38.0,38.95000076293945,38.3762321472168,72199
2019-06-25,39.0,39.45000076293945,38.349998474121094,39.20000076293945,38.62255096435547,185463
2019-06-26,39.29999923706055,40.650001525878906,39.099998474121094,40.25,39.657081604003906,175542
2019-06-27,40.400001525878906,40.95000076293945,40.04999923706055,40.25,39.657081604003906,101656
2019-06-28,40.45000076293945,40.54999923706055,39.29999923706055,39.900001525878906,39.31224060058594,82523
2019-07-01,40.25,40.900001525878906,40.150001525878906,40.349998474121094,39.75560760498047,102503
2019-07-02,40.349998474121094,40.5,39.70000076293945,40.099998474121094,39.5092887878418,38331
2019-07-03,40.29999923706055,40.70000076293945,39.95000076293945,40.5,39.90340042114258,110200
2019-07-04,40.79999923706055,40.95000076293945,40.150001525878906,40.25,39.657081604003906,66629
2019-07-05,40.20000076293945,40.54999923706055,39.349998474121094,39.45000076293945,38.86886978149414,43867
2019-07-08,39.45000076293945,39.45000076293945,38.349998474121094,38.599998474121094,38.03138732910156,105572
2019-07-09,38.5,38.650001525878906,38.0,38.29999923706055,37.73580551147461,76333
2019-07-10,38.79999923706055,38.79999923706055,37.70000076293945,37.75,37.19390869140625,51210
2019-07-11,38.20000076293945,38.400001525878906,37.900001525878906,38.150001525878906,37.58802032470703,55586
2019-07-12,38.150001525878906,38.349998474121094,37.79999923706055,38.0,37.44022750854492,53169
2019-07-15,38.150001525878906,38.25,37.5,37.599998474121094,37.04611587524414,39687
2019-07-16,37.75,38.0,37.45000076293945,37.54999923706055,36.996856689453125,50631
2019-07-17,38.599998474121094,38.599998474121094,37.45000076293945,37.54999923706055,36.996856689453125,62135
2019-07-18,37.5,37.54999923706055,36.650001525878906,36.70000076293945,36.15937805175781,53607
2019-07-19,36.849998474121094,36.849998474121094,35.95000076293945,36.04999923706055,35.518951416015625,72532
2019-07-22,36.04999923706055,36.04999923706055,35.099998474121094,35.29999923706055,34.779998779296875,49464
2019-07-23,35.29999923706055,35.400001525878906,35.04999923706055,35.150001525878906,35.150001525878906,71247
2019-07-24,35.0,35.20000076293945,33.75,34.04999923706055,34.04999923706055,74427
2019-07-25,34.04999923706055,34.5,33.25,33.45000076293945,33.45000076293945,40434
2019-07-26,33.5,34.04999923706055,33.29999923706055,33.599998474121094,33.599998474121094,57868
2019-07-29,33.5,33.54999923706055,33.04999923706055,33.150001525878906,33.150001525878906,43803
2019-07-30,33.25,33.45000076293945,30.75,31.350000381469727,31.350000381469727,94203
2019-07-31,31.5,32.79999923706055,30.850000381469727,32.5,32.5,77765
2019-08-01,32.29999923706055,33.599998474121094,31.600000381469727,32.099998474121094,32.099998474121094,95446
2019-08-02,32.0,32.099998474121094,31.049999237060547,31.799999237060547,31.799999237060547,62081
2019-08-05,31.600000381469727,31.600000381469727,30.399999618530273,30.5,30.5,79776
2019-08-06,30.100000381469727,31.5,30.0,31.350000381469727,31.350000381469727,44416
2019-08-07,31.5,31.75,30.649999618530273,31.25,31.25,50015
2019-08-08,30.600000381469727,32.900001525878906,30.600000381469727,32.650001525878906,32.650001525878906,123916
2019-08-09,32.70000076293945,33.29999923706055,32.54999923706055,32.849998474121094,32.849998474121094,58128
2019-08-13,32.25,32.400001525878906,31.450000762939453,31.700000762939453,31.700000762939453,148209
2019-08-14,31.75,31.899999618530273,31.100000381469727,31.399999618530273,31.399999618530273,31385
2019-08-16,31.350000381469727,33.349998474121094,30.200000762939453,32.5,32.5,182606
2019-08-19,32.900001525878906,33.0,32.099998474121094,32.29999923706055,32.29999923706055,54359
2019-08-20,32.849998474121094,32.849998474121094,30.799999237060547,31.100000381469727,31.100000381469727,39043
2019-08-21,31.25,31.299999237060547,30.100000381469727,30.450000762939453,30.450000762939453,65875
2019-08-22,30.200000762939453,30.200000762939453,28.25,28.799999237060547,28.799999237060547,112866
2019-08-23,29.0,29.700000762939453,27.899999618530273,29.549999237060547,29.549999237060547,151696
2019-08-26,29.899999618530273,30.5,29.25,30.25,30.25,98160
2019-08-27,30.649999618530273,33.0,30.5,32.25,32.25,145238
2019-08-28,32.400001525878906,32.5,30.75,30.950000762939453,30.950000762939453,91498
2019-08-29,31.0,32.79999923706055,30.75,32.0,32.0,185149
2019-08-30,32.75,32.75,31.350000381469727,31.600000381469727,31.600000381469727,72583
2019-09-03,31.450000762939453,32.25,30.600000381469727,30.850000381469727,30.850000381469727,58014
2019-09-04,31.049999237060547,31.75,30.549999237060547,31.350000381469727,31.350000381469727,65336
2019-09-05,31.5,34.79999923706055,31.5,33.75,33.75,276401
2019-09-06,34.0,34.349998474121094,33.25,33.95000076293945,33.95000076293945,113007
2019-09-09,34.400001525878906,34.70000076293945,33.650001525878906,34.45000076293945,34.45000076293945,81278
2019-09-11,34.45000076293945,35.599998474121094,34.45000076293945,35.04999923706055,35.04999923706055,94012
2019-09-12,35.20000076293945,36.400001525878906,34.900001525878906,35.29999923706055,35.29999923706055,123310
2019-09-13,35.349998474121094,41.650001525878906,35.04999923706055,40.400001525878906,40.400001525878906,702251
2019-09-16,39.599998474121094,40.25,38.04999923706055,38.25,38.25,250682
2019-09-17,39.0,39.70000076293945,36.54999923706055,37.04999923706055,37.04999923706055,298613
2019-09-18,37.54999923706055,37.79999923706055,36.650001525878906,36.849998474121094,36.849998474121094,163284
2019-09-19,36.650001525878906,37.75,35.099998474121094,35.29999923706055,35.29999923706055,186029
2019-09-20,35.25,38.400001525878906,35.150001525878906,36.79999923706055,36.79999923706055,224287
2019-09-23,37.849998474121094,39.20000076293945,37.25,38.349998474121094,38.349998474121094,207551
2019-09-24,39.20000076293945,39.20000076293945,37.599998474121094,37.70000076293945,37.70000076293945,88479
2019-09-25,38.75,38.75,36.400001525878906,36.70000076293945,36.70000076293945,117368
2019-09-26,37.79999923706055,38.400001525878906,36.5,37.29999923706055,37.29999923706055,177916
2019-09-27,37.54999923706055,37.900001525878906,36.45000076293945,36.599998474121094,36.599998474121094,92790
2019-09-30,36.5,36.5,34.79999923706055,35.150001525878906,35.150001525878906,115580
2019-10-01,35.20000076293945,36.20000076293945,33.04999923706055,33.95000076293945,33.95000076293945,218883
2019-10-03,33.400001525878906,34.099998474121094,32.400001525878906,32.75,32.75,110747
2019-10-04,33.349998474121094,34.79999923706055,32.45000076293945,32.75,32.75,209960
2019-10-07,33.25,33.25,31.600000381469727,31.700000762939453,31.700000762939453,128538
2019-10-09,31.700000762939453,32.29999923706055,28.649999618530273,28.950000762939453,28.950000762939453,351977
2019-10-10,28.549999237060547,30.450000762939453,28.549999237060547,29.700000762939453,29.700000762939453,171318
2019-10-11,30.25,30.600000381469727,29.799999237060547,29.950000762939453,29.950000762939453,94254
2019-10-14,30.149999618530273,30.75,30.149999618530273,30.399999618530273,30.399999618530273,79860
2019-10-15,30.549999237060547,32.150001525878906,29.0,31.75,31.75,243790
2019-10-16,32.0,33.45000076293945,31.600000381469727,32.70000076293945,32.70000076293945,246465
2019-10-17,33.0,33.0,31.75,32.29999923706055,32.29999923706055,63410
2019-10-18,33.70000076293945,38.75,32.54999923706055,38.650001525878906,38.650001525878906,1169422
2019-10-22,39.650001525878906,41.70000076293945,38.75,39.25,39.25,495796
2019-10-23,39.5,39.54999923706055,38.349998474121094,38.849998474121094,38.849998474121094,165167
2019-10-24,39.45000076293945,39.70000076293945,37.099998474121094,38.099998474121094,38.099998474121094,142181
2019-10-25,38.45000076293945,38.54999923706055,37.400001525878906,37.900001525878906,37.900001525878906,108355
2019-10-29,39.150001525878906,40.70000076293945,38.400001525878906,40.20000076293945,40.20000076293945,260390
2019-10-30,42.04999923706055,43.25,42.04999923706055,42.400001525878906,42.400001525878906,318917
2019-10-31,42.75,43.54999923706055,41.20000076293945,41.400001525878906,41.400001525878906,191668
2019-11-01,41.5,44.25,40.900001525878906,43.599998474121094,43.599998474121094,317375
2019-11-04,43.599998474121094,44.650001525878906,43.099998474121094,43.45000076293945,43.45000076293945,242471
2019-11-05,42.900001525878906,43.70000076293945,41.849998474121094,42.099998474121094,42.099998474121094,84153
2019-11-06,42.0,42.25,41.0,41.150001525878906,41.150001525878906,99418
2019-11-07,41.45000076293945,41.900001525878906,40.29999923706055,41.400001525878906,41.400001525878906,163265
2019-11-08,41.0,41.29999923706055,40.04999923706055,40.20000076293945,40.20000076293945,95555
2019-11-11,39.5,41.29999923706055,39.5,40.54999923706055,40.54999923706055,111379
2019-11-13,41.29999923706055,41.29999923706055,38.75,39.150001525878906,39.150001525878906,78387
2019-11-14,39.849998474121094,39.849998474121094,38.20000076293945,38.70000076293945,38.70000076293945,121061
2019-11-15,38.29999923706055,38.29999923706055,37.099998474121094,37.29999923706055,37.29999923706055,79258
2019-11-18,37.599998474121094,38.150001525878906,37.20000076293945,37.70000076293945,37.70000076293945,54119
2019-11-19,37.54999923706055,40.150001525878906,36.95000076293945,39.20000076293945,39.20000076293945,120169
2019-11-20,40.099998474121094,42.400001525878906,39.54999923706055,41.5,41.5,384805
2019-11-21,41.45000076293945,41.5,38.54999923706055,38.95000076293945,38.95000076293945,199143
2019-11-22,38.75,40.349998474121094,38.5,40.150001525878906,40.150001525878906,110719
2019-11-25,40.599998474121094,42.849998474121094,40.20000076293945,42.04999923706055,42.04999923706055,283141
2019-11-26,42.29999923706055,42.849998474121094,40.349998474121094,40.79999923706055,40.79999923706055,170300
2019-11-27,40.5,41.349998474121094,40.20000076293945,40.5,40.5,94216
2019-11-28,40.29999923706055,41.25,40.25,40.70000076293945,40.70000076293945,72373
2019-11-29,41.099998474121094,41.75,40.150001525878906,40.5,40.5,73504
2019-12-02,40.20000076293945,42.349998474121094,39.29999923706055,40.29999923706055,40.29999923706055,220860
2019-12-03,40.45000076293945,40.849998474121094,39.25,39.45000076293945,39.45000076293945,98371
2019-12-04,39.0,39.70000076293945,38.599998474121094,39.25,39.25,94037
2019-12-05,39.54999923706055,40.150001525878906,38.79999923706055,39.0,39.0,163496
2019-12-06,40.0,41.0,38.5,38.95000076293945,38.95000076293945,222042
2019-12-09,39.0,39.400001525878906,38.25,38.29999923706055,38.29999923706055,128961
2019-12-10,38.29999923706055,38.75,37.25,37.400001525878906,37.400001525878906,74679
2019-12-11,37.70000076293945,37.79999923706055,36.0,36.25,36.25,115071
2019-12-12,36.95000076293945,37.70000076293945,36.79999923706055,37.400001525878906,37.400001525878906,59331
2019-12-13,38.20000076293945,39.150001525878906,37.650001525878906,37.900001525878906,37.900001525878906,198356
2019-12-16,38.29999923706055,38.400001525878906,37.349998474121094,37.5,37.5,34290
2019-12-17,37.79999923706055,39.45000076293945,37.75,38.349998474121094,38.349998474121094,124655
2019-12-18,38.29999923706055,39.849998474121094,38.25,38.400001525878906,38.400001525878906,173892
2019-12-19,38.349998474121094,38.54999923706055,37.599998474121094,38.099998474121094,38.099998474121094,69265
2019-12-20,38.25,38.29999923706055,37.400001525878906,37.650001525878906,37.650001525878906,85896
2019-12-23,37.849998474121094,39.849998474121094,37.599998474121094,38.900001525878906,38.900001525878906,174871
2019-12-24,38.95000076293945,39.20000076293945,38.0,38.29999923706055,38.29999923706055,90937
2019-12-26,38.5,39.95000076293945,38.349998474121094,38.849998474121094,38.849998474121094,179706
2019-12-27,39.349998474121094,39.45000076293945,38.849998474121094,39.04999923706055,39.04999923706055,67231
2019-12-30,39.099998474121094,39.54999923706055,38.75,38.900001525878906,38.900001525878906,64265
2019-12-31,39.349998474121094,39.650001525878906,38.900001525878906,39.150001525878906,39.150001525878906,84201
2020-01-01,39.45000076293945,40.79999923706055,39.349998474121094,40.400001525878906,40.400001525878906,187266
2020-01-02,41.0,48.45000076293945,40.75,48.45000076293945,48.45000076293945,1728916
2020-01-03,50.29999923706055,51.0,46.25,46.75,46.75,1212499
2020-01-06,46.349998474121094,46.349998474121094,44.25,44.54999923706055,44.54999923706055,480104
2020-01-07,45.150001525878906,46.70000076293945,45.150001525878906,45.75,45.75,246434
2020-01-08,45.0,47.150001525878906,44.400001525878906,46.04999923706055,46.04999923706055,441856
2020-01-09,47.04999923706055,47.75,46.599998474121094,46.849998474121094,46.849998474121094,220531
2020-01-10,47.29999923706055,47.900001525878906,46.04999923706055,46.349998474121094,46.349998474121094,160987
2020-01-13,46.75,48.900001525878906,46.25,47.25,47.25,238748
2020-01-14,47.70000076293945,48.0,47.04999923706055,47.25,47.25,111769
2020-01-15,47.099998474121094,47.5,46.54999923706055,46.95000076293945,46.95000076293945,129105
2020-01-16,47.599998474121094,49.150001525878906,47.25,47.400001525878906,47.400001525878906,267155
2020-01-17,47.75,47.75,46.54999923706055,46.70000076293945,46.70000076293945,74331
2020-01-20,46.95000076293945,46.95000076293945,45.75,45.849998474121094,45.849998474121094,72887
2020-01-21,45.599998474121094,45.70000076293945,44.95000076293945,45.0,45.0,45188
2020-01-22,45.29999923706055,45.650001525878906,44.45000076293945,44.599998474121094,44.599998474121094,79445
2020-01-23,44.650001525878906,45.650001525878906,44.599998474121094,45.0,45.0,53742
2020-01-24,45.0,47.29999923706055,44.900001525878906,46.650001525878906,46.650001525878906,152445
2020-01-27,46.45000076293945,46.45000076293945,44.849998474121094,44.95000076293945,44.95000076293945,91451
2020-01-28,44.70000076293945,45.25,43.29999923706055,43.900001525878906,43.900001525878906,161180
2020-01-29,44.79999923706055,45.099998474121094,44.0,44.349998474121094,44.349998474121094,50729
2020-01-30,44.29999923706055,44.45000076293945,42.900001525878906,43.5,43.5,82872
2020-01-31,43.79999923706055,44.0,42.349998474121094,42.5,42.5,53252
2020-02-03,41.0,41.099998474121094,39.79999923706055,40.150001525878906,40.150001525878906,100179
2020-02-04,41.20000076293945,42.5,40.5,42.099998474121094,42.099998474121094,146139
2020-02-05,42.150001525878906,43.5,42.150001525878906,43.20000076293945,43.20000076293945,58247
2020-02-06,43.5,44.25,42.400001525878906,42.54999923706055,42.54999923706055,81319
2020-02-07,43.0,43.04999923706055,41.849998474121094,42.150001525878906,42.150001525878906,35610
2020-02-10,42.20000076293945,42.25,41.0,41.5,41.5,36656
2020-02-11,41.79999923706055,43.400001525878906,41.099998474121094,41.5,41.5,78280
2020-02-12,41.95000076293945,43.04999923706055,41.650001525878906,41.849998474121094,41.849998474121094,77095
2020-02-13,41.599998474121094,41.849998474121094,40.95000076293945,41.29999923706055,41.29999923706055,106412
2020-02-14,39.5,39.5,37.70000076293945,38.0,38.0,180733
2020-02-17,38.150001525878906,38.150001525878906,35.54999923706055,35.79999923706055,35.79999923706055,122312
2020-02-18,35.79999923706055,35.79999923706055,34.650001525878906,35.150001525878906,35.150001525878906,80700
2020-02-19,35.650001525878906,36.400001525878906,35.150001525878906,36.150001525878906,36.150001525878906,79181
2020-02-20,35.900001525878906,37.349998474121094,35.75,36.54999923706055,36.54999923706055,50013
2020-02-24,36.54999923706055,36.54999923706055,34.54999923706055,34.79999923706055,34.79999923706055,69883
2020-02-25,34.79999923706055,35.45000076293945,34.45000076293945,34.95000076293945,34.95000076293945,33632
2020-02-26,35.04999923706055,35.04999923706055,33.849998474121094,34.25,34.25,37740
2020-02-27,34.0,34.0,33.150001525878906,33.599998474121094,33.599998474121094,61994
2020-02-28,32.599998474121094,33.0,31.149999618530273,31.399999618530273,31.399999618530273,82659
2020-03-02,33.5,33.5,29.549999237060547,30.0,30.0,127516
2020-03-03,30.450000762939453,31.0,29.799999237060547,30.700000762939453,30.700000762939453,274567
2020-03-04,30.950000762939453,31.100000381469727,28.700000762939453,29.5,29.5,263360
2020-03-05,30.0,30.700000762939453,29.700000762939453,30.450000762939453,30.450000762939453,132113
2020-03-06,29.799999237060547,29.799999237060547,28.299999237060547,29.049999237060547,29.049999237060547,209963
2020-03-09,29.049999237060547,29.049999237060547,29.049999237060547,29.049999237060547,29.049999237060547,0
2020-03-11,27.950000762939453,28.399999618530273,26.899999618530273,28.100000381469727,28.100000381469727,108019
2020-03-12,27.0,27.0,23.399999618530273,24.450000762939453,24.450000762939453,226738
2020-03-13,24.25,26.399999618530273,20.0,26.0,26.0,295825
2020-03-16,25.700000762939453,25.700000762939453,23.5,23.649999618530273,23.649999618530273,97521
2020-03-17,24.0,24.5,22.200000762939453,23.149999618530273,23.149999618530273,177462
2020-03-18,23.200000762939453,23.600000381469727,21.399999618530273,22.299999237060547,22.299999237060547,265078
2020-03-19,21.799999237060547,22.299999237060547,20.399999618530273,21.25,21.25,164634
2020-03-20,21.600000381469727,23.700000762939453,21.600000381469727,22.799999237060547,22.799999237060547,326962
2020-03-23,22.25,22.25,18.5,20.100000381469727,20.100000381469727,193007
2020-03-24,21.399999618530273,21.799999237060547,18.350000381469727,18.649999618530273,18.649999618530273,167719
2020-03-25,19.450000762939453,20.200000762939453,18.299999237060547,20.049999237060547,20.049999237060547,96122
2020-03-26,21.0,21.299999237060547,19.799999237060547,20.200000762939453,20.200000762939453,75496
2020-03-27,20.899999618530273,22.799999237060547,20.5,20.899999618530273,20.899999618530273,143649
2020-03-30,20.600000381469727,21.25,19.5,20.200000762939453,20.200000762939453,96646
2020-03-31,21.0,21.700000762939453,20.950000762939453,21.299999237060547,21.299999237060547,92137
2020-04-01,22.700000762939453,22.700000762939453,21.399999618530273,21.649999618530273,21.649999618530273,59497
2020-04-03,21.600000381469727,22.350000381469727,20.799999237060547,21.600000381469727,21.600000381469727,57118
2020-04-07,22.5,23.5,22.100000381469727,23.299999237060547,23.299999237060547,73933
2020-04-08,23.0,25.5,23.0,23.899999618530273,23.899999618530273,113411
2020-04-09,24.399999618530273,25.0,24.049999237060547,24.75,24.75,97973
2020-04-13,25.0,26.0,23.899999618530273,25.200000762939453,25.200000762939453,75701
2020-04-15,25.5,27.200000762939453,25.399999618530273,25.75,25.75,166713
2020-04-16,25.5,26.700000762939453,25.399999618530273,26.450000762939453,26.450000762939453,61973
2020-04-17,26.450000762939453,27.75,26.450000762939453,27.399999618530273,27.399999618530273,147865
2020-04-20,29.200000762939453,29.200000762939453,26.75,27.149999618530273,27.149999618530273,201073
2020-04-21,27.0,27.0,24.850000381469727,25.5,25.5,152890
2020-04-22,25.299999237060547,26.100000381469727,24.700000762939453,25.5,25.5,56159
2020-04-23,25.649999618530273,26.600000381469727,25.649999618530273,26.149999618530273,26.149999618530273,47298
2020-04-24,26.5,26.950000762939453,25.549999237060547,25.649999618530273,25.649999618530273,71719
2020-04-27,26.799999237060547,26.799999237060547,25.100000381469727,25.25,25.25,42907
2020-04-28,25.200000762939453,25.350000381469727,24.649999618530273,25.0,25.0,27811
2020-04-29,25.600000381469727,26.25,25.100000381469727,25.549999237060547,25.549999237060547,147629
2020-04-30,26.200000762939453,26.5,25.799999237060547,26.049999237060547,26.049999237060547,71026
2020-05-04,25.5,25.5,23.850000381469727,24.5,24.5,52446
2020-05-05,25.200000762939453,25.200000762939453,23.700000762939453,24.0,24.0,226735
2020-05-06,24.049999237060547,24.350000381469727,23.700000762939453,23.850000381469727,23.850000381469727,197746
2020-05-07,24.799999237060547,24.850000381469727,23.799999237060547,24.25,24.25,113021
2020-05-08,24.549999237060547,24.649999618530273,23.700000762939453,23.799999237060547,23.799999237060547,37628
2020-05-11,24.200000762939453,24.549999237060547,23.700000762939453,23.799999237060547,23.799999237060547,161318
2020-05-12,23.799999237060547,24.200000762939453,23.5,23.799999237060547,23.799999237060547,96964
2020-05-13,24.200000762939453,26.299999237060547,24.200000762939453,25.950000762939453,25.950000762939453,229002
2020-05-14,25.5,26.649999618530273,25.5,25.75,25.75,150254
2020-05-15,26.5,26.5,25.5,25.75,25.75,76512
2020-05-18,26.950000762939453,27.350000381469727,25.75,26.0,26.0,136741
2020-05-19,25.799999237060547,26.350000381469727,24.899999618530273,25.25,25.25,66704
2020-05-20,25.5,25.649999618530273,25.0,25.100000381469727,25.100000381469727,48531
2020-05-21,25.299999237060547,26.0,25.149999618530273,25.350000381469727,25.350000381469727,40181
2020-05-22,25.700000762939453,25.700000762939453,24.450000762939453,24.549999237060547,24.549999237060547,52332
2020-05-26,24.799999237060547,24.899999618530273,24.350000381469727,24.649999618530273,24.649999618530273,45701
2020-05-27,25.299999237060547,25.850000381469727,24.899999618530273,25.399999618530273,25.399999618530273,166133
2020-05-28,25.799999237060547,26.350000381469727,25.600000381469727,25.899999618530273,25.899999618530273,34908
2020-05-29,25.700000762939453,26.75,25.5,26.049999237060547,26.049999237060547,53579
2020-06-01,26.5,28.600000381469727,26.5,27.75,27.75,192362
2020-06-02,28.25,29.5,28.25,28.850000381469727,28.850000381469727,178093
2020-06-03,29.450000762939453,29.649999618530273,28.25,28.700000762939453,28.700000762939453,113394
2020-06-04,29.0,29.049999237060547,27.799999237060547,28.049999237060547,28.049999237060547,65347
2020-06-05,28.25,31.399999618530273,28.200000762939453,31.100000381469727,31.100000381469727,279538
