Date,Open,High,Low,Close,Adj Close,Volume
2002-06-17,2.5,2.5,2.5,2.5,2.5,700
2002-06-20,2.549999952316284,2.549999952316284,2.549999952316284,2.549999952316284,2.549999952316284,100
2002-07-01,2.0,2.0,2.0,2.0,2.0,400
2002-07-04,2.0,2.0,2.0,2.0,2.0,100
2002-07-15,2.0,2.049999952316284,2.0,2.049999952316284,2.049999952316284,300
2002-07-16,2.0,2.0,2.0,2.0,2.0,200
2002-07-18,2.25,2.25,2.25,2.25,2.25,100
2002-12-02,2.0,2.0,2.0,2.0,2.0,50
2002-12-03,1.899999976158142,1.899999976158142,1.649999976158142,1.649999976158142,1.649999976158142,100
2002-12-04,1.399999976158142,1.399999976158142,1.399999976158142,1.399999976158142,1.399999976158142,50
2002-12-05,1.2000000476837158,1.600000023841858,1.2000000476837158,1.25,1.25,200
2002-12-16,1.0499999523162842,1.0499999523162842,1.0499999523162842,1.0499999523162842,1.0499999523162842,100
2002-12-20,0.8500000238418579,0.8500000238418579,0.8500000238418579,0.8500000238418579,0.8500000238418579,600
2002-12-23,0.699999988079071,0.699999988079071,0.699999988079071,0.699999988079071,0.699999988079071,100
2002-12-26,0.6000000238418579,0.6000000238418579,0.6000000238418579,0.6000000238418579,0.6000000238418579,100
2003-01-01,0.699999988079071,0.699999988079071,0.5,0.5,0.5,100
2003-01-02,0.550000011920929,0.550000011920929,0.550000011920929,0.550000011920929,0.550000011920929,500
2003-01-03,0.6000000238418579,0.6000000238418579,0.6000000238418579,0.6000000238418579,0.6000000238418579,100
2003-01-08,0.550000011920929,0.550000011920929,0.550000011920929,0.550000011920929,0.550000011920929,200
2003-01-09,0.6499999761581421,0.6499999761581421,0.550000011920929,0.6499999761581421,0.6499999761581421,600
2003-01-13,0.550000011920929,0.6499999761581421,0.550000011920929,0.6000000238418579,0.6000000238418579,230
2003-01-14,0.6000000238418579,0.699999988079071,0.6000000238418579,0.699999988079071,0.699999988079071,800
2003-01-15,0.800000011920929,0.800000011920929,0.800000011920929,0.800000011920929,0.800000011920929,200
2003-01-16,0.800000011920929,0.800000011920929,0.800000011920929,0.800000011920929,0.800000011920929,100
2003-01-20,0.75,0.75,0.75,0.75,0.75,200
2003-01-22,0.6499999761581421,0.6499999761581421,0.6499999761581421,0.6499999761581421,0.6499999761581421,400
2003-01-24,0.699999988079071,0.699999988079071,0.699999988079071,0.699999988079071,0.699999988079071,500
2003-01-28,0.800000011920929,0.800000011920929,0.800000011920929,0.800000011920929,0.800000011920929,500
2003-01-29,0.699999988079071,0.949999988079071,0.699999988079071,0.699999988079071,0.699999988079071,400
2003-01-30,0.75,0.75,0.699999988079071,0.699999988079071,0.699999988079071,600
2003-02-10,0.6000000238418579,0.6000000238418579,0.6000000238418579,0.6000000238418579,0.6000000238418579,100
2003-02-14,0.5,0.5,0.5,0.5,0.5,100
2003-02-17,0.44999998807907104,0.6000000238418579,0.44999998807907104,0.6000000238418579,0.6000000238418579,1400
2003-02-18,0.699999988079071,0.699999988079071,0.5,0.5,0.5,500
2003-02-27,0.44999998807907104,0.44999998807907104,0.44999998807907104,0.44999998807907104,0.44999998807907104,200
2003-03-03,0.4000000059604645,0.4000000059604645,0.4000000059604645,0.4000000059604645,0.4000000059604645,100
2003-03-04,0.44999998807907104,0.44999998807907104,0.44999998807907104,0.44999998807907104,0.44999998807907104,100
2003-03-06,0.44999998807907104,0.44999998807907104,0.4000000059604645,0.4000000059604645,0.4000000059604645,100
2003-03-12,0.3499999940395355,0.3499999940395355,0.3499999940395355,0.3499999940395355,0.3499999940395355,400
2003-08-28,0.41999998688697815,0.41999998688697815,0.41999998688697815,0.41999998688697815,0.41999998688697815,200
2003-08-29,0.5,0.5,0.5,0.5,0.5,200
2003-09-01,0.6000000238418579,0.6000000238418579,0.6000000238418579,0.6000000238418579,0.6000000238418579,100
2003-09-02,0.7200000286102295,0.7200000286102295,0.7200000286102295,0.7200000286102295,0.7200000286102295,600
2003-09-05,0.5799999833106995,0.8600000143051147,0.5799999833106995,0.8199999928474426,0.8199999928474426,8200
2003-09-08,0.9800000190734863,0.9800000190734863,0.9800000190734863,0.9800000190734863,0.9800000190734863,200
2003-09-09,1.1699999570846558,1.1699999570846558,0.7900000214576721,1.159999966621399,1.159999966621399,251
2003-09-11,1.3899999856948853,1.3899999856948853,1.159999966621399,1.159999966621399,1.159999966621399,900
2003-09-12,0.9300000071525574,1.340000033378601,0.9300000071525574,1.340000033378601,1.340000033378601,1300
2003-09-16,1.590000033378601,1.590000033378601,1.5,1.5,1.5,1000
2003-09-17,1.75,1.75,1.75,1.75,1.75,1
2003-09-19,1.899999976158142,2.0999999046325684,1.899999976158142,2.0999999046325684,2.0999999046325684,2
2003-09-22,2.5,2.5,2.25,2.4000000953674316,2.4000000953674316,700
2003-09-23,2.4000000953674316,2.4000000953674316,2.4000000953674316,2.4000000953674316,2.4000000953674316,500
2003-09-24,1.9299999475479126,1.9299999475479126,1.9299999475479126,1.9299999475479126,1.9299999475479126,10
2003-09-25,1.7599999904632568,1.7599999904632568,1.5499999523162842,1.5499999523162842,1.5499999523162842,500
2003-09-26,1.5499999523162842,1.5499999523162842,1.25,1.25,1.25,900
2003-09-29,1.0700000524520874,1.5,1.0700000524520874,1.5,1.5,300
2003-09-30,1.5,1.5,1.2100000381469727,1.2100000381469727,1.2100000381469727,700
2003-10-01,0.9800000190734863,0.9800000190734863,0.9700000286102295,0.9700000286102295,0.9700000286102295,400
2003-10-06,0.800000011920929,0.8500000238418579,0.7900000214576721,0.8500000238418579,0.8500000238418579,491
2003-10-07,1.0,1.0,1.0,1.0,1.0,300
2003-10-09,1.2000000476837158,1.2000000476837158,1.2000000476837158,1.2000000476837158,1.2000000476837158,300
2003-10-15,0.9700000286102295,0.9700000286102295,0.9700000286102295,0.9700000286102295,0.9700000286102295,300
2003-10-16,0.800000011920929,0.800000011920929,0.800000011920929,0.800000011920929,0.800000011920929,1300
2003-10-17,0.800000011920929,0.800000011920929,0.800000011920929,0.800000011920929,0.800000011920929,200
2003-10-20,0.6499999761581421,0.6499999761581421,0.6499999761581421,0.6499999761581421,0.6499999761581421,100
2003-10-22,0.5600000023841858,0.5600000023841858,0.5600000023841858,0.5600000023841858,0.5600000023841858,100
2003-10-23,0.550000011920929,0.550000011920929,0.5400000214576721,0.5400000214576721,0.5400000214576721,200
2003-10-31,0.4399999976158142,0.4399999976158142,0.4399999976158142,0.4399999976158142,0.4399999976158142,100
2003-11-10,0.5,0.5,0.5,0.5,0.5,130
2003-11-21,0.5,0.5,0.5,0.5,0.5,200
2003-11-25,0.6000000238418579,0.6000000238418579,0.6000000238418579,0.6000000238418579,0.6000000238418579,100
2003-11-27,0.5,0.5,0.5,0.5,0.5,100
2003-11-28,0.4099999964237213,0.4099999964237213,0.4099999964237213,0.4099999964237213,0.4099999964237213,100
2003-12-08,0.3499999940395355,0.3499999940395355,0.3499999940395355,0.3499999940395355,0.3499999940395355,300
2003-12-09,0.41999998688697815,0.41999998688697815,0.41999998688697815,0.41999998688697815,0.41999998688697815,200
2003-12-11,0.5,0.5,0.5,0.5,0.5,200
2003-12-16,0.6000000238418579,0.6000000238418579,0.6000000238418579,0.6000000238418579,0.6000000238418579,400
2003-12-23,0.49000000953674316,0.7200000286102295,0.49000000953674316,0.7200000286102295,0.7200000286102295,400
2003-12-24,0.8600000143051147,0.8600000143051147,0.8600000143051147,0.8600000143051147,0.8600000143051147,500
2003-12-26,1.0299999713897705,1.0299999713897705,1.0299999713897705,1.0299999713897705,1.0299999713897705,600
2003-12-29,1.2300000190734863,1.2300000190734863,1.2300000190734863,1.2300000190734863,1.2300000190734863,330
2003-12-30,1.4700000286102295,1.4700000286102295,1.0199999809265137,1.0199999809265137,1.0199999809265137,3200
2003-12-31,1.0,1.2200000286102295,0.8999999761581421,0.8999999761581421,0.8999999761581421,900
2004-01-01,0.8500000238418579,0.8500000238418579,0.8500000238418579,0.8500000238418579,0.8500000238418579,100
2004-01-05,0.7099999785423279,0.8199999928474426,0.7099999785423279,0.8199999928474426,0.8199999928474426,1200
2004-01-06,0.9800000190734863,0.9800000190734863,0.9800000190734863,0.9800000190734863,0.9800000190734863,330
2004-01-07,1.149999976158142,1.149999976158142,0.9200000166893005,1.149999976158142,1.149999976158142,1400
2004-01-08,1.149999976158142,1.3799999952316284,0.949999988079071,1.3799999952316284,1.3799999952316284,11300
2004-01-09,1.2100000381469727,1.2999999523162842,1.2100000381469727,1.2200000286102295,1.2200000286102295,4400
2004-01-12,1.0099999904632568,1.4600000381469727,1.0099999904632568,1.2699999809265137,1.2699999809265137,800
2004-01-13,1.0199999809265137,1.4500000476837158,1.0199999809265137,1.3899999856948853,1.3899999856948853,1000
2004-01-14,1.1299999952316284,1.1299999952316284,1.1299999952316284,1.1299999952316284,1.1299999952316284,200
2004-01-15,1.350000023841858,1.350000023841858,1.350000023841858,1.350000023841858,1.350000023841858,4000
2004-01-19,1.090000033378601,1.090000033378601,1.090000033378601,1.090000033378601,1.090000033378601,300
2004-01-20,0.9300000071525574,1.25,0.9300000071525574,1.25,1.25,900
2004-01-21,1.0199999809265137,1.0199999809265137,1.0099999904632568,1.0099999904632568,1.0099999904632568,400
2004-01-28,1.0,1.0,1.0,1.0,1.0,100
2004-01-29,0.8199999928474426,1.190000057220459,0.8100000023841858,1.0,1.0,1800
2004-01-30,1.0,1.0,1.0,1.0,1.0,1475
2004-02-04,0.8299999833106995,0.8299999833106995,0.8299999833106995,0.8299999833106995,0.8299999833106995,300
2004-02-09,0.699999988079071,0.699999988079071,0.699999988079071,0.699999988079071,0.699999988079071,200
2004-02-10,0.6000000238418579,0.6000000238418579,0.6000000238418579,0.6000000238418579,0.6000000238418579,200
2004-02-11,0.7200000286102295,0.7200000286102295,0.550000011920929,0.550000011920929,0.550000011920929,300
2004-02-13,0.6600000262260437,0.6600000262260437,0.6600000262260437,0.6600000262260437,0.6600000262260437,100
2004-02-16,0.7900000214576721,0.7900000214576721,0.6100000143051147,0.6100000143051147,0.6100000143051147,3400
2004-02-17,0.7300000190734863,0.7300000190734863,0.7300000190734863,0.7300000190734863,0.7300000190734863,600
2004-02-18,0.6100000143051147,0.6200000047683716,0.6100000143051147,0.6200000047683716,0.6200000047683716,300
2004-02-19,0.699999988079071,0.699999988079071,0.699999988079071,0.699999988079071,0.699999988079071,100
2004-02-27,0.699999988079071,0.699999988079071,0.699999988079071,0.699999988079071,0.699999988079071,300
2004-03-04,0.6100000143051147,0.6100000143051147,0.6100000143051147,0.6100000143051147,0.6100000143051147,500
2004-03-05,0.5299999713897705,0.7300000190734863,0.5299999713897705,0.7300000190734863,0.7300000190734863,200
2004-03-08,0.6100000143051147,0.8700000047683716,0.6100000143051147,0.8700000047683716,0.8700000047683716,100
2004-03-10,1.0399999618530273,1.0399999618530273,1.0399999618530273,1.0399999618530273,1.0399999618530273,1
2004-03-11,1.2400000095367432,1.2400000095367432,1.2400000095367432,1.2400000095367432,1.2400000095367432,1
2004-04-02,1.399999976158142,1.399999976158142,1.399999976158142,1.399999976158142,1.399999976158142,500
2004-04-05,1.5,1.5,1.5,1.5,1.5,500
2004-04-06,1.399999976158142,1.399999976158142,1.399999976158142,1.399999976158142,1.399999976158142,500
2004-04-07,1.5,1.5,1.1299999952316284,1.1299999952316284,1.1299999952316284,500
2004-04-08,1.3300000429153442,1.340000033378601,1.2999999523162842,1.340000033378601,1.340000033378601,6
2004-04-12,1.100000023841858,1.100000023841858,1.100000023841858,1.100000023841858,1.100000023841858,700
2004-04-13,1.0499999523162842,1.0499999523162842,1.0499999523162842,1.0499999523162842,1.0499999523162842,500
2004-04-15,0.8500000238418579,0.8500000238418579,0.8500000238418579,0.8500000238418579,0.8500000238418579,400
2004-04-19,0.5799999833106995,0.5799999833106995,0.5799999833106995,0.5799999833106995,0.5799999833106995,200
2004-04-20,0.5099999904632568,0.5099999904632568,0.5099999904632568,0.5099999904632568,0.5099999904632568,200
2004-04-22,0.41999998688697815,0.41999998688697815,0.41999998688697815,0.41999998688697815,0.41999998688697815,100
2004-04-23,0.5,0.5,0.5,0.5,0.5,200
2004-04-29,0.4099999964237213,0.4099999964237213,0.4099999964237213,0.4099999964237213,0.4099999964237213,100
2004-05-05,0.41999998688697815,0.41999998688697815,0.41999998688697815,0.41999998688697815,0.41999998688697815,100
2004-05-06,0.5,0.5,0.5,0.5,0.5,500
2004-05-19,0.550000011920929,0.550000011920929,0.550000011920929,0.550000011920929,0.550000011920929,300
2004-05-20,0.6600000262260437,0.6600000262260437,0.6600000262260437,0.6600000262260437,0.6600000262260437,500
2004-05-21,0.7900000214576721,0.7900000214576721,0.7900000214576721,0.7900000214576721,0.7900000214576721,500
2004-05-24,0.6399999856948853,0.6399999856948853,0.6399999856948853,0.6399999856948853,0.6399999856948853,400
2004-05-26,0.7599999904632568,0.7599999904632568,0.7599999904632568,0.7599999904632568,0.7599999904632568,100
2004-05-28,0.9100000262260437,0.9100000262260437,0.9100000262260437,0.9100000262260437,0.9100000262260437,20
2004-05-31,0.7300000190734863,0.7300000190734863,0.7300000190734863,0.7300000190734863,0.7300000190734863,100
2004-06-01,0.8700000047683716,0.8700000047683716,0.8700000047683716,0.8700000047683716,0.8700000047683716,55
2004-06-07,0.699999988079071,0.699999988079071,0.699999988079071,0.699999988079071,0.699999988079071,100
2004-06-08,0.5799999833106995,0.6499999761581421,0.5799999833106995,0.6499999761581421,0.6499999761581421,600
2004-06-09,0.550000011920929,0.6000000238418579,0.550000011920929,0.6000000238418579,0.6000000238418579,200
2004-06-11,0.49000000953674316,0.49000000953674316,0.49000000953674316,0.49000000953674316,0.49000000953674316,100
2004-07-07,0.5799999833106995,0.5799999833106995,0.5799999833106995,0.5799999833106995,0.5799999833106995,100
2004-07-16,0.6499999761581421,0.6499999761581421,0.6499999761581421,0.6499999761581421,0.6499999761581421,100
2004-07-22,0.6499999761581421,0.6499999761581421,0.5299999713897705,0.5299999713897705,0.5299999713897705,400
2004-08-02,0.550000011920929,0.550000011920929,0.550000011920929,0.550000011920929,0.550000011920929,200
2004-08-27,0.6499999761581421,0.6499999761581421,0.6499999761581421,0.6499999761581421,0.6499999761581421,200
2004-09-01,0.550000011920929,0.699999988079071,0.550000011920929,0.5699999928474426,0.5699999928474426,2400
2004-09-03,0.6800000071525574,0.6800000071525574,0.6800000071525574,0.6800000071525574,0.6800000071525574,100
2004-09-06,0.8100000023841858,0.8100000023841858,0.8100000023841858,0.8100000023841858,0.8100000023841858,100
2004-09-07,0.9700000286102295,0.9700000286102295,0.9700000286102295,0.9700000286102295,0.9700000286102295,1400
2004-09-08,0.800000011920929,1.149999976158142,0.800000011920929,1.149999976158142,1.149999976158142,300
2004-09-09,0.949999988079071,1.3799999952316284,0.949999988079071,1.0399999618530273,1.0399999618530273,4900
2004-09-10,1.0399999618530273,1.2400000095367432,1.0399999618530273,1.2400000095367432,1.2400000095367432,1000
2004-09-13,1.0499999523162842,1.100000023841858,1.0499999523162842,1.0499999523162842,1.0499999523162842,550
2004-09-14,1.100000023841858,1.100000023841858,1.100000023841858,1.100000023841858,1.100000023841858,1000
2004-09-15,1.0,1.0,0.8899999856948853,1.0,1.0,900
2004-09-16,1.2000000476837158,1.2000000476837158,1.190000057220459,1.2000000476837158,1.2000000476837158,2000
2004-09-17,1.149999976158142,1.440000057220459,0.9900000095367432,1.100000023841858,1.100000023841858,1400
2004-09-20,1.0399999618530273,1.0399999618530273,1.0399999618530273,1.0399999618530273,1.0399999618530273,100
2004-09-21,1.0499999523162842,1.059999942779541,1.0499999523162842,1.059999942779541,1.059999942779541,600
2004-09-22,0.8999999761581421,1.2599999904632568,0.8999999761581421,1.0,1.0,600
2004-09-23,0.8100000023841858,1.100000023841858,0.8100000023841858,1.100000023841858,1.100000023841858,300
2004-09-24,1.1200000047683716,1.1200000047683716,1.1200000047683716,1.1200000047683716,1.1200000047683716,600
2004-09-27,0.9200000166893005,1.25,0.9200000166893005,1.25,1.25,1700
2004-09-28,1.25,1.309999942779541,1.25,1.2999999523162842,1.2999999523162842,2500
2004-09-29,1.309999942779541,1.309999942779541,1.2999999523162842,1.309999942779541,1.309999942779541,958
2004-10-01,1.399999976158142,1.399999976158142,1.159999966621399,1.159999966621399,1.159999966621399,1600
2004-10-05,1.100000023841858,1.100000023841858,1.100000023841858,1.100000023841858,1.100000023841858,400
2004-10-06,1.100000023841858,1.100000023841858,1.100000023841858,1.100000023841858,1.100000023841858,200
2004-10-07,0.949999988079071,0.949999988079071,0.949999988079071,0.949999988079071,0.949999988079071,100
2004-10-08,0.8600000143051147,1.0,0.7699999809265137,1.0,1.0,500
2004-10-11,1.0,1.0,0.9800000190734863,0.9800000190734863,0.9800000190734863,700
2004-10-12,1.0,1.0,1.0,1.0,1.0,700
2004-10-14,0.8700000047683716,0.8700000047683716,0.8700000047683716,0.8700000047683716,0.8700000047683716,100
2004-10-15,0.8700000047683716,0.8700000047683716,0.8700000047683716,0.8700000047683716,0.8700000047683716,1000
2004-10-18,0.8500000238418579,0.8500000238418579,0.8500000238418579,0.8500000238418579,0.8500000238418579,400
2004-10-19,0.75,0.75,0.75,0.75,0.75,900
2004-10-20,0.8600000143051147,0.8600000143051147,0.8600000143051147,0.8600000143051147,0.8600000143051147,100
2004-10-21,1.0,1.0,0.9900000095367432,0.9900000095367432,0.9900000095367432,1000
2004-10-25,1.100000023841858,1.100000023841858,1.100000023841858,1.100000023841858,1.100000023841858,2000
2004-10-26,1.0099999904632568,1.0099999904632568,1.0099999904632568,1.0099999904632568,1.0099999904632568,500
2004-10-27,0.8700000047683716,0.8700000047683716,0.8700000047683716,0.8700000047683716,0.8700000047683716,700
2004-10-28,1.0399999618530273,1.0399999618530273,0.949999988079071,0.949999988079071,0.949999988079071,1200
2004-11-01,0.949999988079071,0.949999988079071,0.8100000023841858,0.8100000023841858,0.8100000023841858,600
2004-11-03,0.8999999761581421,0.8999999761581421,0.8999999761581421,0.8999999761581421,0.8999999761581421,100
2004-11-04,0.7699999809265137,1.0,0.7699999809265137,0.8500000238418579,0.8500000238418579,1000
2004-11-05,0.8600000143051147,0.8999999761581421,0.8600000143051147,0.8999999761581421,0.8999999761581421,700
2004-11-08,1.0,1.0,0.8600000143051147,0.8600000143051147,0.8600000143051147,200
2004-11-10,0.800000011920929,0.800000011920929,0.800000011920929,0.800000011920929,0.800000011920929,100
2004-11-11,0.9599999785423279,0.9599999785423279,0.8199999928474426,0.8199999928474426,0.8199999928474426,200
2004-11-12,0.800000011920929,0.800000011920929,0.800000011920929,0.800000011920929,0.800000011920929,100
2004-11-16,0.9599999785423279,0.9599999785423279,0.9599999785423279,0.9599999785423279,0.9599999785423279,1300
2004-11-17,1.0,1.0,1.0,1.0,1.0,100
2004-11-18,1.100000023841858,1.2000000476837158,1.100000023841858,1.2000000476837158,1.2000000476837158,600
2004-11-19,1.440000057220459,1.440000057220459,1.0499999523162842,1.100000023841858,1.100000023841858,1200
2004-11-22,1.2999999523162842,1.3200000524520874,1.100000023841858,1.100000023841858,1.100000023841858,700
2004-11-23,1.3200000524520874,1.3200000524520874,1.3200000524520874,1.3200000524520874,1.3200000524520874,1600
2004-11-24,1.149999976158142,1.5800000429153442,1.149999976158142,1.2599999904632568,1.2599999904632568,4500
2004-11-25,1.5099999904632568,1.5099999904632568,1.2999999523162842,1.5099999904632568,1.5099999904632568,2100
2004-11-29,1.809999942779541,1.809999942779541,1.809999942779541,1.809999942779541,1.809999942779541,800
2004-11-30,1.899999976158142,2.1700000762939453,1.7999999523162842,1.9500000476837158,1.9500000476837158,8900
2004-12-01,2.0,2.240000009536743,1.7999999523162842,1.899999976158142,1.899999976158142,4200
2004-12-02,2.0,2.049999952316284,1.75,1.8600000143051147,1.8600000143051147,10200
2004-12-03,2.2300000190734863,2.2300000190734863,1.899999976158142,1.9199999570846558,1.9199999570846558,5600
2004-12-06,1.809999942779541,2.299999952316284,1.809999942779541,2.299999952316284,2.299999952316284,4500
2004-12-07,2.5,2.759999990463257,2.0,2.6500000953674316,2.6500000953674316,3800
2004-12-08,2.700000047683716,2.9000000953674316,2.130000114440918,2.9000000953674316,2.9000000953674316,8200
2004-12-09,3.4800000190734863,3.4800000190734863,2.700000047683716,3.25,3.25,6800
2004-12-10,3.3499999046325684,3.9000000953674316,3.3499999046325684,3.799999952316284,3.799999952316284,5900
2004-12-13,3.859999895095825,3.859999895095825,3.5,3.5999999046325684,3.5999999046325684,950
2004-12-14,3.700000047683716,3.700000047683716,2.890000104904175,2.890000104904175,2.890000104904175,3200
2004-12-15,2.319999933242798,2.890000104904175,2.319999933242798,2.319999933242798,2.319999933242798,6200
2004-12-16,2.3499999046325684,2.3499999046325684,1.8600000143051147,1.899999976158142,1.899999976158142,3600
2004-12-20,1.809999942779541,2.0,1.7999999523162842,2.0,2.0,3300
2004-12-21,2.0,2.0,1.7999999523162842,2.0,2.0,6300
2004-12-22,2.380000114440918,2.4000000953674316,2.049999952316284,2.049999952316284,2.049999952316284,1600
2004-12-23,2.450000047683716,2.4600000381469727,2.0999999046325684,2.109999895095825,2.109999895095825,4900
2004-12-24,2.259999990463257,2.5299999713897705,2.259999990463257,2.5299999713897705,2.5299999713897705,3600
2004-12-27,2.5999999046325684,3.0299999713897705,2.5999999046325684,2.9000000953674316,2.9000000953674316,3600
2004-12-28,3.4800000190734863,3.4800000190734863,3.0999999046325684,3.4800000190734863,3.4800000190734863,3000
2004-12-29,4.099999904632568,4.159999847412109,3.8499999046325684,3.950000047683716,3.950000047683716,13100
2004-12-30,4.25,4.300000190734863,3.25,3.549999952316284,3.549999952316284,9300
2004-12-31,4.199999809265137,4.25,3.799999952316284,4.179999828338623,4.179999828338623,9800
2005-01-03,4.599999904632568,5.010000228881836,4.5,5.010000228881836,5.010000228881836,8500
2005-01-04,5.75,5.75,4.110000133514404,4.599999904632568,4.599999904632568,7500
2005-01-05,4.119999885559082,4.75,4.119999885559082,4.170000076293945,4.170000076293945,1500
2005-01-06,4.050000190734863,4.5,3.950000047683716,4.099999904632568,4.099999904632568,2100
2005-01-07,4.0,4.099999904632568,3.950000047683716,3.990000009536743,3.990000009536743,3300
2005-01-10,4.0,4.0,4.0,4.0,4.0,1000
2005-01-11,3.799999952316284,4.0,3.5,3.5,3.5,2200
2005-01-12,3.25,3.25,3.049999952316284,3.0999999046325684,3.0999999046325684,1300
2005-01-13,3.009999990463257,3.009999990463257,3.0,3.0,3.0,250
2005-01-14,3.0399999618530273,3.0399999618530273,3.0399999618530273,3.0399999618530273,3.0399999618530273,100
2005-01-17,2.5,2.890000104904175,2.450000047683716,2.890000104904175,2.890000104904175,2200
2005-01-18,2.4000000953674316,2.8499999046325684,2.4000000953674316,2.569999933242798,2.569999933242798,400
2005-01-19,2.75,2.799999952316284,2.75,2.799999952316284,2.799999952316284,1000
2005-01-20,2.5999999046325684,2.5999999046325684,2.5799999237060547,2.5799999237060547,2.5799999237060547,900
2005-01-24,2.0999999046325684,2.109999895095825,2.0999999046325684,2.0999999046325684,2.0999999046325684,1100
2005-01-25,2.0,2.5,1.899999976158142,2.5,2.5,2500
2005-01-27,2.1500000953674316,2.940000057220459,2.1500000953674316,2.569999933242798,2.569999933242798,2200
2005-01-28,2.1500000953674316,2.950000047683716,2.1500000953674316,2.8499999046325684,2.8499999046325684,1500
2005-01-31,3.0,3.0,2.6500000953674316,3.0,3.0,1100
2005-02-01,2.5,2.549999952316284,2.5,2.549999952316284,2.549999952316284,500
2005-02-02,2.5999999046325684,2.690000057220459,2.5999999046325684,2.6500000953674316,2.6500000953674316,325
2005-02-03,2.1500000953674316,2.5,2.1500000953674316,2.2799999713897705,2.2799999713897705,900
2005-02-04,2.059999942779541,2.7300000190734863,2.059999942779541,2.7300000190734863,2.7300000190734863,1200
2005-02-07,2.950000047683716,2.950000047683716,2.549999952316284,2.819999933242798,2.819999933242798,3400
2005-02-08,3.049999952316284,3.049999952316284,3.0,3.0,3.0,1800
2005-02-09,3.5999999046325684,3.5999999046325684,2.6600000858306885,3.0,3.0,6100
2005-02-10,3.0999999046325684,3.5999999046325684,3.0999999046325684,3.5899999141693115,3.5899999141693115,3000
2005-02-11,3.5999999046325684,3.5999999046325684,3.2100000381469727,3.2100000381469727,3.2100000381469727,4100
2005-02-14,3.25,3.25,2.5999999046325684,2.5999999046325684,2.5999999046325684,2900
2005-02-15,2.5,3.0,2.5,2.680000066757202,2.680000066757202,1200
2005-02-16,2.6600000858306885,3.180000066757202,2.6600000858306885,2.859999895095825,2.859999895095825,3600
2005-02-17,2.75,2.8499999046325684,2.75,2.8499999046325684,2.8499999046325684,300
2005-02-18,3.0,3.140000104904175,2.759999990463257,2.759999990463257,2.759999990463257,300
2005-02-21,2.75,3.0999999046325684,2.75,2.759999990463257,2.759999990463257,1700
2005-02-22,2.75,2.759999990463257,2.75,2.759999990463257,2.759999990463257,250
2005-02-23,3.0,3.0,2.759999990463257,2.759999990463257,2.759999990463257,1800
2005-02-24,2.5,3.309999942779541,2.5,3.1700000762939453,3.1700000762939453,3900
2005-02-25,3.799999952316284,3.799999952316284,2.759999990463257,3.4600000381469727,3.4600000381469727,2300
2005-02-28,3.5,3.5,2.9200000762939453,2.950000047683716,2.950000047683716,1700
2005-03-01,2.7799999713897705,3.0999999046325684,2.7799999713897705,3.0999999046325684,3.0999999046325684,475
2005-03-02,2.6600000858306885,2.990000009536743,2.6500000953674316,2.990000009536743,2.990000009536743,700
2005-03-03,2.950000047683716,2.990000009536743,2.5999999046325684,2.940000057220459,2.940000057220459,550
2005-03-04,2.5299999713897705,2.5799999237060547,2.5299999713897705,2.5799999237060547,2.5799999237060547,1200
2005-03-07,2.609999895095825,2.880000114440918,2.549999952316284,2.549999952316284,2.549999952316284,4000
2005-03-08,2.6500000953674316,2.7100000381469727,2.6500000953674316,2.7100000381469727,2.7100000381469727,600
2005-03-09,3.25,3.25,2.75,3.0,3.0,6500
2005-03-10,3.5999999046325684,3.5999999046325684,2.7300000190734863,3.2899999618530273,3.2899999618530273,2300
2005-03-11,2.9100000858306885,3.0199999809265137,2.9000000953674316,3.0,3.0,4200
2005-03-14,2.75,3.4700000286102295,2.75,3.049999952316284,3.049999952316284,1300
2005-03-15,3.049999952316284,3.200000047683716,2.930000066757202,2.930000066757202,2.930000066757202,2000
2005-03-16,2.8499999046325684,3.200000047683716,2.8499999046325684,3.0999999046325684,3.0999999046325684,2800
2005-03-17,3.6500000953674316,3.6500000953674316,2.8499999046325684,2.859999895095825,2.859999895095825,1100
2005-03-18,2.7799999713897705,2.950000047683716,2.7799999713897705,2.950000047683716,2.950000047683716,700
2005-03-21,2.799999952316284,2.799999952316284,2.4100000858306885,2.549999952316284,2.549999952316284,1000
2005-03-22,2.5,2.5,2.5,2.5,2.5,100
2005-03-23,2.380000114440918,2.380000114440918,2.380000114440918,2.380000114440918,2.380000114440918,300
2005-03-24,2.119999885559082,2.119999885559082,2.119999885559082,2.119999885559082,2.119999885559082,100
2005-03-28,2.450000047683716,2.450000047683716,2.119999885559082,2.119999885559082,2.119999885559082,431
2005-03-29,2.5399999618530273,2.5399999618530273,2.5399999618530273,2.5399999618530273,2.5399999618530273,857
2005-03-30,2.75,2.75,2.1700000762939453,2.1700000762939453,2.1700000762939453,1200
2005-03-31,2.2100000381469727,2.2100000381469727,2.2100000381469727,2.2100000381469727,2.2100000381469727,100
2005-04-01,2.259999990463257,2.259999990463257,2.259999990463257,2.259999990463257,2.259999990463257,100
2005-04-04,2.700000047683716,2.700000047683716,2.700000047683716,2.700000047683716,2.700000047683716,100
2005-04-05,2.299999952316284,2.299999952316284,2.299999952316284,2.299999952316284,2.299999952316284,200
2005-04-06,2.75,2.75,2.3499999046325684,2.5199999809265137,2.5199999809265137,1300
2005-04-07,2.450000047683716,2.4600000381469727,2.450000047683716,2.4600000381469727,2.4600000381469727,300
2005-04-08,2.3299999237060547,2.5,2.3299999237060547,2.5,2.5,300
2005-04-12,2.3499999046325684,2.3499999046325684,2.3499999046325684,2.3499999046325684,2.3499999046325684,100
2005-04-13,2.4700000286102295,2.490000009536743,2.4700000286102295,2.490000009536743,2.490000009536743,150
2005-04-15,2.259999990463257,2.259999990463257,2.259999990463257,2.259999990463257,2.259999990463257,100
2005-04-18,2.0799999237060547,2.109999895095825,2.0799999237060547,2.109999895095825,2.109999895095825,1800
2005-04-19,2.2200000286102295,2.2699999809265137,2.2200000286102295,2.2699999809265137,2.2699999809265137,400
2005-04-20,2.1500000953674316,2.1500000953674316,2.1500000953674316,2.1500000953674316,2.1500000953674316,300
2005-04-21,2.549999952316284,2.549999952316284,1.7300000190734863,1.7300000190734863,1.7300000190734863,600
2005-04-22,1.7999999523162842,2.069999933242798,1.7999999523162842,2.069999933242798,2.069999933242798,300
2005-04-25,2.4800000190734863,2.4800000190734863,2.4800000190734863,2.4800000190734863,2.4800000190734863,100
2005-04-26,2.5,2.9700000286102295,2.5,2.869999885559082,2.869999885559082,3398
2005-04-27,2.75,2.75,2.369999885559082,2.4000000953674316,2.4000000953674316,1400
2005-04-28,2.2200000286102295,2.2200000286102295,2.2200000286102295,2.2200000286102295,2.2200000286102295,1300
2005-04-29,2.1700000762939453,2.1700000762939453,2.1700000762939453,2.1700000762939453,2.1700000762939453,200
2005-05-02,2.299999952316284,2.299999952316284,2.299999952316284,2.299999952316284,2.299999952316284,200
2005-05-03,2.299999952316284,2.299999952316284,2.299999952316284,2.299999952316284,2.299999952316284,100
2005-05-04,2.759999990463257,2.759999990463257,2.1600000858306885,2.190000057220459,2.190000057220459,100
2005-05-05,2.4000000953674316,2.5999999046325684,2.3499999046325684,2.5999999046325684,2.5999999046325684,600
2005-05-06,2.1500000953674316,2.6500000953674316,2.1500000953674316,2.6500000953674316,2.6500000953674316,600
2005-05-09,2.8499999046325684,3.0799999237060547,2.450000047683716,2.75,2.75,170
2005-05-10,3.0,3.1500000953674316,2.799999952316284,2.799999952316284,2.799999952316284,1200
2005-05-11,3.0999999046325684,3.0999999046325684,3.049999952316284,3.049999952316284,3.049999952316284,50
2005-05-12,3.1500000953674316,3.1500000953674316,2.450000047683716,3.0,3.0,255
2005-05-13,2.950000047683716,2.950000047683716,2.450000047683716,2.450000047683716,2.450000047683716,100
2005-05-16,2.549999952316284,2.940000057220459,2.549999952316284,2.930000066757202,2.930000066757202,440
2005-05-17,3.0899999141693115,3.0899999141693115,2.4100000858306885,3.0899999141693115,3.0899999141693115,850
2005-05-19,2.5199999809265137,2.5199999809265137,2.5199999809265137,2.5199999809265137,2.5199999809265137,200
2005-05-20,2.5,3.0,2.5,2.5999999046325684,2.5999999046325684,2300
2005-05-23,2.5999999046325684,3.119999885559082,2.5999999046325684,3.119999885559082,3.119999885559082,1600
2005-05-24,3.490000009536743,3.490000009536743,2.8499999046325684,3.0,3.0,2700
2005-05-25,3.25,3.299999952316284,3.0,3.299999952316284,3.299999952316284,1400
2005-05-26,3.950000047683716,3.950000047683716,3.3499999046325684,3.3499999046325684,3.3499999046325684,2000
2005-05-27,4.0,4.0,3.049999952316284,3.4000000953674316,3.4000000953674316,1200
2005-05-30,4.050000190734863,4.050000190734863,3.0999999046325684,3.0999999046325684,3.0999999046325684,200
2005-05-31,3.0999999046325684,3.549999952316284,3.059999942779541,3.059999942779541,3.059999942779541,2100
2005-06-01,3.5,3.5,2.9000000953674316,3.009999990463257,3.009999990463257,485
2005-06-02,2.950000047683716,3.5,2.9000000953674316,3.5,3.5,3700
2005-06-03,4.099999904632568,4.099999904632568,3.0,3.069999933242798,3.069999933242798,810
2005-06-06,4.269999980926514,4.269999980926514,3.549999952316284,3.700000047683716,3.700000047683716,3110
2005-06-07,4.400000095367432,4.400000095367432,3.299999952316284,3.799999952316284,3.799999952316284,3000
2005-06-08,4.340000152587891,4.340000152587891,3.5999999046325684,4.0,4.0,3910
2005-06-09,4.5,4.5,3.799999952316284,3.799999952316284,3.799999952316284,4200
2005-06-10,4.099999904632568,4.5,4.0,4.0,4.0,9700
2005-06-13,4.0,4.0,4.0,4.0,4.0,1300
2005-06-14,4.349999904632568,4.349999904632568,3.950000047683716,3.950000047683716,3.950000047683716,1600
2005-06-15,4.340000152587891,4.739999771118164,4.050000190734863,4.340000152587891,4.340000152587891,11713
2005-06-16,4.5,5.0,4.5,4.889999866485596,4.889999866485596,9500
2005-06-17,5.099999904632568,5.449999809265137,4.5,4.5,4.5,2000
2005-06-20,4.110000133514404,4.110000133514404,4.0,4.010000228881836,4.010000228881836,3800
2005-06-21,3.4200000762939453,3.4700000286102295,3.4200000762939453,3.4700000286102295,3.4700000286102295,750
2005-06-22,3.549999952316284,3.5999999046325684,3.549999952316284,3.559999942779541,3.559999942779541,1000
2005-06-23,3.509999990463257,3.5199999809265137,3.509999990463257,3.5199999809265137,3.5199999809265137,400
2005-06-24,3.9000000953674316,3.9000000953674316,3.6500000953674316,3.6700000762939453,3.6700000762939453,1900
2005-06-27,4.349999904632568,4.349999904632568,4.0,4.0,4.0,788
2005-06-28,3.9000000953674316,3.9100000858306885,3.9000000953674316,3.9100000858306885,3.9100000858306885,1600
2005-06-29,4.690000057220459,4.690000057220459,3.9000000953674316,3.9000000953674316,3.9000000953674316,600
2005-06-30,3.75,4.230000019073486,3.5,4.119999885559082,4.119999885559082,8660
2005-07-01,4.230000019073486,4.300000190734863,3.9000000953674316,4.03000020980835,4.03000020980835,3089
2005-07-04,3.5799999237060547,4.099999904632568,3.5799999237060547,4.0,4.0,3900
2005-07-05,3.700000047683716,4.130000114440918,3.700000047683716,4.03000020980835,4.03000020980835,2600
2005-07-06,4.099999904632568,4.289999961853027,4.099999904632568,4.289999961853027,4.289999961853027,3400
2005-07-07,4.070000171661377,4.070000171661377,4.010000228881836,4.010000228881836,4.010000228881836,1400
2005-07-08,4.5,4.5,4.050000190734863,4.050000190734863,4.050000190734863,2400
2005-07-11,4.0,4.199999809265137,4.0,4.159999847412109,4.159999847412109,1175
2005-07-12,3.75,4.639999866485596,3.700000047683716,4.639999866485596,4.639999866485596,5500
2005-07-13,4.650000095367432,4.690000057220459,4.099999904632568,4.099999904632568,4.099999904632568,2600
2005-07-14,4.139999866485596,4.150000095367432,4.099999904632568,4.110000133514404,4.110000133514404,1500
2005-07-15,4.199999809265137,4.199999809265137,4.099999904632568,4.099999904632568,4.099999904632568,1300
2005-07-18,4.210000038146973,4.210000038146973,3.950000047683716,4.0,4.0,4200
2005-07-19,4.099999904632568,4.099999904632568,3.809999942779541,4.050000190734863,4.050000190734863,2200
2005-07-20,4.860000133514404,4.860000133514404,4.25,4.5,4.5,11400
2005-07-21,5.010000228881836,5.300000190734863,5.010000228881836,5.159999847412109,5.159999847412109,7300
2005-07-22,5.650000095367432,5.949999809265137,5.0,5.710000038146973,5.710000038146973,12100
2005-07-25,6.199999809265137,6.800000190734863,6.0,6.170000076293945,6.170000076293945,12900
2005-07-26,5.0,5.949999809265137,5.0,5.599999904632568,5.599999904632568,2800
2005-07-27,5.5,5.5,5.050000190734863,5.050000190734863,5.050000190734863,1400
2005-07-29,6.0,6.0,4.809999942779541,5.0,5.0,2700
2005-08-01,5.989999771118164,5.989999771118164,4.199999809265137,4.199999809265137,4.199999809265137,1300
2005-08-02,4.300000190734863,4.989999771118164,4.300000190734863,4.599999904632568,4.599999904632568,1900
2005-08-03,4.599999904632568,4.599999904632568,4.400000095367432,4.5,4.5,2200
2005-08-04,4.110000133514404,4.800000190734863,4.110000133514404,4.300000190734863,4.300000190734863,2600
2005-08-05,4.309999942779541,4.949999809265137,3.809999942779541,3.819999933242798,3.819999933242798,6700
2005-08-08,4.5,4.5,4.099999904632568,4.5,4.5,2500
2005-08-09,4.099999904632568,5.0,4.099999904632568,4.449999809265137,4.449999809265137,2700
2005-08-10,4.110000133514404,4.800000190734863,4.110000133514404,4.460000038146973,4.460000038146973,1450
2005-08-11,4.070000171661377,4.21999979019165,4.050000190734863,4.21999979019165,4.21999979019165,1300
2005-08-12,3.75,4.5,3.75,4.5,4.5,950
2005-08-16,5.0,5.0,4.110000133514404,4.75,4.75,1800
2005-08-17,4.400000095367432,4.5,4.400000095367432,4.409999847412109,4.409999847412109,1400
2005-08-18,5.0,5.0,4.150000095367432,4.260000228881836,4.260000228881836,5300
2005-08-19,4.239999771118164,5.079999923706055,4.239999771118164,4.610000133514404,4.610000133514404,4400
2005-08-22,4.949999809265137,4.949999809265137,4.650000095367432,4.849999904632568,4.849999904632568,3300
2005-08-23,5.260000228881836,5.28000020980835,4.809999942779541,4.809999942779541,4.809999942779541,3900
2005-08-24,4.75,4.989999771118164,4.75,4.989999771118164,4.989999771118164,2900
2005-08-25,4.599999904632568,5.0,4.570000171661377,5.0,5.0,2800
2005-08-26,5.0,5.940000057220459,5.0,5.400000095367432,5.400000095367432,3900
2005-08-29,6.150000095367432,6.150000095367432,5.300000190734863,5.309999942779541,5.309999942779541,4900
2005-08-30,5.400000095367432,5.5,5.019999980926514,5.440000057220459,5.440000057220459,9200
2005-08-31,5.5,6.300000190734863,5.5,6.099999904632568,6.099999904632568,11600
2005-09-01,6.75,7.320000171661377,6.75,7.320000171661377,7.320000171661377,10200
2005-09-02,8.779999732971191,8.779999732971191,7.599999904632568,8.779999732971191,8.779999732971191,29200
2005-09-05,10.529999732971191,10.529999732971191,7.5,8.800000190734863,8.800000190734863,12200
2005-09-06,9.0,9.0,7.199999809265137,7.849999904632568,7.849999904632568,6000
2005-09-08,8.0,8.0,7.070000171661377,7.070000171661377,7.070000171661377,8300
2005-09-09,7.760000228881836,7.760000228881836,6.409999847412109,6.989999771118164,6.989999771118164,6900
2005-09-12,7.480000019073486,7.480000019073486,6.519999980926514,6.550000190734863,6.550000190734863,5450
2005-09-13,6.25,6.5,6.25,6.46999979019165,6.46999979019165,8350
2005-09-14,6.25,7.110000133514404,6.25,6.699999809265137,6.699999809265137,3200
2005-09-15,6.400000095367432,7.25,6.400000095367432,6.900000095367432,6.900000095367432,4800
2005-09-16,7.400000095367432,7.579999923706055,6.670000076293945,7.579999923706055,7.579999923706055,12600
2005-09-19,7.989999771118164,8.25,7.309999942779541,8.100000381469727,8.100000381469727,13550
2005-09-20,8.0,8.0,7.300000190734863,7.800000190734863,7.800000190734863,3700
2005-09-21,7.5,7.849999904632568,7.420000076293945,7.420000076293945,7.420000076293945,361
2005-09-22,7.050000190734863,7.050000190734863,7.050000190734863,7.050000190734863,7.050000190734863,500
2005-09-23,6.699999809265137,6.699999809265137,6.699999809265137,6.699999809265137,6.699999809265137,99
2005-09-26,6.369999885559082,6.369999885559082,6.369999885559082,6.369999885559082,6.369999885559082,700
2005-10-04,6.059999942779541,6.059999942779541,6.059999942779541,6.059999942779541,6.059999942779541,1500
2005-10-05,5.760000228881836,5.760000228881836,5.760000228881836,5.760000228881836,5.760000228881836,100
2005-10-06,5.480000019073486,5.480000019073486,5.480000019073486,5.480000019073486,5.480000019073486,250
2005-10-07,5.210000038146973,5.210000038146973,5.210000038146973,5.210000038146973,5.210000038146973,50
2005-10-10,4.949999809265137,4.949999809265137,4.949999809265137,4.949999809265137,4.949999809265137,50
2005-10-11,4.710000038146973,4.710000038146973,4.710000038146973,4.710000038146973,4.710000038146973,50
2005-10-13,4.480000019073486,4.480000019073486,4.480000019073486,4.480000019073486,4.480000019073486,1000
2005-10-17,4.260000228881836,4.260000228881836,4.260000228881836,4.260000228881836,4.260000228881836,800
2005-10-18,4.199999809265137,4.199999809265137,4.050000190734863,4.050000190734863,4.050000190734863,800
2005-10-20,3.8499999046325684,3.8499999046325684,3.8499999046325684,3.8499999046325684,3.8499999046325684,200
2005-10-25,3.799999952316284,3.799999952316284,3.799999952316284,3.799999952316284,3.799999952316284,200
2005-10-26,3.9000000953674316,3.9000000953674316,3.619999885559082,3.8399999141693115,3.8399999141693115,250
2005-11-02,4.03000020980835,4.03000020980835,4.03000020980835,4.03000020980835,4.03000020980835,200
2005-11-07,4.230000019073486,4.230000019073486,4.230000019073486,4.230000019073486,4.230000019073486,100
2005-11-08,4.099999904632568,4.099999904632568,4.099999904632568,4.099999904632568,4.099999904632568,500
2005-11-09,3.9000000953674316,3.9000000953674316,3.9000000953674316,3.9000000953674316,3.9000000953674316,1800
2005-11-11,3.7100000381469727,3.7200000286102295,3.7100000381469727,3.7200000286102295,3.7200000286102295,300
2005-11-14,3.9000000953674316,3.9000000953674316,3.9000000953674316,3.9000000953674316,3.9000000953674316,200
2005-11-16,4.090000152587891,4.090000152587891,3.7100000381469727,3.7300000190734863,3.7300000190734863,1800
2005-11-17,3.9000000953674316,3.9100000858306885,3.549999952316284,3.9100000858306885,3.9100000858306885,1700
2005-11-18,3.9800000190734863,3.9800000190734863,3.7200000286102295,3.7200000286102295,3.7200000286102295,1300
2005-11-21,3.7200000286102295,3.7200000286102295,3.7200000286102295,3.7200000286102295,3.7200000286102295,661
2005-11-22,3.5399999618530273,3.559999942779541,3.5399999618530273,3.559999942779541,3.559999942779541,400
2005-11-23,3.390000104904175,3.390000104904175,3.390000104904175,3.390000104904175,3.390000104904175,100
2005-11-24,3.2899999618530273,3.2899999618530273,3.2899999618530273,3.2899999618530273,3.2899999618530273,300
2005-11-25,3.130000114440918,3.1600000858306885,3.130000114440918,3.1500000953674316,3.1500000953674316,700
2005-11-28,2.9100000858306885,2.9100000858306885,2.9000000953674316,2.9000000953674316,2.9000000953674316,500
2005-11-29,2.799999952316284,2.8399999141693115,2.799999952316284,2.8399999141693115,2.8399999141693115,750
2005-11-30,2.799999952316284,2.799999952316284,2.75,2.759999990463257,2.759999990463257,1200
2005-12-01,2.630000114440918,2.6600000858306885,2.630000114440918,2.6600000858306885,2.6600000858306885,200
2005-12-02,2.549999952316284,2.549999952316284,2.5299999713897705,2.5299999713897705,2.5299999713897705,500
2005-12-06,2.430000066757202,2.430000066757202,2.4100000858306885,2.430000066757202,2.430000066757202,3100
2005-12-07,2.319999933242798,2.319999933242798,2.319999933242798,2.319999933242798,2.319999933242798,100
2005-12-08,2.2100000381469727,2.2699999809265137,2.2100000381469727,2.2699999809265137,2.2699999809265137,400
2005-12-09,2.200000047683716,2.309999942779541,2.200000047683716,2.309999942779541,2.309999942779541,800
2005-12-12,2.25,2.4000000953674316,2.25,2.4000000953674316,2.4000000953674316,300
2005-12-13,2.309999942779541,2.5199999809265137,2.309999942779541,2.4800000190734863,2.4800000190734863,1400
2005-12-14,2.4000000953674316,2.5999999046325684,2.4000000953674316,2.5999999046325684,2.5999999046325684,1200
2005-12-15,2.7300000190734863,2.7300000190734863,2.5,2.509999990463257,2.509999990463257,800
2005-12-16,2.619999885559082,2.619999885559082,2.4800000190734863,2.4800000190734863,2.4800000190734863,300
2005-12-19,2.5,2.5999999046325684,2.359999895095825,2.430000066757202,2.430000066757202,1500
2005-12-20,2.4000000953674316,2.4000000953674316,2.4000000953674316,2.4000000953674316,2.4000000953674316,100
2005-12-21,2.4800000190734863,2.5,2.4800000190734863,2.4800000190734863,2.4800000190734863,530
2005-12-22,2.5,2.5,2.5,2.5,2.5,500
2005-12-23,2.509999990463257,2.509999990463257,2.380000114440918,2.380000114440918,2.380000114440918,1800
2005-12-26,2.2799999713897705,2.2799999713897705,2.2699999809265137,2.2699999809265137,2.2699999809265137,600
2005-12-27,2.2699999809265137,2.380000114440918,2.1600000858306885,2.380000114440918,2.380000114440918,850
2005-12-28,2.4000000953674316,2.4000000953674316,2.4000000953674316,2.4000000953674316,2.4000000953674316,100
2005-12-29,2.4000000953674316,2.4000000953674316,2.4000000953674316,2.4000000953674316,2.4000000953674316,100
2005-12-30,2.2899999618530273,2.299999952316284,2.2899999618530273,2.299999952316284,2.299999952316284,300
2006-01-02,2.4000000953674316,2.4000000953674316,2.2100000381469727,2.299999952316284,2.299999952316284,800
2006-01-03,2.4100000858306885,2.4100000858306885,2.4100000858306885,2.4100000858306885,2.4100000858306885,800
2006-01-04,2.5299999713897705,2.5299999713897705,2.309999942779541,2.3499999046325684,2.3499999046325684,800
2006-01-05,2.3499999046325684,2.4600000381469727,2.259999990463257,2.4600000381469727,2.4600000381469727,6700
2006-01-06,2.359999895095825,2.5799999237060547,2.359999895095825,2.5,2.5,3400
2006-01-10,2.619999885559082,2.619999885559082,2.619999885559082,2.619999885559082,2.619999885559082,800
2006-01-12,2.559999942779541,2.569999933242798,2.559999942779541,2.559999942779541,2.559999942779541,700
2006-01-13,2.5999999046325684,2.5999999046325684,2.5999999046325684,2.5999999046325684,2.5999999046325684,200
2006-01-16,2.7300000190734863,2.7300000190734863,2.7300000190734863,2.7300000190734863,2.7300000190734863,900
2006-01-17,2.859999895095825,2.859999895095825,2.859999895095825,2.859999895095825,2.859999895095825,300
2006-01-18,3.0,3.0,2.7200000286102295,2.7200000286102295,2.7200000286102295,1300
2006-01-19,2.8499999046325684,2.8499999046325684,2.8499999046325684,2.8499999046325684,2.8499999046325684,250
2006-01-20,2.9000000953674316,2.9000000953674316,2.9000000953674316,2.9000000953674316,2.9000000953674316,400
2006-01-23,2.7799999713897705,2.7799999713897705,2.7799999713897705,2.7799999713897705,2.7799999713897705,100
2006-01-24,2.6700000762939453,2.6700000762939453,2.6500000953674316,2.6500000953674316,2.6500000953674316,700
2006-01-25,2.549999952316284,2.569999933242798,2.549999952316284,2.569999933242798,2.569999933242798,300
2006-01-27,2.5,2.5199999809265137,2.4800000190734863,2.5,2.5,2369
2006-01-30,2.390000104904175,2.390000104904175,2.390000104904175,2.390000104904175,2.390000104904175,100
2006-01-31,2.299999952316284,2.5,2.299999952316284,2.3499999046325684,2.3499999046325684,900
2006-02-01,2.25,2.25,2.25,2.25,2.25,150
2006-02-03,2.359999895095825,2.359999895095825,2.359999895095825,2.359999895095825,2.359999895095825,1000
2006-02-06,2.4700000286102295,2.4700000286102295,2.25,2.25,2.25,1300
2006-02-07,2.1500000953674316,2.1500000953674316,2.1500000953674316,2.1500000953674316,2.1500000953674316,600
2006-02-08,2.069999933242798,2.069999933242798,2.049999952316284,2.049999952316284,2.049999952316284,2200
2006-02-10,1.9600000381469727,2.0999999046325684,1.9600000381469727,2.0,2.0,200
2006-02-13,2.0999999046325684,2.0999999046325684,1.9600000381469727,2.0999999046325684,2.0999999046325684,800
2006-02-14,2.0999999046325684,2.0999999046325684,2.0999999046325684,2.0999999046325684,2.0999999046325684,300
2006-02-15,2.0,2.0,2.0,2.0,2.0,100
2006-02-16,2.0999999046325684,2.0999999046325684,2.0999999046325684,2.0999999046325684,2.0999999046325684,200
2006-02-17,2.0999999046325684,2.0999999046325684,2.0999999046325684,2.0999999046325684,2.0999999046325684,300
2006-02-20,2.0,2.0,2.0,2.0,2.0,200
2006-02-21,2.0,2.0,1.909999966621399,1.909999966621399,1.909999966621399,1000
2006-02-22,1.850000023841858,2.0,1.850000023841858,1.8600000143051147,1.8600000143051147,400
2006-02-23,1.8700000047683716,1.8700000047683716,1.8700000047683716,1.8700000047683716,1.8700000047683716,95
2006-02-24,1.7899999618530273,1.850000023841858,1.7899999618530273,1.850000023841858,1.850000023841858,2000
2006-02-27,1.7599999904632568,1.7699999809265137,1.7599999904632568,1.7599999904632568,1.7599999904632568,700
2006-02-28,1.7699999809265137,1.7699999809265137,1.7699999809265137,1.7699999809265137,1.7699999809265137,200
2006-03-01,1.850000023841858,1.850000023841858,1.850000023841858,1.850000023841858,1.850000023841858,100
2006-03-02,1.940000057220459,1.940000057220459,1.909999966621399,1.909999966621399,1.909999966621399,1300
2006-03-03,2.0,2.0,1.899999976158142,1.899999976158142,1.899999976158142,3600
2006-03-06,1.899999976158142,1.899999976158142,1.809999942779541,1.809999942779541,1.809999942779541,3800
2006-03-07,1.850000023841858,1.850000023841858,1.7200000286102295,1.75,1.75,1900
2006-03-08,1.75,1.8200000524520874,1.75,1.7799999713897705,1.7799999713897705,300
2006-03-09,1.8600000143051147,1.8600000143051147,1.7000000476837158,1.7000000476837158,1.7000000476837158,1100
2006-03-10,1.7799999713897705,1.7799999713897705,1.6699999570846558,1.6799999475479126,1.6799999475479126,750
2006-03-13,1.75,1.75,1.7000000476837158,1.7000000476837158,1.7000000476837158,500
2006-03-14,1.6200000047683716,1.6299999952316284,1.6200000047683716,1.6299999952316284,1.6299999952316284,200
2006-03-16,1.559999942779541,1.7000000476837158,1.5499999523162842,1.7000000476837158,1.7000000476837158,1500
2006-03-17,1.75,1.75,1.6299999952316284,1.6399999856948853,1.6399999856948853,2500
2006-03-20,1.600000023841858,1.7200000286102295,1.559999942779541,1.590000033378601,1.590000033378601,1800
2006-03-21,1.659999966621399,1.659999966621399,1.659999966621399,1.659999966621399,1.659999966621399,50
2006-03-22,1.5800000429153442,1.5800000429153442,1.5800000429153442,1.5800000429153442,1.5800000429153442,500
2006-03-23,1.5199999809265137,1.5199999809265137,1.5099999904632568,1.5099999904632568,1.5099999904632568,300
2006-03-24,1.4500000476837158,1.5700000524520874,1.440000057220459,1.5700000524520874,1.5700000524520874,900
2006-03-27,1.5,1.6399999856948853,1.5,1.6399999856948853,1.6399999856948853,2400
2006-03-28,1.5800000429153442,1.590000033378601,1.5800000429153442,1.590000033378601,1.590000033378601,200
2006-03-30,1.649999976158142,1.659999966621399,1.649999976158142,1.649999976158142,1.649999976158142,500
2006-03-31,1.7000000476837158,1.7000000476837158,1.7000000476837158,1.7000000476837158,1.7000000476837158,100
2006-04-04,1.7799999713897705,1.7799999713897705,1.7799999713897705,1.7799999713897705,1.7799999713897705,800
2006-04-05,1.8600000143051147,1.8600000143051147,1.8600000143051147,1.8600000143051147,1.8600000143051147,500
2006-04-07,1.9500000476837158,1.9500000476837158,1.9500000476837158,1.9500000476837158,1.9500000476837158,700
2006-04-10,2.0399999618530273,2.0399999618530273,2.0399999618530273,2.0399999618530273,2.0399999618530273,2400
2006-04-12,2.0399999618530273,2.140000104904175,2.0399999618530273,2.140000104904175,2.140000104904175,550
2006-04-13,2.240000009536743,2.240000009536743,2.240000009536743,2.240000009536743,2.240000009536743,2000
2006-04-17,2.3499999046325684,2.3499999046325684,2.130000114440918,2.130000114440918,2.130000114440918,1600
2006-04-18,2.0299999713897705,2.2300000190734863,2.0299999713897705,2.069999933242798,2.069999933242798,1200
2006-04-19,1.9700000286102295,2.1700000762939453,1.9700000286102295,2.1700000762939453,2.1700000762939453,1100
2006-04-20,2.200000047683716,2.259999990463257,2.200000047683716,2.259999990463257,2.259999990463257,1100
2006-04-21,2.1500000953674316,2.1500000953674316,2.1500000953674316,2.1500000953674316,2.1500000953674316,200
2006-04-24,2.049999952316284,2.049999952316284,2.049999952316284,2.049999952316284,2.049999952316284,200
2006-04-26,1.9800000190734863,1.9800000190734863,1.9600000381469727,1.9600000381469727,1.9600000381469727,2200
2006-04-27,1.940000057220459,1.940000057220459,1.940000057220459,1.940000057220459,1.940000057220459,100
2006-05-02,1.899999976158142,2.0299999713897705,1.899999976158142,2.009999990463257,2.009999990463257,1800
2006-05-03,2.0199999809265137,2.0299999713897705,2.0199999809265137,2.0299999713897705,2.0299999713897705,300
2006-05-04,2.130000114440918,2.130000114440918,2.049999952316284,2.049999952316284,2.049999952316284,600
2006-05-05,1.9500000476837158,1.9500000476837158,1.9500000476837158,1.9500000476837158,1.9500000476837158,100
2006-05-08,2.0399999618530273,2.0399999618530273,2.0399999618530273,2.0399999618530273,2.0399999618530273,500
2006-05-10,1.940000057220459,1.940000057220459,1.940000057220459,1.940000057220459,1.940000057220459,100
2006-05-11,2.0299999713897705,2.0299999713897705,2.0299999713897705,2.0299999713897705,2.0299999713897705,100
2006-05-12,2.130000114440918,2.130000114440918,2.130000114440918,2.130000114440918,2.130000114440918,1100
2006-05-15,2.2300000190734863,2.2300000190734863,2.2300000190734863,2.2300000190734863,2.2300000190734863,600
2006-05-16,2.119999885559082,2.3399999141693115,2.119999885559082,2.3399999141693115,2.3399999141693115,1200
2006-05-17,2.299999952316284,2.299999952316284,2.299999952316284,2.299999952316284,2.299999952316284,100
2006-05-18,2.25,2.309999942779541,2.25,2.25,2.25,2400
2006-05-19,2.140000104904175,2.140000104904175,2.140000104904175,2.140000104904175,2.140000104904175,100
2006-05-24,2.049999952316284,2.049999952316284,2.049999952316284,2.049999952316284,2.049999952316284,300
2006-05-25,2.0,2.0,2.0,2.0,2.0,2600
2006-05-29,2.0,2.0,1.9299999475479126,1.9299999475479126,1.9299999475479126,2400
2006-05-30,2.0199999809265137,2.0199999809265137,2.0199999809265137,2.0199999809265137,2.0199999809265137,100
2006-06-01,1.9199999570846558,1.9199999570846558,1.9199999570846558,1.9199999570846558,1.9199999570846558,300
2006-06-02,1.8300000429153442,1.8600000143051147,1.8300000429153442,1.8600000143051147,1.8600000143051147,2100
2006-06-07,1.7699999809265137,1.7699999809265137,1.7699999809265137,1.7699999809265137,1.7699999809265137,100
2006-06-09,1.7000000476837158,1.7100000381469727,1.7000000476837158,1.7000000476837158,1.7000000476837158,400
2006-06-12,1.6200000047683716,1.6200000047683716,1.6200000047683716,1.6200000047683716,1.6200000047683716,100
2006-06-14,1.7000000476837158,1.7000000476837158,1.5499999523162842,1.5499999523162842,1.5499999523162842,1600
2006-06-15,1.4900000095367432,1.4900000095367432,1.4800000190734863,1.4800000190734863,1.4800000190734863,1200
2006-06-16,1.409999966621399,1.5499999523162842,1.409999966621399,1.5499999523162842,1.5499999523162842,800
2006-06-20,1.5,1.5,1.5,1.5,1.5,800
2006-06-23,1.5700000524520874,1.5700000524520874,1.4299999475479126,1.5700000524520874,1.5700000524520874,3900
2006-06-26,1.5499999523162842,1.6299999952316284,1.5499999523162842,1.5700000524520874,1.5700000524520874,300
2006-07-05,1.6399999856948853,1.6399999856948853,1.6399999856948853,1.6399999856948853,1.6399999856948853,300
2006-07-07,1.6399999856948853,1.6399999856948853,1.6399999856948853,1.6399999856948853,1.6399999856948853,100
2006-07-10,1.7899999618530273,1.7999999523162842,1.4800000190734863,1.5,1.5,1300
2006-07-11,1.3700000047683716,1.3700000047683716,1.3700000047683716,1.3700000047683716,1.3700000047683716,100
2006-07-12,1.25,1.25,1.2400000095367432,1.2400000095367432,1.2400000095367432,200
2006-07-13,1.149999976158142,1.149999976158142,1.1399999856948853,1.149999976158142,1.149999976158142,500
2006-07-18,1.0399999618530273,1.0499999523162842,1.0399999618530273,1.0399999618530273,1.0399999618530273,1300
2006-07-19,1.0800000429153442,1.0800000429153442,1.0700000524520874,1.0700000524520874,1.0700000524520874,1200
2006-07-20,1.1699999570846558,1.1699999570846558,1.0800000429153442,1.1699999570846558,1.1699999570846558,450
2006-07-21,1.2799999713897705,1.2799999713897705,1.2799999713897705,1.2799999713897705,1.2799999713897705,600
2006-07-24,1.399999976158142,1.399999976158142,1.1799999475479126,1.1799999475479126,1.1799999475479126,1300
2006-07-26,1.2899999618530273,1.2899999618530273,1.100000023841858,1.25,1.25,1100
2006-07-27,1.1299999952316284,1.1299999952316284,1.1299999952316284,1.1299999952316284,1.1299999952316284,1000
2006-07-28,1.0199999809265137,1.2400000095367432,1.0199999809265137,1.2400000095367432,1.2400000095367432,200
2006-08-01,1.149999976158142,1.149999976158142,1.149999976158142,1.149999976158142,1.149999976158142,400
2006-08-03,1.2000000476837158,1.2000000476837158,1.2000000476837158,1.2000000476837158,1.2000000476837158,1200
2006-08-04,1.1699999570846558,1.1699999570846558,1.1699999570846558,1.1699999570846558,1.1699999570846558,100
2006-08-07,1.2799999713897705,1.2799999713897705,1.059999942779541,1.059999942779541,1.059999942779541,500
2006-08-08,0.9800000190734863,1.0,0.9800000190734863,1.0,1.0,776
2006-08-10,0.9599999785423279,0.9599999785423279,0.9599999785423279,0.9599999785423279,0.9599999785423279,500
2006-08-17,0.9599999785423279,1.0499999523162842,0.9599999785423279,1.0499999523162842,1.0499999523162842,2000
2006-08-18,1.149999976158142,1.149999976158142,1.149999976158142,1.149999976158142,1.149999976158142,600
2006-08-21,1.25,1.25,1.100000023841858,1.25,1.25,1300
2006-08-22,1.149999976158142,1.3600000143051147,1.1299999952316284,1.1299999952316284,1.1299999952316284,2400
2006-08-23,1.2400000095367432,1.2400000095367432,1.2400000095367432,1.2400000095367432,1.2400000095367432,6000
2006-08-24,1.3600000143051147,1.3600000143051147,1.3600000143051147,1.3600000143051147,1.3600000143051147,1100
2006-08-28,1.4800000190734863,1.4900000095367432,1.2300000190734863,1.4700000286102295,1.4700000286102295,2000
2006-08-29,1.600000023841858,1.6100000143051147,1.600000023841858,1.6100000143051147,1.6100000143051147,1100
2006-08-30,1.7000000476837158,1.7000000476837158,1.5199999809265137,1.5199999809265137,1.5199999809265137,100
2006-08-31,1.3899999856948853,1.6699999570846558,1.3899999856948853,1.6699999570846558,1.6699999570846558,800
2006-09-01,1.649999976158142,1.649999976158142,1.5099999904632568,1.5099999904632568,1.5099999904632568,400
2006-09-04,1.659999966621399,1.659999966621399,1.659999966621399,1.659999966621399,1.659999966621399,900
2006-09-05,1.8200000524520874,1.8200000524520874,1.5499999523162842,1.5499999523162842,1.5499999523162842,1000
2006-09-06,1.399999976158142,1.399999976158142,1.399999976158142,1.399999976158142,1.399999976158142,600
2006-09-07,1.5399999618530273,1.5399999618530273,1.5399999618530273,1.5399999618530273,1.5399999618530273,400
2006-09-08,1.6799999475479126,1.690000057220459,1.5099999904632568,1.5499999523162842,1.5499999523162842,900
2006-09-11,1.409999966621399,1.409999966621399,1.409999966621399,1.409999966621399,1.409999966621399,350
2006-09-12,1.2699999809265137,1.5499999523162842,1.2699999809265137,1.5499999523162842,1.5499999523162842,1100
2006-09-13,1.6100000143051147,1.6100000143051147,1.6100000143051147,1.6100000143051147,1.6100000143051147,1300
2006-09-14,1.5,1.7000000476837158,1.5,1.7000000476837158,1.7000000476837158,400
2006-09-15,1.840000033378601,1.8600000143051147,1.840000033378601,1.8600000143051147,1.8600000143051147,2300
2006-09-18,2.0,2.0,1.7200000286102295,1.75,1.75,1600
2006-09-19,1.5800000429153442,1.5800000429153442,1.5800000429153442,1.5800000429153442,1.5800000429153442,200
2006-09-20,1.5,1.7300000190734863,1.5,1.5199999809265137,1.5199999809265137,3000
2006-09-21,1.399999976158142,1.6699999570846558,1.399999976158142,1.4800000190734863,1.4800000190734863,3200
2006-09-22,1.340000033378601,1.6200000047683716,1.340000033378601,1.3600000143051147,1.3600000143051147,2000
2006-09-25,1.3600000143051147,1.3600000143051147,1.25,1.25,1.25,700
2006-09-26,1.3700000047683716,1.3700000047683716,1.1299999952316284,1.190000057220459,1.190000057220459,5800
2006-09-27,1.1299999952316284,1.2999999523162842,1.1200000047683716,1.2999999523162842,1.2999999523162842,400
2006-09-28,1.4299999475479126,1.4299999475479126,1.4299999475479126,1.4299999475479126,1.4299999475479126,300
2006-10-03,1.5700000524520874,1.5700000524520874,1.5700000524520874,1.5700000524520874,1.5700000524520874,3000
2006-10-04,1.7000000476837158,1.7200000286102295,1.7000000476837158,1.7200000286102295,1.7200000286102295,2600
2006-10-05,1.8899999856948853,1.8899999856948853,1.8899999856948853,1.8899999856948853,1.8899999856948853,1900
2006-10-06,2.069999933242798,2.069999933242798,2.069999933242798,2.069999933242798,2.069999933242798,2200
2006-10-09,2.0299999713897705,2.2699999809265137,2.0299999713897705,2.2699999809265137,2.2699999809265137,3600
2006-10-10,2.2699999809265137,2.490000009536743,2.2699999809265137,2.380000114440918,2.380000114440918,1300
2006-10-11,2.380000114440918,2.609999895095825,2.380000114440918,2.4200000762939453,2.4200000762939453,2800
2006-10-12,2.4200000762939453,2.6600000858306885,2.4200000762939453,2.6600000858306885,2.6600000858306885,1900
2006-10-13,2.9200000762939453,2.9200000762939453,2.7200000286102295,2.9000000953674316,2.9000000953674316,1900
2006-10-16,2.6500000953674316,2.6500000953674316,2.6500000953674316,2.6500000953674316,2.6500000953674316,3000
2006-10-18,2.6500000953674316,2.6500000953674316,2.6500000953674316,2.6500000953674316,2.6500000953674316,500
2006-10-20,2.6500000953674316,2.8499999046325684,2.5999999046325684,2.8499999046325684,2.8499999046325684,2000
2006-10-23,2.950000047683716,2.9700000286102295,2.5999999046325684,2.5999999046325684,2.5999999046325684,647
2006-10-27,2.4800000190734863,2.4800000190734863,2.4800000190734863,2.4800000190734863,2.4800000190734863,300
2006-10-31,2.5,2.5,2.5,2.5,2.5,2000
2006-11-01,2.5,2.5,2.5,2.5,2.5,500
2006-11-02,2.3499999046325684,2.3499999046325684,2.3499999046325684,2.3499999046325684,2.3499999046325684,900
2006-11-03,2.450000047683716,2.5,2.450000047683716,2.5,2.5,300
2006-11-06,2.4000000953674316,2.4000000953674316,2.4000000953674316,2.4000000953674316,2.4000000953674316,100
2006-11-07,2.1700000762939453,2.1700000762939453,2.1700000762939453,2.1700000762939453,2.1700000762939453,100
2006-11-08,2.369999885559082,2.380000114440918,2.369999885559082,2.380000114440918,2.380000114440918,110
2006-11-09,2.200000047683716,2.609999895095825,2.180000066757202,2.5999999046325684,2.5999999046325684,530
2006-11-10,2.4000000953674316,2.4000000953674316,2.4000000953674316,2.4000000953674316,2.4000000953674316,700
2006-11-13,2.640000104904175,2.640000104904175,2.640000104904175,2.640000104904175,2.640000104904175,1200
2006-11-14,2.380000114440918,2.8499999046325684,2.380000114440918,2.8499999046325684,2.8499999046325684,1100
2006-11-15,3.119999885559082,3.130000114440918,2.569999933242798,3.0999999046325684,3.0999999046325684,6000
2006-11-16,2.799999952316284,3.4100000858306885,2.799999952316284,3.4100000858306885,3.4100000858306885,5000
2006-11-17,3.5999999046325684,3.75,3.200000047683716,3.2200000286102295,3.2200000286102295,10400
2006-11-20,2.9800000190734863,2.9800000190734863,2.9800000190734863,2.9800000190734863,2.9800000190734863,500
2006-11-21,3.2699999809265137,3.2699999809265137,3.2699999809265137,3.2699999809265137,3.2699999809265137,1
2006-11-22,3.180000066757202,3.5899999141693115,3.180000066757202,3.5899999141693115,3.5899999141693115,1700
2006-11-23,3.5899999141693115,3.5899999141693115,3.5899999141693115,3.5899999141693115,3.5899999141693115,5
2006-11-24,3.940000057220459,3.940000057220459,3.940000057220459,3.940000057220459,3.940000057220459,1
2006-11-27,3.9000000953674316,3.930000066757202,3.549999952316284,3.549999952316284,3.549999952316284,2451
2006-11-28,3.799999952316284,3.799999952316284,3.799999952316284,3.799999952316284,3.799999952316284,300
2006-11-29,3.430000066757202,3.430000066757202,3.430000066757202,3.430000066757202,3.430000066757202,100
2006-11-30,3.0999999046325684,3.430000066757202,3.0999999046325684,3.0999999046325684,3.0999999046325684,1000
2006-12-01,3.0,3.25,2.950000047683716,3.049999952316284,3.049999952316284,1100
2006-12-04,3.049999952316284,3.049999952316284,3.049999952316284,3.049999952316284,3.049999952316284,1
2006-12-05,3.200000047683716,3.200000047683716,3.0,3.0,3.0,1075
2006-12-06,3.0,3.0,3.0,3.0,3.0,1800
2006-12-07,3.0,3.0,3.0,3.0,3.0,2400
2006-12-08,3.0999999046325684,3.0999999046325684,3.0999999046325684,3.0999999046325684,3.0999999046325684,449
2006-12-11,2.950000047683716,2.950000047683716,2.950000047683716,2.950000047683716,2.950000047683716,100
2006-12-12,2.950000047683716,2.950000047683716,2.950000047683716,2.950000047683716,2.950000047683716,250
2006-12-13,2.950000047683716,2.950000047683716,2.950000047683716,2.950000047683716,2.950000047683716,150
2006-12-14,2.950000047683716,2.950000047683716,2.950000047683716,2.950000047683716,2.950000047683716,350
2006-12-15,2.809999942779541,2.809999942779541,2.809999942779541,2.809999942779541,2.809999942779541,50
2006-12-18,2.809999942779541,2.809999942779541,2.809999942779541,2.809999942779541,2.809999942779541,50
2006-12-19,2.809999942779541,2.809999942779541,2.6700000762939453,2.6700000762939453,2.6700000762939453,450
2006-12-21,2.5399999618530273,2.5399999618530273,2.5399999618530273,2.5399999618530273,2.5399999618530273,50
2006-12-22,2.5999999046325684,2.5999999046325684,2.4200000762939453,2.4200000762939453,2.4200000762939453,350
2006-12-26,2.4200000762939453,2.4200000762939453,2.4200000762939453,2.4200000762939453,2.4200000762939453,300
2006-12-27,2.299999952316284,2.299999952316284,2.299999952316284,2.299999952316284,2.299999952316284,300
2006-12-28,2.4000000953674316,2.4000000953674316,2.190000057220459,2.190000057220459,2.190000057220459,1100
2006-12-29,2.1500000953674316,2.1500000953674316,2.0899999141693115,2.0899999141693115,2.0899999141693115,2000
2007-01-02,2.109999895095825,2.109999895095825,2.109999895095825,2.109999895095825,2.109999895095825,600
2007-01-03,2.109999895095825,2.109999895095825,2.109999895095825,2.109999895095825,2.109999895095825,1500
2007-01-04,2.009999990463257,2.009999990463257,2.009999990463257,2.009999990463257,2.009999990463257,298
2007-01-05,2.0,2.0999999046325684,1.9199999570846558,2.049999952316284,2.049999952316284,900
2007-01-08,2.049999952316284,2.059999942779541,2.049999952316284,2.059999942779541,2.059999942779541,1400
2007-01-09,2.059999942779541,2.1600000858306885,2.059999942779541,2.1600000858306885,2.1600000858306885,450
2007-01-10,2.259999990463257,2.259999990463257,2.259999990463257,2.259999990463257,2.259999990463257,150
2007-01-11,2.369999885559082,2.369999885559082,2.369999885559082,2.369999885559082,2.369999885559082,200
2007-01-12,2.369999885559082,2.369999885559082,2.369999885559082,2.369999885559082,2.369999885559082,100
2007-01-15,2.369999885559082,2.369999885559082,2.369999885559082,2.369999885559082,2.369999885559082,300
2007-01-17,2.4800000190734863,2.4800000190734863,2.4800000190734863,2.4800000190734863,2.4800000190734863,200
2007-01-19,2.5199999809265137,2.5999999046325684,2.5199999809265137,2.5999999046325684,2.5999999046325684,300
2007-01-22,2.7300000190734863,2.7300000190734863,2.7300000190734863,2.7300000190734863,2.7300000190734863,756
2007-01-23,2.859999895095825,2.859999895095825,2.859999895095825,2.859999895095825,2.859999895095825,500
2007-01-24,2.859999895095825,2.859999895095825,2.859999895095825,2.859999895095825,2.859999895095825,57
2007-01-25,3.0,3.0,3.0,3.0,3.0,200
2007-01-31,3.0399999618530273,3.0399999618530273,3.0399999618530273,3.0399999618530273,3.0399999618530273,1
2007-02-01,3.190000057220459,3.190000057220459,3.190000057220459,3.190000057220459,3.190000057220459,200
2007-02-02,3.0399999618530273,3.0399999618530273,3.0399999618530273,3.0399999618530273,3.0399999618530273,100
2007-02-05,3.190000057220459,3.190000057220459,3.190000057220459,3.190000057220459,3.190000057220459,1600
2007-02-06,3.3399999141693115,3.3399999141693115,3.0399999618530273,3.0399999618530273,3.0399999618530273,1300
2007-02-07,3.190000057220459,3.190000057220459,2.9000000953674316,2.9000000953674316,2.9000000953674316,2600
2007-02-08,2.759999990463257,2.759999990463257,2.759999990463257,2.759999990463257,2.759999990463257,350
2007-02-09,2.890000104904175,2.890000104904175,2.890000104904175,2.890000104904175,2.890000104904175,1
2007-02-12,2.890000104904175,2.890000104904175,2.890000104904175,2.890000104904175,2.890000104904175,1300
2007-02-13,3.0,3.0,3.0,3.0,3.0,1100
2007-02-14,3.0,3.1500000953674316,3.0,3.1500000953674316,3.1500000953674316,1700
2007-02-15,3.299999952316284,3.299999952316284,3.1500000953674316,3.1500000953674316,3.1500000953674316,1175
2007-02-19,3.299999952316284,3.299999952316284,3.299999952316284,3.299999952316284,3.299999952316284,1000
2007-02-20,3.299999952316284,3.450000047683716,3.299999952316284,3.450000047683716,3.450000047683716,1100
2007-02-21,3.549999952316284,3.549999952316284,3.549999952316284,3.549999952316284,3.549999952316284,500
2007-02-22,3.5399999618530273,3.6500000953674316,3.5399999618530273,3.6500000953674316,3.6500000953674316,600
2007-02-23,3.6500000953674316,3.6500000953674316,3.6500000953674316,3.6500000953674316,3.6500000953674316,500
2007-02-26,3.6500000953674316,3.6500000953674316,3.6500000953674316,3.6500000953674316,3.6500000953674316,500
2007-02-27,3.6500000953674316,3.6500000953674316,3.6500000953674316,3.6500000953674316,3.6500000953674316,400
2007-02-28,3.75,3.799999952316284,3.75,3.7699999809265137,3.7699999809265137,2
2007-03-01,3.9000000953674316,3.9000000953674316,3.9000000953674316,3.9000000953674316,3.9000000953674316,1
2007-03-02,3.9000000953674316,3.9000000953674316,3.9000000953674316,3.9000000953674316,3.9000000953674316,2
2007-03-05,3.9000000953674316,3.9000000953674316,3.9000000953674316,3.9000000953674316,3.9000000953674316,5
2007-03-06,3.9000000953674316,3.9000000953674316,3.9000000953674316,3.9000000953674316,3.9000000953674316,3
2007-03-07,3.799999952316284,3.8499999046325684,3.799999952316284,3.8499999046325684,3.8499999046325684,500
2007-03-08,3.8499999046325684,3.8499999046325684,3.8499999046325684,3.8499999046325684,3.8499999046325684,5
2007-03-09,3.8499999046325684,3.8499999046325684,3.8499999046325684,3.8499999046325684,3.8499999046325684,10
2007-03-12,3.8499999046325684,3.8499999046325684,3.8499999046325684,3.8499999046325684,3.8499999046325684,11
2007-03-13,3.8499999046325684,3.8499999046325684,3.8499999046325684,3.8499999046325684,3.8499999046325684,10
2007-03-14,3.8499999046325684,3.8499999046325684,3.8499999046325684,3.8499999046325684,3.8499999046325684,15
2007-03-15,3.8499999046325684,3.8499999046325684,3.8499999046325684,3.8499999046325684,3.8499999046325684,60
2007-03-16,3.8499999046325684,3.8499999046325684,3.8499999046325684,3.8499999046325684,3.8499999046325684,105
2007-03-19,3.8499999046325684,3.8499999046325684,3.8499999046325684,3.8499999046325684,3.8499999046325684,165
2007-03-20,4.039999961853027,4.039999961853027,4.039999961853027,4.039999961853027,4.039999961853027,1
2007-03-21,3.990000009536743,3.990000009536743,3.940000057220459,3.950000047683716,3.950000047683716,1200
2007-03-22,3.950000047683716,3.950000047683716,3.950000047683716,3.950000047683716,3.950000047683716,4000
2007-03-23,3.950000047683716,3.950000047683716,3.950000047683716,3.950000047683716,3.950000047683716,3500
2007-03-26,3.950000047683716,3.950000047683716,3.950000047683716,3.950000047683716,3.950000047683716,5500
2007-03-28,4.139999866485596,4.139999866485596,3.890000104904175,3.890000104904175,3.890000104904175,1000
2007-03-29,3.890000104904175,3.890000104904175,3.890000104904175,3.890000104904175,3.890000104904175,1400
2007-03-30,3.890000104904175,3.890000104904175,3.890000104904175,3.890000104904175,3.890000104904175,600
2007-04-02,3.890000104904175,3.890000104904175,3.890000104904175,3.890000104904175,3.890000104904175,1600
2007-04-03,3.890000104904175,3.890000104904175,3.890000104904175,3.890000104904175,3.890000104904175,200
2007-04-04,3.890000104904175,3.890000104904175,3.890000104904175,3.890000104904175,3.890000104904175,800
2007-04-05,3.880000114440918,4.079999923706055,3.880000114440918,4.0,4.0,600
2007-04-09,4.0,4.0,4.0,4.0,4.0,8
2007-04-10,3.809999942779541,3.8399999141693115,3.809999942779541,3.8399999141693115,3.8399999141693115,600
2007-04-11,3.8299999237060547,3.8299999237060547,3.8299999237060547,3.8299999237060547,3.8299999237060547,119
2007-04-12,4.019999980926514,4.019999980926514,3.8499999046325684,3.8499999046325684,3.8499999046325684,21
2007-04-13,3.8499999046325684,3.8499999046325684,3.8499999046325684,3.8499999046325684,3.8499999046325684,10
2007-04-16,3.8499999046325684,3.8499999046325684,3.8499999046325684,3.8499999046325684,3.8499999046325684,349
2007-04-17,3.8499999046325684,3.8499999046325684,3.8499999046325684,3.8499999046325684,3.8499999046325684,1047
2007-04-18,3.8499999046325684,3.8499999046325684,3.8499999046325684,3.8499999046325684,3.8499999046325684,698
2007-04-19,3.8499999046325684,3.8499999046325684,3.8499999046325684,3.8499999046325684,3.8499999046325684,349
2007-04-20,3.8499999046325684,3.8499999046325684,3.8499999046325684,3.8499999046325684,3.8499999046325684,2443
2007-04-23,3.8499999046325684,3.8499999046325684,3.8499999046325684,3.8499999046325684,3.8499999046325684,349
2007-04-24,3.6600000858306885,3.940000057220459,3.6600000858306885,3.6600000858306885,3.6600000858306885,421
2007-04-26,3.4800000190734863,3.4800000190734863,3.4800000190734863,3.4800000190734863,3.4800000190734863,1000
2007-04-27,3.4800000190734863,3.4800000190734863,3.4800000190734863,3.4800000190734863,3.4800000190734863,120
2007-04-30,3.4800000190734863,3.4800000190734863,3.4800000190734863,3.4800000190734863,3.4800000190734863,120
2007-05-03,3.309999942779541,3.309999942779541,3.309999942779541,3.309999942779541,3.309999942779541,500
2007-05-04,3.1500000953674316,3.1500000953674316,3.1500000953674316,3.1500000953674316,3.1500000953674316,2
2007-05-07,3.0,3.299999952316284,3.0,3.1500000953674316,3.1500000953674316,385
2007-05-08,3.0,3.0,3.0,3.0,3.0,1
2007-05-09,3.0,3.0,3.0,3.0,3.0,1
2007-05-14,3.0,3.0,3.0,3.0,3.0,4
2007-05-15,2.9000000953674316,2.9000000953674316,2.9000000953674316,2.9000000953674316,2.9000000953674316,200
2007-05-16,2.9000000953674316,2.9000000953674316,2.9000000953674316,2.9000000953674316,2.9000000953674316,400
2007-05-17,3.0,3.0399999618530273,3.0,3.0399999618530273,3.0399999618530273,498
2007-05-18,3.0,3.0,3.0,3.0,3.0,200
2007-05-21,3.0,3.0,3.0,3.0,3.0,500
2007-05-22,3.0,3.0,3.0,3.0,3.0,100
2007-05-23,3.0,3.0,3.0,3.0,3.0,100
2007-05-31,3.0,3.0,3.0,3.0,3.0,600
2007-06-01,3.0,3.0,3.0,3.0,3.0,200
2007-06-04,3.0,3.0,3.0,3.0,3.0,100
2007-06-07,3.0,3.0,3.0,3.0,3.0,200
2007-06-08,3.0,3.0,3.0,3.0,3.0,300
2007-06-11,3.0,3.0,3.0,3.0,3.0,100
2007-06-13,3.0,3.0,3.0,3.0,3.0,100
2007-06-14,3.0,3.0,3.0,3.0,3.0,100
2007-06-18,3.0,3.0,3.0,3.0,3.0,400
2007-06-25,2.859999895095825,2.859999895095825,2.859999895095825,2.859999895095825,2.859999895095825,200
2007-06-26,2.8499999046325684,3.0,2.7200000286102295,2.7200000286102295,2.7200000286102295,600
2007-06-27,2.5999999046325684,2.5999999046325684,2.5999999046325684,2.5999999046325684,2.5999999046325684,1500
2007-06-28,2.4800000190734863,2.5,2.4800000190734863,2.4800000190734863,2.4800000190734863,1283
2007-06-29,2.5399999618530273,2.5399999618530273,2.359999895095825,2.359999895095825,2.359999895095825,110
2007-07-02,2.259999990463257,2.259999990463257,2.259999990463257,2.259999990463257,2.259999990463257,100
2007-07-03,2.369999885559082,2.369999885559082,2.369999885559082,2.369999885559082,2.369999885559082,200
2007-07-04,2.4800000190734863,2.4800000190734863,2.4800000190734863,2.4800000190734863,2.4800000190734863,1
2007-07-05,2.4800000190734863,2.4800000190734863,2.4800000190734863,2.4800000190734863,2.4800000190734863,2
2007-07-06,2.4800000190734863,2.4800000190734863,2.4800000190734863,2.4800000190734863,2.4800000190734863,3
2007-07-09,2.4800000190734863,2.4800000190734863,2.4800000190734863,2.4800000190734863,2.4800000190734863,2
2007-07-10,2.4800000190734863,2.4800000190734863,2.4800000190734863,2.4800000190734863,2.4800000190734863,1
2007-07-11,2.4800000190734863,2.4800000190734863,2.4800000190734863,2.4800000190734863,2.4800000190734863,200
2007-07-12,2.359999895095825,2.380000114440918,2.359999895095825,2.380000114440918,2.380000114440918,1000
2007-07-13,2.2799999713897705,2.2799999713897705,2.2799999713897705,2.2799999713897705,2.2799999713897705,700
2007-07-16,2.2799999713897705,2.2799999713897705,2.2799999713897705,2.2799999713897705,2.2799999713897705,300
2007-07-17,2.2799999713897705,2.2799999713897705,2.2799999713897705,2.2799999713897705,2.2799999713897705,900
2007-07-19,2.200000047683716,2.200000047683716,2.200000047683716,2.200000047683716,2.200000047683716,300
2007-07-20,2.109999895095825,2.109999895095825,2.109999895095825,2.109999895095825,2.109999895095825,800
2007-07-23,2.0899999141693115,2.0899999141693115,2.0899999141693115,2.0899999141693115,2.0899999141693115,1000
2007-07-24,2.0899999141693115,2.0899999141693115,2.0899999141693115,2.0899999141693115,2.0899999141693115,3000
2007-07-25,2.009999990463257,2.009999990463257,2.009999990463257,2.009999990463257,2.009999990463257,284
2007-07-26,1.9500000476837158,1.9500000476837158,1.9500000476837158,1.9500000476837158,1.9500000476837158,3
2007-07-27,1.9500000476837158,1.9500000476837158,1.9500000476837158,1.9500000476837158,1.9500000476837158,6
2007-07-30,1.9500000476837158,1.9500000476837158,1.9500000476837158,1.9500000476837158,1.9500000476837158,6
2007-07-31,1.9500000476837158,1.9500000476837158,1.9500000476837158,1.9500000476837158,1.9500000476837158,50
2007-08-01,1.8600000143051147,1.8600000143051147,1.8600000143051147,1.8600000143051147,1.8600000143051147,500
2007-08-02,1.9500000476837158,1.9500000476837158,1.9500000476837158,1.9500000476837158,1.9500000476837158,100
2007-08-03,1.9500000476837158,2.0399999618530273,1.9500000476837158,2.0399999618530273,2.0399999618530273,350
2007-08-06,2.140000104904175,2.140000104904175,2.140000104904175,2.140000104904175,2.140000104904175,100
2007-08-07,2.0399999618530273,2.240000009536743,2.0399999618530273,2.240000009536743,2.240000009536743,100
2007-08-08,2.3499999046325684,2.3499999046325684,2.299999952316284,2.3499999046325684,2.3499999046325684,2150
2007-08-09,2.309999942779541,2.4600000381469727,2.299999952316284,2.4600000381469727,2.4600000381469727,1600
2007-08-10,2.5799999237060547,2.5799999237060547,2.4000000953674316,2.4000000953674316,2.4000000953674316,500
2007-08-13,2.4000000953674316,2.4000000953674316,2.2899999618530273,2.2899999618530273,2.2899999618530273,1000
2007-08-14,2.3399999141693115,2.4000000953674316,2.3399999141693115,2.4000000953674316,2.4000000953674316,4900
2007-08-16,2.309999942779541,2.5,2.309999942779541,2.5,2.5,2000
2007-08-17,2.380000114440918,2.619999885559082,2.380000114440918,2.609999895095825,2.609999895095825,7600
2007-08-20,2.509999990463257,2.740000009536743,2.509999990463257,2.740000009536743,2.740000009536743,1700
2007-08-21,2.740000009536743,2.740000009536743,2.740000009536743,2.740000009536743,2.740000009536743,2800
2007-08-22,2.75,2.75,2.609999895095825,2.609999895095825,2.609999895095825,2700
2007-08-23,2.4800000190734863,2.490000009536743,2.4800000190734863,2.490000009536743,2.490000009536743,1000
2007-08-27,2.4000000953674316,2.4000000953674316,2.4000000953674316,2.4000000953674316,2.4000000953674316,100
2007-08-28,2.369999885559082,2.369999885559082,2.369999885559082,2.369999885559082,2.369999885559082,1000
2007-08-29,2.259999990463257,2.259999990463257,2.259999990463257,2.259999990463257,2.259999990463257,100
2007-08-30,2.259999990463257,2.259999990463257,2.2200000286102295,2.2200000286102295,2.2200000286102295,990
2007-08-31,2.3299999237060547,2.3299999237060547,2.3299999237060547,2.3299999237060547,2.3299999237060547,100
2007-09-03,2.440000057220459,2.440000057220459,2.359999895095825,2.359999895095825,2.359999895095825,1100
2007-09-04,2.4700000286102295,2.4700000286102295,2.4000000953674316,2.4100000858306885,2.4100000858306885,1800
2007-09-05,2.5299999713897705,2.5299999713897705,2.5299999713897705,2.5299999713897705,2.5299999713897705,200
2007-09-07,2.6500000953674316,2.6500000953674316,2.5,2.5999999046325684,2.5999999046325684,429
2007-09-10,2.5999999046325684,2.5999999046325684,2.549999952316284,2.549999952316284,2.549999952316284,400
2007-09-11,2.6700000762939453,2.6700000762939453,2.549999952316284,2.549999952316284,2.549999952316284,334
2007-09-12,2.6700000762939453,2.6700000762939453,2.6700000762939453,2.6700000762939453,2.6700000762939453,1000
2007-09-13,2.799999952316284,2.799999952316284,2.6700000762939453,2.6700000762939453,2.6700000762939453,500
2007-09-14,2.609999895095825,2.799999952316284,2.609999895095825,2.799999952316284,2.799999952316284,2900
2007-09-17,2.609999895095825,2.799999952316284,2.609999895095825,2.799999952316284,2.799999952316284,2993
2007-09-18,2.680000066757202,2.680000066757202,2.680000066757202,2.680000066757202,2.680000066757202,329
2007-09-19,2.809999942779541,2.809999942779541,2.7100000381469727,2.7100000381469727,2.7100000381469727,1500
2007-09-20,2.8399999141693115,2.8399999141693115,2.8399999141693115,2.8399999141693115,2.8399999141693115,300
2007-09-21,2.9800000190734863,2.9800000190734863,2.700000047683716,2.9800000190734863,2.9800000190734863,1600
2007-09-24,3.119999885559082,3.119999885559082,3.119999885559082,3.119999885559082,3.119999885559082,10
2007-09-25,3.0999999046325684,3.200000047683716,3.0999999046325684,3.200000047683716,3.200000047683716,500
2007-09-26,3.049999952316284,3.049999952316284,3.049999952316284,3.049999952316284,3.049999952316284,200
2007-09-27,3.049999952316284,3.049999952316284,3.049999952316284,3.049999952316284,3.049999952316284,2600
2007-09-28,3.0999999046325684,3.0999999046325684,3.0999999046325684,3.0999999046325684,3.0999999046325684,600
2007-10-01,3.0999999046325684,3.25,3.0999999046325684,3.25,3.25,470
2007-10-03,3.25,3.4100000858306885,3.25,3.4100000858306885,3.4100000858306885,7000
2007-10-04,3.5799999237060547,3.5799999237060547,3.5799999237060547,3.5799999237060547,3.5799999237060547,989
2007-10-05,3.75,3.75,3.75,3.75,3.75,800
2007-10-08,3.799999952316284,3.799999952316284,3.799999952316284,3.799999952316284,3.799999952316284,1000
2007-10-10,3.9000000953674316,3.9000000953674316,3.9000000953674316,3.9000000953674316,3.9000000953674316,150
2007-10-11,3.9000000953674316,3.9000000953674316,3.7100000381469727,3.7100000381469727,3.7100000381469727,2100
2007-10-12,3.7100000381469727,3.7100000381469727,3.7100000381469727,3.7100000381469727,3.7100000381469727,10400
2007-10-15,3.7100000381469727,3.7100000381469727,3.7100000381469727,3.7100000381469727,3.7100000381469727,4000
2007-10-16,3.5299999713897705,3.7100000381469727,3.5299999713897705,3.5299999713897705,3.5299999713897705,3200
2007-10-17,3.5,3.700000047683716,3.5,3.700000047683716,3.700000047683716,1000
2007-10-18,3.700000047683716,3.700000047683716,3.5399999618530273,3.700000047683716,3.700000047683716,500
2007-10-19,3.6500000953674316,3.6500000953674316,3.6500000953674316,3.6500000953674316,3.6500000953674316,100
2007-10-22,3.6500000953674316,3.6500000953674316,3.6500000953674316,3.6500000953674316,3.6500000953674316,300
2007-10-23,3.799999952316284,3.799999952316284,3.799999952316284,3.799999952316284,3.799999952316284,25
2007-10-24,3.619999885559082,3.9000000953674316,3.619999885559082,3.619999885559082,3.619999885559082,400
2007-10-25,3.450000047683716,3.799999952316284,3.440000057220459,3.440000057220459,3.440000057220459,3600
2007-10-29,3.5799999237060547,3.5799999237060547,3.5799999237060547,3.5799999237060547,3.5799999237060547,100
2007-10-30,3.5799999237060547,3.5799999237060547,3.5799999237060547,3.5799999237060547,3.5799999237060547,100
2007-10-31,3.75,3.75,3.75,3.75,3.75,1000
2007-11-01,3.930000066757202,3.930000066757202,3.930000066757202,3.930000066757202,3.930000066757202,100
2007-11-02,3.930000066757202,3.930000066757202,3.930000066757202,3.930000066757202,3.930000066757202,760
2007-11-05,3.930000066757202,3.930000066757202,3.930000066757202,3.930000066757202,3.930000066757202,855
2007-11-07,4.119999885559082,4.119999885559082,4.119999885559082,4.119999885559082,4.119999885559082,25
2007-11-12,4.119999885559082,4.119999885559082,4.119999885559082,4.119999885559082,4.119999885559082,150
2007-11-13,3.9200000762939453,3.9200000762939453,3.9200000762939453,3.9200000762939453,3.9200000762939453,50
2007-11-14,3.7300000190734863,3.7300000190734863,3.7300000190734863,3.7300000190734863,3.7300000190734863,300
2007-11-15,3.7300000190734863,3.7300000190734863,3.7300000190734863,3.7300000190734863,3.7300000190734863,900
2007-11-16,3.9000000953674316,3.9000000953674316,3.9000000953674316,3.9000000953674316,3.9000000953674316,650
2007-11-19,3.950000047683716,4.050000190734863,3.7100000381469727,3.7100000381469727,3.7100000381469727,2300
2007-11-20,3.880000114440918,3.880000114440918,3.5299999713897705,3.5299999713897705,3.5299999713897705,1400
2007-11-21,3.5299999713897705,3.5299999713897705,3.5299999713897705,3.5299999713897705,3.5299999713897705,100
2007-11-22,3.5299999713897705,3.5299999713897705,3.5299999713897705,3.5299999713897705,3.5299999713897705,400
2007-11-26,3.5299999713897705,3.5299999713897705,3.5299999713897705,3.5299999713897705,3.5299999713897705,100
2007-11-28,3.700000047683716,3.700000047683716,3.700000047683716,3.700000047683716,3.700000047683716,700
2007-11-29,3.700000047683716,3.700000047683716,3.700000047683716,3.700000047683716,3.700000047683716,500
2007-11-30,3.549999952316284,3.549999952316284,3.549999952316284,3.549999952316284,3.549999952316284,100
2007-12-03,3.690000057220459,3.700000047683716,3.690000057220459,3.700000047683716,3.700000047683716,700
2007-12-04,3.700000047683716,3.700000047683716,3.700000047683716,3.700000047683716,3.700000047683716,400
2007-12-05,3.5199999809265137,3.5299999713897705,3.5199999809265137,3.5199999809265137,3.5199999809265137,1100
2007-12-06,3.3499999046325684,3.690000057220459,3.3499999046325684,3.690000057220459,3.690000057220459,1800
2007-12-07,3.5999999046325684,3.859999895095825,3.5,3.859999895095825,3.859999895095825,11400
2007-12-10,4.050000190734863,4.050000190734863,4.0,4.050000190734863,4.050000190734863,2100
2007-12-11,3.9000000953674316,4.25,3.9000000953674316,4.25,4.25,5400
2007-12-12,4.460000038146973,4.460000038146973,4.050000190734863,4.460000038146973,4.460000038146973,6500
2007-12-13,4.25,4.630000114440918,4.210000038146973,4.630000114440918,4.630000114440918,5900
2007-12-14,4.860000133514404,4.860000133514404,4.699999809265137,4.860000133514404,4.860000133514404,9100
2007-12-17,5.079999923706055,5.099999904632568,5.079999923706055,5.099999904632568,5.099999904632568,14800
2007-12-18,5.349999904632568,5.349999904632568,5.0,5.340000152587891,5.340000152587891,5300
2007-12-19,5.079999923706055,5.079999923706055,5.079999923706055,5.079999923706055,5.079999923706055,6900
2007-12-20,5.0,5.0,4.829999923706055,5.0,5.0,4500
2007-12-24,5.199999809265137,5.199999809265137,4.730000019073486,4.730000019073486,4.730000019073486,10000
2007-12-26,4.960000038146973,4.960000038146973,4.5,4.960000038146973,4.960000038146973,14500
2007-12-27,5.199999809265137,5.199999809265137,5.199999809265137,5.199999809265137,5.199999809265137,4700
2007-12-28,5.460000038146973,5.460000038146973,5.460000038146973,5.460000038146973,5.460000038146973,5700
2007-12-31,5.730000019073486,5.730000019073486,5.190000057220459,5.730000019073486,5.730000019073486,773
2008-01-01,6.010000228881836,6.010000228881836,6.010000228881836,6.010000228881836,6.010000228881836,1701
2008-01-02,6.309999942779541,6.309999942779541,5.710000038146973,6.309999942779541,6.309999942779541,5329
2008-01-03,6.619999885559082,6.619999885559082,6.099999904632568,6.619999885559082,6.619999885559082,5431
2008-01-04,6.929999828338623,6.949999809265137,6.900000095367432,6.949999809265137,6.949999809265137,4447
2008-01-07,7.289999961853027,7.289999961853027,7.050000190734863,7.289999961853027,7.289999961853027,8375
2008-01-08,7.5,7.650000095367432,6.929999828338623,6.929999828338623,6.929999828338623,6600
2008-01-09,6.590000152587891,6.590000152587891,6.590000152587891,6.590000152587891,6.590000152587891,450
2008-01-10,6.590000152587891,6.590000152587891,6.590000152587891,6.590000152587891,6.590000152587891,2250
2008-01-11,6.590000152587891,6.590000152587891,6.590000152587891,6.590000152587891,6.590000152587891,1500
2008-01-14,6.269999980926514,6.269999980926514,6.269999980926514,6.269999980926514,6.269999980926514,500
2008-01-15,5.960000038146973,6.579999923706055,5.960000038146973,6.489999771118164,6.489999771118164,603
2008-01-16,6.489999771118164,6.489999771118164,6.489999771118164,6.489999771118164,6.489999771118164,3
2008-01-17,6.260000228881836,6.260000228881836,6.260000228881836,6.260000228881836,6.260000228881836,1002
2008-01-18,6.0,6.0,6.0,6.0,6.0,1000
2008-01-21,5.710000038146973,5.710000038146973,5.710000038146973,5.710000038146973,5.710000038146973,1
2008-01-22,5.989999771118164,5.989999771118164,5.989999771118164,5.989999771118164,5.989999771118164,1
2008-01-23,5.699999809265137,5.699999809265137,5.699999809265137,5.699999809265137,5.699999809265137,183
2008-01-24,5.699999809265137,5.699999809265137,5.699999809265137,5.699999809265137,5.699999809265137,915
2008-01-25,5.699999809265137,5.699999809265137,5.699999809265137,5.699999809265137,5.699999809265137,1281
2008-01-28,5.699999809265137,5.699999809265137,5.699999809265137,5.699999809265137,5.699999809265137,732
2008-01-29,5.699999809265137,5.699999809265137,5.699999809265137,5.699999809265137,5.699999809265137,732
2008-01-30,5.699999809265137,5.699999809265137,5.699999809265137,5.699999809265137,5.699999809265137,549
2008-01-31,5.699999809265137,5.699999809265137,5.699999809265137,5.699999809265137,5.699999809265137,366
2008-02-01,5.699999809265137,5.699999809265137,5.699999809265137,5.699999809265137,5.699999809265137,366
2008-02-04,5.699999809265137,5.699999809265137,5.699999809265137,5.699999809265137,5.699999809265137,732
2008-02-05,5.420000076293945,5.420000076293945,5.420000076293945,5.420000076293945,5.420000076293945,30
2008-02-06,5.420000076293945,5.420000076293945,5.150000095367432,5.150000095367432,5.150000095367432,410
2008-02-07,4.900000095367432,4.909999847412109,4.900000095367432,4.900000095367432,4.900000095367432,3500
2008-02-08,4.900000095367432,4.900000095367432,4.900000095367432,4.900000095367432,4.900000095367432,3000
2008-02-11,4.900000095367432,4.900000095367432,4.900000095367432,4.900000095367432,4.900000095367432,1000
2008-02-12,4.900000095367432,4.900000095367432,4.900000095367432,4.900000095367432,4.900000095367432,1863
2008-02-13,4.900000095367432,4.900000095367432,4.900000095367432,4.900000095367432,4.900000095367432,2484
2008-02-14,4.800000190734863,4.800000190734863,4.75,4.75,4.75,270
2008-02-15,4.53000020980835,4.53000020980835,4.53000020980835,4.53000020980835,4.53000020980835,500
2008-02-18,4.75,4.75,4.75,4.75,4.75,100
2008-02-19,4.53000020980835,4.53000020980835,4.519999980926514,4.519999980926514,4.519999980926514,500
2008-02-20,4.300000190734863,4.300000190734863,4.300000190734863,4.300000190734863,4.300000190734863,500
2008-02-21,4.099999904632568,4.099999904632568,4.090000152587891,4.090000152587891,4.090000152587891,350
2008-02-22,3.890000104904175,3.890000104904175,3.890000104904175,3.890000104904175,3.890000104904175,300
2008-02-25,3.890000104904175,3.890000104904175,3.890000104904175,3.890000104904175,3.890000104904175,600
2008-02-26,3.700000047683716,3.700000047683716,3.700000047683716,3.700000047683716,3.700000047683716,500
2008-02-27,3.5399999618530273,3.880000114440918,3.5199999809265137,3.5199999809265137,3.5199999809265137,5010
2008-02-28,3.359999895095825,3.6500000953674316,3.359999895095825,3.6500000953674316,3.6500000953674316,826
2008-02-29,3.2100000381469727,3.5299999713897705,3.2100000381469727,3.5299999713897705,3.5299999713897705,4801
2008-03-03,3.359999895095825,3.700000047683716,3.359999895095825,3.359999895095825,3.359999895095825,2212
2008-03-04,3.200000047683716,3.200000047683716,3.200000047683716,3.200000047683716,3.200000047683716,500
2008-03-05,3.200000047683716,3.200000047683716,3.200000047683716,3.200000047683716,3.200000047683716,100
2008-03-07,3.200000047683716,3.200000047683716,3.200000047683716,3.200000047683716,3.200000047683716,100
2008-03-10,3.049999952316284,3.359999895095825,3.049999952316284,3.359999895095825,3.359999895095825,400
2008-03-11,3.200000047683716,3.5199999809265137,3.200000047683716,3.200000047683716,3.200000047683716,400
2008-03-12,3.049999952316284,3.359999895095825,3.049999952316284,3.359999895095825,3.359999895095825,1208
2008-03-13,3.359999895095825,3.359999895095825,3.359999895095825,3.359999895095825,3.359999895095825,5
2008-03-14,3.359999895095825,3.359999895095825,3.359999895095825,3.359999895095825,3.359999895095825,5
2008-03-17,3.200000047683716,3.200000047683716,3.200000047683716,3.200000047683716,3.200000047683716,350
2008-03-18,3.359999895095825,3.359999895095825,3.359999895095825,3.359999895095825,3.359999895095825,200
2008-03-19,3.359999895095825,3.359999895095825,3.359999895095825,3.359999895095825,3.359999895095825,200
2008-03-24,3.4000000953674316,3.509999990463257,3.4000000953674316,3.509999990463257,3.509999990463257,200
2008-03-25,3.509999990463257,3.509999990463257,3.509999990463257,3.509999990463257,3.509999990463257,500
2008-03-26,3.680000066757202,3.680000066757202,3.680000066757202,3.680000066757202,3.680000066757202,190
2008-03-27,3.859999895095825,3.859999895095825,3.5,3.5,3.5,530
2008-03-28,3.3299999237060547,3.3299999237060547,3.3299999237060547,3.3299999237060547,3.3299999237060547,730
2008-03-31,3.1700000762939453,3.1700000762939453,3.1700000762939453,3.1700000762939453,3.1700000762939453,100
2008-04-01,3.0199999809265137,3.319999933242798,3.0199999809265137,3.319999933242798,3.319999933242798,1010
2008-04-02,3.319999933242798,3.319999933242798,3.319999933242798,3.319999933242798,3.319999933242798,30
2008-04-03,3.4800000190734863,3.4800000190734863,3.4800000190734863,3.4800000190734863,3.4800000190734863,900
2008-04-04,3.4800000190734863,3.4800000190734863,3.4800000190734863,3.4800000190734863,3.4800000190734863,3600
2008-04-07,3.5999999046325684,3.5999999046325684,3.5999999046325684,3.5999999046325684,3.5999999046325684,140
2008-04-08,3.5999999046325684,3.5999999046325684,3.5999999046325684,3.5999999046325684,3.5999999046325684,560
2008-04-09,3.5999999046325684,3.5999999046325684,3.5999999046325684,3.5999999046325684,3.5999999046325684,420
2008-04-10,3.440000057220459,3.440000057220459,3.440000057220459,3.440000057220459,3.440000057220459,520
2008-04-11,3.2899999618530273,3.2899999618530273,3.2899999618530273,3.2899999618530273,3.2899999618530273,500
2008-04-15,3.130000114440918,3.130000114440918,3.130000114440918,3.130000114440918,3.130000114440918,500
2008-04-16,2.990000009536743,2.990000009536743,2.990000009536743,2.990000009536743,2.990000009536743,1020
2008-04-17,3.0,3.0,3.0,3.0,3.0,101
2008-04-21,3.1500000953674316,3.1500000953674316,2.859999895095825,3.1500000953674316,3.1500000953674316,100
2008-04-22,3.299999952316284,3.299999952316284,3.009999990463257,3.299999952316284,3.299999952316284,212
2008-04-23,3.0,3.0,3.0,3.0,3.0,10
2008-04-24,3.0,3.0,3.0,3.0,3.0,10
2008-04-25,2.859999895095825,3.1500000953674316,2.859999895095825,3.1500000953674316,3.1500000953674316,505
2008-04-28,3.0799999237060547,3.0799999237060547,3.0799999237060547,3.0799999237060547,3.0799999237060547,1000
2008-04-29,3.0799999237060547,3.0799999237060547,3.0799999237060547,3.0799999237060547,3.0799999237060547,1000
2008-05-02,3.0,3.0,3.0,3.0,3.0,419
2008-05-05,3.0,3.0,3.0,3.0,3.0,419
2008-05-06,2.859999895095825,2.859999895095825,2.859999895095825,2.859999895095825,2.859999895095825,131
2008-05-08,2.859999895095825,2.859999895095825,2.859999895095825,2.859999895095825,2.859999895095825,131
2008-05-09,2.859999895095825,2.859999895095825,2.859999895095825,2.859999895095825,2.859999895095825,262
2008-05-13,2.7200000286102295,2.7200000286102295,2.7200000286102295,2.7200000286102295,2.7200000286102295,100
2008-05-14,2.8499999046325684,2.8499999046325684,2.8499999046325684,2.8499999046325684,2.8499999046325684,1000
2008-05-15,2.990000009536743,2.990000009536743,2.7100000381469727,2.7100000381469727,2.7100000381469727,901
2008-05-20,2.7100000381469727,2.7100000381469727,2.7100000381469727,2.7100000381469727,2.7100000381469727,600
2008-05-21,2.7100000381469727,2.7100000381469727,2.7100000381469727,2.7100000381469727,2.7100000381469727,1200
2008-05-22,2.5899999141693115,2.5899999141693115,2.5899999141693115,2.5899999141693115,2.5899999141693115,200
2008-05-23,2.7100000381469727,2.7100000381469727,2.4700000286102295,2.4700000286102295,2.4700000286102295,2
2008-05-27,2.4700000286102295,2.4700000286102295,2.4700000286102295,2.4700000286102295,2.4700000286102295,3
2008-05-28,2.3499999046325684,2.3499999046325684,2.3499999046325684,2.3499999046325684,2.3499999046325684,230
2008-05-29,2.4000000953674316,2.4000000953674316,2.4000000953674316,2.4000000953674316,2.4000000953674316,100
2008-05-30,2.2899999618530273,2.299999952316284,2.2899999618530273,2.299999952316284,2.299999952316284,1100
2008-06-02,2.299999952316284,2.299999952316284,2.200000047683716,2.200000047683716,2.200000047683716,300
2008-06-03,2.200000047683716,2.200000047683716,2.200000047683716,2.200000047683716,2.200000047683716,600
2008-06-04,2.0999999046325684,2.0999999046325684,2.0999999046325684,2.0999999046325684,2.0999999046325684,200
2008-06-05,2.0999999046325684,2.0999999046325684,2.0999999046325684,2.0999999046325684,2.0999999046325684,100
2008-06-06,2.0999999046325684,2.0999999046325684,2.0999999046325684,2.0999999046325684,2.0999999046325684,500
2008-06-09,2.0,2.0,2.0,2.0,2.0,225
2008-06-10,1.909999966621399,1.909999966621399,1.909999966621399,1.909999966621399,1.909999966621399,10
2008-06-11,1.840000033378601,1.840000033378601,1.840000033378601,1.840000033378601,1.840000033378601,10
2008-06-12,1.840000033378601,1.840000033378601,1.840000033378601,1.840000033378601,1.840000033378601,50
2008-06-13,1.75,1.75,1.75,1.75,1.75,10
2008-06-16,1.8200000524520874,1.8200000524520874,1.8200000524520874,1.8200000524520874,1.8200000524520874,950
2008-06-17,1.8200000524520874,1.8200000524520874,1.8200000524520874,1.8200000524520874,1.8200000524520874,900
2008-06-18,1.7699999809265137,1.7999999523162842,1.7699999809265137,1.7699999809265137,1.7699999809265137,8300
2008-06-19,1.7699999809265137,1.7699999809265137,1.7699999809265137,1.7699999809265137,1.7699999809265137,14000
2008-06-20,1.7699999809265137,1.7699999809265137,1.7699999809265137,1.7699999809265137,1.7699999809265137,21000
2008-06-23,1.7699999809265137,1.7699999809265137,1.7699999809265137,1.7699999809265137,1.7699999809265137,3500
2008-06-24,1.7699999809265137,1.7699999809265137,1.7699999809265137,1.7699999809265137,1.7699999809265137,10500
2008-06-26,1.7200000286102295,1.7200000286102295,1.7200000286102295,1.7200000286102295,1.7200000286102295,400
2008-06-27,1.7200000286102295,1.7200000286102295,1.7200000286102295,1.7200000286102295,1.7200000286102295,1000
2008-06-30,1.7200000286102295,1.7200000286102295,1.7200000286102295,1.7200000286102295,1.7200000286102295,800
2008-07-01,1.7200000286102295,1.7200000286102295,1.7200000286102295,1.7200000286102295,1.7200000286102295,200
2008-07-02,1.659999966621399,1.7999999523162842,1.659999966621399,1.7999999523162842,1.7999999523162842,251
2008-07-03,1.7999999523162842,1.7999999523162842,1.7999999523162842,1.7999999523162842,1.7999999523162842,1230
2008-07-04,1.7999999523162842,1.7999999523162842,1.7999999523162842,1.7999999523162842,1.7999999523162842,60
2008-07-07,1.7200000286102295,1.7200000286102295,1.7200000286102295,1.7200000286102295,1.7200000286102295,10
2008-07-08,1.6399999856948853,1.6399999856948853,1.6399999856948853,1.6399999856948853,1.6399999856948853,10
2008-07-09,1.5700000524520874,1.5700000524520874,1.5700000524520874,1.5700000524520874,1.5700000524520874,10
2008-07-10,1.5099999904632568,1.5099999904632568,1.5099999904632568,1.5099999904632568,1.5099999904632568,10
2008-07-11,1.4500000476837158,1.4500000476837158,1.4500000476837158,1.4500000476837158,1.4500000476837158,10
2008-07-14,1.5199999809265137,1.5199999809265137,1.5199999809265137,1.5199999809265137,1.5199999809265137,550
2008-07-16,1.4500000476837158,1.590000033378601,1.4500000476837158,1.4700000286102295,1.4700000286102295,1150
2008-07-17,1.399999976158142,1.4299999475479126,1.399999976158142,1.4299999475479126,1.4299999475479126,20
2008-07-18,1.3700000047683716,1.3700000047683716,1.3700000047683716,1.3700000047683716,1.3700000047683716,10
2008-07-21,1.3700000047683716,1.3700000047683716,1.3700000047683716,1.3700000047683716,1.3700000047683716,30
2008-07-22,1.3200000524520874,1.3200000524520874,1.3200000524520874,1.3200000524520874,1.3200000524520874,10
2008-07-23,1.2699999809265137,1.2699999809265137,1.2699999809265137,1.2699999809265137,1.2699999809265137,10
2008-07-24,1.3300000429153442,1.3300000429153442,1.3300000429153442,1.3300000429153442,1.3300000429153442,4300
2008-07-25,1.3300000429153442,1.3300000429153442,1.3300000429153442,1.3300000429153442,1.3300000429153442,1200
2008-07-28,1.2699999809265137,1.2699999809265137,1.2699999809265137,1.2699999809265137,1.2699999809265137,10
2008-07-29,1.3300000429153442,1.3300000429153442,1.3300000429153442,1.3300000429153442,1.3300000429153442,1000
2008-07-30,1.3300000429153442,1.3300000429153442,1.3300000429153442,1.3300000429153442,1.3300000429153442,7000
2008-07-31,1.3300000429153442,1.3300000429153442,1.3300000429153442,1.3300000429153442,1.3300000429153442,5000
2008-08-01,1.3300000429153442,1.3300000429153442,1.3300000429153442,1.3300000429153442,1.3300000429153442,4000
2008-08-04,1.3300000429153442,1.3300000429153442,1.3300000429153442,1.3300000429153442,1.3300000429153442,8000
2008-08-05,1.3300000429153442,1.3300000429153442,1.3300000429153442,1.3300000429153442,1.3300000429153442,6000
2008-08-06,1.3300000429153442,1.3300000429153442,1.3300000429153442,1.3300000429153442,1.3300000429153442,4000
2008-08-07,1.3899999856948853,1.3899999856948853,1.3899999856948853,1.3899999856948853,1.3899999856948853,450
2008-08-08,1.4500000476837158,1.4500000476837158,1.4500000476837158,1.4500000476837158,1.4500000476837158,500
2008-08-11,1.4500000476837158,1.4500000476837158,1.4500000476837158,1.4500000476837158,1.4500000476837158,2500
2008-08-12,1.4500000476837158,1.4500000476837158,1.4500000476837158,1.4500000476837158,1.4500000476837158,4000
2008-08-13,1.5199999809265137,1.5199999809265137,1.5199999809265137,1.5199999809265137,1.5199999809265137,500
2008-08-14,1.4500000476837158,1.4500000476837158,1.4500000476837158,1.4500000476837158,1.4500000476837158,10
2008-08-18,1.4500000476837158,1.4500000476837158,1.4500000476837158,1.4500000476837158,1.4500000476837158,50
2008-08-20,1.4500000476837158,1.4500000476837158,1.4500000476837158,1.4500000476837158,1.4500000476837158,90
2008-08-21,1.409999966621399,1.409999966621399,1.409999966621399,1.409999966621399,1.409999966621399,500
2008-08-22,1.4800000190734863,1.4800000190734863,1.4800000190734863,1.4800000190734863,1.4800000190734863,100
2008-08-25,1.4800000190734863,1.4800000190734863,1.4800000190734863,1.4800000190734863,1.4800000190734863,500
2008-08-26,1.4299999475479126,1.4299999475479126,1.4299999475479126,1.4299999475479126,1.4299999475479126,400
2008-08-27,1.3700000047683716,1.3700000047683716,1.3700000047683716,1.3700000047683716,1.3700000047683716,500
2008-08-28,1.4299999475479126,1.4299999475479126,1.4299999475479126,1.4299999475479126,1.4299999475479126,100
2008-08-29,1.3700000047683716,1.3700000047683716,1.3700000047683716,1.3700000047683716,1.3700000047683716,50
2008-09-01,1.3200000524520874,1.3200000524520874,1.3200000524520874,1.3200000524520874,1.3200000524520874,50
2008-09-02,1.2699999809265137,1.3799999952316284,1.2699999809265137,1.3799999952316284,1.3799999952316284,710
2008-09-04,1.3300000429153442,1.3300000429153442,1.3300000429153442,1.3300000429153442,1.3300000429153442,100
2008-09-05,1.2899999618530273,1.2899999618530273,1.2899999618530273,1.2899999618530273,1.2899999618530273,100
2008-09-08,1.2899999618530273,1.2899999618530273,1.2899999618530273,1.2899999618530273,1.2899999618530273,800
2008-09-09,1.2999999523162842,1.2999999523162842,1.2999999523162842,1.2999999523162842,1.2999999523162842,100
2008-09-10,1.2999999523162842,1.2999999523162842,1.2999999523162842,1.2999999523162842,1.2999999523162842,1300
2008-09-11,1.2999999523162842,1.2999999523162842,1.2999999523162842,1.2999999523162842,1.2999999523162842,1100
2008-09-12,1.2999999523162842,1.2999999523162842,1.2999999523162842,1.2999999523162842,1.2999999523162842,500
2008-09-15,1.2999999523162842,1.2999999523162842,1.2999999523162842,1.2999999523162842,1.2999999523162842,700
2008-09-16,1.3600000143051147,1.3600000143051147,1.3600000143051147,1.3600000143051147,1.3600000143051147,300
2008-09-17,1.3600000143051147,1.3600000143051147,1.3600000143051147,1.3600000143051147,1.3600000143051147,1200
2008-09-18,1.3600000143051147,1.3600000143051147,1.3600000143051147,1.3600000143051147,1.3600000143051147,300
2008-09-19,1.4199999570846558,1.4199999570846558,1.4199999570846558,1.4199999570846558,1.4199999570846558,100
2008-09-22,1.4900000095367432,1.4900000095367432,1.4900000095367432,1.4900000095367432,1.4900000095367432,1000
2008-09-23,1.4900000095367432,1.4900000095367432,1.4900000095367432,1.4900000095367432,1.4900000095367432,4000
2008-09-24,1.559999942779541,1.559999942779541,1.559999942779541,1.559999942779541,1.559999942779541,1
2008-09-25,1.6299999952316284,1.6299999952316284,1.6299999952316284,1.6299999952316284,1.6299999952316284,1
2008-09-26,1.7100000381469727,1.7100000381469727,1.5499999523162842,1.5499999523162842,1.5499999523162842,546
2008-09-29,1.6200000047683716,1.6200000047683716,1.6200000047683716,1.6200000047683716,1.6200000047683716,1
2008-09-30,1.7000000476837158,1.7000000476837158,1.7000000476837158,1.7000000476837158,1.7000000476837158,2
2008-10-01,1.7000000476837158,1.7000000476837158,1.7000000476837158,1.7000000476837158,1.7000000476837158,6
2008-10-03,1.7799999713897705,1.7799999713897705,1.7799999713897705,1.7799999713897705,1.7799999713897705,1
2008-10-06,1.850000023841858,1.8600000143051147,1.7000000476837158,1.8600000143051147,1.8600000143051147,711
2008-10-07,1.940000057220459,1.9500000476837158,1.7999999523162842,1.9500000476837158,1.9500000476837158,2539
2008-10-08,2.0299999713897705,2.0399999618530273,1.8600000143051147,1.8600000143051147,1.8600000143051147,1684
2008-10-10,1.7699999809265137,1.7699999809265137,1.7699999809265137,1.7699999809265137,1.7699999809265137,1
2008-10-13,1.850000023841858,1.850000023841858,1.690000057220459,1.690000057220459,1.690000057220459,133
2008-10-14,1.7699999809265137,1.7699999809265137,1.6100000143051147,1.7699999809265137,1.7699999809265137,111
2008-10-15,1.690000057220459,1.850000023841858,1.690000057220459,1.850000023841858,1.850000023841858,1111
2008-10-16,1.940000057220459,1.940000057220459,1.7599999904632568,1.7599999904632568,1.7599999904632568,601
2008-10-17,1.840000033378601,1.840000033378601,1.6799999475479126,1.6799999475479126,1.6799999475479126,1209
2008-10-20,1.7599999904632568,1.7599999904632568,1.6100000143051147,1.7599999904632568,1.7599999904632568,102
2008-10-21,1.690000057220459,1.8300000429153442,1.690000057220459,1.8200000524520874,1.8200000524520874,16
2008-10-22,1.909999966621399,1.909999966621399,1.909999966621399,1.909999966621399,1.909999966621399,10
2008-10-23,2.0,2.0,2.0,2.0,2.0,10
2008-10-24,2.0,2.0,2.0,2.0,2.0,40
2008-10-27,2.0,2.0,2.0,2.0,2.0,20
2008-10-29,2.200000047683716,2.200000047683716,2.0,2.0,2.0,200
2008-10-31,2.0999999046325684,2.0999999046325684,2.0999999046325684,2.0999999046325684,2.0999999046325684,50
2008-11-03,2.200000047683716,2.200000047683716,2.200000047683716,2.200000047683716,2.200000047683716,220
2008-11-04,2.309999942779541,2.309999942779541,2.309999942779541,2.309999942779541,2.309999942779541,50
2008-11-05,2.4200000762939453,2.4200000762939453,2.4200000762939453,2.4200000762939453,2.4200000762939453,225
2008-11-06,2.5399999618530273,2.5399999618530273,2.5399999618530273,2.5399999618530273,2.5399999618530273,25
2008-11-07,2.6600000858306885,2.6600000858306885,2.6600000858306885,2.6600000858306885,2.6600000858306885,10
2008-11-10,2.7899999618530273,2.7899999618530273,2.7899999618530273,2.7899999618530273,2.7899999618530273,25
2008-11-11,2.890000104904175,2.9000000953674316,2.890000104904175,2.890000104904175,2.890000104904175,55
2008-11-12,3.0299999713897705,3.0299999713897705,3.0299999713897705,3.0299999713897705,3.0299999713897705,1
2008-11-14,3.0299999713897705,3.0299999713897705,3.0299999713897705,3.0299999713897705,3.0299999713897705,4
2008-11-17,2.890000104904175,2.890000104904175,2.890000104904175,2.890000104904175,2.890000104904175,25
2008-11-18,2.890000104904175,2.890000104904175,2.890000104904175,2.890000104904175,2.890000104904175,100
2008-11-19,2.990000009536743,2.990000009536743,2.990000009536743,2.990000009536743,2.990000009536743,10
2008-11-20,2.990000009536743,2.990000009536743,2.990000009536743,2.990000009536743,2.990000009536743,40
2008-11-21,2.990000009536743,2.990000009536743,2.990000009536743,2.990000009536743,2.990000009536743,40
2008-11-24,2.990000009536743,2.990000009536743,2.990000009536743,2.990000009536743,2.990000009536743,10
2008-11-25,2.990000009536743,2.990000009536743,2.990000009536743,2.990000009536743,2.990000009536743,20
2008-11-26,2.990000009536743,2.990000009536743,2.990000009536743,2.990000009536743,2.990000009536743,10
2008-11-28,2.990000009536743,2.990000009536743,2.990000009536743,2.990000009536743,2.990000009536743,40
2008-12-01,2.990000009536743,2.990000009536743,2.990000009536743,2.990000009536743,2.990000009536743,40
2008-12-02,2.990000009536743,2.990000009536743,2.990000009536743,2.990000009536743,2.990000009536743,10
2008-12-04,2.990000009536743,2.990000009536743,2.990000009536743,2.990000009536743,2.990000009536743,30
2008-12-05,2.990000009536743,2.990000009536743,2.990000009536743,2.990000009536743,2.990000009536743,10
2008-12-08,2.990000009536743,2.990000009536743,2.990000009536743,2.990000009536743,2.990000009536743,10
2008-12-10,2.990000009536743,2.990000009536743,2.990000009536743,2.990000009536743,2.990000009536743,10
2008-12-11,3.0,3.0,3.0,3.0,3.0,10
2008-12-12,3.0,3.0,3.0,3.0,3.0,20
2008-12-15,3.0,3.0,3.0,3.0,3.0,10
2008-12-16,3.0,3.0,3.0,3.0,3.0,400
2008-12-17,3.0,3.0,3.0,3.0,3.0,400
2008-12-18,3.0,3.0,3.0,3.0,3.0,400
2008-12-19,3.0,3.0,3.0,3.0,3.0,400
2008-12-22,3.0,3.0,3.0,3.0,3.0,800
2008-12-23,2.859999895095825,2.990000009536743,2.859999895095825,2.990000009536743,2.990000009536743,1865
2008-12-24,2.990000009536743,2.990000009536743,2.9600000381469727,2.990000009536743,2.990000009536743,1845
2008-12-26,2.990000009536743,2.990000009536743,2.9600000381469727,2.990000009536743,2.990000009536743,3690
2008-12-29,2.990000009536743,2.990000009536743,2.9600000381469727,2.990000009536743,2.990000009536743,615
2008-12-30,2.990000009536743,2.990000009536743,2.9600000381469727,2.990000009536743,2.990000009536743,1230
2009-01-02,3.0999999046325684,3.0999999046325684,3.0999999046325684,3.0999999046325684,3.0999999046325684,800
2009-01-05,3.0999999046325684,3.0999999046325684,3.0999999046325684,3.0999999046325684,3.0999999046325684,800
2009-01-06,3.0999999046325684,3.0999999046325684,3.0999999046325684,3.0999999046325684,3.0999999046325684,800
2009-01-09,3.0999999046325684,3.0999999046325684,3.0999999046325684,3.0999999046325684,3.0999999046325684,400
2009-01-12,3.0999999046325684,3.0999999046325684,3.0999999046325684,3.0999999046325684,3.0999999046325684,600
2009-01-13,3.0999999046325684,3.0999999046325684,3.0999999046325684,3.0999999046325684,3.0999999046325684,200
2009-01-14,3.0999999046325684,3.0999999046325684,3.0999999046325684,3.0999999046325684,3.0999999046325684,1200
2009-01-15,3.0999999046325684,3.0999999046325684,3.0999999046325684,3.0999999046325684,3.0999999046325684,800
2009-01-16,3.0999999046325684,3.0999999046325684,3.0999999046325684,3.0999999046325684,3.0999999046325684,200
2009-01-19,3.0999999046325684,3.0999999046325684,3.0999999046325684,3.0999999046325684,3.0999999046325684,200
2009-01-20,3.0999999046325684,3.0999999046325684,3.0999999046325684,3.0999999046325684,3.0999999046325684,200
2009-01-21,3.0999999046325684,3.0999999046325684,3.0999999046325684,3.0999999046325684,3.0999999046325684,600
2009-01-22,3.0999999046325684,3.0999999046325684,3.0999999046325684,3.0999999046325684,3.0999999046325684,600
2009-01-23,3.0999999046325684,3.0999999046325684,3.0999999046325684,3.0999999046325684,3.0999999046325684,800
2009-01-27,3.25,3.25,3.25,3.25,3.25,1
2009-01-28,3.4100000858306885,3.4100000858306885,3.4100000858306885,3.4100000858306885,3.4100000858306885,5
2009-01-29,3.4100000858306885,3.4100000858306885,3.4100000858306885,3.4100000858306885,3.4100000858306885,15
2009-01-30,3.5299999713897705,3.5299999713897705,3.5299999713897705,3.5299999713897705,3.5299999713897705,5
2009-02-02,3.5299999713897705,3.5299999713897705,3.5299999713897705,3.5299999713897705,3.5299999713897705,20
2009-02-03,3.5299999713897705,3.5299999713897705,3.5299999713897705,3.5299999713897705,3.5299999713897705,25
2009-02-04,3.5299999713897705,3.5299999713897705,3.5299999713897705,3.5299999713897705,3.5299999713897705,5
2009-02-05,3.5299999713897705,3.5299999713897705,3.5299999713897705,3.5299999713897705,3.5299999713897705,5
2009-02-06,3.5299999713897705,3.5299999713897705,3.5299999713897705,3.5299999713897705,3.5299999713897705,10
2009-02-12,3.5299999713897705,3.5299999713897705,3.5299999713897705,3.5299999713897705,3.5299999713897705,15
2009-02-16,3.359999895095825,3.359999895095825,3.359999895095825,3.359999895095825,3.359999895095825,1000
2009-02-17,3.359999895095825,3.359999895095825,3.359999895095825,3.359999895095825,3.359999895095825,2160
2009-02-18,3.5199999809265137,3.5199999809265137,3.5199999809265137,3.5199999809265137,3.5199999809265137,10
2009-02-19,3.5199999809265137,3.5199999809265137,3.5199999809265137,3.5199999809265137,3.5199999809265137,60
2009-02-20,3.5199999809265137,3.5199999809265137,3.5199999809265137,3.5199999809265137,3.5199999809265137,60
2009-02-24,3.5199999809265137,3.5199999809265137,3.5199999809265137,3.5199999809265137,3.5199999809265137,10
2009-02-25,3.5199999809265137,3.5199999809265137,3.5199999809265137,3.5199999809265137,3.5199999809265137,10
2009-02-26,3.5199999809265137,3.5199999809265137,3.5199999809265137,3.5199999809265137,3.5199999809265137,2
2009-02-27,3.5199999809265137,3.5199999809265137,3.5199999809265137,3.5199999809265137,3.5199999809265137,2
2009-03-03,3.5199999809265137,3.5199999809265137,3.5199999809265137,3.5199999809265137,3.5199999809265137,8
2009-03-04,3.5199999809265137,3.5199999809265137,3.5199999809265137,3.5199999809265137,3.5199999809265137,8
2009-03-09,3.5199999809265137,3.5199999809265137,3.5199999809265137,3.5199999809265137,3.5199999809265137,2
2009-03-12,3.5199999809265137,3.5199999809265137,3.5199999809265137,3.5199999809265137,3.5199999809265137,2
2009-03-13,3.5199999809265137,3.5199999809265137,3.5199999809265137,3.5199999809265137,3.5199999809265137,2
2009-03-16,3.5199999809265137,3.5199999809265137,3.5199999809265137,3.5199999809265137,3.5199999809265137,14
2009-03-17,3.5199999809265137,3.5199999809265137,3.5199999809265137,3.5199999809265137,3.5199999809265137,6
2009-03-18,3.5199999809265137,3.5199999809265137,3.5199999809265137,3.5199999809265137,3.5199999809265137,8
2009-03-19,3.5199999809265137,3.5199999809265137,3.5199999809265137,3.5199999809265137,3.5199999809265137,4
2009-03-20,3.3499999046325684,3.3499999046325684,3.3499999046325684,3.3499999046325684,3.3499999046325684,180
2009-03-23,3.3499999046325684,3.3499999046325684,3.3499999046325684,3.3499999046325684,3.3499999046325684,720
2009-03-24,3.3499999046325684,3.3499999046325684,3.3499999046325684,3.3499999046325684,3.3499999046325684,180
2009-03-25,3.3499999046325684,3.3499999046325684,3.3499999046325684,3.3499999046325684,3.3499999046325684,720
2009-03-26,3.3499999046325684,3.3499999046325684,3.3499999046325684,3.3499999046325684,3.3499999046325684,1080
2009-03-27,3.3499999046325684,3.3499999046325684,3.3499999046325684,3.3499999046325684,3.3499999046325684,720
2009-03-30,3.3499999046325684,3.3499999046325684,3.3499999046325684,3.3499999046325684,3.3499999046325684,720
2009-03-31,3.3499999046325684,3.3499999046325684,3.3499999046325684,3.3499999046325684,3.3499999046325684,180
2009-04-02,3.3499999046325684,3.3499999046325684,3.3499999046325684,3.3499999046325684,3.3499999046325684,180
2009-04-08,3.3499999046325684,3.3499999046325684,3.3499999046325684,3.3499999046325684,3.3499999046325684,540
2009-04-09,3.3499999046325684,3.3499999046325684,3.3499999046325684,3.3499999046325684,3.3499999046325684,360
2009-04-13,3.190000057220459,3.190000057220459,3.190000057220459,3.190000057220459,3.190000057220459,50
2009-04-15,3.0399999618530273,3.0399999618530273,3.0399999618530273,3.0399999618530273,3.0399999618530273,50
2009-04-16,3.0399999618530273,3.0399999618530273,3.0399999618530273,3.0399999618530273,3.0399999618530273,100
2009-04-17,3.190000057220459,3.190000057220459,3.190000057220459,3.190000057220459,3.190000057220459,5
2009-04-20,3.190000057220459,3.190000057220459,3.190000057220459,3.190000057220459,3.190000057220459,5
2009-04-21,3.3399999141693115,3.3399999141693115,3.3399999141693115,3.3399999141693115,3.3399999141693115,11
2009-04-22,3.3399999141693115,3.3399999141693115,3.3399999141693115,3.3399999141693115,3.3399999141693115,22
2009-04-23,3.3399999141693115,3.3399999141693115,3.3399999141693115,3.3399999141693115,3.3399999141693115,55
2009-04-24,3.3399999141693115,3.3399999141693115,3.3399999141693115,3.3399999141693115,3.3399999141693115,22
2009-04-27,3.5,3.5,3.5,3.5,3.5,100
2009-04-28,3.6700000762939453,3.6700000762939453,3.6700000762939453,3.6700000762939453,3.6700000762939453,5
2009-04-29,3.6700000762939453,3.6700000762939453,3.6700000762939453,3.6700000762939453,3.6700000762939453,40
2009-05-04,3.6700000762939453,3.6700000762939453,3.6700000762939453,3.6700000762939453,3.6700000762939453,10
2009-05-05,3.490000009536743,3.8299999237060547,3.490000009536743,3.8299999237060547,3.8299999237060547,105
2009-05-06,3.8299999237060547,3.8299999237060547,3.8299999237060547,3.8299999237060547,3.8299999237060547,40
2009-05-07,3.8299999237060547,3.8299999237060547,3.8299999237060547,3.8299999237060547,3.8299999237060547,70
2009-05-08,3.8299999237060547,3.8299999237060547,3.8299999237060547,3.8299999237060547,3.8299999237060547,30
2009-05-11,3.8299999237060547,3.8299999237060547,3.8299999237060547,3.8299999237060547,3.8299999237060547,15
2009-05-12,3.8299999237060547,3.8299999237060547,3.8299999237060547,3.8299999237060547,3.8299999237060547,30
2009-05-13,3.8299999237060547,3.8299999237060547,3.8299999237060547,3.8299999237060547,3.8299999237060547,50
2009-05-14,3.8299999237060547,3.8299999237060547,3.8299999237060547,3.8299999237060547,3.8299999237060547,10
2009-05-15,3.8299999237060547,3.8299999237060547,3.8299999237060547,3.8299999237060547,3.8299999237060547,15
2009-05-19,3.8299999237060547,3.8299999237060547,3.8299999237060547,3.8299999237060547,3.8299999237060547,25
2009-05-20,3.8299999237060547,3.8299999237060547,3.8299999237060547,3.8299999237060547,3.8299999237060547,35
2009-05-21,3.8299999237060547,3.8299999237060547,3.8299999237060547,3.8299999237060547,3.8299999237060547,25
2009-05-22,3.8299999237060547,3.8299999237060547,3.8299999237060547,3.8299999237060547,3.8299999237060547,50
2009-05-25,4.010000228881836,4.010000228881836,4.010000228881836,4.010000228881836,4.010000228881836,2
2009-05-26,4.210000038146973,4.210000038146973,3.890000104904175,3.9000000953674316,3.9000000953674316,255
2009-05-27,3.7100000381469727,4.090000152587891,3.7100000381469727,3.75,3.75,6716
2009-05-28,3.5999999046325684,3.5999999046325684,3.569999933242798,3.5999999046325684,3.5999999046325684,5900
2009-05-29,3.549999952316284,3.7300000190734863,3.4000000953674316,3.5999999046325684,3.5999999046325684,7101
2009-06-01,3.440000057220459,3.440000057220459,3.430000066757202,3.430000066757202,3.430000066757202,2500
2009-06-02,3.2799999713897705,3.5,3.259999990463257,3.5,3.5,4400
2009-06-03,3.130000114440918,3.3499999046325684,3.130000114440918,3.3499999046325684,3.3499999046325684,850
2009-06-04,3.4100000858306885,3.4100000858306885,3.4100000858306885,3.4100000858306885,3.4100000858306885,101
2009-06-05,3.25,3.4800000190734863,3.240000009536743,3.4700000286102295,3.4700000286102295,3400
2009-06-08,3.299999952316284,3.309999942779541,3.299999952316284,3.299999952316284,3.299999952316284,550
2009-06-09,3.299999952316284,3.299999952316284,3.299999952316284,3.299999952316284,3.299999952316284,600
2009-06-10,3.140000104904175,3.1500000953674316,3.140000104904175,3.140000104904175,3.140000104904175,300
2009-06-11,3.140000104904175,3.140000104904175,3.140000104904175,3.140000104904175,3.140000104904175,800
2009-06-12,2.990000009536743,2.990000009536743,2.990000009536743,2.990000009536743,2.990000009536743,100
2009-06-15,2.990000009536743,2.990000009536743,2.990000009536743,2.990000009536743,2.990000009536743,500
2009-06-16,2.990000009536743,2.990000009536743,2.990000009536743,2.990000009536743,2.990000009536743,300
2009-06-17,2.8499999046325684,2.8499999046325684,2.8499999046325684,2.8499999046325684,2.8499999046325684,100
2009-06-18,2.7100000381469727,2.7100000381469727,2.7100000381469727,2.7100000381469727,2.7100000381469727,200
2009-06-19,2.7100000381469727,2.7100000381469727,2.7100000381469727,2.7100000381469727,2.7100000381469727,400
2009-06-22,2.7100000381469727,2.7100000381469727,2.7100000381469727,2.7100000381469727,2.7100000381469727,600
2009-06-23,2.5799999237060547,2.5799999237060547,2.5799999237060547,2.5799999237060547,2.5799999237060547,1
2009-06-24,2.5799999237060547,2.5799999237060547,2.5799999237060547,2.4600000381469727,2.4600000381469727,1
2009-06-25,2.4600000381469727,2.4600000381469727,2.4600000381469727,2.4600000381469727,2.4600000381469727,60
2009-06-26,2.4600000381469727,2.4600000381469727,2.4600000381469727,2.4600000381469727,2.4600000381469727,10
2009-06-29,2.3399999141693115,2.3399999141693115,2.3399999141693115,2.3399999141693115,2.3399999141693115,800
2009-07-01,2.3399999141693115,2.3399999141693115,2.3399999141693115,2.3399999141693115,2.3399999141693115,400
2009-07-02,2.3399999141693115,2.3399999141693115,2.3399999141693115,2.3399999141693115,2.3399999141693115,200
2009-07-03,2.2300000190734863,2.2300000190734863,2.2300000190734863,2.2300000190734863,2.2300000190734863,150
2009-07-06,2.1500000953674316,2.1500000953674316,2.1500000953674316,2.1500000953674316,2.1500000953674316,1400
2009-07-07,2.1500000953674316,2.1500000953674316,2.1500000953674316,2.1500000953674316,2.1500000953674316,3000
2009-07-08,2.049999952316284,2.049999952316284,2.049999952316284,2.049999952316284,2.049999952316284,10
2009-07-09,2.049999952316284,2.049999952316284,2.049999952316284,2.049999952316284,2.049999952316284,50
2009-07-10,2.1500000953674316,2.1500000953674316,1.9500000476837158,1.9500000476837158,1.9500000476837158,300
2009-07-13,1.9500000476837158,1.9500000476837158,1.9500000476837158,1.9500000476837158,1.9500000476837158,10
2009-07-14,1.9900000095367432,1.9900000095367432,1.9900000095367432,1.9900000095367432,1.9900000095367432,300
2009-07-15,1.9900000095367432,1.9900000095367432,1.9900000095367432,1.9900000095367432,1.9900000095367432,600
2009-07-16,1.9900000095367432,1.9900000095367432,1.9900000095367432,1.9900000095367432,1.9900000095367432,300
2009-07-17,2.0,2.0,1.9199999570846558,1.9299999475479126,1.9299999475479126,1300
2009-07-20,2.0199999809265137,2.0199999809265137,2.0199999809265137,2.0199999809265137,2.0199999809265137,849
2009-07-21,2.0199999809265137,2.0199999809265137,2.0199999809265137,2.0199999809265137,2.0199999809265137,200
2009-07-22,2.0,2.0299999713897705,1.8899999856948853,2.0299999713897705,2.0299999713897705,6600
2009-07-23,1.9299999475479126,1.9299999475479126,1.9299999475479126,1.9299999475479126,1.9299999475479126,5
2009-07-24,2.0199999809265137,2.0199999809265137,2.0199999809265137,2.0199999809265137,2.0199999809265137,400
2009-07-27,2.119999885559082,2.119999885559082,1.940000057220459,2.119999885559082,2.119999885559082,750
2009-07-28,2.0199999809265137,2.0199999809265137,2.0199999809265137,2.0199999809265137,2.0199999809265137,10
2009-07-29,1.9299999475479126,1.9299999475479126,1.9299999475479126,1.9299999475479126,1.9299999475479126,10
2009-07-30,2.0,2.0,1.850000023841858,1.8600000143051147,1.8600000143051147,1300
2009-07-31,1.8600000143051147,1.8600000143051147,1.8600000143051147,1.8600000143051147,1.8600000143051147,2400
2009-08-03,1.8600000143051147,1.8600000143051147,1.8600000143051147,1.8600000143051147,1.8600000143051147,2400
2009-08-04,1.8600000143051147,1.8600000143051147,1.8600000143051147,1.850000023841858,1.850000023841858,4000
2009-08-05,1.7599999904632568,1.7599999904632568,1.7599999904632568,1.7599999904632568,1.7599999904632568,400
2009-08-06,1.7599999904632568,1.7599999904632568,1.7599999904632568,1.7599999904632568,1.7599999904632568,400
2009-08-07,1.7599999904632568,1.7599999904632568,1.7599999904632568,1.7599999904632568,1.7599999904632568,900
2009-08-10,1.7599999904632568,1.7599999904632568,1.7599999904632568,1.7599999904632568,1.7599999904632568,600
2009-08-11,1.840000033378601,1.840000033378601,1.840000033378601,1.840000033378601,1.840000033378601,1
2009-08-12,1.9299999475479126,1.9299999475479126,1.9299999475479126,1.9299999475479126,1.9299999475479126,50
2009-08-13,2.0,2.0,2.0,2.0,2.0,500
2009-08-14,2.049999952316284,2.049999952316284,2.0,2.0,2.0,350
2009-08-17,2.0399999618530273,2.0399999618530273,1.909999966621399,1.909999966621399,1.909999966621399,1000
2009-08-19,1.909999966621399,1.909999966621399,1.909999966621399,1.909999966621399,1.909999966621399,100
2009-08-20,1.8200000524520874,1.8200000524520874,1.8200000524520874,1.8200000524520874,1.8200000524520874,450
2009-08-21,1.8200000524520874,1.8200000524520874,1.8200000524520874,1.8200000524520874,1.8200000524520874,450
2009-08-24,1.7999999523162842,1.7999999523162842,1.7999999523162842,1.7999999523162842,1.7999999523162842,100
2009-08-25,1.7999999523162842,1.7999999523162842,1.7999999523162842,1.7999999523162842,1.7999999523162842,300
2009-08-26,1.8899999856948853,1.8899999856948853,1.8899999856948853,1.8899999856948853,1.8899999856948853,1
2009-08-28,1.9199999570846558,2.069999933242798,1.9199999570846558,2.069999933242798,2.069999933242798,1700
2009-08-31,2.009999990463257,2.1700000762939453,1.9700000286102295,2.1700000762939453,2.1700000762939453,2800
2009-09-01,2.2699999809265137,2.2699999809265137,2.069999933242798,2.0899999141693115,2.0899999141693115,3602
2009-09-02,2.1500000953674316,2.190000057220459,2.0999999046325684,2.180000066757202,2.180000066757202,1200
2009-09-03,2.240000009536743,2.240000009536743,2.240000009536743,2.240000009536743,2.240000009536743,1
2009-09-04,2.240000009536743,2.240000009536743,2.240000009536743,2.240000009536743,2.240000009536743,1
2009-09-09,2.130000114440918,2.130000114440918,2.130000114440918,2.130000114440918,2.130000114440918,200
2009-09-10,2.200000047683716,2.200000047683716,2.0399999618530273,2.0399999618530273,2.0399999618530273,2300
2009-09-11,2.200000047683716,2.200000047683716,2.0399999618530273,2.0399999618530273,2.0399999618530273,2301
2009-09-14,1.9500000476837158,1.9500000476837158,1.9500000476837158,1.9500000476837158,1.9500000476837158,100
2009-09-15,1.9500000476837158,1.9500000476837158,1.9500000476837158,1.9500000476837158,1.9500000476837158,1000
2009-09-16,1.8700000047683716,2.0399999618530273,1.8700000047683716,2.0199999809265137,2.0199999809265137,3100
2009-09-17,1.8700000047683716,2.0399999618530273,1.8700000047683716,2.0199999809265137,2.0199999809265137,3100
2009-09-18,1.9199999570846558,1.9199999570846558,1.9199999570846558,1.9199999570846558,1.9199999570846558,100
2009-09-22,1.9700000286102295,1.9700000286102295,1.9700000286102295,1.9700000286102295,1.9700000286102295,1200
2009-09-23,1.9199999570846558,2.0,1.9199999570846558,2.0,2.0,300
2009-09-24,2.0,2.0,1.9500000476837158,1.9500000476837158,1.9500000476837158,600
2009-09-25,2.0399999618530273,2.0399999618530273,1.9500000476837158,1.9500000476837158,1.9500000476837158,900
2009-09-29,1.8799999952316284,2.0399999618530273,1.8799999952316284,2.0,2.0,3642
2009-09-30,2.0999999046325684,2.0999999046325684,1.9299999475479126,2.0999999046325684,2.0999999046325684,200
2009-10-01,2.200000047683716,2.200000047683716,2.109999895095825,2.109999895095825,2.109999895095825,4300
2009-10-05,2.200000047683716,2.200000047683716,2.0199999809265137,2.0399999618530273,2.0399999618530273,490
2009-10-06,2.140000104904175,2.140000104904175,2.140000104904175,2.140000104904175,2.140000104904175,1500
2009-10-07,2.140000104904175,2.140000104904175,2.0799999237060547,2.0799999237060547,2.0799999237060547,370
2009-10-08,2.180000066757202,2.180000066757202,2.009999990463257,2.009999990463257,2.009999990463257,808
2009-10-09,1.9199999570846558,1.9199999570846558,1.9199999570846558,1.9199999570846558,1.9199999570846558,1500
2009-10-12,2.0,2.0,2.0,2.0,2.0,57
2009-10-14,1.9299999475479126,2.0999999046325684,1.9199999570846558,1.9299999475479126,1.9299999475479126,641
2009-10-15,1.850000023841858,2.0199999809265137,1.850000023841858,2.0199999809265137,2.0199999809265137,1600
2009-10-16,1.9299999475479126,1.9900000095367432,1.9299999475479126,1.9800000190734863,1.9800000190734863,2000
2009-10-20,2.1700000762939453,2.1700000762939453,1.9800000190734863,1.9800000190734863,1.9800000190734863,1000
2009-10-21,2.059999942779541,2.059999942779541,2.059999942779541,2.059999942779541,2.059999942779541,1
2009-10-22,2.049999952316284,2.049999952316284,1.9600000381469727,1.9600000381469727,1.9600000381469727,1100
2009-10-23,1.9199999570846558,1.9199999570846558,1.909999966621399,1.9199999570846558,1.9199999570846558,1900
2009-10-26,2.009999990463257,2.009999990463257,1.840000033378601,1.840000033378601,1.840000033378601,3400
2009-10-27,1.9199999570846558,1.9299999475479126,1.850000023841858,1.9299999475479126,1.9299999475479126,292
2009-10-28,2.009999990463257,2.009999990463257,1.840000033378601,2.009999990463257,2.009999990463257,1400
2009-10-29,1.909999966621399,1.909999966621399,1.909999966621399,1.909999966621399,1.909999966621399,300
2009-10-30,1.909999966621399,1.909999966621399,1.850000023841858,1.8600000143051147,1.8600000143051147,1000
2009-11-03,1.7999999523162842,1.9500000476837158,1.7699999809265137,1.7899999618530273,1.7899999618530273,6501
2009-11-04,1.8700000047683716,1.8700000047683716,1.8700000047683716,1.8700000047683716,1.8700000047683716,150
2009-11-05,1.8700000047683716,1.8700000047683716,1.8700000047683716,1.8700000047683716,1.8700000047683716,150
2009-11-06,1.8700000047683716,1.8700000047683716,1.8700000047683716,1.8700000047683716,1.8700000047683716,150
2009-11-09,1.8200000524520874,1.9600000381469727,1.8200000524520874,1.9600000381469727,1.9600000381469727,300
2009-11-10,1.899999976158142,1.909999966621399,1.899999976158142,1.899999976158142,1.899999976158142,1800
2009-11-11,1.8700000047683716,1.899999976158142,1.8700000047683716,1.899999976158142,1.899999976158142,300
2009-11-12,1.9199999570846558,1.9900000095367432,1.8300000429153442,1.8300000429153442,1.8300000429153442,3300
2009-11-13,1.9199999570846558,1.9900000095367432,1.8300000429153442,1.8300000429153442,1.8300000429153442,3397
2009-11-16,1.9199999570846558,1.9900000095367432,1.8300000429153442,1.8300000429153442,1.8300000429153442,3397
2009-11-17,1.9199999570846558,1.9199999570846558,1.9199999570846558,1.9199999570846558,1.9199999570846558,1
2009-11-18,1.9199999570846558,1.9199999570846558,1.9199999570846558,1.9199999570846558,1.9199999570846558,1
2009-11-20,2.009999990463257,2.009999990463257,2.009999990463257,2.009999990463257,2.009999990463257,300
2009-11-23,2.0,2.109999895095825,1.9299999475479126,2.0199999809265137,2.0199999809265137,969
2009-11-24,2.119999885559082,2.119999885559082,2.119999885559082,2.119999885559082,2.119999885559082,100
2009-11-25,2.2200000286102295,2.2200000286102295,2.0199999809265137,2.2100000381469727,2.2100000381469727,4700
2009-11-26,2.0999999046325684,2.319999933242798,2.0999999046325684,2.319999933242798,2.319999933242798,1400
2009-11-27,2.4200000762939453,2.4200000762939453,2.4200000762939453,2.4200000762939453,2.4200000762939453,400
2009-11-30,2.5,2.5,2.5,2.5,2.5,6950
2009-12-01,2.619999885559082,2.619999885559082,2.380000114440918,2.380000114440918,2.380000114440918,3500
2009-12-02,2.2699999809265137,2.4800000190734863,2.2699999809265137,2.4800000190734863,2.4800000190734863,1200
2009-12-03,2.4800000190734863,2.5799999237060547,2.369999885559082,2.4200000762939453,2.4200000762939453,504
2009-12-04,2.319999933242798,2.5399999618530273,2.319999933242798,2.5399999618530273,2.5399999618530273,100
2009-12-07,2.5399999618530273,2.640000104904175,2.430000066757202,2.640000104904175,2.640000104904175,1200
2009-12-08,2.5399999618530273,2.640000104904175,2.430000066757202,2.640000104904175,2.640000104904175,1201
2009-12-09,2.509999990463257,2.509999990463257,2.509999990463257,2.509999990463257,2.509999990463257,1700
2009-12-10,2.4100000858306885,2.440000057220459,2.4100000858306885,2.440000057220459,2.440000057220459,242
2009-12-11,2.559999942779541,2.559999942779541,2.549999952316284,2.549999952316284,2.549999952316284,890
2009-12-14,2.549999952316284,2.640000104904175,2.549999952316284,2.640000104904175,2.640000104904175,1600
2009-12-15,2.559999942779541,2.75,2.549999952316284,2.559999942779541,2.559999942779541,3196
2009-12-16,2.4700000286102295,2.6600000858306885,2.4700000286102295,2.6600000858306885,2.6600000858306885,200
2009-12-17,2.549999952316284,2.640000104904175,2.549999952316284,2.640000104904175,2.640000104904175,221
2009-12-18,2.700000047683716,2.700000047683716,2.549999952316284,2.549999952316284,2.549999952316284,390
2009-12-21,2.5999999046325684,2.5999999046325684,2.430000066757202,2.5899999141693115,2.5899999141693115,600
2009-12-22,2.640000104904175,2.640000104904175,2.640000104904175,2.640000104904175,2.640000104904175,150
2010-01-04,3.190000057220459,3.190000057220459,2.890000104904175,2.890000104904175,2.890000104904175,1004
2010-01-05,3.0,3.0299999713897705,3.0,3.0,3.0,1000
2010-01-06,3.1500000953674316,3.1500000953674316,2.859999895095825,3.1500000953674316,3.1500000953674316,400
2010-01-07,3.299999952316284,3.299999952316284,3.009999990463257,3.240000009536743,3.240000009536743,1800
2010-01-08,3.299999952316284,3.299999952316284,3.009999990463257,3.240000009536743,3.240000009536743,1801
2010-01-11,3.200000047683716,3.240000009536743,3.200000047683716,3.2300000190734863,3.2300000190734863,1002
2010-01-12,3.3299999237060547,3.3299999237060547,3.069999933242798,3.069999933242798,3.069999933242798,6100
2010-01-13,3.0899999141693115,3.2100000381469727,3.0899999141693115,3.2100000381469727,3.2100000381469727,501
2010-01-14,3.0899999141693115,3.359999895095825,3.0899999141693115,3.359999895095825,3.359999895095825,4559
2010-01-15,3.5,3.5199999809265137,3.200000047683716,3.4800000190734863,3.4800000190734863,2744
2010-01-18,3.509999990463257,3.509999990463257,3.509999990463257,3.509999990463257,3.509999990463257,200
2010-01-19,3.509999990463257,3.509999990463257,3.3399999141693115,3.3499999046325684,3.3499999046325684,1100
2010-01-20,3.190000057220459,3.509999990463257,3.190000057220459,3.240000009536743,3.240000009536743,4750
2010-01-21,3.240000009536743,3.25,3.240000009536743,3.25,3.25,200
2010-01-22,3.1500000953674316,3.4100000858306885,3.0999999046325684,3.0999999046325684,3.0999999046325684,1596
2010-01-25,3.0999999046325684,3.25,3.0999999046325684,3.109999895095825,3.109999895095825,884
2010-01-27,3.1500000953674316,3.25,2.9800000190734863,2.9800000190734863,2.9800000190734863,1300
2010-01-28,2.8399999141693115,2.8399999141693115,2.8399999141693115,2.8399999141693115,2.8399999141693115,400
2010-01-29,2.700000047683716,2.700000047683716,2.700000047683716,2.700000047683716,2.700000047683716,100
2010-02-01,2.799999952316284,2.8299999237060547,2.799999952316284,2.8299999237060547,2.8299999237060547,2200
2010-02-02,2.690000057220459,2.950000047683716,2.690000057220459,2.930000066757202,2.930000066757202,4123
2010-02-03,2.9800000190734863,2.9800000190734863,2.9800000190734863,2.9800000190734863,2.9800000190734863,1
2010-02-04,2.8399999141693115,2.9700000286102295,2.8399999141693115,2.9700000286102295,2.9700000286102295,302
2010-02-05,2.990000009536743,2.990000009536743,2.990000009536743,2.990000009536743,2.990000009536743,227
2010-02-08,3.0,3.0,3.0,3.0,3.0,1
2010-02-09,3.0,3.0,3.0,3.0,3.0,1
2010-02-10,3.0,3.0,3.0,3.0,3.0,1
2010-02-11,3.0,3.0,3.0,3.0,3.0,1
2010-02-15,3.0,3.0,3.0,3.0,3.0,1
2010-02-16,3.0,3.0,3.0,3.0,3.0,1
2010-02-17,3.0,3.0,3.0,3.0,3.0,1
2010-02-18,2.859999895095825,2.859999895095825,2.859999895095825,2.859999895095825,2.859999895095825,400
2010-02-19,2.75,2.75,2.7200000286102295,2.7200000286102295,2.7200000286102295,700
2010-02-22,2.5899999141693115,2.799999952316284,2.5899999141693115,2.799999952316284,2.799999952316284,40
2010-02-23,2.940000057220459,2.940000057220459,2.9000000953674316,2.9000000953674316,2.9000000953674316,1001
2010-02-24,2.940000057220459,2.940000057220459,2.9000000953674316,2.9000000953674316,2.9000000953674316,1001
2010-02-25,2.7699999809265137,2.7699999809265137,2.7699999809265137,2.7699999809265137,2.7699999809265137,489
2010-02-26,2.6500000953674316,2.9000000953674316,2.6500000953674316,2.6500000953674316,2.6500000953674316,1500
2010-03-02,2.5299999713897705,2.5399999618530273,2.5299999713897705,2.5299999713897705,2.5299999713897705,1300
2010-03-03,2.6500000953674316,2.6500000953674316,2.6500000953674316,2.6500000953674316,2.6500000953674316,300
2010-03-04,2.6500000953674316,2.6500000953674316,2.6500000953674316,2.6500000953674316,2.6500000953674316,300
2010-03-05,2.5199999809265137,2.5199999809265137,2.5199999809265137,2.5199999809265137,2.5199999809265137,222
2010-03-08,2.640000104904175,2.640000104904175,2.4700000286102295,2.4800000190734863,2.4800000190734863,300
2010-03-09,2.4000000953674316,2.4000000953674316,2.4000000953674316,2.4000000953674316,2.4000000953674316,500
2010-03-10,2.5199999809265137,2.5199999809265137,2.309999942779541,2.309999942779541,2.309999942779541,1700
2010-03-11,2.4000000953674316,2.4000000953674316,2.25,2.3499999046325684,2.3499999046325684,1787
2010-03-12,2.4000000953674316,2.430000066757202,2.2799999713897705,2.430000066757202,2.430000066757202,749
2010-03-15,2.5199999809265137,2.5299999713897705,2.309999942779541,2.309999942779541,2.309999942779541,566
2010-03-16,2.25,2.25,2.2200000286102295,2.2200000286102295,2.2200000286102295,220
2010-03-17,2.3299999237060547,2.3299999237060547,2.3299999237060547,2.3299999237060547,2.3299999237060547,500
2010-03-18,2.2200000286102295,2.2200000286102295,2.2200000286102295,2.2200000286102295,2.2200000286102295,200
2010-03-19,2.1500000953674316,2.2899999618530273,2.140000104904175,2.2899999618530273,2.2899999618530273,2187
2010-03-22,2.390000104904175,2.390000104904175,2.390000104904175,2.390000104904175,2.390000104904175,10
2010-03-23,2.390000104904175,2.390000104904175,2.390000104904175,2.390000104904175,2.390000104904175,10
2010-03-25,2.5,2.5,2.2799999713897705,2.2799999713897705,2.2799999713897705,3211
2010-03-26,2.1700000762939453,2.1700000762939453,2.1700000762939453,2.1700000762939453,2.1700000762939453,445
2010-03-29,2.069999933242798,2.259999990463257,2.069999933242798,2.109999895095825,2.109999895095825,1205
2010-03-30,2.119999885559082,2.2100000381469727,2.0199999809265137,2.2100000381469727,2.2100000381469727,1609
2010-03-31,2.0999999046325684,2.319999933242798,2.0999999046325684,2.319999933242798,2.319999933242798,200728
2010-04-01,2.430000066757202,2.430000066757202,2.430000066757202,2.430000066757202,2.430000066757202,340
2010-04-05,2.549999952316284,2.549999952316284,2.549999952316284,2.549999952316284,2.549999952316284,200
2010-04-06,2.549999952316284,2.549999952316284,2.549999952316284,2.549999952316284,2.549999952316284,200
2010-04-07,2.6700000762939453,2.6700000762939453,2.6700000762939453,2.6700000762939453,2.6700000762939453,1480
2010-04-08,2.549999952316284,2.549999952316284,2.549999952316284,2.549999952316284,2.549999952316284,1700
2010-04-09,2.6700000762939453,2.6700000762939453,2.6700000762939453,2.6700000762939453,2.6700000762939453,203
2010-04-12,2.7899999618530273,2.799999952316284,2.609999895095825,2.799999952316284,2.799999952316284,310
2010-04-13,2.940000057220459,2.940000057220459,2.940000057220459,2.940000057220459,2.940000057220459,2534
2010-04-15,2.940000057220459,3.0799999237060547,2.9100000858306885,3.0799999237060547,3.0799999237060547,4723
2010-04-16,3.2200000286102295,3.2300000190734863,3.2200000286102295,3.2300000190734863,3.2300000190734863,5156
2010-04-19,3.390000104904175,3.390000104904175,3.390000104904175,3.390000104904175,3.390000104904175,1917
2010-04-20,3.549999952316284,3.549999952316284,3.549999952316284,3.549999952316284,3.549999952316284,2400
2010-04-21,3.7200000286102295,3.7200000286102295,3.7200000286102295,3.7200000286102295,3.7200000286102295,5925
2010-04-22,3.9000000953674316,3.9000000953674316,3.890000104904175,3.9000000953674316,3.9000000953674316,1448
2010-04-23,4.0,4.090000152587891,3.7300000190734863,3.7300000190734863,3.7300000190734863,5197
2010-04-26,3.9100000858306885,3.9100000858306885,3.9100000858306885,3.9100000858306885,3.9100000858306885,5
2010-04-27,3.7200000286102295,4.039999961853027,3.7200000286102295,4.0,4.0,710
2010-04-28,4.199999809265137,4.199999809265137,3.809999942779541,4.199999809265137,4.199999809265137,1352
2010-04-29,4.199999809265137,4.409999847412109,4.039999961853027,4.409999847412109,4.409999847412109,2802
2010-04-30,4.599999904632568,4.599999904632568,4.599999904632568,4.599999904632568,4.599999904632568,6
2010-05-03,4.579999923706055,4.800000190734863,4.579999923706055,4.75,4.75,1201
2010-05-04,4.940000057220459,4.940000057220459,4.519999980926514,4.599999904632568,4.599999904632568,402
2010-05-05,4.940000057220459,4.940000057220459,4.519999980926514,4.599999904632568,4.599999904632568,402
2010-05-06,4.940000057220459,4.940000057220459,4.519999980926514,4.599999904632568,4.599999904632568,402
2010-05-07,4.75,4.75,4.75,4.75,4.75,1
2010-05-10,4.96999979019165,4.96999979019165,4.900000095367432,4.900000095367432,4.900000095367432,2
2010-05-11,5.0,5.0,4.659999847412109,5.0,5.0,1002
2010-05-12,5.0,5.0,4.659999847412109,5.0,5.0,1002
2010-05-13,4.760000228881836,4.760000228881836,4.760000228881836,4.760000228881836,4.760000228881836,500
2010-05-14,4.53000020980835,4.550000190734863,4.53000020980835,4.53000020980835,4.53000020980835,8799
2010-05-17,4.309999942779541,4.309999942779541,4.309999942779541,4.309999942779541,4.309999942779541,1400
2010-05-18,4.519999980926514,4.519999980926514,4.099999904632568,4.099999904632568,4.099999904632568,642
2010-05-19,3.9000000953674316,4.300000190734863,3.9000000953674316,3.9000000953674316,3.9000000953674316,2700
2010-05-20,3.7300000190734863,4.090000152587891,3.7300000190734863,4.0,4.0,7285
2010-05-21,3.809999942779541,3.809999942779541,3.809999942779541,3.809999942779541,3.809999942779541,900
2010-05-24,3.809999942779541,3.809999942779541,3.809999942779541,3.809999942779541,3.809999942779541,900
2010-05-25,3.809999942779541,3.809999942779541,3.75,3.75,3.75,1180
2010-05-26,3.809999942779541,3.809999942779541,3.75,3.75,3.75,1180
2010-05-28,3.809999942779541,3.809999942779541,3.75,3.75,3.75,1180
2010-06-01,3.75,3.75,3.75,3.75,3.75,3
2010-06-02,3.75,3.75,3.75,3.75,3.75,3
2010-06-03,3.930000066757202,3.930000066757202,3.759999990463257,3.759999990463257,3.759999990463257,1161
2010-06-04,3.930000066757202,3.930000066757202,3.759999990463257,3.759999990463257,3.759999990463257,1161
2010-06-07,3.930000066757202,3.930000066757202,3.759999990463257,3.759999990463257,3.759999990463257,1161
2010-06-08,3.940000057220459,3.940000057220459,3.940000057220459,3.940000057220459,3.940000057220459,200
2010-06-09,4.130000114440918,4.130000114440918,4.130000114440918,4.130000114440918,4.130000114440918,453
2010-06-10,4.329999923706055,4.329999923706055,4.329999923706055,4.329999923706055,4.329999923706055,1198
2010-06-11,4.539999961853027,4.539999961853027,4.539999961853027,4.539999961853027,4.539999961853027,1229
2010-06-14,4.539999961853027,4.539999961853027,4.539999961853027,4.539999961853027,4.539999961853027,1229
2010-06-15,4.760000228881836,4.760000228881836,4.320000171661377,4.320000171661377,4.320000171661377,1401
2010-06-17,4.119999885559082,4.119999885559082,4.110000133514404,4.110000133514404,4.110000133514404,500
2010-06-18,4.050000190734863,4.110000133514404,4.050000190734863,4.110000133514404,4.110000133514404,1100
2010-06-21,4.110000133514404,4.110000133514404,4.110000133514404,4.110000133514404,4.110000133514404,1140
2010-06-22,4.090000152587891,4.110000133514404,4.0,4.0,4.0,620
2010-06-23,4.199999809265137,4.199999809265137,4.0,4.0,4.0,282
2010-06-24,4.099999904632568,4.199999809265137,4.099999904632568,4.199999809265137,4.199999809265137,2168
2010-06-25,4.010000228881836,4.010000228881836,4.0,4.0,4.0,394
2010-06-28,4.199999809265137,4.199999809265137,3.9000000953674316,3.9800000190734863,3.9800000190734863,700
2010-06-29,4.150000095367432,4.170000076293945,4.150000095367432,4.150000095367432,4.150000095367432,894
2010-06-30,4.300000190734863,4.300000190734863,4.170000076293945,4.199999809265137,4.199999809265137,2800
2010-07-01,4.0,4.0,4.0,4.0,4.0,200
2010-07-02,3.809999942779541,3.809999942779541,3.809999942779541,3.809999942779541,3.809999942779541,603
2010-07-05,3.6500000953674316,4.0,3.630000114440918,3.630000114440918,3.630000114440918,350
2010-07-06,3.7899999618530273,3.799999952316284,3.5,3.5,3.5,1000
2010-07-07,3.3399999141693115,3.3399999141693115,3.3299999237060547,3.3299999237060547,3.3299999237060547,2000
2010-07-08,3.490000009536743,3.490000009536743,3.490000009536743,3.490000009536743,3.490000009536743,1695
2010-07-09,3.3399999141693115,3.3399999141693115,3.3399999141693115,3.3399999141693115,3.3399999141693115,300
2010-07-12,3.5,3.5,3.5,3.5,3.5,200
2010-07-13,3.6700000762939453,3.6700000762939453,3.6700000762939453,3.6700000762939453,3.6700000762939453,600
2010-07-14,3.6700000762939453,3.6700000762939453,3.6700000762939453,3.6700000762939453,3.6700000762939453,600
2010-07-15,3.490000009536743,3.490000009536743,3.490000009536743,3.490000009536743,3.490000009536743,251
2010-07-16,3.3299999237060547,3.6600000858306885,3.3299999237060547,3.6600000858306885,3.6600000858306885,1076
2010-07-20,3.8399999141693115,3.8399999141693115,3.8399999141693115,3.8399999141693115,3.8399999141693115,1045
2010-07-21,3.8399999141693115,4.0,3.7100000381469727,4.0,4.0,801
2010-07-22,4.199999809265137,4.199999809265137,4.199999809265137,4.199999809265137,4.199999809265137,5
2010-07-23,4.409999847412109,4.409999847412109,4.400000095367432,4.400000095367432,4.400000095367432,898
2010-07-26,4.619999885559082,4.619999885559082,4.619999885559082,4.619999885559082,4.619999885559082,5
2010-07-27,4.849999904632568,4.849999904632568,4.849999904632568,4.849999904632568,4.849999904632568,345
2010-07-28,5.0,5.090000152587891,5.0,5.090000152587891,5.090000152587891,2069
2010-07-29,5.150000095367432,5.340000152587891,5.150000095367432,5.340000152587891,5.340000152587891,1250
2010-07-30,5.340000152587891,5.599999904632568,5.340000152587891,5.599999904632568,5.599999904632568,1700
2010-08-02,5.880000114440918,5.880000114440918,5.880000114440918,5.880000114440918,5.880000114440918,2251
2010-08-03,6.170000076293945,6.170000076293945,6.170000076293945,6.170000076293945,6.170000076293945,2768
2010-08-04,6.46999979019165,6.46999979019165,6.46999979019165,6.46999979019165,6.46999979019165,1300
2010-08-05,6.789999961853027,6.789999961853027,6.789999961853027,6.789999961853027,6.789999961853027,1200
2010-08-06,7.119999885559082,7.119999885559082,6.900000095367432,6.900000095367432,6.900000095367432,240
2010-08-09,7.0,7.239999771118164,7.0,7.239999771118164,7.239999771118164,6481
2010-08-10,7.599999904632568,7.599999904632568,7.400000095367432,7.400000095367432,7.400000095367432,4950
2010-08-11,7.349999904632568,7.349999904632568,7.039999961853027,7.349999904632568,7.349999904632568,2001
2010-08-12,7.349999904632568,7.349999904632568,6.989999771118164,6.989999771118164,6.989999771118164,1300
2010-08-13,6.989999771118164,6.989999771118164,6.650000095367432,6.650000095367432,6.650000095367432,200
2010-08-16,6.650000095367432,6.96999979019165,6.320000171661377,6.900000095367432,6.900000095367432,1056
2010-08-17,6.900000095367432,7.239999771118164,6.570000171661377,6.599999904632568,6.599999904632568,3008
2010-08-18,6.929999828338623,6.929999828338623,6.349999904632568,6.420000076293945,6.420000076293945,4498
2010-08-19,6.099999904632568,6.739999771118164,6.099999904632568,6.150000095367432,6.150000095367432,1978
2010-08-20,5.849999904632568,6.150000095367432,5.849999904632568,5.849999904632568,5.849999904632568,1372
2010-08-23,6.0,6.0,5.75,5.75,5.75,500
2010-08-24,6.0,6.0,5.75,5.75,5.75,500
2010-08-25,5.480000019073486,5.480000019073486,5.480000019073486,5.480000019073486,5.480000019073486,250
2010-08-26,5.75,5.75,5.400000095367432,5.75,5.75,2000
2010-08-27,6.03000020980835,6.03000020980835,5.519999980926514,5.519999980926514,5.519999980926514,2325
2010-08-30,5.25,5.789999961853027,5.25,5.789999961853027,5.789999961853027,400
2010-08-31,6.0,6.0,5.519999980926514,5.519999980926514,5.519999980926514,561
2010-09-01,5.25,5.25,5.25,5.25,5.25,500
2010-09-02,5.25,5.510000228881836,5.0,5.510000228881836,5.510000228881836,950
2010-09-03,5.510000228881836,5.510000228881836,5.239999771118164,5.239999771118164,5.239999771118164,1100
2010-09-06,5.5,5.5,4.980000019073486,5.5,5.5,666
2010-09-07,5.5,5.5,5.5,5.5,5.5,11
2010-09-08,5.769999980926514,5.769999980926514,5.769999980926514,5.769999980926514,5.769999980926514,129
2010-09-09,6.019999980926514,6.019999980926514,5.489999771118164,6.0,6.0,1250
2010-09-14,6.0,6.0,5.710000038146973,5.710000038146973,5.710000038146973,2925
2010-09-15,5.449999809265137,5.449999809265137,5.429999828338623,5.429999828338623,5.429999828338623,1109
2010-09-16,5.650000095367432,5.699999809265137,5.159999847412109,5.159999847412109,5.159999847412109,1849
2010-09-17,5.0,5.0,5.0,5.0,5.0,11
2010-09-20,4.949999809265137,5.0,4.949999809265137,4.989999771118164,4.989999771118164,3091
2010-09-21,5.050000190734863,5.050000190734863,4.800000190734863,4.800000190734863,4.800000190734863,2800
2010-09-22,5.0,5.0,5.0,5.0,5.0,489
2010-09-23,4.800000190734863,4.800000190734863,4.760000228881836,4.760000228881836,4.760000228881836,4862
2010-09-24,4.53000020980835,4.989999771118164,4.53000020980835,4.550000190734863,4.550000190734863,2331
2010-09-27,4.329999923706055,4.769999980926514,4.329999923706055,4.730000019073486,4.730000019073486,2242
2010-09-28,4.960000038146973,4.960000038146973,4.610000133514404,4.960000038146973,4.960000038146973,501
2010-09-29,5.199999809265137,5.199999809265137,4.730000019073486,4.730000019073486,4.730000019073486,978
2010-09-30,4.5,4.5,4.5,4.5,4.5,500
2010-10-01,4.400000095367432,4.400000095367432,4.400000095367432,4.400000095367432,4.400000095367432,1000
2010-10-04,4.599999904632568,4.619999885559082,4.199999809265137,4.300000190734863,4.300000190734863,1601
2010-10-05,4.400000095367432,4.510000228881836,4.300000190734863,4.300000190734863,4.300000190734863,552
2010-10-06,4.510000228881836,4.510000228881836,4.170000076293945,4.170000076293945,4.170000076293945,2002
2010-10-07,4.369999885559082,4.369999885559082,4.369999885559082,4.369999885559082,4.369999885559082,507
2010-10-08,4.579999923706055,4.579999923706055,4.579999923706055,4.579999923706055,4.579999923706055,4900
2010-10-11,4.800000190734863,4.800000190734863,4.800000190734863,4.800000190734863,4.800000190734863,1300
2010-10-12,4.699999809265137,5.039999961853027,4.699999809265137,5.039999961853027,5.039999961853027,201
2010-10-13,5.289999961853027,5.289999961853027,5.0,5.170000076293945,5.170000076293945,1200
2010-10-14,5.409999847412109,5.409999847412109,5.409999847412109,5.409999847412109,5.409999847412109,15
2010-10-15,5.679999828338623,5.679999828338623,5.449999809265137,5.670000076293945,5.670000076293945,653
2010-10-18,5.389999866485596,5.949999809265137,5.389999866485596,5.940000057220459,5.940000057220459,300
2010-10-19,6.230000019073486,6.230000019073486,5.650000095367432,6.21999979019165,6.21999979019165,7592
2010-10-20,6.199999809265137,6.199999809265137,6.199999809265137,6.199999809265137,6.199999809265137,600
2010-10-21,6.199999809265137,6.510000228881836,5.900000095367432,5.900000095367432,5.900000095367432,2802
2010-10-22,5.610000133514404,5.610000133514404,5.610000133514404,5.610000133514404,5.610000133514404,500
2010-10-25,5.340000152587891,5.340000152587891,5.329999923706055,5.340000152587891,5.340000152587891,2545
2010-10-26,5.079999923706055,5.550000190734863,5.079999923706055,5.079999923706055,5.079999923706055,4336
2010-10-28,5.079999923706055,5.329999923706055,5.059999942779541,5.329999923706055,5.329999923706055,2910
2010-11-02,5.070000171661377,5.079999923706055,5.070000171661377,5.070000171661377,5.070000171661377,500
2010-11-03,5.070000171661377,5.070000171661377,5.070000171661377,5.070000171661377,5.070000171661377,981
2010-11-04,4.989999771118164,5.0,4.989999771118164,5.0,5.0,200
2010-11-09,5.099999904632568,5.099999904632568,5.099999904632568,5.099999904632568,5.099999904632568,100
2010-11-11,5.110000133514404,5.110000133514404,5.099999904632568,5.099999904632568,5.099999904632568,1300
2010-11-12,5.0,5.0,4.849999904632568,5.0,5.0,4950
2010-11-15,5.25,5.25,4.800000190734863,4.900000095367432,4.900000095367432,800
2010-11-16,5.139999866485596,5.139999866485596,5.139999866485596,5.139999866485596,5.139999866485596,50
2010-11-18,5.389999866485596,5.389999866485596,5.389999866485596,5.389999866485596,5.389999866485596,73
2010-11-19,5.650000095367432,5.650000095367432,5.130000114440918,5.130000114440918,5.130000114440918,164
2010-11-26,5.0,5.0,5.0,5.0,5.0,50
2010-11-29,5.0,5.0,5.0,5.0,5.0,50
2010-11-30,5.199999809265137,5.199999809265137,5.199999809265137,5.199999809265137,5.199999809265137,200
2010-12-02,4.949999809265137,4.949999809265137,4.949999809265137,4.949999809265137,4.949999809265137,100
2010-12-06,5.0,5.0,5.0,5.0,5.0,1
2010-12-10,4.760000228881836,4.760000228881836,4.760000228881836,4.760000228881836,4.760000228881836,250
2010-12-13,4.599999904632568,4.599999904632568,4.599999904632568,4.599999904632568,4.599999904632568,1
2010-12-14,4.829999923706055,4.829999923706055,4.829999923706055,4.829999923706055,4.829999923706055,28335
2010-12-15,5.070000171661377,5.070000171661377,5.070000171661377,5.070000171661377,5.070000171661377,11
2010-12-16,4.820000171661377,4.820000171661377,4.820000171661377,4.820000171661377,4.820000171661377,95
2010-12-23,4.650000095367432,4.800000190734863,4.650000095367432,4.800000190734863,4.800000190734863,1005
2010-12-29,4.570000171661377,4.570000171661377,4.570000171661377,4.570000171661377,4.570000171661377,1
2010-12-30,4.349999904632568,4.349999904632568,4.349999904632568,4.349999904632568,4.349999904632568,72
2010-12-31,4.139999866485596,4.559999942779541,4.139999866485596,4.550000190734863,4.550000190734863,711
2011-01-03,4.559999942779541,4.559999942779541,4.329999923706055,4.329999923706055,4.329999923706055,200
2011-01-04,4.539999961853027,4.539999961853027,4.539999961853027,4.539999961853027,4.539999961853027,200
2011-01-05,4.320000171661377,4.320000171661377,4.320000171661377,4.320000171661377,4.320000171661377,1000
2011-01-06,4.320000171661377,4.53000020980835,4.320000171661377,4.53000020980835,4.53000020980835,1111
2011-01-13,4.309999942779541,4.309999942779541,4.309999942779541,4.309999942779541,4.309999942779541,300
2011-01-17,4.309999942779541,4.309999942779541,4.099999904632568,4.099999904632568,4.099999904632568,2
2011-01-21,3.9100000858306885,3.9100000858306885,3.9100000858306885,3.9100000858306885,3.9100000858306885,1
2011-02-02,4.0,4.099999904632568,4.0,4.0,4.0,21
2011-02-04,4.199999809265137,4.199999809265137,4.199999809265137,4.199999809265137,4.199999809265137,3499
2011-02-08,4.0,4.0,4.0,4.0,4.0,200
2011-02-09,3.809999942779541,3.809999942779541,3.809999942779541,3.809999942779541,3.809999942779541,201
2011-02-15,3.809999942779541,4.0,3.809999942779541,4.0,4.0,247
2011-02-17,4.0,4.0,4.0,4.0,4.0,5
2011-02-18,3.950000047683716,3.950000047683716,3.950000047683716,3.950000047683716,3.950000047683716,100
2011-02-22,3.759999990463257,3.759999990463257,3.759999990463257,3.759999990463257,3.759999990463257,500
2011-02-23,3.5999999046325684,3.5999999046325684,3.5999999046325684,3.5999999046325684,3.5999999046325684,5000
2011-02-24,3.450000047683716,3.509999990463257,3.450000047683716,3.509999990463257,3.509999990463257,5900
2011-02-25,3.450000047683716,3.4700000286102295,3.440000057220459,3.440000057220459,3.440000057220459,5200
2011-03-01,3.4000000953674316,3.4000000953674316,3.4000000953674316,3.4000000953674316,3.4000000953674316,5000
2011-03-04,3.450000047683716,3.569999933242798,3.450000047683716,3.450000047683716,3.450000047683716,5625
2011-03-07,3.440000057220459,3.440000057220459,3.430000066757202,3.430000066757202,3.430000066757202,5776
2011-03-08,3.5999999046325684,3.5999999046325684,3.5999999046325684,3.5999999046325684,3.5999999046325684,200
2011-03-11,3.549999952316284,3.549999952316284,3.5,3.549999952316284,3.549999952316284,3876
2011-03-14,3.549999952316284,3.5999999046325684,3.5,3.5999999046325684,3.5999999046325684,3700
2011-03-15,3.5,3.509999990463257,3.5,3.509999990463257,3.509999990463257,3500
2011-03-16,3.3399999141693115,3.5,3.3399999141693115,3.3399999141693115,3.3399999141693115,1600
2011-03-25,3.3299999237060547,3.3299999237060547,3.3299999237060547,3.3299999237060547,3.3299999237060547,3000
2011-03-30,3.299999952316284,3.3299999237060547,3.299999952316284,3.3299999237060547,3.3299999237060547,300
2011-03-31,3.3299999237060547,3.3299999237060547,3.1700000762939453,3.1700000762939453,3.1700000762939453,522
2011-04-01,3.299999952316284,3.299999952316284,3.299999952316284,3.299999952316284,3.299999952316284,500
2011-04-08,3.1500000953674316,3.1500000953674316,3.1500000953674316,3.1500000953674316,3.1500000953674316,500
2011-04-18,3.0,3.0,3.0,3.0,3.0,500
2011-04-21,3.1500000953674316,3.1500000953674316,3.1500000953674316,3.1500000953674316,3.1500000953674316,100
2011-04-27,3.0999999046325684,3.0999999046325684,3.0,3.0,3.0,1150
2011-04-28,3.0,3.1500000953674316,3.0,3.1500000953674316,3.1500000953674316,40100
2011-04-29,3.299999952316284,3.299999952316284,3.299999952316284,3.299999952316284,3.299999952316284,1392
2011-05-02,3.4600000381469727,3.4600000381469727,3.4600000381469727,3.4600000381469727,3.4600000381469727,200
2011-05-04,3.619999885559082,3.619999885559082,3.619999885559082,3.619999885559082,3.619999885559082,700
2011-05-05,3.799999952316284,3.799999952316284,3.799999952316284,3.799999952316284,3.799999952316284,800
2011-05-06,3.990000009536743,3.990000009536743,3.990000009536743,3.990000009536743,3.990000009536743,500
2011-05-09,4.090000152587891,4.179999828338623,3.799999952316284,3.799999952316284,3.799999952316284,2450
2011-05-16,3.6500000953674316,3.6500000953674316,3.6500000953674316,3.6500000953674316,3.6500000953674316,1
2011-05-18,3.6500000953674316,3.6500000953674316,3.6500000953674316,3.6500000953674316,3.6500000953674316,100
2011-05-20,3.6500000953674316,3.8299999237060547,3.6500000953674316,3.6500000953674316,3.6500000953674316,1193
2011-06-08,3.5999999046325684,3.6500000953674316,3.5999999046325684,3.6500000953674316,3.6500000953674316,1156
2011-06-10,3.799999952316284,3.799999952316284,3.799999952316284,3.799999952316284,3.799999952316284,1001
2011-06-13,3.990000009536743,3.990000009536743,3.990000009536743,3.990000009536743,3.990000009536743,300
2011-06-14,4.179999828338623,4.179999828338623,3.9100000858306885,3.9100000858306885,3.9100000858306885,51
2011-06-15,4.099999904632568,4.099999904632568,3.75,3.75,3.75,401
2011-06-16,3.569999933242798,3.930000066757202,3.569999933242798,3.75,3.75,6
2011-06-22,3.75,3.8499999046325684,3.75,3.8499999046325684,3.8499999046325684,101
2011-06-29,3.4800000190734863,3.75,3.4800000190734863,3.5,3.5,311
2011-06-30,3.6700000762939453,3.6700000762939453,3.6700000762939453,3.6700000762939453,3.6700000762939453,151
2011-07-07,3.5,3.5999999046325684,3.319999933242798,3.5999999046325684,3.5999999046325684,201
2011-07-08,3.509999990463257,3.509999990463257,3.509999990463257,3.509999990463257,3.509999990463257,101
2011-07-11,3.4000000953674316,3.4000000953674316,3.4000000953674316,3.4000000953674316,3.4000000953674316,1
2011-07-12,3.240000009536743,3.240000009536743,3.240000009536743,3.240000009536743,3.240000009536743,1
2011-07-13,3.4000000953674316,3.4000000953674316,3.0899999141693115,3.0899999141693115,3.0899999141693115,103
2011-07-14,3.240000009536743,3.240000009536743,3.240000009536743,3.240000009536743,3.240000009536743,466
2011-07-15,3.4000000953674316,3.4000000953674316,3.4000000953674316,3.4000000953674316,3.4000000953674316,2
2011-07-18,3.549999952316284,3.569999933242798,3.549999952316284,3.569999933242798,3.569999933242798,467
2011-07-19,3.4000000953674316,3.700000047683716,3.4000000953674316,3.4000000953674316,3.4000000953674316,402
2011-07-21,3.740000009536743,3.740000009536743,3.740000009536743,3.740000009536743,3.740000009536743,1899
2011-07-22,3.9000000953674316,3.9200000762939453,3.799999952316284,3.799999952316284,3.799999952316284,1060
2011-07-25,3.950000047683716,3.990000009536743,3.950000047683716,3.990000009536743,3.990000009536743,4
2011-07-26,4.0,4.179999828338623,4.0,4.179999828338623,4.179999828338623,308
2011-07-27,4.369999885559082,4.380000114440918,3.9800000190734863,4.380000114440918,4.380000114440918,5512
2011-07-28,4.53000020980835,4.579999923706055,4.53000020980835,4.579999923706055,4.579999923706055,2
2011-07-29,4.769999980926514,4.769999980926514,4.769999980926514,4.769999980926514,4.769999980926514,1
2011-08-01,5.0,5.0,4.539999961853027,4.539999961853027,4.539999961853027,547
2011-08-02,4.739999771118164,4.739999771118164,4.739999771118164,4.739999771118164,4.739999771118164,1
2011-08-03,4.96999979019165,4.96999979019165,4.949999809265137,4.96999979019165,4.96999979019165,501
2011-08-04,5.0,5.210000038146973,5.0,5.210000038146973,5.210000038146973,6
2011-08-05,5.46999979019165,5.46999979019165,5.429999828338623,5.429999828338623,5.429999828338623,451
2011-08-08,5.690000057220459,5.690000057220459,5.690000057220459,5.690000057220459,5.690000057220459,1
2011-08-09,5.409999847412109,5.409999847412109,5.409999847412109,5.409999847412109,5.409999847412109,289
2011-08-10,5.139999866485596,5.400000095367432,5.139999866485596,5.400000095367432,5.400000095367432,101
2011-08-18,5.349999904632568,5.349999904632568,5.139999866485596,5.139999866485596,5.139999866485596,400
2011-08-25,4.889999866485596,4.889999866485596,4.889999866485596,4.889999866485596,4.889999866485596,100
2011-08-26,4.650000095367432,4.650000095367432,4.650000095367432,4.650000095367432,4.650000095367432,100
2011-09-07,4.849999904632568,4.849999904632568,4.849999904632568,4.849999904632568,4.849999904632568,1
2011-09-09,5.0,5.0,5.0,5.0,5.0,1
2011-09-14,5.139999866485596,5.139999866485596,5.139999866485596,5.139999866485596,5.139999866485596,1
2011-10-04,5.300000190734863,5.300000190734863,5.300000190734863,5.300000190734863,5.300000190734863,1
2011-10-13,5.039999961853027,5.039999961853027,5.039999961853027,5.039999961853027,5.039999961853027,598
2011-10-20,5.0,5.0,5.0,5.0,5.0,300
2011-11-17,5.0,5.0,5.0,5.0,5.0,0
2011-11-18,5.0,5.0,5.0,5.0,5.0,0
2011-11-21,4.760000228881836,4.760000228881836,4.760000228881836,4.760000228881836,4.760000228881836,1045
2011-11-22,4.760000228881836,4.760000228881836,4.760000228881836,4.760000228881836,4.760000228881836,0
2011-11-23,4.760000228881836,4.760000228881836,4.760000228881836,4.760000228881836,4.760000228881836,0
2011-11-24,4.760000228881836,4.760000228881836,4.760000228881836,4.760000228881836,4.760000228881836,0
2011-11-25,4.760000228881836,4.760000228881836,4.760000228881836,4.760000228881836,4.760000228881836,0
2011-11-28,4.760000228881836,4.760000228881836,4.760000228881836,4.760000228881836,4.760000228881836,0
2011-11-29,4.760000228881836,4.760000228881836,4.760000228881836,4.760000228881836,4.760000228881836,0
2011-11-30,4.760000228881836,4.760000228881836,4.760000228881836,4.760000228881836,4.760000228881836,0
2011-12-01,4.760000228881836,4.760000228881836,4.760000228881836,4.760000228881836,4.760000228881836,0
2011-12-02,4.760000228881836,4.760000228881836,4.760000228881836,4.760000228881836,4.760000228881836,0
2011-12-05,4.989999771118164,4.989999771118164,4.989999771118164,4.989999771118164,4.989999771118164,250
2011-12-07,4.989999771118164,4.989999771118164,4.989999771118164,4.989999771118164,4.989999771118164,0
2011-12-08,4.989999771118164,4.989999771118164,4.989999771118164,4.989999771118164,4.989999771118164,0
2011-12-09,4.989999771118164,4.989999771118164,4.989999771118164,4.989999771118164,4.989999771118164,0
2011-12-12,4.989999771118164,4.989999771118164,4.989999771118164,4.989999771118164,4.989999771118164,0
2011-12-13,4.989999771118164,4.989999771118164,4.989999771118164,4.989999771118164,4.989999771118164,0
2011-12-14,4.989999771118164,4.989999771118164,4.989999771118164,4.989999771118164,4.989999771118164,0
2011-12-15,4.989999771118164,4.989999771118164,4.989999771118164,4.989999771118164,4.989999771118164,0
2011-12-16,4.989999771118164,4.989999771118164,4.989999771118164,4.989999771118164,4.989999771118164,0
2011-12-19,4.989999771118164,4.989999771118164,4.989999771118164,4.989999771118164,4.989999771118164,0
2011-12-20,4.989999771118164,4.989999771118164,4.989999771118164,4.989999771118164,4.989999771118164,0
2011-12-21,4.989999771118164,4.989999771118164,4.989999771118164,4.989999771118164,4.989999771118164,0
2011-12-22,4.989999771118164,4.989999771118164,4.989999771118164,4.989999771118164,4.989999771118164,0
2011-12-23,4.989999771118164,4.989999771118164,4.989999771118164,4.989999771118164,4.989999771118164,0
2011-12-26,4.75,4.75,4.75,4.75,4.75,54
2011-12-27,4.75,4.75,4.75,4.75,4.75,0
2011-12-28,4.519999980926514,4.519999980926514,4.519999980926514,4.519999980926514,4.519999980926514,100
2011-12-29,4.519999980926514,4.519999980926514,4.519999980926514,4.519999980926514,4.519999980926514,0
2011-12-30,4.519999980926514,4.519999980926514,4.519999980926514,4.519999980926514,4.519999980926514,0
2012-01-02,4.519999980926514,4.519999980926514,4.519999980926514,4.519999980926514,4.519999980926514,250
2012-01-03,4.519999980926514,4.519999980926514,4.519999980926514,4.519999980926514,4.519999980926514,0
2012-01-04,4.519999980926514,4.519999980926514,4.519999980926514,4.519999980926514,4.519999980926514,0
2012-01-05,4.519999980926514,4.519999980926514,4.519999980926514,4.519999980926514,4.519999980926514,0
2012-01-06,4.519999980926514,4.519999980926514,4.519999980926514,4.519999980926514,4.519999980926514,0
2012-01-09,4.300000190734863,4.300000190734863,4.300000190734863,4.300000190734863,4.300000190734863,1
2012-01-10,4.300000190734863,4.300000190734863,4.300000190734863,4.300000190734863,4.300000190734863,0
2012-01-11,4.090000152587891,4.090000152587891,4.090000152587891,4.090000152587891,4.090000152587891,1
2012-01-12,3.890000104904175,3.890000104904175,3.890000104904175,3.890000104904175,3.890000104904175,1
2012-01-13,3.700000047683716,3.700000047683716,3.700000047683716,3.700000047683716,3.700000047683716,1
2012-01-16,3.700000047683716,3.700000047683716,3.700000047683716,3.700000047683716,3.700000047683716,0
2012-01-17,3.700000047683716,3.700000047683716,3.700000047683716,3.700000047683716,3.700000047683716,0
2012-01-18,3.5199999809265137,3.5199999809265137,3.5199999809265137,3.5199999809265137,3.5199999809265137,1
2012-01-19,3.5199999809265137,3.5199999809265137,3.5199999809265137,3.5199999809265137,3.5199999809265137,0
2012-01-20,3.5199999809265137,3.5199999809265137,3.5199999809265137,3.5199999809265137,3.5199999809265137,0
2012-01-23,3.5199999809265137,3.5199999809265137,3.5199999809265137,3.5199999809265137,3.5199999809265137,0
2012-01-24,3.3499999046325684,3.3499999046325684,3.3499999046325684,3.3499999046325684,3.3499999046325684,5
2012-01-25,3.190000057220459,3.3499999046325684,3.190000057220459,3.190000057220459,3.190000057220459,15324
2012-01-27,3.190000057220459,3.25,3.190000057220459,3.25,3.25,492
2012-01-30,3.25,3.25,3.190000057220459,3.190000057220459,3.190000057220459,101
2012-01-31,3.190000057220459,3.190000057220459,3.190000057220459,3.190000057220459,3.190000057220459,0
2012-02-01,3.0999999046325684,3.0999999046325684,3.0999999046325684,3.0999999046325684,3.0999999046325684,15000
2012-02-02,3.0999999046325684,3.0999999046325684,3.0999999046325684,3.0999999046325684,3.0999999046325684,0
2012-02-03,3.0999999046325684,3.0999999046325684,3.0999999046325684,3.0999999046325684,3.0999999046325684,0
2012-02-06,3.0999999046325684,3.0999999046325684,3.0999999046325684,3.0999999046325684,3.0999999046325684,0
2012-02-07,3.0999999046325684,3.0999999046325684,3.0999999046325684,3.0999999046325684,3.0999999046325684,0
2012-02-08,3.0999999046325684,3.0999999046325684,3.0999999046325684,3.0999999046325684,3.0999999046325684,0
2012-02-09,3.0999999046325684,3.0999999046325684,3.0999999046325684,3.0999999046325684,3.0999999046325684,0
2012-02-10,3.0999999046325684,3.0999999046325684,3.0999999046325684,3.0999999046325684,3.0999999046325684,0
2012-02-13,3.0999999046325684,3.0999999046325684,3.0999999046325684,3.0999999046325684,3.0999999046325684,0
2012-02-14,3.0999999046325684,3.0999999046325684,3.0999999046325684,3.0999999046325684,3.0999999046325684,0
2012-02-15,3.0,3.25,3.0,3.25,3.25,201
2012-02-16,3.4100000858306885,3.4100000858306885,3.4100000858306885,3.4100000858306885,3.4100000858306885,969
2012-02-17,3.4100000858306885,3.4100000858306885,3.4100000858306885,3.4100000858306885,3.4100000858306885,0
2012-02-21,3.4100000858306885,3.4100000858306885,3.4100000858306885,3.4100000858306885,3.4100000858306885,0
2012-02-22,3.240000009536743,3.240000009536743,3.240000009536743,3.240000009536743,3.240000009536743,3000
2012-02-23,3.240000009536743,3.240000009536743,3.240000009536743,3.240000009536743,3.240000009536743,0
2012-02-24,3.240000009536743,3.240000009536743,3.240000009536743,3.240000009536743,3.240000009536743,0
2012-02-27,3.240000009536743,3.240000009536743,3.240000009536743,3.240000009536743,3.240000009536743,0
2012-02-28,3.240000009536743,3.240000009536743,3.240000009536743,3.240000009536743,3.240000009536743,0
2012-02-29,3.240000009536743,3.240000009536743,3.240000009536743,3.240000009536743,3.240000009536743,0
2012-03-01,3.4000000953674316,3.4000000953674316,3.4000000953674316,3.4000000953674316,3.4000000953674316,1
2012-03-02,3.4000000953674316,3.4000000953674316,3.4000000953674316,3.4000000953674316,3.4000000953674316,0
2012-03-05,3.4000000953674316,3.4000000953674316,3.4000000953674316,3.4000000953674316,3.4000000953674316,0
2012-03-06,3.4000000953674316,3.4000000953674316,3.4000000953674316,3.4000000953674316,3.4000000953674316,0
2012-03-07,3.4000000953674316,3.4000000953674316,3.4000000953674316,3.4000000953674316,3.4000000953674316,0
2012-03-09,3.4000000953674316,3.4000000953674316,3.4000000953674316,3.4000000953674316,3.4000000953674316,0
2012-03-12,3.4000000953674316,3.4000000953674316,3.4000000953674316,3.4000000953674316,3.4000000953674316,0
2012-03-13,3.240000009536743,3.4000000953674316,3.240000009536743,3.319999933242798,3.319999933242798,43
2012-03-14,3.4800000190734863,3.4800000190734863,3.4800000190734863,3.4800000190734863,3.4800000190734863,1
2012-03-15,3.4800000190734863,3.4800000190734863,3.4800000190734863,3.4800000190734863,3.4800000190734863,0
2012-03-16,3.4800000190734863,3.4800000190734863,3.4800000190734863,3.4800000190734863,3.4800000190734863,0
2012-03-19,3.6500000953674316,3.6500000953674316,3.6500000953674316,3.6500000953674316,3.6500000953674316,1
2012-03-20,3.8299999237060547,3.8299999237060547,3.8299999237060547,3.8299999237060547,3.8299999237060547,1
2012-03-21,3.9800000190734863,3.9800000190734863,3.9800000190734863,3.9800000190734863,3.9800000190734863,1
2012-03-22,4.170000076293945,4.170000076293945,4.170000076293945,4.170000076293945,4.170000076293945,1
2012-03-23,4.360000133514404,4.360000133514404,4.360000133514404,4.360000133514404,4.360000133514404,1
2012-03-26,4.570000171661377,4.570000171661377,4.570000171661377,4.570000171661377,4.570000171661377,1
2012-03-27,4.570000171661377,4.570000171661377,4.570000171661377,4.570000171661377,4.570000171661377,0
2012-03-28,4.789999961853027,4.789999961853027,4.789999961853027,4.789999961853027,4.789999961853027,1
2012-03-29,4.789999961853027,4.789999961853027,4.789999961853027,4.789999961853027,4.789999961853027,0
2012-03-30,4.789999961853027,5.019999980926514,4.789999961853027,5.019999980926514,5.019999980926514,102
2012-04-02,5.019999980926514,5.019999980926514,5.019999980926514,5.019999980926514,5.019999980926514,0
2012-04-03,5.019999980926514,5.019999980926514,5.019999980926514,5.019999980926514,5.019999980926514,0
2012-04-04,5.019999980926514,5.019999980926514,5.019999980926514,5.019999980926514,5.019999980926514,900
2012-04-09,5.269999980926514,5.269999980926514,5.269999980926514,5.269999980926514,5.269999980926514,1
2012-04-10,5.53000020980835,5.53000020980835,5.5,5.53000020980835,5.53000020980835,11
2012-04-11,5.800000190734863,5.800000190734863,5.679999828338623,5.679999828338623,5.679999828338623,1001
2012-04-12,5.949999809265137,5.949999809265137,5.400000095367432,5.400000095367432,5.400000095367432,501
2012-04-13,5.670000076293945,5.670000076293945,5.139999866485596,5.139999866485596,5.139999866485596,201
2012-04-16,5.139999866485596,5.139999866485596,4.889999866485596,4.889999866485596,4.889999866485596,71
2012-04-17,4.650000095367432,4.650000095367432,4.650000095367432,4.650000095367432,4.650000095367432,31
2012-04-18,4.880000114440918,4.880000114440918,4.420000076293945,4.880000114440918,4.880000114440918,2572
2012-04-19,4.880000114440918,4.880000114440918,4.880000114440918,4.880000114440918,4.880000114440918,0
2012-04-20,4.880000114440918,4.880000114440918,4.880000114440918,4.880000114440918,4.880000114440918,0
2012-04-23,4.880000114440918,4.880000114440918,4.880000114440918,4.880000114440918,4.880000114440918,0
2012-04-24,4.880000114440918,4.880000114440918,4.880000114440918,4.880000114440918,4.880000114440918,0
2012-04-25,4.880000114440918,4.880000114440918,4.880000114440918,4.880000114440918,4.880000114440918,0
2012-04-26,4.880000114440918,4.880000114440918,4.880000114440918,4.880000114440918,4.880000114440918,0
2012-04-27,5.119999885559082,5.119999885559082,5.119999885559082,5.119999885559082,5.119999885559082,1
2012-04-30,5.119999885559082,5.119999885559082,5.119999885559082,5.119999885559082,5.119999885559082,0
2012-05-02,5.119999885559082,5.119999885559082,5.119999885559082,5.119999885559082,5.119999885559082,0
2012-05-03,5.119999885559082,5.119999885559082,5.119999885559082,5.119999885559082,5.119999885559082,0
2012-05-04,4.869999885559082,4.869999885559082,4.869999885559082,4.869999885559082,4.869999885559082,1
2012-05-07,4.869999885559082,4.869999885559082,4.869999885559082,4.869999885559082,4.869999885559082,0
2012-05-08,4.869999885559082,4.869999885559082,4.869999885559082,4.869999885559082,4.869999885559082,0
2012-05-09,4.630000114440918,4.630000114440918,4.630000114440918,4.630000114440918,4.630000114440918,2
2012-05-10,4.5,4.5,4.5,4.5,4.5,1
2012-05-11,4.5,4.5,4.5,4.5,4.5,0
2012-05-14,4.5,4.5,4.5,4.5,4.5,0
2012-05-15,4.300000190734863,4.300000190734863,4.300000190734863,4.300000190734863,4.300000190734863,2
2012-05-16,4.300000190734863,4.300000190734863,4.300000190734863,4.300000190734863,4.300000190734863,0
2012-05-17,4.300000190734863,4.300000190734863,4.300000190734863,4.300000190734863,4.300000190734863,0
2012-05-18,4.099999904632568,4.099999904632568,4.099999904632568,4.099999904632568,4.099999904632568,1
2012-05-21,4.099999904632568,4.099999904632568,4.099999904632568,4.099999904632568,4.099999904632568,0
2012-05-22,3.950000047683716,3.950000047683716,3.950000047683716,3.950000047683716,3.950000047683716,1
2012-05-23,3.7899999618530273,4.139999866485596,3.7899999618530273,3.7899999618530273,3.7899999618530273,105
2012-05-24,3.9700000286102295,3.9700000286102295,3.9700000286102295,3.9700000286102295,3.9700000286102295,1
2012-05-25,3.9700000286102295,3.9700000286102295,3.9700000286102295,3.9700000286102295,3.9700000286102295,0
2012-05-28,3.9700000286102295,3.9700000286102295,3.9700000286102295,3.9700000286102295,3.9700000286102295,0
2012-05-29,3.9700000286102295,3.9700000286102295,3.9700000286102295,3.9700000286102295,3.9700000286102295,0
2012-05-30,3.7799999713897705,3.7799999713897705,3.7799999713897705,3.7799999713897705,3.7799999713897705,1
2012-05-31,3.7799999713897705,3.7799999713897705,3.7799999713897705,3.7799999713897705,3.7799999713897705,0
2012-06-01,3.5999999046325684,3.9600000381469727,3.5999999046325684,3.5999999046325684,3.5999999046325684,602
2012-06-04,3.430000066757202,3.430000066757202,3.430000066757202,3.430000066757202,3.430000066757202,1
2012-06-05,3.5999999046325684,3.5999999046325684,3.259999990463257,3.259999990463257,3.259999990463257,3
2012-06-06,3.0999999046325684,3.0999999046325684,3.0999999046325684,3.0999999046325684,3.0999999046325684,1
2012-06-07,2.950000047683716,3.25,2.950000047683716,3.240000009536743,3.240000009536743,341
2012-06-08,3.240000009536743,3.240000009536743,3.240000009536743,3.240000009536743,3.240000009536743,0
2012-06-11,3.3499999046325684,3.3499999046325684,3.3499999046325684,3.3499999046325684,3.3499999046325684,154902
2012-06-12,3.509999990463257,3.509999990463257,3.509999990463257,3.509999990463257,3.509999990463257,2222
2012-06-13,3.680000066757202,3.680000066757202,3.369999885559082,3.369999885559082,3.369999885559082,830
2012-06-14,3.2100000381469727,3.2100000381469727,3.2100000381469727,3.2100000381469727,3.2100000381469727,1
2012-06-15,3.2100000381469727,3.2100000381469727,3.2100000381469727,3.2100000381469727,3.2100000381469727,0
2012-06-18,3.2100000381469727,3.2100000381469727,3.2100000381469727,3.2100000381469727,3.2100000381469727,0
2012-06-19,3.2100000381469727,3.2100000381469727,3.2100000381469727,3.2100000381469727,3.2100000381469727,0
2012-06-20,3.049999952316284,3.369999885559082,3.049999952316284,3.119999885559082,3.119999885559082,611
2012-06-21,3.2699999809265137,3.2699999809265137,3.2699999809265137,3.2699999809265137,3.2699999809265137,500
2012-06-22,3.119999885559082,3.119999885559082,3.109999895095825,3.109999895095825,3.109999895095825,100
2012-06-25,2.9700000286102295,2.9700000286102295,2.9700000286102295,2.9700000286102295,2.9700000286102295,1
2012-06-26,2.9700000286102295,2.9700000286102295,2.9700000286102295,2.9700000286102295,2.9700000286102295,0
2012-06-27,2.8299999237060547,2.8299999237060547,2.8299999237060547,2.8299999237060547,2.8299999237060547,200
2012-06-28,2.9700000286102295,2.9700000286102295,2.9700000286102295,2.9700000286102295,2.9700000286102295,20
2012-06-29,3.109999895095825,3.109999895095825,3.109999895095825,3.109999895095825,3.109999895095825,6
2012-07-02,3.259999990463257,3.259999990463257,2.9600000381469727,3.259999990463257,3.259999990463257,1202
2012-07-03,3.4200000762939453,3.4200000762939453,3.4200000762939453,3.4200000762939453,3.4200000762939453,4
2012-07-04,3.5899999141693115,3.5899999141693115,3.5899999141693115,3.5899999141693115,3.5899999141693115,1
2012-07-05,3.5899999141693115,3.5899999141693115,3.5899999141693115,3.5899999141693115,3.5899999141693115,0
2012-07-06,3.5899999141693115,3.5899999141693115,3.5899999141693115,3.5899999141693115,3.5899999141693115,0
2012-07-09,3.7300000190734863,3.7300000190734863,3.7300000190734863,3.7300000190734863,3.7300000190734863,1
2012-07-10,3.7300000190734863,3.7300000190734863,3.7300000190734863,3.7300000190734863,3.7300000190734863,0
2012-07-11,3.7300000190734863,3.7300000190734863,3.7300000190734863,3.7300000190734863,3.7300000190734863,0
2012-07-12,3.7300000190734863,3.7300000190734863,3.7300000190734863,3.7300000190734863,3.7300000190734863,0
2012-07-13,3.7300000190734863,3.7300000190734863,3.7300000190734863,3.7300000190734863,3.7300000190734863,0
2012-07-16,3.7300000190734863,3.7300000190734863,3.7300000190734863,3.7300000190734863,3.7300000190734863,0
2012-07-17,3.549999952316284,3.549999952316284,3.549999952316284,3.549999952316284,3.549999952316284,10
2012-07-18,3.380000114440918,3.380000114440918,3.380000114440918,3.380000114440918,3.380000114440918,10
2012-07-19,3.5399999618530273,3.5399999618530273,3.2300000190734863,3.2300000190734863,3.2300000190734863,918
2012-07-20,3.069999933242798,3.069999933242798,3.069999933242798,3.069999933242798,3.069999933242798,1
2012-07-23,2.9200000762939453,2.9200000762939453,2.9200000762939453,2.9200000762939453,2.9200000762939453,300
2012-07-24,2.9200000762939453,2.9200000762939453,2.9200000762939453,2.9200000762939453,2.9200000762939453,0
2012-07-25,2.7899999618530273,2.7899999618530273,2.7899999618530273,2.7899999618530273,2.7899999618530273,1
2012-07-26,2.6700000762939453,2.6700000762939453,2.6700000762939453,2.6700000762939453,2.6700000762939453,1
2012-07-27,2.549999952316284,2.549999952316284,2.5399999618530273,2.5399999618530273,2.5399999618530273,101
2012-07-30,2.549999952316284,2.549999952316284,2.440000057220459,2.440000057220459,2.440000057220459,80935
2012-07-31,2.440000057220459,2.440000057220459,2.440000057220459,2.440000057220459,2.440000057220459,0
2012-08-01,2.440000057220459,2.440000057220459,2.440000057220459,2.440000057220459,2.440000057220459,0
2012-08-02,2.440000057220459,2.440000057220459,2.440000057220459,2.440000057220459,2.440000057220459,0
2012-08-03,2.440000057220459,2.440000057220459,2.440000057220459,2.440000057220459,2.440000057220459,0
2012-08-06,2.4000000953674316,2.559999942779541,2.3399999141693115,2.559999942779541,2.559999942779541,1143
2012-08-07,2.6700000762939453,2.680000066757202,2.6700000762939453,2.680000066757202,2.680000066757202,201
2012-08-08,2.680000066757202,2.680000066757202,2.680000066757202,2.680000066757202,2.680000066757202,0
2012-08-09,2.680000066757202,2.680000066757202,2.680000066757202,2.680000066757202,2.680000066757202,0
2012-08-10,2.809999942779541,2.809999942779541,2.809999942779541,2.809999942779541,2.809999942779541,511
2012-08-13,2.6700000762939453,2.6700000762939453,2.6700000762939453,2.6700000762939453,2.6700000762939453,1
2012-08-14,2.5399999618530273,2.5399999618530273,2.5399999618530273,2.5399999618530273,2.5399999618530273,200
2012-08-16,2.4200000762939453,2.4200000762939453,2.4200000762939453,2.4200000762939453,2.4200000762939453,200
2012-08-17,2.309999942779541,2.309999942779541,2.309999942779541,2.309999942779541,2.309999942779541,100
2012-08-21,2.4200000762939453,2.4200000762939453,2.2100000381469727,2.2100000381469727,2.2100000381469727,1400
2012-08-22,2.2100000381469727,2.2100000381469727,2.2100000381469727,2.2100000381469727,2.2100000381469727,0
2012-08-23,2.319999933242798,2.319999933242798,2.319999933242798,2.319999933242798,2.319999933242798,1202
2012-08-24,2.2100000381469727,2.430000066757202,2.2100000381469727,2.430000066757202,2.430000066757202,398
2012-08-27,2.549999952316284,2.549999952316284,2.549999952316284,2.549999952316284,2.549999952316284,1
2012-08-28,2.6700000762939453,2.6700000762939453,2.430000066757202,2.6700000762939453,2.6700000762939453,401
2012-08-29,2.5399999618530273,2.799999952316284,2.5399999618530273,2.799999952316284,2.799999952316284,751
2012-08-30,2.940000057220459,2.940000057220459,2.940000057220459,2.940000057220459,2.940000057220459,1
2012-08-31,2.940000057220459,2.940000057220459,2.940000057220459,2.940000057220459,2.940000057220459,0
2012-09-03,3.0799999237060547,3.0799999237060547,3.0799999237060547,3.0799999237060547,3.0799999237060547,1
2012-09-04,3.0799999237060547,3.0799999237060547,3.0799999237060547,3.0799999237060547,3.0799999237060547,0
2012-09-05,3.0799999237060547,3.0799999237060547,3.0799999237060547,3.0799999237060547,3.0799999237060547,0
2012-09-06,2.930000066757202,2.930000066757202,2.930000066757202,2.930000066757202,2.930000066757202,1456
2012-09-07,2.7899999618530273,2.7899999618530273,2.7899999618530273,2.7899999618530273,2.7899999618530273,1
2012-09-10,2.7899999618530273,2.7899999618530273,2.7899999618530273,2.7899999618530273,2.7899999618530273,0
2012-09-11,2.7899999618530273,2.7899999618530273,2.7899999618530273,2.7899999618530273,2.7899999618530273,0
2012-09-12,2.7899999618530273,2.7899999618530273,2.7899999618530273,2.7899999618530273,2.7899999618530273,0
2012-09-13,2.7899999618530273,2.7899999618530273,2.7899999618530273,2.7899999618530273,2.7899999618530273,0
2012-09-14,2.9200000762939453,2.9200000762939453,2.6600000858306885,2.6600000858306885,2.6600000858306885,600
2012-09-17,2.6600000858306885,2.6600000858306885,2.6600000858306885,2.6600000858306885,2.6600000858306885,0
2012-09-18,2.6600000858306885,2.6600000858306885,2.6600000858306885,2.6600000858306885,2.6600000858306885,0
2012-09-20,2.5299999713897705,2.5299999713897705,2.5299999713897705,2.5299999713897705,2.5299999713897705,1
2012-09-21,2.5299999713897705,2.5299999713897705,2.5299999713897705,2.5299999713897705,2.5299999713897705,149
2012-09-24,2.5,2.5,2.5,2.5,2.5,302
2012-09-25,2.4100000858306885,2.4100000858306885,2.4100000858306885,2.4100000858306885,2.4100000858306885,100
2012-09-26,2.4100000858306885,2.4100000858306885,2.4100000858306885,2.4100000858306885,2.4100000858306885,2
2012-09-27,2.4100000858306885,2.4100000858306885,2.4100000858306885,2.4100000858306885,2.4100000858306885,0
2012-09-28,2.4100000858306885,2.4100000858306885,2.4100000858306885,2.4100000858306885,2.4100000858306885,0
2012-10-01,2.4100000858306885,2.4100000858306885,2.4100000858306885,2.4100000858306885,2.4100000858306885,0
2012-10-03,2.4100000858306885,2.4100000858306885,2.4100000858306885,2.4100000858306885,2.4100000858306885,0
2012-10-04,2.4100000858306885,2.4100000858306885,2.4100000858306885,2.4100000858306885,2.4100000858306885,0
2012-10-05,2.4100000858306885,2.4100000858306885,2.4100000858306885,2.4100000858306885,2.4100000858306885,0
2012-10-08,2.4100000858306885,2.4100000858306885,2.4100000858306885,2.4100000858306885,2.4100000858306885,0
2012-10-09,2.299999952316284,2.299999952316284,2.299999952316284,2.299999952316284,2.299999952316284,100
2012-10-10,2.190000057220459,2.190000057220459,2.190000057220459,2.190000057220459,2.190000057220459,100
2012-10-11,2.190000057220459,2.190000057220459,2.190000057220459,2.190000057220459,2.190000057220459,0
2012-10-12,2.0999999046325684,2.0999999046325684,2.0999999046325684,2.0999999046325684,2.0999999046325684,500
2012-10-15,2.009999990463257,2.009999990463257,2.009999990463257,2.009999990463257,2.009999990463257,100
2012-10-16,2.009999990463257,2.009999990463257,2.009999990463257,2.009999990463257,2.009999990463257,0
2012-10-17,1.9299999475479126,1.9299999475479126,1.9299999475479126,1.9299999475479126,1.9299999475479126,200
2012-10-18,1.8600000143051147,1.8600000143051147,1.8600000143051147,1.8600000143051147,1.8600000143051147,200
2012-10-19,1.9500000476837158,1.9500000476837158,1.9500000476837158,1.9500000476837158,1.9500000476837158,100
2012-10-22,1.9500000476837158,1.9500000476837158,1.9500000476837158,1.9500000476837158,1.9500000476837158,0
2012-10-23,1.9500000476837158,1.9500000476837158,1.9500000476837158,1.9500000476837158,1.9500000476837158,0
2012-10-25,1.9299999475479126,1.9299999475479126,1.9199999570846558,1.9199999570846558,1.9199999570846558,700
2012-10-29,1.9199999570846558,1.9199999570846558,1.9199999570846558,1.9199999570846558,1.9199999570846558,0
2012-10-30,2.009999990463257,2.009999990463257,2.009999990463257,2.009999990463257,2.009999990463257,500
2012-10-31,2.009999990463257,2.009999990463257,2.009999990463257,2.009999990463257,2.009999990463257,0
2012-11-01,1.9299999475479126,1.9299999475479126,1.9299999475479126,1.9299999475479126,1.9299999475479126,100
2012-11-02,2.0199999809265137,2.0199999809265137,2.0199999809265137,2.0199999809265137,2.0199999809265137,100
2012-11-05,2.119999885559082,2.119999885559082,2.119999885559082,2.119999885559082,2.119999885559082,100
2012-11-06,2.2200000286102295,2.2200000286102295,2.2200000286102295,2.2200000286102295,2.2200000286102295,300
2012-11-07,2.2200000286102295,2.2200000286102295,2.2200000286102295,2.2200000286102295,2.2200000286102295,100
2012-11-08,2.2200000286102295,2.2200000286102295,2.2200000286102295,2.2200000286102295,2.2200000286102295,0
2012-11-09,2.3299999237060547,2.3299999237060547,2.3299999237060547,2.3299999237060547,2.3299999237060547,47
2012-11-12,2.3299999237060547,2.3299999237060547,2.3299999237060547,2.3299999237060547,2.3299999237060547,0
2012-11-15,2.3299999237060547,2.3299999237060547,2.3299999237060547,2.3299999237060547,2.3299999237060547,0
2012-11-16,2.3299999237060547,2.3299999237060547,2.3299999237060547,2.3299999237060547,2.3299999237060547,0
2012-11-19,2.3299999237060547,2.3299999237060547,2.3299999237060547,2.3299999237060547,2.3299999237060547,0
2012-11-20,2.3299999237060547,2.3299999237060547,2.3299999237060547,2.3299999237060547,2.3299999237060547,0
2012-11-21,2.3299999237060547,2.3299999237060547,2.3299999237060547,2.3299999237060547,2.3299999237060547,0
2012-11-22,2.440000057220459,2.440000057220459,2.440000057220459,2.440000057220459,2.440000057220459,300
2012-11-23,2.440000057220459,2.440000057220459,2.440000057220459,2.440000057220459,2.440000057220459,0
2012-11-26,2.319999933242798,2.319999933242798,2.319999933242798,2.319999933242798,2.319999933242798,300
2012-11-27,2.319999933242798,2.319999933242798,2.319999933242798,2.319999933242798,2.319999933242798,0
2012-11-29,2.430000066757202,2.430000066757202,2.430000066757202,2.430000066757202,2.430000066757202,100
2012-11-30,2.430000066757202,2.430000066757202,2.430000066757202,2.430000066757202,2.430000066757202,200
2012-12-03,2.430000066757202,2.430000066757202,2.430000066757202,2.430000066757202,2.430000066757202,0
2012-12-04,2.549999952316284,2.549999952316284,2.549999952316284,2.549999952316284,2.549999952316284,200
2012-12-05,2.440000057220459,2.440000057220459,2.440000057220459,2.440000057220459,2.440000057220459,100
2012-12-06,2.4000000953674316,2.4000000953674316,2.4000000953674316,2.4000000953674316,2.4000000953674316,100
2012-12-07,2.4000000953674316,2.4000000953674316,2.4000000953674316,2.4000000953674316,2.4000000953674316,0
2012-12-10,2.5,2.5,2.5,2.5,2.5,200
2012-12-11,2.380000114440918,2.380000114440918,2.380000114440918,2.380000114440918,2.380000114440918,100
2012-12-12,2.380000114440918,2.380000114440918,2.2699999809265137,2.2699999809265137,2.2699999809265137,300
2012-12-13,2.2699999809265137,2.2699999809265137,2.2699999809265137,2.2699999809265137,2.2699999809265137,0
2012-12-14,2.380000114440918,2.380000114440918,2.380000114440918,2.380000114440918,2.380000114440918,300
2012-12-17,2.380000114440918,2.380000114440918,2.380000114440918,2.380000114440918,2.380000114440918,0
2012-12-18,2.2699999809265137,2.2899999618530273,2.2699999809265137,2.2899999618530273,2.2899999618530273,750
2012-12-19,2.2899999618530273,2.2899999618530273,2.2899999618530273,2.2899999618530273,2.2899999618530273,0
2012-12-20,2.3499999046325684,2.3499999046325684,2.180000066757202,2.180000066757202,2.180000066757202,193
2012-12-21,2.180000066757202,2.180000066757202,2.180000066757202,2.180000066757202,2.180000066757202,0
2012-12-24,2.0799999237060547,2.190000057220459,2.0799999237060547,2.0999999046325684,2.0999999046325684,651
2012-12-26,2.0999999046325684,2.0999999046325684,2.0999999046325684,2.0999999046325684,2.0999999046325684,0
2012-12-27,2.200000047683716,2.200000047683716,2.200000047683716,2.200000047683716,2.200000047683716,600
2012-12-28,2.309999942779541,2.309999942779541,2.309999942779541,2.309999942779541,2.309999942779541,208
2012-12-31,2.4200000762939453,2.4200000762939453,2.4200000762939453,2.4200000762939453,2.4200000762939453,1
2013-01-01,2.5399999618530273,2.5399999618530273,2.5399999618530273,2.5399999618530273,2.5399999618530273,100
2013-01-02,2.4200000762939453,2.4200000762939453,2.4200000762939453,2.4200000762939453,2.4200000762939453,1000
2013-01-03,2.4200000762939453,2.4200000762939453,2.4200000762939453,2.4200000762939453,2.4200000762939453,0
2013-01-04,2.4200000762939453,2.4200000762939453,2.4200000762939453,2.4200000762939453,2.4200000762939453,500
2013-01-07,2.4000000953674316,2.5399999618530273,2.3399999141693115,2.5399999618530273,2.5399999618530273,1251
2013-01-08,2.6600000858306885,2.6600000858306885,2.6600000858306885,2.6600000858306885,2.6600000858306885,200
2013-01-09,2.7899999618530273,2.7899999618530273,2.7899999618530273,2.7899999618530273,2.7899999618530273,1
2013-01-10,2.9200000762939453,2.9200000762939453,2.9200000762939453,2.9200000762939453,2.9200000762939453,1
2013-01-11,2.9200000762939453,3.059999942779541,2.7799999713897705,3.059999942779541,3.059999942779541,438
2013-01-14,3.2100000381469727,3.2100000381469727,2.9100000858306885,2.9100000858306885,2.9100000858306885,202
2013-01-15,2.7899999618530273,3.049999952316284,2.7699999809265137,3.0399999618530273,3.0399999618530273,2511
2013-01-16,3.0399999618530273,3.0399999618530273,3.0399999618530273,3.0399999618530273,3.0399999618530273,0
2013-01-17,2.890000104904175,2.890000104904175,2.890000104904175,2.890000104904175,2.890000104904175,100
2013-01-18,2.890000104904175,2.890000104904175,2.890000104904175,2.890000104904175,2.890000104904175,0
2013-01-21,2.890000104904175,2.890000104904175,2.890000104904175,2.890000104904175,2.890000104904175,0
2013-01-22,2.890000104904175,2.890000104904175,2.890000104904175,2.890000104904175,2.890000104904175,0
2013-01-23,2.890000104904175,2.890000104904175,2.890000104904175,2.890000104904175,2.890000104904175,0
2013-01-24,2.890000104904175,2.890000104904175,2.890000104904175,2.890000104904175,2.890000104904175,150
2013-01-25,2.75,2.75,2.75,2.75,2.75,50
2013-01-28,2.75,2.75,2.75,2.75,2.75,0
2013-01-29,2.619999885559082,2.619999885559082,2.619999885559082,2.619999885559082,2.619999885559082,100
2013-01-30,2.490000009536743,2.490000009536743,2.490000009536743,2.490000009536743,2.490000009536743,1
2013-01-31,2.369999885559082,2.369999885559082,2.369999885559082,2.369999885559082,2.369999885559082,800
2013-02-01,2.369999885559082,2.369999885559082,2.369999885559082,2.369999885559082,2.369999885559082,0
2013-02-04,2.369999885559082,2.369999885559082,2.369999885559082,2.369999885559082,2.369999885559082,0
2013-02-05,2.369999885559082,2.369999885559082,2.369999885559082,2.369999885559082,2.369999885559082,0
2013-02-06,2.369999885559082,2.369999885559082,2.369999885559082,2.369999885559082,2.369999885559082,0
2013-02-07,2.369999885559082,2.369999885559082,2.369999885559082,2.369999885559082,2.369999885559082,0
2013-02-08,2.369999885559082,2.369999885559082,2.369999885559082,2.369999885559082,2.369999885559082,0
2013-02-11,2.369999885559082,2.369999885559082,2.369999885559082,2.369999885559082,2.369999885559082,0
2013-02-12,2.369999885559082,2.369999885559082,2.369999885559082,2.369999885559082,2.369999885559082,0
2013-02-13,2.259999990463257,2.259999990463257,2.259999990463257,2.259999990463257,2.259999990463257,205
2013-02-14,2.259999990463257,2.259999990463257,2.259999990463257,2.259999990463257,2.259999990463257,0
2013-02-15,2.259999990463257,2.259999990463257,2.259999990463257,2.259999990463257,2.259999990463257,0
2013-02-18,2.259999990463257,2.259999990463257,2.259999990463257,2.259999990463257,2.259999990463257,0
2013-02-19,2.259999990463257,2.259999990463257,2.259999990463257,2.259999990463257,2.259999990463257,0
2013-02-20,2.259999990463257,2.259999990463257,2.259999990463257,2.259999990463257,2.259999990463257,0
2013-02-21,2.259999990463257,2.259999990463257,2.259999990463257,2.259999990463257,2.259999990463257,0
2013-02-22,2.259999990463257,2.259999990463257,2.259999990463257,2.259999990463257,2.259999990463257,0
2013-02-25,2.200000047683716,2.200000047683716,2.200000047683716,2.200000047683716,2.200000047683716,1879
2013-02-26,2.200000047683716,2.200000047683716,2.200000047683716,2.200000047683716,2.200000047683716,0
2013-02-27,2.200000047683716,2.200000047683716,2.200000047683716,2.200000047683716,2.200000047683716,1
2013-02-28,2.200000047683716,2.200000047683716,2.200000047683716,2.200000047683716,2.200000047683716,0
2013-03-01,2.0999999046325684,2.0999999046325684,2.0999999046325684,2.0999999046325684,2.0999999046325684,150
2013-03-04,2.0999999046325684,2.0999999046325684,2.0999999046325684,2.0999999046325684,2.0999999046325684,0
2013-03-05,2.0999999046325684,2.0999999046325684,2.0999999046325684,2.0999999046325684,2.0999999046325684,0
2013-03-06,2.200000047683716,2.200000047683716,2.200000047683716,2.200000047683716,2.200000047683716,150
2013-03-07,2.200000047683716,2.200000047683716,2.200000047683716,2.200000047683716,2.200000047683716,0
2013-03-08,2.200000047683716,2.200000047683716,2.200000047683716,2.200000047683716,2.200000047683716,0
2013-03-11,2.200000047683716,2.200000047683716,2.200000047683716,2.200000047683716,2.200000047683716,0
2013-03-12,2.299999952316284,2.299999952316284,2.1500000953674316,2.1500000953674316,2.1500000953674316,362
2013-03-13,2.1500000953674316,2.1500000953674316,2.1500000953674316,2.1500000953674316,2.1500000953674316,0
2013-03-14,2.1500000953674316,2.1500000953674316,2.1500000953674316,2.1500000953674316,2.1500000953674316,0
2013-03-15,2.1500000953674316,2.1500000953674316,2.1500000953674316,2.1500000953674316,2.1500000953674316,0
2013-03-18,2.1500000953674316,2.1500000953674316,2.1500000953674316,2.1500000953674316,2.1500000953674316,0
2013-03-19,2.1500000953674316,2.1500000953674316,2.1500000953674316,2.1500000953674316,2.1500000953674316,0
2013-03-20,2.1500000953674316,2.1500000953674316,2.1500000953674316,2.1500000953674316,2.1500000953674316,0
2013-03-21,2.1500000953674316,2.1500000953674316,2.1500000953674316,2.1500000953674316,2.1500000953674316,0
2013-03-22,2.1500000953674316,2.1500000953674316,2.1500000953674316,2.1500000953674316,2.1500000953674316,0
2013-03-25,2.1500000953674316,2.1500000953674316,2.1500000953674316,2.1500000953674316,2.1500000953674316,0
2013-03-26,2.1500000953674316,2.1500000953674316,2.1500000953674316,2.1500000953674316,2.1500000953674316,0
2013-03-28,2.1500000953674316,2.1500000953674316,2.1500000953674316,2.1500000953674316,2.1500000953674316,0
2013-04-01,2.1500000953674316,2.1500000953674316,2.1500000953674316,2.1500000953674316,2.1500000953674316,0
2013-04-02,2.1500000953674316,2.1500000953674316,2.1500000953674316,2.1500000953674316,2.1500000953674316,0
2013-04-03,2.1500000953674316,2.1500000953674316,2.1500000953674316,2.1500000953674316,2.1500000953674316,0
2013-04-04,2.1500000953674316,2.1500000953674316,2.049999952316284,2.049999952316284,2.049999952316284,225
2013-04-05,2.049999952316284,2.049999952316284,2.049999952316284,2.049999952316284,2.049999952316284,0
2013-04-08,2.049999952316284,2.049999952316284,2.049999952316284,2.049999952316284,2.049999952316284,0
2013-04-09,2.049999952316284,2.049999952316284,2.049999952316284,2.049999952316284,2.049999952316284,0
2013-04-10,2.049999952316284,2.049999952316284,2.049999952316284,2.049999952316284,2.049999952316284,0
2013-04-11,2.049999952316284,2.049999952316284,2.049999952316284,2.049999952316284,2.049999952316284,0
2013-04-12,2.049999952316284,2.049999952316284,2.049999952316284,2.049999952316284,2.049999952316284,0
2013-04-15,2.049999952316284,2.049999952316284,2.049999952316284,2.049999952316284,2.049999952316284,0
2013-04-16,2.049999952316284,2.049999952316284,2.049999952316284,2.049999952316284,2.049999952316284,0
2013-04-17,2.049999952316284,2.049999952316284,2.049999952316284,2.049999952316284,2.049999952316284,0
2013-04-18,2.049999952316284,2.049999952316284,2.049999952316284,2.049999952316284,2.049999952316284,0
2013-04-22,2.049999952316284,2.049999952316284,2.049999952316284,2.049999952316284,2.049999952316284,0
2013-04-23,2.049999952316284,2.049999952316284,2.049999952316284,2.049999952316284,2.049999952316284,0
2013-04-25,2.049999952316284,2.049999952316284,2.049999952316284,2.049999952316284,2.049999952316284,0
2013-04-26,2.049999952316284,2.049999952316284,2.049999952316284,2.049999952316284,2.049999952316284,0
2013-04-29,2.049999952316284,2.049999952316284,2.049999952316284,2.049999952316284,2.049999952316284,0
2013-04-30,2.049999952316284,2.049999952316284,2.049999952316284,2.049999952316284,2.049999952316284,0
2013-05-02,2.049999952316284,2.049999952316284,2.049999952316284,2.049999952316284,2.049999952316284,0
2013-05-03,2.049999952316284,2.049999952316284,2.049999952316284,2.049999952316284,2.049999952316284,0
2013-05-06,2.049999952316284,2.049999952316284,2.049999952316284,2.049999952316284,2.049999952316284,0
2013-05-07,2.049999952316284,2.049999952316284,2.049999952316284,2.049999952316284,2.049999952316284,0
2013-05-08,2.049999952316284,2.049999952316284,2.049999952316284,2.049999952316284,2.049999952316284,0
2013-05-09,2.049999952316284,2.049999952316284,2.049999952316284,2.049999952316284,2.049999952316284,0
2013-05-10,2.049999952316284,2.049999952316284,2.049999952316284,2.049999952316284,2.049999952316284,0
2013-05-13,2.049999952316284,2.049999952316284,2.049999952316284,2.049999952316284,2.049999952316284,0
2013-05-14,2.049999952316284,2.049999952316284,2.049999952316284,2.049999952316284,2.049999952316284,0
2013-05-15,2.049999952316284,2.049999952316284,2.049999952316284,2.049999952316284,2.049999952316284,0
2013-05-16,1.9500000476837158,1.9500000476837158,1.9500000476837158,1.9500000476837158,1.9500000476837158,300
2013-05-17,1.8600000143051147,1.8600000143051147,1.8600000143051147,1.8600000143051147,1.8600000143051147,100
2013-05-20,1.8600000143051147,1.8600000143051147,1.8600000143051147,1.8600000143051147,1.8600000143051147,0
2013-05-21,1.7699999809265137,1.7699999809265137,1.7699999809265137,1.7699999809265137,1.7699999809265137,500
2013-05-22,1.7699999809265137,1.7699999809265137,1.7699999809265137,1.7699999809265137,1.7699999809265137,0
2013-05-23,1.7699999809265137,1.7699999809265137,1.7699999809265137,1.7699999809265137,1.7699999809265137,0
2013-05-24,1.7699999809265137,1.7699999809265137,1.7699999809265137,1.7699999809265137,1.7699999809265137,0
2013-05-27,1.7699999809265137,1.7699999809265137,1.7699999809265137,1.7699999809265137,1.7699999809265137,0
2013-05-28,1.7699999809265137,1.7699999809265137,1.7699999809265137,1.7699999809265137,1.7699999809265137,0
2013-05-29,1.7699999809265137,1.7699999809265137,1.7699999809265137,1.7699999809265137,1.7699999809265137,0
2013-05-30,1.7699999809265137,1.7699999809265137,1.7699999809265137,1.7699999809265137,1.7699999809265137,0
2013-05-31,1.7699999809265137,1.7699999809265137,1.7699999809265137,1.7699999809265137,1.7699999809265137,0
2013-06-03,1.7699999809265137,1.7699999809265137,1.7699999809265137,1.7699999809265137,1.7699999809265137,0
2013-06-04,1.7699999809265137,1.7699999809265137,1.7699999809265137,1.7699999809265137,1.7699999809265137,0
2013-06-05,1.7000000476837158,1.7000000476837158,1.7000000476837158,1.7000000476837158,1.7000000476837158,100
2013-06-06,1.649999976158142,1.649999976158142,1.649999976158142,1.649999976158142,1.649999976158142,100
2013-06-07,1.649999976158142,1.649999976158142,1.649999976158142,1.649999976158142,1.649999976158142,0
2013-06-10,1.649999976158142,1.649999976158142,1.649999976158142,1.649999976158142,1.649999976158142,0
2013-06-11,1.649999976158142,1.649999976158142,1.649999976158142,1.649999976158142,1.649999976158142,0
2013-06-12,1.649999976158142,1.649999976158142,1.649999976158142,1.649999976158142,1.649999976158142,80910
2013-06-13,1.649999976158142,1.649999976158142,1.649999976158142,1.649999976158142,1.649999976158142,0
2013-06-14,1.649999976158142,1.649999976158142,1.649999976158142,1.649999976158142,1.649999976158142,0
2013-06-17,1.649999976158142,1.649999976158142,1.649999976158142,1.649999976158142,1.649999976158142,0
2013-06-18,1.649999976158142,1.649999976158142,1.649999976158142,1.649999976158142,1.649999976158142,0
2013-06-19,1.5700000524520874,1.5700000524520874,1.5700000524520874,1.5700000524520874,1.5700000524520874,1
2013-06-20,1.5700000524520874,1.5700000524520874,1.5700000524520874,1.5700000524520874,1.5700000524520874,0
2013-06-21,1.5700000524520874,1.5700000524520874,1.5700000524520874,1.5700000524520874,1.5700000524520874,0
2013-06-24,1.5700000524520874,1.5700000524520874,1.5700000524520874,1.5700000524520874,1.5700000524520874,0
2013-06-25,1.5700000524520874,1.5700000524520874,1.5700000524520874,1.5700000524520874,1.5700000524520874,0
2013-06-26,1.5700000524520874,1.5700000524520874,1.5700000524520874,1.5700000524520874,1.5700000524520874,0
2013-06-27,1.5700000524520874,1.5700000524520874,1.5700000524520874,1.5700000524520874,1.5700000524520874,0
2013-06-28,1.5700000524520874,1.5700000524520874,1.5700000524520874,1.5700000524520874,1.5700000524520874,0
2013-07-01,1.5700000524520874,1.5700000524520874,1.5700000524520874,1.5700000524520874,1.5700000524520874,0
2013-07-02,1.5700000524520874,1.5700000524520874,1.5700000524520874,1.5700000524520874,1.5700000524520874,0
2013-07-03,1.5700000524520874,1.5700000524520874,1.5700000524520874,1.5700000524520874,1.5700000524520874,0
2013-07-04,1.5700000524520874,1.5700000524520874,1.5700000524520874,1.5700000524520874,1.5700000524520874,0
2013-07-05,1.5700000524520874,1.5700000524520874,1.5700000524520874,1.5700000524520874,1.5700000524520874,0
2013-07-08,1.5700000524520874,1.5700000524520874,1.5700000524520874,1.5700000524520874,1.5700000524520874,0
2013-07-09,1.6399999856948853,1.6399999856948853,1.6399999856948853,1.6399999856948853,1.6399999856948853,1
2013-07-10,1.6399999856948853,1.6399999856948853,1.6399999856948853,1.6399999856948853,1.6399999856948853,100
2013-07-11,1.6399999856948853,1.6399999856948853,1.6399999856948853,1.6399999856948853,1.6399999856948853,0
2013-07-12,1.6399999856948853,1.6399999856948853,1.6399999856948853,1.6399999856948853,1.6399999856948853,0
2013-07-15,1.6399999856948853,1.6399999856948853,1.6399999856948853,1.6399999856948853,1.6399999856948853,0
2013-07-16,1.6399999856948853,1.6399999856948853,1.6399999856948853,1.6399999856948853,1.6399999856948853,0
2013-07-17,1.6399999856948853,1.6399999856948853,1.6399999856948853,1.6399999856948853,1.6399999856948853,0
2013-07-18,1.6399999856948853,1.6399999856948853,1.6399999856948853,1.6399999856948853,1.6399999856948853,0
2013-07-19,1.6399999856948853,1.6399999856948853,1.6399999856948853,1.6399999856948853,1.6399999856948853,0
2013-07-22,1.6399999856948853,1.6399999856948853,1.6399999856948853,1.6399999856948853,1.6399999856948853,0
2013-07-23,1.6399999856948853,1.6399999856948853,1.6399999856948853,1.6399999856948853,1.6399999856948853,0
2013-07-24,1.6399999856948853,1.6399999856948853,1.6399999856948853,1.6399999856948853,1.6399999856948853,0
2013-07-25,1.6399999856948853,1.6399999856948853,1.6399999856948853,1.6399999856948853,1.6399999856948853,0
2013-07-26,1.6399999856948853,1.6399999856948853,1.6399999856948853,1.6399999856948853,1.6399999856948853,0
2013-07-29,1.6399999856948853,1.6399999856948853,1.6399999856948853,1.6399999856948853,1.6399999856948853,0
2013-07-30,1.6399999856948853,1.6399999856948853,1.6399999856948853,1.6399999856948853,1.6399999856948853,0
2013-07-31,1.6399999856948853,1.6399999856948853,1.6399999856948853,1.6399999856948853,1.6399999856948853,0
2013-08-01,1.7000000476837158,1.7000000476837158,1.7000000476837158,1.7000000476837158,1.7000000476837158,1
2013-08-02,1.7000000476837158,1.7000000476837158,1.7000000476837158,1.7000000476837158,1.7000000476837158,0
2013-08-05,1.7000000476837158,1.7000000476837158,1.7000000476837158,1.7000000476837158,1.7000000476837158,0
2013-08-06,1.7000000476837158,1.7000000476837158,1.7000000476837158,1.7000000476837158,1.7000000476837158,0
2013-08-07,1.7799999713897705,1.7799999713897705,1.7799999713897705,1.7799999713897705,1.7799999713897705,1
2013-08-08,1.8600000143051147,1.8600000143051147,1.8600000143051147,1.8600000143051147,1.8600000143051147,1
2013-08-12,1.8600000143051147,1.8600000143051147,1.8600000143051147,1.8600000143051147,1.8600000143051147,0
2013-08-13,1.9500000476837158,1.9500000476837158,1.9500000476837158,1.9500000476837158,1.9500000476837158,1
2013-08-14,2.0399999618530273,2.0399999618530273,2.0,2.0399999618530273,2.0399999618530273,352
2013-08-16,2.0399999618530273,2.0399999618530273,2.0399999618530273,2.0399999618530273,2.0399999618530273,0
2013-08-19,2.0399999618530273,2.0399999618530273,2.0399999618530273,2.0399999618530273,2.0399999618530273,0
2013-08-20,2.0399999618530273,2.0399999618530273,2.0399999618530273,2.0399999618530273,2.0399999618530273,0
2013-08-21,2.0,2.0,2.0,2.0,2.0,500
2013-08-22,2.0,2.0,2.0,2.0,2.0,0
2013-08-23,2.0,2.0,2.0,2.0,2.0,0
2013-08-26,2.0,2.0,2.0,2.0,2.0,0
2013-08-27,2.0,2.0,2.0,2.0,2.0,0
2013-08-28,2.0,2.0,2.0,2.0,2.0,0
2013-08-29,2.0,2.0,2.0,2.0,2.0,0
2013-08-30,2.0,2.0,2.0,2.0,2.0,0
2013-09-02,2.0,2.0,2.0,2.0,2.0,0
2013-09-03,2.0,2.0,2.0,2.0,2.0,0
2013-09-04,2.0,2.0,2.0,2.0,2.0,0
2013-09-05,1.909999966621399,1.909999966621399,1.909999966621399,1.909999966621399,1.909999966621399,500
2013-09-06,1.8899999856948853,1.8899999856948853,1.8899999856948853,1.8899999856948853,1.8899999856948853,200
2013-09-10,1.8899999856948853,1.8899999856948853,1.8899999856948853,1.8899999856948853,1.8899999856948853,0
2013-09-11,1.8899999856948853,1.8899999856948853,1.8899999856948853,1.8899999856948853,1.8899999856948853,0
2013-09-12,1.8899999856948853,1.8899999856948853,1.8899999856948853,1.8899999856948853,1.8899999856948853,0
2013-09-13,1.8899999856948853,1.8899999856948853,1.8899999856948853,1.8899999856948853,1.8899999856948853,0
2013-09-16,1.8899999856948853,1.8899999856948853,1.8899999856948853,1.8899999856948853,1.8899999856948853,0
2013-09-17,1.8899999856948853,1.8899999856948853,1.8899999856948853,1.8899999856948853,1.8899999856948853,0
2013-09-18,1.8899999856948853,1.8899999856948853,1.8899999856948853,1.8899999856948853,1.8899999856948853,0
2013-09-19,1.7999999523162842,1.7999999523162842,1.7999999523162842,1.7999999523162842,1.7999999523162842,200
2013-09-20,1.7999999523162842,1.7999999523162842,1.7999999523162842,1.7999999523162842,1.7999999523162842,0
2013-09-23,1.7999999523162842,1.7999999523162842,1.7999999523162842,1.7999999523162842,1.7999999523162842,0
2013-09-24,1.7999999523162842,1.7999999523162842,1.7999999523162842,1.7999999523162842,1.7999999523162842,0
2013-09-25,1.7999999523162842,1.7999999523162842,1.7999999523162842,1.7999999523162842,1.7999999523162842,0
2013-09-26,1.7999999523162842,1.7999999523162842,1.7999999523162842,1.7999999523162842,1.7999999523162842,0
2013-09-27,1.7999999523162842,1.7999999523162842,1.7999999523162842,1.7999999523162842,1.7999999523162842,0
2013-09-30,1.7999999523162842,1.7999999523162842,1.7999999523162842,1.7999999523162842,1.7999999523162842,0
2013-10-01,1.7999999523162842,1.7999999523162842,1.7999999523162842,1.7999999523162842,1.7999999523162842,0
2013-10-03,1.7999999523162842,1.7999999523162842,1.7999999523162842,1.7999999523162842,1.7999999523162842,0
2013-10-04,1.7999999523162842,1.7999999523162842,1.7999999523162842,1.7999999523162842,1.7999999523162842,0
2013-10-07,1.7999999523162842,1.7999999523162842,1.7999999523162842,1.7999999523162842,1.7999999523162842,0
2013-10-08,1.7999999523162842,1.7999999523162842,1.7999999523162842,1.7999999523162842,1.7999999523162842,0
2013-10-09,1.7200000286102295,1.7200000286102295,1.7200000286102295,1.7200000286102295,1.7200000286102295,1
2013-10-10,1.7200000286102295,1.7200000286102295,1.7200000286102295,1.7200000286102295,1.7200000286102295,0
2013-10-11,1.7200000286102295,1.7200000286102295,1.7200000286102295,1.7200000286102295,1.7200000286102295,0
2013-10-14,1.7200000286102295,1.7200000286102295,1.7200000286102295,1.7200000286102295,1.7200000286102295,0
2013-10-15,1.7200000286102295,1.7200000286102295,1.7200000286102295,1.7200000286102295,1.7200000286102295,0
2013-10-17,1.75,1.75,1.6399999856948853,1.6399999856948853,1.6399999856948853,300
2013-10-18,1.6399999856948853,1.6399999856948853,1.6399999856948853,1.6399999856948853,1.6399999856948853,0
2013-10-21,1.6399999856948853,1.6399999856948853,1.6399999856948853,1.6399999856948853,1.6399999856948853,0
2013-10-22,1.6399999856948853,1.6399999856948853,1.6399999856948853,1.6399999856948853,1.6399999856948853,0
2013-10-23,1.6399999856948853,1.6399999856948853,1.6399999856948853,1.6399999856948853,1.6399999856948853,0
2013-10-24,1.6399999856948853,1.6399999856948853,1.6399999856948853,1.6399999856948853,1.6399999856948853,0
2013-10-25,1.6399999856948853,1.6399999856948853,1.6399999856948853,1.6399999856948853,1.6399999856948853,0
2013-10-28,1.6399999856948853,1.6399999856948853,1.6399999856948853,1.6399999856948853,1.6399999856948853,0
2013-10-29,1.7200000286102295,1.7200000286102295,1.7200000286102295,1.7200000286102295,1.7200000286102295,300
2013-10-30,1.7200000286102295,1.7200000286102295,1.7200000286102295,1.7200000286102295,1.7200000286102295,0
2013-10-31,1.7200000286102295,1.7200000286102295,1.7200000286102295,1.7200000286102295,1.7200000286102295,0
2013-11-01,1.7200000286102295,1.7200000286102295,1.7200000286102295,1.7200000286102295,1.7200000286102295,0
2013-11-05,1.7200000286102295,1.7200000286102295,1.7200000286102295,1.7200000286102295,1.7200000286102295,0
2013-11-06,1.7200000286102295,1.7200000286102295,1.7200000286102295,1.7200000286102295,1.7200000286102295,0
2013-11-07,1.7200000286102295,1.7200000286102295,1.7200000286102295,1.7200000286102295,1.7200000286102295,0
2013-11-08,1.7200000286102295,1.7200000286102295,1.7200000286102295,1.7200000286102295,1.7200000286102295,0
2013-11-11,1.7200000286102295,1.7200000286102295,1.7200000286102295,1.7200000286102295,1.7200000286102295,0
2013-11-12,1.7200000286102295,1.7200000286102295,1.7200000286102295,1.7200000286102295,1.7200000286102295,0
2013-11-13,1.7200000286102295,1.7200000286102295,1.7200000286102295,1.7200000286102295,1.7200000286102295,0
2013-11-14,1.7200000286102295,1.7200000286102295,1.7200000286102295,1.7200000286102295,1.7200000286102295,0
2013-11-18,1.7200000286102295,1.7200000286102295,1.7200000286102295,1.7200000286102295,1.7200000286102295,0
2013-11-19,1.7200000286102295,1.7200000286102295,1.7200000286102295,1.7200000286102295,1.7200000286102295,0
2013-11-20,1.7200000286102295,1.7200000286102295,1.7200000286102295,1.7200000286102295,1.7200000286102295,0
2013-11-21,1.7200000286102295,1.7200000286102295,1.7200000286102295,1.7200000286102295,1.7200000286102295,0
2013-11-22,1.7200000286102295,1.7200000286102295,1.7200000286102295,1.7200000286102295,1.7200000286102295,0
2013-11-25,1.6399999856948853,1.6399999856948853,1.6399999856948853,1.6399999856948853,1.6399999856948853,1
2013-11-26,1.6399999856948853,1.6399999856948853,1.6399999856948853,1.6399999856948853,1.6399999856948853,0
2013-11-27,1.649999976158142,1.649999976158142,1.559999942779541,1.559999942779541,1.559999942779541,50
2013-11-28,1.559999942779541,1.559999942779541,1.559999942779541,1.559999942779541,1.559999942779541,0
2013-11-29,1.4900000095367432,1.5,1.4900000095367432,1.5,1.5,400
2013-12-02,1.5,1.5,1.5,1.5,1.5,100
2013-12-03,1.5,1.5,1.5,1.5,1.5,0
2013-12-04,1.5,1.5,1.5,1.5,1.5,0
2013-12-05,1.5,1.5,1.5,1.5,1.5,0
2013-12-06,1.5,1.5,1.5,1.5,1.5,0
2013-12-09,1.5,1.5,1.5,1.5,1.5,0
2013-12-10,1.5,1.5,1.5,1.5,1.5,0
2013-12-11,1.5,1.5,1.5,1.5,1.5,0
2013-12-12,1.5,1.5,1.5,1.5,1.5,0
2013-12-13,1.5,1.5,1.5,1.5,1.5,0
2013-12-16,1.5,1.5,1.5,1.5,1.5,0
2013-12-17,1.4299999475479126,1.440000057220459,1.4299999475479126,1.440000057220459,1.440000057220459,700
2013-12-18,1.440000057220459,1.440000057220459,1.440000057220459,1.440000057220459,1.440000057220459,0
2013-12-19,1.440000057220459,1.440000057220459,1.440000057220459,1.440000057220459,1.440000057220459,0
2013-12-20,1.440000057220459,1.440000057220459,1.440000057220459,1.440000057220459,1.440000057220459,0
2013-12-23,1.440000057220459,1.440000057220459,1.440000057220459,1.440000057220459,1.440000057220459,0
2013-12-24,1.440000057220459,1.440000057220459,1.440000057220459,1.440000057220459,1.440000057220459,0
2013-12-26,1.440000057220459,1.440000057220459,1.440000057220459,1.440000057220459,1.440000057220459,0
2013-12-27,1.440000057220459,1.440000057220459,1.440000057220459,1.440000057220459,1.440000057220459,0
2013-12-30,1.440000057220459,1.440000057220459,1.440000057220459,1.440000057220459,1.440000057220459,0
2013-12-31,1.440000057220459,1.440000057220459,1.440000057220459,1.440000057220459,1.440000057220459,0
2014-01-01,1.440000057220459,1.440000057220459,1.440000057220459,1.440000057220459,1.440000057220459,0
2014-01-02,1.4299999475479126,1.440000057220459,1.4299999475479126,1.440000057220459,1.440000057220459,700
2014-01-03,1.440000057220459,1.440000057220459,1.440000057220459,1.440000057220459,1.440000057220459,0
2014-01-06,1.5099999904632568,1.5099999904632568,1.5099999904632568,1.5099999904632568,1.5099999904632568,1100
2014-01-07,1.5099999904632568,1.5099999904632568,1.5099999904632568,1.5099999904632568,1.5099999904632568,0
2014-01-08,1.5800000429153442,1.5800000429153442,1.5800000429153442,1.5800000429153442,1.5800000429153442,100
2014-01-09,1.5800000429153442,1.5800000429153442,1.5800000429153442,1.5800000429153442,1.5800000429153442,0
2014-01-10,1.5800000429153442,1.5800000429153442,1.5800000429153442,1.5800000429153442,1.5800000429153442,300
2014-01-13,1.649999976158142,1.649999976158142,1.649999976158142,1.649999976158142,1.649999976158142,1
2014-01-14,1.649999976158142,1.649999976158142,1.649999976158142,1.649999976158142,1.649999976158142,0
2014-01-15,1.649999976158142,1.649999976158142,1.649999976158142,1.649999976158142,1.649999976158142,0
2014-01-16,1.7300000190734863,1.7300000190734863,1.7300000190734863,1.7300000190734863,1.7300000190734863,101
2014-01-17,1.809999942779541,1.809999942779541,1.809999942779541,1.809999942779541,1.809999942779541,1
2014-01-20,1.809999942779541,1.809999942779541,1.809999942779541,1.809999942779541,1.809999942779541,0
2014-01-21,1.7200000286102295,1.7200000286102295,1.7200000286102295,1.7200000286102295,1.7200000286102295,100
2014-01-22,1.7999999523162842,1.7999999523162842,1.7999999523162842,1.7999999523162842,1.7999999523162842,1
2014-01-23,1.8899999856948853,1.8899999856948853,1.8899999856948853,1.8899999856948853,1.8899999856948853,1
2014-01-24,1.9800000190734863,1.9800000190734863,1.9800000190734863,1.9800000190734863,1.9800000190734863,1
2014-01-27,2.0,2.069999933242798,2.0,2.069999933242798,2.069999933242798,400
2014-01-28,2.069999933242798,2.069999933242798,2.069999933242798,2.069999933242798,2.069999933242798,0
2014-01-29,2.1700000762939453,2.1700000762939453,2.1700000762939453,2.1700000762939453,2.1700000762939453,1000
2014-01-30,2.2699999809265137,2.2699999809265137,2.2699999809265137,2.2699999809265137,2.2699999809265137,1
2014-01-31,2.380000114440918,2.380000114440918,2.380000114440918,2.380000114440918,2.380000114440918,62
2014-02-03,2.490000009536743,2.490000009536743,2.490000009536743,2.490000009536743,2.490000009536743,767
2014-02-04,2.4100000858306885,2.4100000858306885,2.4100000858306885,2.4100000858306885,2.4100000858306885,5
2014-02-05,2.4100000858306885,2.4100000858306885,2.4000000953674316,2.4100000858306885,2.4100000858306885,2400
2014-02-06,2.5299999713897705,2.5299999713897705,2.5299999713897705,2.5299999713897705,2.5299999713897705,504
2014-02-07,2.5299999713897705,2.5299999713897705,2.5299999713897705,2.5299999713897705,2.5299999713897705,0
2014-02-10,2.5299999713897705,2.5299999713897705,2.5299999713897705,2.5299999713897705,2.5299999713897705,504
2014-02-11,2.5,2.5,2.5,2.5,2.5,500
2014-02-12,2.5,2.5,2.5,2.5,2.5,0
2014-02-13,2.619999885559082,2.619999885559082,2.619999885559082,2.619999885559082,2.619999885559082,6
2014-02-14,2.619999885559082,2.619999885559082,2.619999885559082,2.619999885559082,2.619999885559082,0
2014-02-17,2.619999885559082,2.619999885559082,2.619999885559082,2.619999885559082,2.619999885559082,0
2014-02-18,2.75,2.75,2.619999885559082,2.619999885559082,2.619999885559082,234
2014-02-19,2.619999885559082,2.619999885559082,2.619999885559082,2.619999885559082,2.619999885559082,0
2014-02-20,2.619999885559082,2.619999885559082,2.619999885559082,2.619999885559082,2.619999885559082,0
2014-02-21,2.619999885559082,2.619999885559082,2.619999885559082,2.619999885559082,2.619999885559082,0
2014-02-24,2.619999885559082,2.619999885559082,2.619999885559082,2.619999885559082,2.619999885559082,0
2014-02-25,2.619999885559082,2.619999885559082,2.619999885559082,2.619999885559082,2.619999885559082,0
2014-02-26,2.619999885559082,2.619999885559082,2.619999885559082,2.619999885559082,2.619999885559082,0
2014-02-28,2.619999885559082,2.619999885559082,2.619999885559082,2.619999885559082,2.619999885559082,0
2014-03-03,2.619999885559082,2.619999885559082,2.619999885559082,2.619999885559082,2.619999885559082,0
2014-03-04,2.619999885559082,2.619999885559082,2.619999885559082,2.619999885559082,2.619999885559082,300
2014-03-05,2.619999885559082,2.619999885559082,2.619999885559082,2.619999885559082,2.619999885559082,0
2014-03-06,2.619999885559082,2.619999885559082,2.619999885559082,2.619999885559082,2.619999885559082,0
2014-03-07,2.75,2.75,2.75,2.75,2.75,588
2014-03-10,2.880000114440918,2.880000114440918,2.880000114440918,2.880000114440918,2.880000114440918,100
2014-03-11,3.0199999809265137,3.0199999809265137,2.950000047683716,2.950000047683716,2.950000047683716,1896
2014-03-12,3.0899999141693115,3.0899999141693115,3.0899999141693115,3.0899999141693115,3.0899999141693115,510
2014-03-13,3.240000009536743,3.240000009536743,3.240000009536743,3.240000009536743,3.240000009536743,500
2014-03-14,3.4000000953674316,3.4000000953674316,3.4000000953674316,3.4000000953674316,3.4000000953674316,500
2014-03-18,3.569999933242798,3.569999933242798,3.240000009536743,3.569999933242798,3.569999933242798,608
2014-03-19,3.569999933242798,3.569999933242798,3.569999933242798,3.569999933242798,3.569999933242798,0
2014-03-20,3.740000009536743,3.740000009536743,3.740000009536743,3.740000009536743,3.740000009536743,500
2014-03-21,3.9200000762939453,3.9200000762939453,3.9200000762939453,3.9200000762939453,3.9200000762939453,100
2014-03-24,3.9200000762939453,3.9200000762939453,3.9200000762939453,3.9200000762939453,3.9200000762939453,0
2014-03-25,4.070000171661377,4.070000171661377,4.070000171661377,4.070000171661377,4.070000171661377,20
2014-03-26,4.070000171661377,4.070000171661377,4.070000171661377,4.070000171661377,4.070000171661377,0
2014-03-27,4.070000171661377,4.070000171661377,4.070000171661377,4.070000171661377,4.070000171661377,0
2014-03-28,4.25,4.269999980926514,4.0,4.269999980926514,4.269999980926514,130
2014-03-31,4.269999980926514,4.269999980926514,4.269999980926514,4.269999980926514,4.269999980926514,0
2014-04-01,4.480000019073486,4.480000019073486,4.480000019073486,4.480000019073486,4.480000019073486,5
2014-04-02,4.480000019073486,4.480000019073486,4.480000019073486,4.480000019073486,4.480000019073486,0
2014-04-03,4.480000019073486,4.480000019073486,4.480000019073486,4.480000019073486,4.480000019073486,0
2014-04-04,4.480000019073486,4.480000019073486,4.480000019073486,4.480000019073486,4.480000019073486,5
2014-04-07,4.480000019073486,4.480000019073486,4.480000019073486,4.480000019073486,4.480000019073486,0
2014-04-09,4.480000019073486,4.480000019073486,4.480000019073486,4.480000019073486,4.480000019073486,0
2014-04-10,4.480000019073486,4.480000019073486,4.480000019073486,4.480000019073486,4.480000019073486,0
2014-04-11,4.480000019073486,4.480000019073486,4.480000019073486,4.480000019073486,4.480000019073486,0
2014-04-15,4.480000019073486,4.480000019073486,4.480000019073486,4.480000019073486,4.480000019073486,0
2014-04-16,4.480000019073486,4.480000019073486,4.480000019073486,4.480000019073486,4.480000019073486,0
2014-04-17,4.909999847412109,4.909999847412109,4.460000038146973,4.460000038146973,4.460000038146973,70
2014-04-21,4.460000038146973,4.460000038146973,4.460000038146973,4.460000038146973,4.460000038146973,0
2014-04-22,4.460000038146973,4.460000038146973,4.460000038146973,4.460000038146973,4.460000038146973,0
2014-04-23,4.460000038146973,4.460000038146973,4.460000038146973,4.460000038146973,4.460000038146973,0
2014-04-24,4.460000038146973,4.460000038146973,4.460000038146973,4.460000038146973,4.460000038146973,0
2014-04-25,4.460000038146973,4.460000038146973,4.460000038146973,4.460000038146973,4.460000038146973,0
2014-04-28,4.460000038146973,4.460000038146973,4.460000038146973,4.460000038146973,4.460000038146973,0
2014-04-29,4.460000038146973,4.460000038146973,4.460000038146973,4.460000038146973,4.460000038146973,0
2014-04-30,4.670000076293945,4.670000076293945,4.670000076293945,4.670000076293945,4.670000076293945,15
2014-05-02,4.670000076293945,4.670000076293945,4.670000076293945,4.670000076293945,4.670000076293945,15
2014-05-05,4.900000095367432,4.900000095367432,4.900000095367432,4.900000095367432,4.900000095367432,50
2014-05-06,4.900000095367432,4.900000095367432,4.900000095367432,4.900000095367432,4.900000095367432,0
2014-05-07,5.130000114440918,5.130000114440918,5.130000114440918,5.130000114440918,5.130000114440918,50
2014-05-08,5.130000114440918,5.130000114440918,5.130000114440918,5.130000114440918,5.130000114440918,0
2014-05-09,5.130000114440918,5.130000114440918,5.130000114440918,5.130000114440918,5.130000114440918,0
2014-05-12,5.130000114440918,5.130000114440918,5.130000114440918,5.130000114440918,5.130000114440918,0
2014-05-13,5.130000114440918,5.130000114440918,5.130000114440918,5.130000114440918,5.130000114440918,0
2014-05-14,5.380000114440918,5.380000114440918,4.880000114440918,4.880000114440918,4.880000114440918,60
2014-05-15,4.880000114440918,4.880000114440918,4.880000114440918,4.880000114440918,4.880000114440918,0
2014-05-16,4.880000114440918,4.880000114440918,4.880000114440918,4.880000114440918,4.880000114440918,0
2014-05-19,4.880000114440918,4.880000114440918,4.880000114440918,4.880000114440918,4.880000114440918,0
2014-05-20,4.880000114440918,4.880000114440918,4.880000114440918,4.880000114440918,4.880000114440918,0
2014-05-21,4.880000114440918,4.880000114440918,4.880000114440918,4.880000114440918,4.880000114440918,0
2014-05-22,4.880000114440918,4.880000114440918,4.880000114440918,4.880000114440918,4.880000114440918,0
2014-05-23,4.880000114440918,4.880000114440918,4.880000114440918,4.880000114440918,4.880000114440918,0
2014-05-26,4.880000114440918,4.880000114440918,4.880000114440918,4.880000114440918,4.880000114440918,0
2014-05-27,4.880000114440918,4.880000114440918,4.880000114440918,4.880000114440918,4.880000114440918,0
2014-05-28,4.880000114440918,4.880000114440918,4.880000114440918,4.880000114440918,4.880000114440918,0
2014-05-29,4.880000114440918,4.880000114440918,4.880000114440918,4.880000114440918,4.880000114440918,0
2014-05-30,4.880000114440918,4.880000114440918,4.880000114440918,4.880000114440918,4.880000114440918,0
2014-06-02,4.880000114440918,4.880000114440918,4.880000114440918,4.880000114440918,4.880000114440918,0
2014-06-03,4.880000114440918,4.880000114440918,4.880000114440918,4.880000114440918,4.880000114440918,0
2014-06-04,4.880000114440918,4.880000114440918,4.880000114440918,4.880000114440918,4.880000114440918,0
2014-06-05,4.880000114440918,4.880000114440918,4.880000114440918,4.880000114440918,4.880000114440918,0
2014-06-06,4.880000114440918,4.880000114440918,4.880000114440918,4.880000114440918,4.880000114440918,0
2014-06-09,4.880000114440918,4.880000114440918,4.880000114440918,4.880000114440918,4.880000114440918,0
2014-06-10,4.880000114440918,4.880000114440918,4.880000114440918,4.880000114440918,4.880000114440918,0
2014-06-11,4.880000114440918,4.880000114440918,4.880000114440918,4.880000114440918,4.880000114440918,0
2014-06-12,4.880000114440918,4.880000114440918,4.880000114440918,4.880000114440918,4.880000114440918,0
2014-06-13,4.880000114440918,4.880000114440918,4.880000114440918,4.880000114440918,4.880000114440918,0
2014-06-16,4.880000114440918,4.880000114440918,4.880000114440918,4.880000114440918,4.880000114440918,0
2014-06-17,4.880000114440918,4.880000114440918,4.880000114440918,4.880000114440918,4.880000114440918,0
2014-06-18,4.880000114440918,4.880000114440918,4.880000114440918,4.880000114440918,4.880000114440918,0
2014-06-19,4.880000114440918,4.880000114440918,4.880000114440918,4.880000114440918,4.880000114440918,0
2014-06-20,4.880000114440918,4.880000114440918,4.880000114440918,4.880000114440918,4.880000114440918,0
2014-06-23,4.880000114440918,4.880000114440918,4.880000114440918,4.880000114440918,4.880000114440918,0
2014-06-24,4.880000114440918,4.880000114440918,4.880000114440918,4.880000114440918,4.880000114440918,0
2014-06-25,4.880000114440918,4.880000114440918,4.880000114440918,4.880000114440918,4.880000114440918,0
2014-06-26,4.880000114440918,4.880000114440918,4.880000114440918,4.880000114440918,4.880000114440918,0
2014-06-27,4.880000114440918,4.880000114440918,4.880000114440918,4.880000114440918,4.880000114440918,0
2014-06-30,4.880000114440918,4.880000114440918,4.880000114440918,4.880000114440918,4.880000114440918,0
2014-07-01,4.880000114440918,4.880000114440918,4.880000114440918,4.880000114440918,4.880000114440918,0
2014-07-02,4.880000114440918,4.880000114440918,4.880000114440918,4.880000114440918,4.880000114440918,0
2014-07-03,4.639999866485596,4.639999866485596,4.639999866485596,4.639999866485596,4.639999866485596,1
2014-07-04,4.409999847412109,4.409999847412109,4.409999847412109,4.409999847412109,4.409999847412109,1
2014-07-07,4.190000057220459,4.190000057220459,4.190000057220459,4.190000057220459,4.190000057220459,506
2014-07-08,3.990000009536743,4.0,3.990000009536743,3.990000009536743,3.990000009536743,5711
2014-07-09,4.0,4.0,3.9000000953674316,3.9000000953674316,3.9000000953674316,1300
2014-07-10,3.9000000953674316,3.9000000953674316,3.7100000381469727,3.9000000953674316,3.9000000953674316,3026
2014-07-11,3.890000104904175,4.090000152587891,3.7100000381469727,4.090000152587891,4.090000152587891,3799
2014-07-14,4.289999961853027,4.289999961853027,4.099999904632568,4.099999904632568,4.099999904632568,1001
2014-07-15,3.9000000953674316,3.9000000953674316,3.9000000953674316,3.9000000953674316,3.9000000953674316,1
2014-07-16,3.950000047683716,3.950000047683716,3.7100000381469727,3.7100000381469727,3.7100000381469727,3
2014-07-17,3.5299999713897705,3.5299999713897705,3.5299999713897705,3.5299999713897705,3.5299999713897705,1
2014-07-18,3.369999885559082,3.369999885559082,3.369999885559082,3.369999885559082,3.369999885559082,101
2014-07-21,3.369999885559082,3.369999885559082,3.369999885559082,3.369999885559082,3.369999885559082,0
2014-07-22,3.2100000381469727,3.4000000953674316,3.2100000381469727,3.4000000953674316,3.4000000953674316,1600
2014-07-23,3.569999933242798,3.569999933242798,3.569999933242798,3.569999933242798,3.569999933242798,200
2014-07-24,3.740000009536743,3.740000009536743,3.740000009536743,3.740000009536743,3.740000009536743,260
2014-07-25,3.740000009536743,3.740000009536743,3.740000009536743,3.740000009536743,3.740000009536743,0
2014-07-28,3.740000009536743,3.740000009536743,3.740000009536743,3.740000009536743,3.740000009536743,0
2014-07-30,3.9000000953674316,3.9000000953674316,3.9000000953674316,3.9000000953674316,3.9000000953674316,400
2014-07-31,4.090000152587891,4.090000152587891,4.090000152587891,4.090000152587891,4.090000152587891,718
2014-08-01,4.289999961853027,4.289999961853027,4.289999961853027,4.289999961853027,4.289999961853027,500
2014-08-04,4.289999961853027,4.289999961853027,4.079999923706055,4.079999923706055,4.079999923706055,96
2014-08-05,4.28000020980835,4.28000020980835,4.28000020980835,4.28000020980835,4.28000020980835,150
2014-08-06,4.28000020980835,4.28000020980835,4.28000020980835,4.28000020980835,4.28000020980835,0
2014-08-07,4.300000190734863,4.300000190734863,4.300000190734863,4.300000190734863,4.300000190734863,384
2014-08-08,4.170000076293945,4.170000076293945,4.170000076293945,4.170000076293945,4.170000076293945,1
2014-08-11,4.170000076293945,4.170000076293945,4.170000076293945,4.170000076293945,4.170000076293945,0
2014-08-12,4.0,4.0,4.0,4.0,4.0,313
2014-08-13,4.0,4.0,4.0,4.0,4.0,0
2014-08-14,3.9800000190734863,4.0,3.9800000190734863,3.990000009536743,3.990000009536743,502
2014-08-18,3.950000047683716,4.0,3.950000047683716,4.0,4.0,401
2014-08-19,4.199999809265137,4.199999809265137,4.199999809265137,4.199999809265137,4.199999809265137,706
2014-08-20,4.199999809265137,4.199999809265137,3.990000009536743,3.990000009536743,3.990000009536743,1400
2014-08-21,4.0,4.0,4.0,4.0,4.0,300
2014-08-22,4.199999809265137,4.199999809265137,4.199999809265137,4.199999809265137,4.199999809265137,500
2014-08-25,4.099999904632568,4.099999904632568,4.099999904632568,4.099999904632568,4.099999904632568,1081
2014-08-26,4.099999904632568,4.099999904632568,4.099999904632568,4.099999904632568,4.099999904632568,500
2014-08-27,4.300000190734863,4.300000190734863,4.150000095367432,4.300000190734863,4.300000190734863,1186
2014-08-28,4.300000190734863,4.510000228881836,4.300000190734863,4.510000228881836,4.510000228881836,950
2014-09-01,4.289999961853027,4.730000019073486,4.289999961853027,4.730000019073486,4.730000019073486,2773
2014-09-02,4.960000038146973,4.960000038146973,4.960000038146973,4.960000038146973,4.960000038146973,1946
2014-09-03,5.199999809265137,5.199999809265137,5.199999809265137,5.199999809265137,5.199999809265137,1000
2014-09-04,5.449999809265137,5.460000038146973,5.150000095367432,5.460000038146973,5.460000038146973,6277
2014-09-05,5.730000019073486,5.730000019073486,5.730000019073486,5.730000019073486,5.730000019073486,1500
2014-09-08,6.010000228881836,6.010000228881836,6.010000228881836,6.010000228881836,6.010000228881836,999
2014-09-09,6.309999942779541,6.309999942779541,6.309999942779541,6.309999942779541,6.309999942779541,2331
2014-09-10,6.0,6.619999885559082,6.0,6.25,6.25,1988
2014-09-11,5.949999809265137,6.559999942779541,5.949999809265137,6.010000228881836,6.010000228881836,4134
2014-09-12,6.010000228881836,6.309999942779541,6.010000228881836,6.309999942779541,6.309999942779541,510
2014-09-15,6.5,6.5,6.5,6.5,6.5,600
2014-09-16,6.5,6.5,6.5,6.5,6.5,0
2014-09-17,6.5,6.5,6.5,6.5,6.5,0
2014-09-18,6.820000171661377,6.820000171661377,6.179999828338623,6.809999942779541,6.809999942779541,996
2014-09-19,6.809999942779541,6.809999942779541,6.809999942779541,6.809999942779541,6.809999942779541,0
2014-09-22,6.809999942779541,6.809999942779541,6.809999942779541,6.809999942779541,6.809999942779541,0
2014-09-23,7.150000095367432,7.150000095367432,7.150000095367432,7.150000095367432,7.150000095367432,101
2014-09-24,7.150000095367432,7.150000095367432,7.150000095367432,7.150000095367432,7.150000095367432,0
2014-09-25,7.150000095367432,7.150000095367432,7.150000095367432,7.150000095367432,7.150000095367432,0
2014-09-26,6.900000095367432,6.900000095367432,6.900000095367432,6.900000095367432,6.900000095367432,100
2014-09-29,6.900000095367432,6.900000095367432,6.900000095367432,6.900000095367432,6.900000095367432,0
2014-09-30,6.559999942779541,6.559999942779541,6.559999942779541,6.559999942779541,6.559999942779541,1025
2014-10-01,6.559999942779541,6.559999942779541,6.559999942779541,6.559999942779541,6.559999942779541,0
2014-10-07,6.559999942779541,6.559999942779541,6.559999942779541,6.559999942779541,6.559999942779541,0
2014-10-08,6.559999942779541,6.559999942779541,6.559999942779541,6.559999942779541,6.559999942779541,0
2014-10-09,6.239999771118164,6.559999942779541,6.239999771118164,6.559999942779541,6.559999942779541,1581
2014-10-10,6.239999771118164,6.239999771118164,6.239999771118164,6.239999771118164,6.239999771118164,5
2014-10-13,6.0,6.0,6.0,6.0,6.0,5
2014-10-14,6.0,6.0,6.0,6.0,6.0,0
2014-10-15,6.0,6.0,6.0,6.0,6.0,0
2014-10-16,6.0,6.0,6.0,6.0,6.0,25
2014-10-17,5.699999809265137,5.699999809265137,5.699999809265137,5.699999809265137,5.699999809265137,50
2014-10-20,5.949999809265137,5.949999809265137,5.949999809265137,5.949999809265137,5.949999809265137,400
2014-10-21,5.699999809265137,5.699999809265137,5.699999809265137,5.699999809265137,5.699999809265137,10
2014-10-22,5.519999980926514,5.519999980926514,5.519999980926514,5.519999980926514,5.519999980926514,5
2014-10-27,5.25,5.25,5.25,5.25,5.25,100
2014-10-28,5.0,5.510000228881836,5.0,5.269999980926514,5.269999980926514,870
2014-10-29,5.300000190734863,5.5,5.300000190734863,5.5,5.5,636
2014-10-30,5.300000190734863,5.699999809265137,5.300000190734863,5.699999809265137,5.699999809265137,401
2014-10-31,5.420000076293945,5.980000019073486,5.420000076293945,5.5,5.5,1490
2014-11-03,5.230000019073486,5.230000019073486,5.230000019073486,5.230000019073486,5.230000019073486,51
2014-11-05,5.050000190734863,5.480000019073486,5.050000190734863,5.480000019073486,5.480000019073486,300
2014-11-07,5.550000190734863,5.550000190734863,5.25,5.25,5.25,100
2014-11-10,4.989999771118164,4.989999771118164,4.989999771118164,4.989999771118164,4.989999771118164,349
2014-11-11,4.989999771118164,4.989999771118164,4.989999771118164,4.989999771118164,4.989999771118164,300
2014-11-12,4.989999771118164,4.989999771118164,4.989999771118164,4.989999771118164,4.989999771118164,0
2014-11-13,4.800000190734863,4.800000190734863,4.800000190734863,4.800000190734863,4.800000190734863,100
2014-11-14,4.800000190734863,4.800000190734863,4.800000190734863,4.800000190734863,4.800000190734863,0
2014-11-17,4.800000190734863,4.800000190734863,4.800000190734863,4.800000190734863,4.800000190734863,0
2014-11-18,5.039999961853027,5.039999961853027,5.039999961853027,5.039999961853027,5.039999961853027,890
2014-11-19,5.289999961853027,5.289999961853027,5.199999809265137,5.199999809265137,5.199999809265137,2095
2014-11-20,5.199999809265137,5.199999809265137,5.199999809265137,5.199999809265137,5.199999809265137,0
2014-11-21,5.449999809265137,5.449999809265137,5.21999979019165,5.340000152587891,5.340000152587891,400
2014-11-24,5.079999923706055,5.079999923706055,5.079999923706055,5.079999923706055,5.079999923706055,198
2014-11-25,4.849999904632568,4.849999904632568,4.849999904632568,4.849999904632568,4.849999904632568,100
2014-11-26,4.849999904632568,4.849999904632568,4.849999904632568,4.849999904632568,4.849999904632568,0
2014-11-27,4.849999904632568,4.849999904632568,4.849999904632568,4.849999904632568,4.849999904632568,0
2014-11-28,4.610000133514404,4.610000133514404,4.610000133514404,4.610000133514404,4.610000133514404,265
2014-12-01,4.800000190734863,4.800000190734863,4.800000190734863,4.800000190734863,4.800000190734863,200
2014-12-02,5.0,5.0,5.0,5.0,5.0,100
2014-12-03,5.25,5.25,5.25,5.25,5.25,103
2014-12-04,5.010000228881836,5.5,5.010000228881836,5.010000228881836,5.010000228881836,702
2014-12-05,5.0,5.0,5.0,5.0,5.0,22
2014-12-08,4.800000190734863,4.800000190734863,4.800000190734863,4.800000190734863,4.800000190734863,278
2014-12-09,4.619999885559082,4.619999885559082,4.619999885559082,4.619999885559082,4.619999885559082,100
2014-12-10,4.650000095367432,4.650000095367432,4.650000095367432,4.650000095367432,4.650000095367432,100
2014-12-11,4.880000114440918,4.880000114440918,4.880000114440918,4.880000114440918,4.880000114440918,50
2014-12-12,4.880000114440918,4.880000114440918,4.880000114440918,4.880000114440918,4.880000114440918,0
2014-12-15,4.989999771118164,4.989999771118164,4.989999771118164,4.989999771118164,4.989999771118164,7
2014-12-16,5.230000019073486,5.230000019073486,5.099999904632568,5.230000019073486,5.230000019073486,598
2014-12-17,5.489999771118164,5.489999771118164,5.199999809265137,5.199999809265137,5.199999809265137,833
2014-12-18,5.199999809265137,5.199999809265137,5.199999809265137,5.199999809265137,5.199999809265137,500
2014-12-19,5.099999904632568,5.25,5.099999904632568,5.25,5.25,3583
2014-12-22,5.25,5.25,5.25,5.25,5.25,0
2014-12-23,5.25,5.25,5.25,5.25,5.25,0
2014-12-24,5.25,5.25,5.25,5.25,5.25,0
2014-12-26,5.050000190734863,5.050000190734863,5.0,5.0,5.0,200
2014-12-29,5.0,5.0,4.800000190734863,4.800000190734863,4.800000190734863,200
2014-12-30,5.0,5.0,5.0,5.0,5.0,660
2014-12-31,4.75,4.75,4.75,4.75,4.75,500
2015-01-01,4.710000038146973,4.980000019073486,4.699999809265137,4.980000019073486,4.980000019073486,1001
2015-01-02,4.980000019073486,4.980000019073486,4.980000019073486,4.980000019073486,4.980000019073486,0
2015-01-05,5.199999809265137,5.199999809265137,5.199999809265137,5.199999809265137,5.199999809265137,40
2015-01-06,5.199999809265137,5.199999809265137,5.199999809265137,5.199999809265137,5.199999809265137,0
2015-01-07,5.199999809265137,5.199999809265137,5.199999809265137,5.199999809265137,5.199999809265137,0
2015-01-08,5.199999809265137,5.199999809265137,5.199999809265137,5.199999809265137,5.199999809265137,0
2015-01-09,5.460000038146973,5.460000038146973,5.25,5.25,5.25,563
2015-01-12,5.510000228881836,5.510000228881836,5.510000228881836,5.510000228881836,5.510000228881836,1197
2015-01-13,5.510000228881836,5.510000228881836,5.510000228881836,5.510000228881836,5.510000228881836,0
2015-01-14,5.5,5.78000020980835,5.25,5.78000020980835,5.78000020980835,700
2015-01-15,6.059999942779541,6.059999942779541,6.059999942779541,6.059999942779541,6.059999942779541,606
2015-01-16,6.360000133514404,6.360000133514404,6.360000133514404,6.360000133514404,6.360000133514404,100
2015-01-19,6.670000076293945,6.670000076293945,6.670000076293945,6.670000076293945,6.670000076293945,9202
2015-01-20,7.0,7.0,7.0,7.0,7.0,1200
2015-01-21,7.349999904632568,7.349999904632568,7.349999904632568,7.349999904632568,7.349999904632568,905
2015-01-22,7.710000038146973,7.710000038146973,7.710000038146973,7.710000038146973,7.710000038146973,1904
2015-01-23,8.09000015258789,8.09000015258789,8.09000015258789,8.09000015258789,8.09000015258789,441
2015-01-27,8.489999771118164,8.489999771118164,8.489999771118164,8.489999771118164,8.489999771118164,200
2015-01-28,8.90999984741211,8.90999984741211,8.90999984741211,8.90999984741211,8.90999984741211,7187
2015-01-29,9.350000381469727,9.350000381469727,9.350000381469727,9.350000381469727,9.350000381469727,3700
2015-01-30,9.8100004196167,9.8100004196167,9.8100004196167,9.8100004196167,9.8100004196167,2759
2015-02-02,10.0,10.0,10.0,10.0,10.0,2417
2015-02-03,10.199999809265137,10.199999809265137,10.199999809265137,10.199999809265137,10.199999809265137,2795
2015-02-04,10.399999618530273,10.399999618530273,10.399999618530273,10.399999618530273,10.399999618530273,1100
2015-02-05,10.600000381469727,10.600000381469727,10.600000381469727,10.600000381469727,10.600000381469727,4200
2015-02-06,10.8100004196167,10.8100004196167,10.8100004196167,10.8100004196167,10.8100004196167,803
2015-02-09,11.020000457763672,11.020000457763672,11.020000457763672,11.020000457763672,11.020000457763672,750
2015-02-10,11.239999771118164,11.239999771118164,11.239999771118164,11.239999771118164,11.239999771118164,1295
2015-02-11,11.460000038146973,11.460000038146973,11.460000038146973,11.460000038146973,11.460000038146973,975
2015-02-12,11.680000305175781,11.680000305175781,11.680000305175781,11.680000305175781,11.680000305175781,746
2015-02-13,11.90999984741211,11.90999984741211,11.90999984741211,11.90999984741211,11.90999984741211,1000
2015-02-16,12.140000343322754,12.140000343322754,12.140000343322754,12.140000343322754,12.140000343322754,600
2015-02-18,12.380000114440918,12.380000114440918,12.380000114440918,12.380000114440918,12.380000114440918,639
2015-02-19,12.619999885559082,12.619999885559082,12.619999885559082,12.619999885559082,12.619999885559082,650
2015-02-20,12.869999885559082,12.869999885559082,12.869999885559082,12.869999885559082,12.869999885559082,1430
2015-02-23,13.119999885559082,13.119999885559082,13.119999885559082,13.119999885559082,13.119999885559082,140
2015-02-24,13.380000114440918,13.380000114440918,12.859999656677246,12.859999656677246,12.859999656677246,8504
2015-02-25,12.859999656677246,12.859999656677246,12.859999656677246,12.859999656677246,12.859999656677246,0
2015-02-26,12.609999656677246,13.109999656677246,12.609999656677246,12.609999656677246,12.609999656677246,12539
2015-02-27,12.850000381469727,12.859999656677246,12.5,12.859999656677246,12.859999656677246,1599
2015-03-02,12.859999656677246,13.109999656677246,12.609999656677246,12.609999656677246,12.609999656677246,1551
2015-03-03,12.359999656677246,12.859999656677246,12.359999656677246,12.779999732971191,12.779999732971191,6249
2015-03-04,12.539999961853027,12.539999961853027,12.539999961853027,12.539999961853027,12.539999961853027,600
2015-03-05,12.539999961853027,12.539999961853027,12.289999961853027,12.289999961853027,12.289999961853027,600
2015-03-09,12.09000015258789,12.09000015258789,12.050000190734863,12.050000190734863,12.050000190734863,2100
2015-03-10,11.8100004196167,11.8100004196167,11.8100004196167,11.8100004196167,11.8100004196167,1500
2015-03-11,11.800000190734863,11.800000190734863,11.579999923706055,11.579999923706055,11.579999923706055,1900
2015-03-12,11.350000381469727,11.350000381469727,11.350000381469727,11.350000381469727,11.350000381469727,500
2015-03-13,11.350000381469727,11.350000381469727,11.350000381469727,11.350000381469727,11.350000381469727,0
2015-03-16,11.350000381469727,11.350000381469727,11.350000381469727,11.350000381469727,11.350000381469727,1000
2015-03-17,11.130000114440918,11.130000114440918,11.130000114440918,11.130000114440918,11.130000114440918,300
2015-03-18,11.0,11.0,10.90999984741211,10.90999984741211,10.90999984741211,250
2015-03-19,10.699999809265137,10.699999809265137,10.699999809265137,10.699999809265137,10.699999809265137,100
2015-03-20,10.699999809265137,10.699999809265137,10.699999809265137,10.699999809265137,10.699999809265137,0
2015-03-23,10.489999771118164,10.899999618530273,10.489999771118164,10.899999618530273,10.899999618530273,11
2015-03-24,10.899999618530273,10.899999618530273,10.899999618530273,10.899999618530273,10.899999618530273,0
2015-03-25,10.6899995803833,10.6899995803833,10.6899995803833,10.6899995803833,10.6899995803833,5
2015-03-26,10.6899995803833,10.6899995803833,10.6899995803833,10.6899995803833,10.6899995803833,0
2015-03-27,10.6899995803833,10.6899995803833,10.6899995803833,10.6899995803833,10.6899995803833,0
2015-03-30,10.6899995803833,10.6899995803833,10.6899995803833,10.6899995803833,10.6899995803833,0
2015-03-31,10.6899995803833,10.6899995803833,10.6899995803833,10.6899995803833,10.6899995803833,0
2015-04-01,10.899999618530273,10.899999618530273,10.899999618530273,10.899999618530273,10.899999618530273,1
2015-04-06,10.6899995803833,10.6899995803833,10.6899995803833,10.6899995803833,10.6899995803833,374
2015-04-07,10.15999984741211,11.0,10.15999984741211,10.15999984741211,10.15999984741211,751
2015-04-08,9.65999984741211,9.65999984741211,9.65999984741211,9.65999984741211,9.65999984741211,350
2015-04-09,9.270000457763672,9.600000381469727,9.270000457763672,9.600000381469727,9.600000381469727,600
2015-04-10,9.600000381469727,9.600000381469727,9.600000381469727,9.600000381469727,9.600000381469727,0
2015-04-13,9.600000381469727,9.600000381469727,9.600000381469727,9.600000381469727,9.600000381469727,0
2015-04-15,9.180000305175781,10.079999923706055,9.180000305175781,10.079999923706055,10.079999923706055,1522
2015-04-16,10.0,10.579999923706055,10.0,10.399999618530273,10.399999618530273,1531
2015-04-17,10.399999618530273,10.399999618530273,10.399999618530273,10.399999618530273,10.399999618530273,0
2015-04-20,10.399999618530273,10.399999618530273,10.399999618530273,10.399999618530273,10.399999618530273,0
2015-04-21,10.399999618530273,10.399999618530273,10.399999618530273,10.399999618530273,10.399999618530273,0
2015-04-22,9.930000305175781,9.930000305175781,9.930000305175781,9.930000305175781,9.930000305175781,1295
2015-04-23,9.460000038146973,9.460000038146973,9.460000038146973,9.460000038146973,9.460000038146973,200
2015-04-24,9.5,9.5,8.989999771118164,8.989999771118164,8.989999771118164,700
2015-04-27,8.989999771118164,8.989999771118164,8.989999771118164,8.989999771118164,8.989999771118164,13
2015-04-28,8.550000190734863,8.550000190734863,8.550000190734863,8.550000190734863,8.550000190734863,300
2015-04-29,8.289999961853027,8.289999961853027,8.289999961853027,8.289999961853027,8.289999961853027,20
2015-04-30,7.880000114440918,7.880000114440918,7.880000114440918,7.880000114440918,7.880000114440918,100
2015-05-04,7.5,7.5,7.5,7.5,7.5,139
2015-05-05,7.139999866485596,7.869999885559082,7.139999866485596,7.869999885559082,7.869999885559082,1254
2015-05-06,7.869999885559082,7.869999885559082,7.869999885559082,7.869999885559082,7.869999885559082,0
2015-05-07,7.869999885559082,7.869999885559082,7.869999885559082,7.869999885559082,7.869999885559082,0
2015-05-08,7.590000152587891,7.590000152587891,7.590000152587891,7.590000152587891,7.590000152587891,100
2015-05-11,7.590000152587891,7.590000152587891,7.590000152587891,7.590000152587891,7.590000152587891,0
2015-05-12,7.5,7.960000038146973,7.230000019073486,7.960000038146973,7.960000038146973,500
2015-05-13,7.960000038146973,7.960000038146973,7.960000038146973,7.960000038146973,7.960000038146973,50
2015-05-14,7.960000038146973,7.960000038146973,7.960000038146973,7.960000038146973,7.960000038146973,0
2015-05-15,7.960000038146973,7.960000038146973,7.960000038146973,7.960000038146973,7.960000038146973,0
2015-05-18,7.960000038146973,7.960000038146973,7.960000038146973,7.960000038146973,7.960000038146973,0
2015-05-19,8.350000381469727,8.350000381469727,7.599999904632568,7.599999904632568,7.599999904632568,400
2015-05-20,7.599999904632568,7.599999904632568,7.599999904632568,7.599999904632568,7.599999904632568,0
2015-05-21,7.769999980926514,7.769999980926514,7.75,7.75,7.75,800
2015-05-22,8.130000114440918,8.130000114440918,8.130000114440918,8.130000114440918,8.130000114440918,399
2015-05-25,8.039999961853027,8.039999961853027,8.039999961853027,8.039999961853027,8.039999961853027,300
2015-05-26,8.399999618530273,8.4399995803833,8.399999618530273,8.4399995803833,8.4399995803833,1000
2015-05-27,8.4399995803833,8.4399995803833,8.4399995803833,8.4399995803833,8.4399995803833,0
2015-05-28,8.600000381469727,8.859999656677246,8.5,8.5,8.5,1250
2015-05-29,8.5,8.920000076293945,8.5,8.920000076293945,8.920000076293945,912
2015-06-01,8.489999771118164,9.359999656677246,8.489999771118164,9.25,9.25,700
2015-06-02,9.5,9.710000038146973,9.5,9.710000038146973,9.710000038146973,277
2015-06-03,9.300000190734863,10.149999618530273,9.25,10.149999618530273,10.149999618530273,1535
2015-06-04,9.649999618530273,10.0,9.649999618530273,10.0,10.0,1300
2015-06-05,10.5,10.5,10.5,10.5,10.5,200
2015-06-08,9.989999771118164,9.989999771118164,9.989999771118164,9.989999771118164,9.989999771118164,200
2015-06-09,9.5,10.479999542236328,9.5,10.479999542236328,10.479999542236328,239
2015-06-10,9.960000038146973,10.399999618530273,9.960000038146973,10.390000343322754,10.390000343322754,900
2015-06-11,10.390000343322754,10.390000343322754,10.390000343322754,10.390000343322754,10.390000343322754,0
2015-06-12,9.930000305175781,9.930000305175781,9.930000305175781,9.930000305175781,9.930000305175781,298
2015-06-15,9.930000305175781,9.930000305175781,9.930000305175781,9.930000305175781,9.930000305175781,0
2015-06-16,9.5,9.5,9.449999809265137,9.479999542236328,9.479999542236328,2300
2015-06-17,9.029999732971191,9.029999732971191,9.029999732971191,9.029999732971191,9.029999732971191,1395
2015-06-18,9.300000190734863,9.300000190734863,8.670000076293945,8.760000228881836,8.760000228881836,336
2015-06-19,8.800000190734863,8.800000190734863,8.800000190734863,8.800000190734863,8.800000190734863,1000
2015-06-22,8.800000190734863,8.800000190734863,8.800000190734863,8.800000190734863,8.800000190734863,0
2015-06-23,8.800000190734863,8.800000190734863,8.800000190734863,8.800000190734863,8.800000190734863,0
2015-06-24,8.75,8.75,8.5,8.609999656677246,8.609999656677246,500
2015-06-25,8.40999984741211,9.039999961853027,8.40999984741211,9.039999961853027,9.039999961853027,3350
2015-06-26,9.449999809265137,9.449999809265137,9.359999656677246,9.359999656677246,9.359999656677246,801
2015-06-29,9.029999732971191,9.789999961853027,8.9399995803833,9.789999961853027,9.789999961853027,974
2015-06-30,10.270000457763672,10.270000457763672,10.270000457763672,10.270000457763672,10.270000457763672,326
2015-07-01,10.270000457763672,10.779999732971191,9.770000457763672,10.0,10.0,4840
2015-07-02,9.630000114440918,10.5,9.630000114440918,10.4399995803833,10.4399995803833,558
2015-07-03,10.800000190734863,10.800000190734863,10.800000190734863,10.800000190734863,10.800000190734863,1
2015-07-06,10.289999961853027,11.34000015258789,10.289999961853027,10.350000381469727,10.350000381469727,1003
2015-07-07,10.850000381469727,10.850000381469727,10.850000381469727,10.850000381469727,10.850000381469727,478
2015-07-08,11.34000015258789,11.350000381469727,11.0,11.0,11.0,1367
2015-07-09,11.550000190734863,11.550000190734863,10.449999809265137,11.449999809265137,11.449999809265137,800
2015-07-10,11.0,11.010000228881836,10.920000076293945,10.970000267028809,10.970000267028809,1754
2015-07-13,10.5,10.5,10.5,10.5,10.5,100
2015-07-14,10.970000267028809,11.020000457763672,10.970000267028809,11.0,11.0,2700
2015-07-15,10.470000267028809,10.470000267028809,10.470000267028809,10.470000267028809,10.470000267028809,100
2015-07-16,10.020000457763672,10.979999542236328,10.020000457763672,10.979999542236328,10.979999542236328,1505
2015-07-17,11.520000457763672,11.520000457763672,10.569999694824219,11.199999809265137,11.199999809265137,1843
2015-07-20,11.0,11.6899995803833,11.0,11.6899995803833,11.6899995803833,1355
2015-07-21,12.270000457763672,12.270000457763672,11.260000228881836,12.270000457763672,12.270000457763672,2150
2015-07-22,12.880000114440918,12.880000114440918,12.0,12.880000114440918,12.880000114440918,2703
2015-07-23,13.520000457763672,13.520000457763672,12.300000190734863,13.5,13.5,3050
2015-07-24,12.90999984741211,14.100000381469727,12.899999618530273,14.0,14.0,2654
2015-07-27,13.569999694824219,13.569999694824219,12.550000190734863,13.569999694824219,13.569999694824219,535
2015-07-28,14.050000190734863,14.199999809265137,13.640000343322754,14.199999809265137,14.199999809265137,3640
2015-07-29,14.899999618530273,14.90999984741211,14.899999618530273,14.90999984741211,14.90999984741211,5785
2015-07-30,15.649999618530273,15.649999618530273,15.649999618530273,15.649999618530273,15.649999618530273,675
2015-07-31,16.43000030517578,16.43000030517578,16.43000030517578,16.43000030517578,16.43000030517578,1000
2015-08-03,17.25,17.25,17.25,17.25,17.25,2900
2015-08-04,18.100000381469727,18.100000381469727,18.100000381469727,18.100000381469727,18.100000381469727,1355
2015-08-05,19.0,19.0,19.0,19.0,19.0,2045
2015-08-06,19.350000381469727,19.350000381469727,19.0,19.299999237060547,19.299999237060547,9340
2015-08-07,19.0,19.649999618530273,18.950000762939453,19.0,19.0,4775
2015-08-10,18.649999618530273,18.649999618530273,18.649999618530273,18.649999618530273,18.649999618530273,1437
2015-08-11,18.299999237060547,18.299999237060547,18.299999237060547,18.299999237060547,18.299999237060547,100
2015-08-12,18.299999237060547,18.299999237060547,18.299999237060547,18.299999237060547,18.299999237060547,0
2015-08-13,17.950000762939453,17.950000762939453,17.950000762939453,17.950000762939453,17.950000762939453,50
2015-08-14,17.600000381469727,17.600000381469727,17.600000381469727,17.600000381469727,17.600000381469727,1100
2015-08-17,17.600000381469727,17.600000381469727,17.600000381469727,17.600000381469727,17.600000381469727,0
2015-08-18,17.25,17.25,17.25,17.25,17.25,100
2015-08-19,16.950000762939453,16.950000762939453,16.950000762939453,16.950000762939453,16.950000762939453,915
2015-08-20,16.649999618530273,17.25,16.649999618530273,16.649999618530273,16.649999618530273,9434
2015-08-21,16.350000381469727,16.950000762939453,16.350000381469727,16.950000762939453,16.950000762939453,2591
2015-08-24,16.950000762939453,16.950000762939453,16.950000762939453,16.950000762939453,16.950000762939453,0
2015-08-25,16.649999618530273,16.649999618530273,16.649999618530273,16.649999618530273,16.649999618530273,100
2015-08-26,16.950000762939453,16.950000762939453,16.350000381469727,16.350000381469727,16.350000381469727,2905
2015-08-27,16.350000381469727,16.350000381469727,16.350000381469727,16.350000381469727,16.350000381469727,0
2015-08-28,16.350000381469727,16.350000381469727,16.350000381469727,16.350000381469727,16.350000381469727,0
2015-08-31,16.350000381469727,16.350000381469727,16.350000381469727,16.350000381469727,16.350000381469727,0
2015-09-01,16.350000381469727,16.350000381469727,16.350000381469727,16.350000381469727,16.350000381469727,0
2015-09-02,16.350000381469727,16.350000381469727,16.350000381469727,16.350000381469727,16.350000381469727,0
2015-09-03,16.350000381469727,16.350000381469727,16.350000381469727,16.350000381469727,16.350000381469727,0
2015-09-04,16.350000381469727,16.350000381469727,16.350000381469727,16.350000381469727,16.350000381469727,0
2015-09-07,16.350000381469727,16.350000381469727,16.350000381469727,16.350000381469727,16.350000381469727,0
2015-09-08,16.350000381469727,16.350000381469727,16.350000381469727,16.350000381469727,16.350000381469727,0
2015-09-09,16.350000381469727,16.350000381469727,16.350000381469727,16.350000381469727,16.350000381469727,0
2015-09-10,16.350000381469727,16.350000381469727,16.350000381469727,16.350000381469727,16.350000381469727,0
2015-09-11,16.350000381469727,16.350000381469727,16.350000381469727,16.350000381469727,16.350000381469727,0
2015-09-14,16.350000381469727,16.350000381469727,16.350000381469727,16.350000381469727,16.350000381469727,0
2015-09-15,16.350000381469727,16.350000381469727,16.350000381469727,16.350000381469727,16.350000381469727,0
2015-09-16,16.350000381469727,16.350000381469727,16.350000381469727,16.350000381469727,16.350000381469727,0
2015-09-18,16.350000381469727,16.350000381469727,16.350000381469727,16.350000381469727,16.350000381469727,0
2015-09-21,16.350000381469727,16.350000381469727,16.350000381469727,16.350000381469727,16.350000381469727,0
2015-09-22,16.350000381469727,16.350000381469727,16.350000381469727,16.350000381469727,16.350000381469727,0
2015-09-23,16.350000381469727,16.350000381469727,16.350000381469727,16.350000381469727,16.350000381469727,0
2015-09-24,16.350000381469727,16.350000381469727,16.350000381469727,16.350000381469727,16.350000381469727,0
2015-09-28,16.350000381469727,16.350000381469727,16.350000381469727,16.350000381469727,16.350000381469727,0
2015-09-29,16.350000381469727,16.350000381469727,16.350000381469727,16.350000381469727,16.350000381469727,0
2015-09-30,16.350000381469727,16.350000381469727,16.350000381469727,16.350000381469727,16.350000381469727,0
2015-10-01,16.350000381469727,16.350000381469727,16.350000381469727,16.350000381469727,16.350000381469727,0
2015-10-05,16.350000381469727,16.350000381469727,16.350000381469727,16.350000381469727,16.350000381469727,0
2015-10-06,16.350000381469727,16.350000381469727,16.350000381469727,16.350000381469727,16.350000381469727,0
2015-10-07,16.350000381469727,16.350000381469727,16.350000381469727,16.350000381469727,16.350000381469727,0
2015-10-08,16.350000381469727,16.350000381469727,16.350000381469727,16.350000381469727,16.350000381469727,0
2015-10-09,16.350000381469727,16.350000381469727,16.350000381469727,16.350000381469727,16.350000381469727,0
2015-10-12,16.350000381469727,16.350000381469727,16.350000381469727,16.350000381469727,16.350000381469727,0
2015-10-13,16.350000381469727,16.350000381469727,16.350000381469727,16.350000381469727,16.350000381469727,0
2015-10-14,16.350000381469727,16.350000381469727,16.350000381469727,16.350000381469727,16.350000381469727,0
2015-10-15,16.350000381469727,16.350000381469727,16.350000381469727,16.350000381469727,16.350000381469727,0
2015-10-16,16.350000381469727,16.350000381469727,16.350000381469727,16.350000381469727,16.350000381469727,0
2015-10-19,16.350000381469727,16.350000381469727,16.350000381469727,16.350000381469727,16.350000381469727,0
2015-10-20,16.350000381469727,16.350000381469727,16.350000381469727,16.350000381469727,16.350000381469727,0
2015-10-21,16.350000381469727,16.350000381469727,16.350000381469727,16.350000381469727,16.350000381469727,0
2015-10-23,16.350000381469727,16.350000381469727,16.350000381469727,16.350000381469727,16.350000381469727,0
2015-10-26,16.350000381469727,16.350000381469727,16.350000381469727,16.350000381469727,16.350000381469727,0
2015-10-27,16.350000381469727,16.350000381469727,16.350000381469727,16.350000381469727,16.350000381469727,0
2015-10-28,16.350000381469727,16.350000381469727,16.350000381469727,16.350000381469727,16.350000381469727,0
2015-10-29,16.350000381469727,16.350000381469727,16.350000381469727,16.350000381469727,16.350000381469727,0
2015-10-30,16.350000381469727,16.350000381469727,16.350000381469727,16.350000381469727,16.350000381469727,0
2015-11-02,16.350000381469727,16.350000381469727,16.350000381469727,16.350000381469727,16.350000381469727,0
2015-11-03,16.350000381469727,16.350000381469727,16.350000381469727,16.350000381469727,16.350000381469727,0
2015-11-04,16.350000381469727,16.350000381469727,16.350000381469727,16.350000381469727,16.350000381469727,0
2015-11-05,16.350000381469727,16.350000381469727,16.350000381469727,16.350000381469727,16.350000381469727,0
2015-11-06,16.350000381469727,16.350000381469727,16.350000381469727,16.350000381469727,16.350000381469727,0
2015-11-09,16.350000381469727,16.350000381469727,16.350000381469727,16.350000381469727,16.350000381469727,0
2015-11-10,16.350000381469727,16.350000381469727,16.350000381469727,16.350000381469727,16.350000381469727,0
2015-11-13,16.350000381469727,16.350000381469727,16.350000381469727,16.350000381469727,16.350000381469727,0
2015-11-16,16.350000381469727,16.350000381469727,16.350000381469727,16.350000381469727,16.350000381469727,0
2015-11-17,16.350000381469727,16.350000381469727,16.350000381469727,16.350000381469727,16.350000381469727,0
2015-11-18,16.350000381469727,16.350000381469727,16.350000381469727,16.350000381469727,16.350000381469727,0
2015-11-19,16.350000381469727,16.350000381469727,16.350000381469727,16.350000381469727,16.350000381469727,0
2015-11-20,16.350000381469727,16.350000381469727,16.350000381469727,16.350000381469727,16.350000381469727,0
2015-11-23,16.350000381469727,16.350000381469727,16.350000381469727,16.350000381469727,16.350000381469727,0
2015-11-24,16.350000381469727,16.350000381469727,16.350000381469727,16.350000381469727,16.350000381469727,0
2015-11-26,16.350000381469727,16.350000381469727,16.350000381469727,16.350000381469727,16.350000381469727,0
2015-11-27,16.350000381469727,16.350000381469727,16.350000381469727,16.350000381469727,16.350000381469727,0
2015-11-30,16.350000381469727,16.350000381469727,16.350000381469727,16.350000381469727,16.350000381469727,0
2015-12-01,16.350000381469727,16.350000381469727,16.350000381469727,16.350000381469727,16.350000381469727,0
2015-12-02,16.350000381469727,16.350000381469727,16.350000381469727,16.350000381469727,16.350000381469727,0
2015-12-03,16.350000381469727,16.350000381469727,16.350000381469727,16.350000381469727,16.350000381469727,0
2015-12-04,16.350000381469727,16.350000381469727,16.350000381469727,16.350000381469727,16.350000381469727,0
2015-12-07,16.350000381469727,16.350000381469727,16.350000381469727,16.350000381469727,16.350000381469727,0
2015-12-08,16.350000381469727,16.350000381469727,16.350000381469727,16.350000381469727,16.350000381469727,0
2015-12-09,16.350000381469727,16.350000381469727,16.350000381469727,16.350000381469727,16.350000381469727,0
2015-12-10,16.350000381469727,16.350000381469727,16.350000381469727,16.350000381469727,16.350000381469727,0
2015-12-11,16.350000381469727,16.350000381469727,16.350000381469727,16.350000381469727,16.350000381469727,0
2015-12-14,16.350000381469727,16.350000381469727,16.350000381469727,16.350000381469727,16.350000381469727,0
2015-12-15,16.350000381469727,16.350000381469727,16.350000381469727,16.350000381469727,16.350000381469727,0
2015-12-16,16.350000381469727,16.350000381469727,16.350000381469727,16.350000381469727,16.350000381469727,0
2015-12-17,16.350000381469727,16.350000381469727,16.350000381469727,16.350000381469727,16.350000381469727,0
2015-12-18,16.350000381469727,16.350000381469727,16.350000381469727,16.350000381469727,16.350000381469727,0
2015-12-21,16.350000381469727,16.350000381469727,16.350000381469727,16.350000381469727,16.350000381469727,0
2015-12-22,16.350000381469727,16.350000381469727,16.350000381469727,16.350000381469727,16.350000381469727,0
2015-12-23,16.350000381469727,16.350000381469727,16.350000381469727,16.350000381469727,16.350000381469727,0
2015-12-24,16.350000381469727,16.350000381469727,16.350000381469727,16.350000381469727,16.350000381469727,0
2015-12-28,16.350000381469727,16.350000381469727,16.350000381469727,16.350000381469727,16.350000381469727,0
2015-12-29,16.350000381469727,16.350000381469727,16.350000381469727,16.350000381469727,16.350000381469727,0
2015-12-30,16.350000381469727,16.350000381469727,16.350000381469727,16.350000381469727,16.350000381469727,0
2015-12-31,16.350000381469727,16.350000381469727,16.350000381469727,16.350000381469727,16.350000381469727,0
2016-01-01,16.350000381469727,16.350000381469727,16.350000381469727,16.350000381469727,16.350000381469727,0
2016-01-04,16.350000381469727,16.350000381469727,16.350000381469727,16.350000381469727,16.350000381469727,0
2016-01-05,16.350000381469727,16.350000381469727,16.350000381469727,16.350000381469727,16.350000381469727,0
2016-01-06,16.350000381469727,16.350000381469727,16.350000381469727,16.350000381469727,16.350000381469727,0
2016-01-07,16.350000381469727,16.350000381469727,16.350000381469727,16.350000381469727,16.350000381469727,0
2016-01-08,16.350000381469727,16.350000381469727,16.350000381469727,16.350000381469727,16.350000381469727,0
2016-01-11,16.350000381469727,16.350000381469727,16.350000381469727,16.350000381469727,16.350000381469727,0
2016-01-12,16.350000381469727,16.350000381469727,16.350000381469727,16.350000381469727,16.350000381469727,0
2016-01-13,16.350000381469727,16.350000381469727,16.350000381469727,16.350000381469727,16.350000381469727,0
2016-01-14,16.350000381469727,16.350000381469727,16.350000381469727,16.350000381469727,16.350000381469727,0
2016-01-15,16.350000381469727,16.350000381469727,16.350000381469727,16.350000381469727,16.350000381469727,0
2016-01-18,16.350000381469727,16.350000381469727,16.350000381469727,16.350000381469727,16.350000381469727,0
2016-01-19,16.350000381469727,16.350000381469727,16.350000381469727,16.350000381469727,16.350000381469727,0
2016-01-20,16.350000381469727,16.350000381469727,16.350000381469727,16.350000381469727,16.350000381469727,0
2016-01-21,16.350000381469727,16.350000381469727,16.350000381469727,16.350000381469727,16.350000381469727,0
2016-01-22,16.350000381469727,16.350000381469727,16.350000381469727,16.350000381469727,16.350000381469727,0
2016-01-25,16.350000381469727,16.350000381469727,16.350000381469727,16.350000381469727,16.350000381469727,0
2016-01-27,16.350000381469727,16.350000381469727,16.350000381469727,16.350000381469727,16.350000381469727,0
2016-01-28,16.350000381469727,16.350000381469727,16.350000381469727,16.350000381469727,16.350000381469727,0
2016-01-29,16.350000381469727,16.350000381469727,16.350000381469727,16.350000381469727,16.350000381469727,0
2016-02-01,16.350000381469727,16.350000381469727,16.350000381469727,16.350000381469727,16.350000381469727,0
2016-02-02,16.350000381469727,16.350000381469727,16.350000381469727,16.350000381469727,16.350000381469727,0
2016-02-03,16.350000381469727,16.350000381469727,16.350000381469727,16.350000381469727,16.350000381469727,0
2016-02-04,16.350000381469727,16.350000381469727,16.350000381469727,16.350000381469727,16.350000381469727,0
2016-02-05,16.350000381469727,16.350000381469727,16.350000381469727,16.350000381469727,16.350000381469727,0
2016-02-08,16.350000381469727,16.350000381469727,16.350000381469727,16.350000381469727,16.350000381469727,0
2016-02-09,16.350000381469727,16.350000381469727,16.350000381469727,16.350000381469727,16.350000381469727,0
2016-02-10,16.350000381469727,16.350000381469727,16.350000381469727,16.350000381469727,16.350000381469727,0
2016-02-11,16.350000381469727,16.350000381469727,16.350000381469727,16.350000381469727,16.350000381469727,0
2016-02-12,16.350000381469727,16.350000381469727,16.350000381469727,16.350000381469727,16.350000381469727,0
2016-02-15,16.350000381469727,16.350000381469727,16.350000381469727,16.350000381469727,16.350000381469727,0
2016-02-16,16.350000381469727,16.350000381469727,16.350000381469727,16.350000381469727,16.350000381469727,0
2016-02-17,16.350000381469727,16.350000381469727,16.350000381469727,16.350000381469727,16.350000381469727,0
2016-02-18,16.350000381469727,16.350000381469727,16.350000381469727,16.350000381469727,16.350000381469727,0
2016-02-19,16.350000381469727,16.350000381469727,16.350000381469727,16.350000381469727,16.350000381469727,0
2016-02-22,16.350000381469727,16.350000381469727,16.350000381469727,16.350000381469727,16.350000381469727,0
2016-02-23,16.350000381469727,16.350000381469727,16.350000381469727,16.350000381469727,16.350000381469727,0
2016-02-24,16.350000381469727,16.350000381469727,16.350000381469727,16.350000381469727,16.350000381469727,0
2016-02-25,16.350000381469727,16.350000381469727,16.350000381469727,16.350000381469727,16.350000381469727,0
2016-02-26,16.350000381469727,16.350000381469727,16.350000381469727,16.350000381469727,16.350000381469727,0
2016-02-29,16.350000381469727,16.350000381469727,16.350000381469727,16.350000381469727,16.350000381469727,0
2016-03-01,16.350000381469727,16.350000381469727,16.350000381469727,16.350000381469727,16.350000381469727,0
2016-03-02,16.350000381469727,16.350000381469727,16.350000381469727,16.350000381469727,16.350000381469727,0
2016-03-03,16.350000381469727,16.350000381469727,16.350000381469727,16.350000381469727,16.350000381469727,0
2016-03-04,16.350000381469727,16.350000381469727,16.350000381469727,16.350000381469727,16.350000381469727,0
2016-03-08,16.350000381469727,16.350000381469727,16.350000381469727,16.350000381469727,16.350000381469727,0
2016-03-09,16.350000381469727,16.350000381469727,16.350000381469727,16.350000381469727,16.350000381469727,0
2016-03-10,16.350000381469727,16.350000381469727,16.350000381469727,16.350000381469727,16.350000381469727,0
2016-03-11,16.350000381469727,16.350000381469727,16.350000381469727,16.350000381469727,16.350000381469727,0
2016-03-14,16.350000381469727,16.350000381469727,16.350000381469727,16.350000381469727,16.350000381469727,0
2016-03-15,16.350000381469727,16.350000381469727,16.350000381469727,16.350000381469727,16.350000381469727,0
2016-03-16,16.350000381469727,16.350000381469727,16.350000381469727,16.350000381469727,16.350000381469727,0
2016-03-17,16.350000381469727,16.350000381469727,16.350000381469727,16.350000381469727,16.350000381469727,0
2016-03-18,16.350000381469727,16.350000381469727,16.350000381469727,16.350000381469727,16.350000381469727,0
2016-03-21,16.350000381469727,16.350000381469727,16.350000381469727,16.350000381469727,16.350000381469727,0
2016-03-22,16.350000381469727,16.350000381469727,16.350000381469727,16.350000381469727,16.350000381469727,0
2016-03-23,16.350000381469727,16.350000381469727,16.350000381469727,16.350000381469727,16.350000381469727,0
2016-03-28,16.350000381469727,16.350000381469727,16.350000381469727,16.350000381469727,16.350000381469727,0
2016-03-29,16.049999237060547,16.049999237060547,16.049999237060547,16.049999237060547,16.049999237060547,10000
2016-03-30,15.75,15.75,15.75,15.75,15.75,10000
2016-03-31,15.449999809265137,15.449999809265137,15.449999809265137,15.449999809265137,15.449999809265137,50
2016-04-01,15.149999618530273,15.149999618530273,15.149999618530273,15.149999618530273,15.149999618530273,5
2016-04-04,14.850000381469727,14.850000381469727,14.850000381469727,14.850000381469727,14.850000381469727,7
2016-04-05,15.0,15.0,15.0,15.0,15.0,6
2016-04-06,15.300000190734863,15.300000190734863,15.050000190734863,15.050000190734863,15.050000190734863,505
2016-04-07,15.0,15.0,14.75,14.75,14.75,151
2016-04-08,14.5,14.5,14.5,14.5,14.5,98
2016-04-11,14.75,14.75,14.25,14.75,14.75,6437
2016-04-12,15.0,15.0,15.0,15.0,15.0,4393
2016-04-13,14.899999618530273,14.899999618530273,14.699999809265137,14.800000190734863,14.800000190734863,744
2016-04-18,15.0,15.0,15.0,15.0,15.0,10
2016-04-20,14.699999809265137,14.800000190734863,14.699999809265137,14.800000190734863,14.800000190734863,2728
2016-04-21,15.0,15.0,14.550000190734863,14.600000381469727,14.600000381469727,1150
2016-04-22,14.800000190734863,14.800000190734863,14.399999618530273,14.399999618530273,14.399999618530273,1049
2016-04-25,14.649999618530273,14.649999618530273,14.25,14.25,14.25,3800
2016-04-26,14.5,14.5,14.5,14.5,14.5,100
2016-04-27,14.699999809265137,14.699999809265137,14.300000190734863,14.300000190734863,14.300000190734863,415
2016-04-28,14.5,14.5,14.5,14.5,14.5,25
2016-04-29,14.25,14.75,14.25,14.75,14.75,3300
2016-05-02,15.0,15.0,14.520000457763672,15.0,15.0,1305
2016-05-03,15.0,15.0,15.0,15.0,15.0,5
2016-05-04,14.699999809265137,15.25,14.699999809265137,15.25,15.25,310
2016-05-05,15.0,15.0,15.0,15.0,15.0,5
2016-05-06,15.300000190734863,15.300000190734863,14.699999809265137,15.300000190734863,15.300000190734863,482
2016-05-09,15.5,15.600000381469727,15.100000381469727,15.600000381469727,15.600000381469727,2017
2016-05-10,15.600000381469727,15.600000381469727,15.550000190734863,15.600000381469727,15.600000381469727,1145
2016-05-11,15.649999618530273,15.90999984741211,15.5,15.90999984741211,15.90999984741211,11426
2016-05-12,15.90999984741211,15.90999984741211,15.90999984741211,15.90999984741211,15.90999984741211,200
2016-05-13,15.90999984741211,15.90999984741211,15.850000381469727,15.899999618530273,15.899999618530273,800
2016-05-16,15.600000381469727,15.600000381469727,15.600000381469727,15.600000381469727,15.600000381469727,200
2016-05-17,15.449999809265137,15.449999809265137,15.289999961853027,15.289999961853027,15.289999961853027,10
2016-05-18,15.5,15.5,15.5,15.5,15.5,5
2016-05-19,15.800000190734863,15.800000190734863,15.800000190734863,15.800000190734863,15.800000190734863,5
2016-05-20,15.699999809265137,15.699999809265137,15.699999809265137,15.699999809265137,15.699999809265137,1
2016-05-23,16.0,16.0,15.399999618530273,15.399999618530273,15.399999618530273,110
2016-05-24,15.399999618530273,15.399999618530273,15.399999618530273,15.399999618530273,15.399999618530273,2
2016-05-25,15.600000381469727,15.600000381469727,15.600000381469727,15.600000381469727,15.600000381469727,5
2016-05-26,15.600000381469727,15.600000381469727,15.600000381469727,15.600000381469727,15.600000381469727,190
2016-05-27,15.300000190734863,15.300000190734863,15.300000190734863,15.300000190734863,15.300000190734863,101
2016-05-30,15.5,15.600000381469727,15.5,15.600000381469727,15.600000381469727,7
2016-05-31,15.699999809265137,15.699999809265137,15.699999809265137,15.699999809265137,15.699999809265137,1
2016-06-01,15.699999809265137,15.699999809265137,15.699999809265137,15.699999809265137,15.699999809265137,0
2016-06-02,15.399999618530273,15.399999618530273,15.399999618530273,15.399999618530273,15.399999618530273,300
2016-06-03,15.100000381469727,15.100000381469727,15.100000381469727,15.100000381469727,15.100000381469727,500
2016-06-06,14.800000190734863,14.800000190734863,14.800000190734863,14.800000190734863,14.800000190734863,798
2016-06-07,14.550000190734863,15.050000190734863,14.550000190734863,14.75,14.75,824
2016-06-08,14.75,14.75,14.5,14.5,14.5,2600
2016-06-09,14.699999809265137,14.699999809265137,14.699999809265137,14.699999809265137,14.699999809265137,1
2016-06-10,14.449999809265137,14.449999809265137,14.449999809265137,14.449999809265137,14.449999809265137,2500
2016-06-13,14.199999809265137,14.199999809265137,14.199999809265137,14.199999809265137,14.199999809265137,1300
2016-06-14,14.399999618530273,14.399999618530273,14.0,14.0,14.0,390
2016-06-15,13.75,13.75,13.75,13.75,13.75,100
2016-06-16,14.0,14.0,14.0,14.0,14.0,10
2016-06-17,14.199999809265137,14.199999809265137,14.199999809265137,14.199999809265137,14.199999809265137,10
2016-06-20,14.199999809265137,14.199999809265137,14.199999809265137,14.199999809265137,14.199999809265137,200
2016-06-21,13.949999809265137,13.949999809265137,13.949999809265137,13.949999809265137,13.949999809265137,500
2016-06-22,13.699999809265137,13.699999809265137,13.699999809265137,13.699999809265137,13.699999809265137,1000
2016-06-23,13.449999809265137,13.449999809265137,13.449999809265137,13.449999809265137,13.449999809265137,1100
2016-06-24,13.199999809265137,13.25,13.199999809265137,13.25,13.25,180
2016-06-27,13.5,13.5,13.5,13.5,13.5,5
2016-06-28,13.399999618530273,13.399999618530273,13.25,13.25,13.25,1112
2016-06-29,13.0,13.5,13.0,13.0,13.0,1550
2016-06-30,12.75,13.25,12.75,13.0,13.0,1600
2016-07-01,12.449999809265137,13.600000381469727,12.350000381469727,13.600000381469727,13.600000381469727,4849
2016-07-04,13.100000381469727,14.25,13.100000381469727,13.609999656677246,13.609999656677246,1582
2016-07-05,13.75,14.25,13.649999618530273,13.649999618530273,13.649999618530273,437
2016-07-07,14.0,14.199999809265137,13.050000190734863,14.09000015258789,14.09000015258789,625
2016-07-08,14.0,14.75,13.899999618530273,14.0,14.0,1902
2016-07-11,14.699999809265137,14.699999809265137,13.600000381469727,13.600000381469727,13.600000381469727,4950
2016-07-12,13.600000381469727,14.279999732971191,13.0,14.279999732971191,14.279999732971191,1326
2016-07-13,14.199999809265137,14.899999618530273,14.199999809265137,14.25,14.25,1230
2016-07-14,13.800000190734863,13.800000190734863,13.619999885559082,13.670000076293945,13.670000076293945,200
2016-07-15,13.079999923706055,14.350000381469727,13.079999923706055,14.350000381469727,14.350000381469727,142
2016-07-18,13.640000343322754,13.75,13.640000343322754,13.640000343322754,13.640000343322754,1000
2016-07-19,13.079999923706055,14.050000190734863,13.0,14.050000190734863,14.050000190734863,1299
2016-07-20,13.350000381469727,14.100000381469727,13.350000381469727,13.399999618530273,13.399999618530273,1405
2016-07-21,12.850000381469727,12.850000381469727,12.850000381469727,12.850000381469727,12.850000381469727,140
2016-07-22,12.359999656677246,12.359999656677246,12.359999656677246,12.359999656677246,12.359999656677246,200
2016-07-25,11.819999694824219,11.819999694824219,11.819999694824219,11.819999694824219,11.819999694824219,100
2016-07-26,11.279999732971191,12.40999984741211,11.279999732971191,12.40999984741211,12.40999984741211,105
2016-07-27,11.819999694824219,13.0,11.800000190734863,13.0,13.0,1895
2016-07-28,12.350000381469727,13.649999618530273,12.350000381469727,13.649999618530273,13.649999618530273,1480
2016-07-29,12.970000267028809,13.5,12.970000267028809,13.5,13.5,305
2016-08-01,12.90999984741211,12.90999984741211,12.90999984741211,12.90999984741211,12.90999984741211,861
2016-08-02,12.279999732971191,12.279999732971191,12.270000457763672,12.270000457763672,12.270000457763672,700
2016-08-03,11.850000381469727,12.880000114440918,11.699999809265137,11.899999618530273,11.899999618530273,1129
2016-08-04,12.489999771118164,12.489999771118164,11.5,11.5,11.5,505
2016-08-05,11.109999656677246,11.119999885559082,11.109999656677246,11.119999885559082,11.119999885559082,400
2016-08-08,10.710000038146973,11.670000076293945,10.710000038146973,11.149999618530273,11.149999618530273,700
2016-08-09,11.649999618530273,11.649999618530273,11.0,11.0,11.0,15
2016-08-10,11.0,11.0,11.0,11.0,11.0,0
2016-08-11,11.550000190734863,11.550000190734863,10.5,11.5,11.5,520
2016-08-12,11.010000228881836,12.069999694824219,10.930000305175781,12.069999694824219,12.069999694824219,1996
2016-08-16,12.489999771118164,12.5,12.489999771118164,12.5,12.5,456
2016-08-17,11.880000114440918,12.970000267028809,11.880000114440918,12.970000267028809,12.970000267028809,300
2016-08-18,13.609999656677246,13.609999656677246,13.609999656677246,13.609999656677246,13.609999656677246,1
2016-08-19,12.930000305175781,14.199999809265137,12.930000305175781,14.140000343322754,14.140000343322754,5376
2016-08-22,13.4399995803833,14.699999809265137,13.4399995803833,14.699999809265137,14.699999809265137,960
2016-08-23,13.979999542236328,14.5,13.970000267028809,14.5,14.5,1354
2016-08-24,14.5,14.5,14.5,14.5,14.5,0
2016-08-25,13.779999732971191,14.5,13.779999732971191,13.779999732971191,13.779999732971191,3150
2016-08-26,13.100000381469727,14.300000190734863,13.100000381469727,13.149999618530273,13.149999618530273,575
2016-08-29,12.539999961853027,12.539999961853027,12.5,12.510000228881836,12.510000228881836,1624
2016-08-30,11.899999618530273,13.0,11.899999618530273,13.0,13.0,510
2016-08-31,13.300000190734863,13.640000343322754,13.300000190734863,13.630000114440918,13.630000114440918,413
2016-09-01,12.949999809265137,14.0,12.949999809265137,14.0,14.0,690
2016-09-02,14.399999618530273,14.399999618530273,14.399999618530273,14.399999618530273,14.399999618530273,5
2016-09-06,13.680000305175781,13.680000305175781,13.680000305175781,13.680000305175781,13.680000305175781,10
2016-09-07,13.0,14.0,13.0,14.0,14.0,10500
2016-09-08,13.600000381469727,13.600000381469727,13.399999618530273,13.550000190734863,13.550000190734863,13
2016-09-09,14.0,14.0,12.899999618530273,12.899999618530273,12.899999618530273,688
2016-09-12,12.270000457763672,12.899999618530273,12.260000228881836,12.579999923706055,12.579999923706055,500
2016-09-14,12.0,12.0,12.0,12.0,12.0,265
2016-09-15,12.0,12.0,12.0,12.0,12.0,0
2016-09-16,12.600000381469727,12.600000381469727,12.600000381469727,12.600000381469727,12.600000381469727,100
2016-09-19,13.229999542236328,13.229999542236328,12.5,12.5,12.5,5968
2016-09-20,13.119999885559082,13.119999885559082,12.550000190734863,13.119999885559082,13.119999885559082,3056
2016-09-21,12.75,12.75,12.75,12.75,12.75,300
2016-09-22,12.5,12.5,12.5,12.5,12.5,300
2016-09-23,12.050000190734863,12.050000190734863,12.050000190734863,12.050000190734863,12.050000190734863,596
2016-09-26,12.649999618530273,12.649999618530273,11.75,11.829999923706055,11.829999923706055,1913
2016-09-27,11.300000190734863,12.399999618530273,11.300000190734863,11.899999618530273,11.899999618530273,600
2016-09-28,11.899999618530273,11.899999618530273,11.899999618530273,11.899999618530273,11.899999618530273,0
2016-09-29,11.460000038146973,11.460000038146973,11.399999618530273,11.399999618530273,11.399999618530273,800
2016-09-30,11.399999618530273,11.399999618530273,11.399999618530273,11.399999618530273,11.399999618530273,0
2016-10-03,10.850000381469727,10.850000381469727,10.850000381469727,10.850000381469727,10.850000381469727,400
2016-10-04,11.300000190734863,11.390000343322754,11.300000190734863,11.350000381469727,11.350000381469727,509
2016-10-05,11.899999618530273,11.899999618530273,11.899999618530273,11.899999618530273,11.899999618530273,500
2016-10-06,11.369999885559082,11.369999885559082,11.369999885559082,11.369999885559082,11.369999885559082,1207
2016-10-07,10.8100004196167,11.930000305175781,10.8100004196167,11.920000076293945,11.920000076293945,1406
2016-10-10,11.800000190734863,11.800000190734863,11.329999923706055,11.350000381469727,11.350000381469727,2780
2016-10-13,10.829999923706055,11.90999984741211,10.789999961853027,11.90999984741211,11.90999984741211,410
2016-10-14,12.449999809265137,12.5,12.449999809265137,12.5,12.5,2700
2016-10-17,13.119999885559082,13.119999885559082,12.0,12.329999923706055,12.329999923706055,600
2016-10-18,11.720000267028809,12.050000190734863,11.720000267028809,12.050000190734863,12.050000190734863,633
2016-10-19,12.25,12.649999618530273,11.479999542236328,11.479999542236328,11.479999542236328,1600
2016-10-20,12.050000190734863,12.050000190734863,12.050000190734863,12.050000190734863,12.050000190734863,2000
2016-10-21,12.649999618530273,12.649999618530273,11.609999656677246,11.609999656677246,11.609999656677246,3018
2016-10-24,11.300000190734863,11.300000190734863,11.25,11.25,11.25,1800
2016-10-25,10.8100004196167,11.800000190734863,10.8100004196167,11.800000190734863,11.800000190734863,500
2016-10-26,11.25,11.260000228881836,11.25,11.260000228881836,11.260000228881836,200
2016-10-27,11.819999694824219,11.819999694824219,10.699999809265137,10.699999809265137,10.699999809265137,8799
2016-10-28,10.289999961853027,11.229999542236328,10.289999961853027,11.229999542236328,11.229999542236328,650
2016-11-01,11.229999542236328,11.229999542236328,11.229999542236328,11.229999542236328,11.229999542236328,0
2016-11-02,10.399999618530273,11.479999542236328,10.399999618530273,11.479999542236328,11.479999542236328,400
2016-11-03,12.0,12.0,10.930000305175781,10.930000305175781,10.930000305175781,1300
2016-11-04,10.930000305175781,10.930000305175781,10.930000305175781,10.930000305175781,10.930000305175781,0
2016-11-07,10.390000343322754,10.390000343322754,10.390000343322754,10.390000343322754,10.390000343322754,160
2016-11-08,10.390000343322754,10.390000343322754,10.390000343322754,10.390000343322754,10.390000343322754,0
2016-11-09,10.899999618530273,10.899999618530273,10.899999618530273,10.899999618530273,10.899999618530273,100
2016-11-10,10.899999618530273,10.899999618530273,10.899999618530273,10.899999618530273,10.899999618530273,0
2016-11-11,11.4399995803833,11.4399995803833,11.4399995803833,11.4399995803833,11.4399995803833,2000
2016-11-15,10.880000114440918,10.880000114440918,10.869999885559082,10.869999885559082,10.869999885559082,600
2016-11-16,10.869999885559082,10.869999885559082,10.869999885559082,10.869999885559082,10.869999885559082,0
2016-11-17,10.369999885559082,10.369999885559082,10.369999885559082,10.369999885559082,10.369999885559082,800
2016-11-18,10.369999885559082,10.369999885559082,10.369999885559082,10.369999885559082,10.369999885559082,0
2016-11-21,10.880000114440918,10.880000114440918,10.880000114440918,10.880000114440918,10.880000114440918,1950
2016-11-22,10.880000114440918,10.880000114440918,10.880000114440918,10.880000114440918,10.880000114440918,0
2016-11-23,10.380000114440918,10.380000114440918,10.380000114440918,10.380000114440918,10.380000114440918,5
2016-11-24,10.0600004196167,10.0600004196167,10.0600004196167,10.0600004196167,10.0600004196167,200
2016-11-25,10.100000381469727,10.5,10.100000381469727,10.5,10.5,1000
2016-11-28,10.5,10.5,10.5,10.5,10.5,0
2016-11-29,10.0600004196167,10.0600004196167,10.0600004196167,10.0600004196167,10.0600004196167,154
2016-11-30,10.0,10.5600004196167,9.600000381469727,10.5600004196167,10.5600004196167,592
2016-12-01,10.039999961853027,10.039999961853027,10.039999961853027,10.039999961853027,10.039999961853027,100
2016-12-02,10.039999961853027,10.039999961853027,10.039999961853027,10.039999961853027,10.039999961853027,0
2016-12-05,10.050000190734863,10.050000190734863,10.050000190734863,10.050000190734863,10.050000190734863,100
2016-12-06,10.050000190734863,10.050000190734863,10.050000190734863,10.050000190734863,10.050000190734863,0
2016-12-07,10.550000190734863,10.550000190734863,9.550000190734863,9.550000190734863,9.550000190734863,100
2016-12-08,9.550000190734863,9.550000190734863,9.550000190734863,9.550000190734863,9.550000190734863,0
2016-12-09,9.550000190734863,9.550000190734863,9.550000190734863,9.550000190734863,9.550000190734863,0
2016-12-12,9.550000190734863,9.550000190734863,9.550000190734863,9.550000190734863,9.550000190734863,0
2016-12-13,9.550000190734863,9.550000190734863,9.550000190734863,9.550000190734863,9.550000190734863,0
2016-12-14,9.149999618530273,10.020000457763672,9.149999618530273,10.020000457763672,10.020000457763672,200
2016-12-15,9.520000457763672,9.520000457763672,9.520000457763672,9.520000457763672,9.520000457763672,100
2016-12-16,9.520000457763672,9.520000457763672,9.520000457763672,9.520000457763672,9.520000457763672,0
2016-12-19,9.520000457763672,9.520000457763672,9.520000457763672,9.520000457763672,9.520000457763672,0
2016-12-20,9.520000457763672,9.520000457763672,9.520000457763672,9.520000457763672,9.520000457763672,0
2016-12-21,9.520000457763672,9.520000457763672,9.520000457763672,9.520000457763672,9.520000457763672,0
2016-12-22,9.520000457763672,9.520000457763672,9.520000457763672,9.520000457763672,9.520000457763672,0
2016-12-23,9.520000457763672,9.520000457763672,9.520000457763672,9.520000457763672,9.520000457763672,0
2016-12-26,9.520000457763672,9.520000457763672,9.520000457763672,9.520000457763672,9.520000457763672,0
2016-12-27,9.989999771118164,9.989999771118164,9.989999771118164,9.989999771118164,9.989999771118164,200
2016-12-28,9.989999771118164,9.989999771118164,9.989999771118164,9.989999771118164,9.989999771118164,0
2016-12-29,9.989999771118164,9.989999771118164,9.989999771118164,9.989999771118164,9.989999771118164,0
2016-12-30,9.989999771118164,9.989999771118164,9.989999771118164,9.989999771118164,9.989999771118164,0
2017-01-02,9.5,9.989999771118164,9.5,9.989999771118164,9.989999771118164,310
2017-01-03,9.5,9.5,9.5,9.5,9.5,615
2017-01-04,9.100000381469727,9.100000381469727,9.100000381469727,9.100000381469727,9.100000381469727,190
2017-01-05,9.100000381469727,9.100000381469727,9.100000381469727,9.100000381469727,9.100000381469727,0
2017-01-06,9.100000381469727,9.100000381469727,9.100000381469727,9.100000381469727,9.100000381469727,0
2017-01-09,9.550000190734863,9.550000190734863,9.550000190734863,9.550000190734863,9.550000190734863,1200
2017-01-10,9.550000190734863,9.550000190734863,9.550000190734863,9.550000190734863,9.550000190734863,0
2017-01-11,9.550000190734863,9.550000190734863,9.550000190734863,9.550000190734863,9.550000190734863,0
2017-01-12,9.600000381469727,9.600000381469727,9.600000381469727,9.600000381469727,9.600000381469727,15
2017-01-13,9.600000381469727,9.600000381469727,9.600000381469727,9.600000381469727,9.600000381469727,0
2017-01-16,9.600000381469727,9.600000381469727,9.600000381469727,9.600000381469727,9.600000381469727,0
2017-01-17,9.600000381469727,9.600000381469727,9.600000381469727,9.600000381469727,9.600000381469727,0
2017-01-18,9.600000381469727,9.600000381469727,9.600000381469727,9.600000381469727,9.600000381469727,0
2017-01-19,9.600000381469727,9.600000381469727,9.600000381469727,9.600000381469727,9.600000381469727,0
2017-01-20,9.600000381469727,9.600000381469727,9.600000381469727,9.600000381469727,9.600000381469727,0
2017-01-23,10.079999923706055,10.079999923706055,10.079999923706055,10.079999923706055,10.079999923706055,250
2017-01-24,10.569999694824219,10.579999923706055,10.569999694824219,10.579999923706055,10.579999923706055,2375
2017-01-25,10.800000190734863,11.100000381469727,10.800000190734863,11.100000381469727,11.100000381469727,40
2017-01-27,10.5600004196167,10.5600004196167,10.5600004196167,10.5600004196167,10.5600004196167,100
2017-01-30,10.5600004196167,10.5600004196167,10.5600004196167,10.5600004196167,10.5600004196167,0
2017-01-31,10.5600004196167,10.5600004196167,10.5600004196167,10.5600004196167,10.5600004196167,500
2017-02-01,10.5600004196167,10.5600004196167,10.5600004196167,10.5600004196167,10.5600004196167,0
2017-02-02,10.5600004196167,10.5600004196167,10.5600004196167,10.5600004196167,10.5600004196167,0
2017-02-03,10.199999809265137,10.199999809265137,10.199999809265137,10.199999809265137,10.199999809265137,2100
2017-02-06,9.699999809265137,9.699999809265137,9.699999809265137,9.699999809265137,9.699999809265137,1200
2017-02-07,9.699999809265137,9.699999809265137,9.699999809265137,9.699999809265137,9.699999809265137,0
2017-02-08,9.220000267028809,9.800000190734863,9.220000267028809,9.699999809265137,9.699999809265137,1099
2017-02-09,10.180000305175781,10.180000305175781,10.180000305175781,10.180000305175781,10.180000305175781,110
2017-02-10,10.680000305175781,10.680000305175781,10.680000305175781,10.680000305175781,10.680000305175781,50
2017-02-13,11.210000038146973,11.210000038146973,11.210000038146973,11.210000038146973,11.210000038146973,100
2017-02-14,11.210000038146973,11.75,11.210000038146973,11.75,11.75,1305
2017-02-15,11.75,11.75,11.75,11.75,11.75,0
2017-02-16,11.699999809265137,11.699999809265137,11.699999809265137,11.699999809265137,11.699999809265137,1000
2017-02-17,11.699999809265137,11.699999809265137,11.699999809265137,11.699999809265137,11.699999809265137,1
2017-02-20,11.699999809265137,11.699999809265137,11.699999809265137,11.699999809265137,11.699999809265137,0
2017-02-21,11.699999809265137,11.699999809265137,11.699999809265137,11.699999809265137,11.699999809265137,0
2017-02-22,11.699999809265137,11.699999809265137,11.699999809265137,11.699999809265137,11.699999809265137,0
2017-02-23,11.699999809265137,11.699999809265137,11.699999809265137,11.699999809265137,11.699999809265137,500
2017-02-27,11.699999809265137,11.699999809265137,11.699999809265137,11.699999809265137,11.699999809265137,0
2017-02-28,11.699999809265137,11.699999809265137,11.699999809265137,11.699999809265137,11.699999809265137,0
2017-03-01,11.699999809265137,11.699999809265137,11.699999809265137,11.699999809265137,11.699999809265137,0
2017-03-02,11.130000114440918,12.0,11.130000114440918,11.130000114440918,11.130000114440918,550
2017-03-03,11.130000114440918,11.130000114440918,11.130000114440918,11.130000114440918,11.130000114440918,0
2017-03-06,11.130000114440918,11.130000114440918,11.130000114440918,11.130000114440918,11.130000114440918,0
2017-03-07,10.600000381469727,10.600000381469727,10.600000381469727,10.600000381469727,10.600000381469727,500
2017-03-08,10.069999694824219,10.069999694824219,10.069999694824219,10.069999694824219,10.069999694824219,100
2017-03-09,10.0,10.0,10.0,10.0,10.0,700
2017-03-10,10.0,10.0,10.0,10.0,10.0,100
2017-03-14,10.0,10.0,10.0,10.0,10.0,0
2017-03-15,9.5,10.5,9.5,10.5,10.5,200
2017-03-16,10.5,10.5,10.050000190734863,10.319999694824219,10.319999694824219,1800
2017-03-17,10.319999694824219,10.319999694824219,10.319999694824219,10.319999694824219,10.319999694824219,0
2017-03-20,10.829999923706055,10.829999923706055,10.5,10.5,10.5,1100
2017-03-21,10.5,11.020000457763672,10.5,11.020000457763672,11.020000457763672,1600
2017-03-22,11.569999694824219,11.569999694824219,11.569999694824219,11.569999694824219,11.569999694824219,599
2017-03-23,12.140000343322754,12.140000343322754,12.140000343322754,12.140000343322754,12.140000343322754,4870
2017-03-24,12.739999771118164,12.739999771118164,12.739999771118164,12.739999771118164,12.739999771118164,3315
2017-03-27,13.350000381469727,13.369999885559082,12.739999771118164,12.739999771118164,12.739999771118164,2600
2017-03-28,13.369999885559082,13.369999885559082,13.369999885559082,13.369999885559082,13.369999885559082,6168
2017-03-29,14.0,14.029999732971191,14.0,14.029999732971191,14.029999732971191,6639
2017-03-30,14.729999542236328,14.729999542236328,14.699999809265137,14.729999542236328,14.729999542236328,2132
2017-03-31,14.729999542236328,15.460000038146973,14.729999542236328,15.460000038146973,15.460000038146973,850
2017-04-03,15.0,15.0,14.699999809265137,14.699999809265137,14.699999809265137,200
2017-04-05,15.0,15.399999618530273,14.0,14.0,14.0,900
2017-04-06,13.300000190734863,14.100000381469727,13.300000190734863,13.449999809265137,13.449999809265137,6715
2017-04-07,14.0,14.0,13.899999618530273,14.0,14.0,1100
2017-04-10,14.0,14.0,14.0,14.0,14.0,0
2017-04-11,14.0,14.0,14.0,14.0,14.0,0
2017-04-12,13.300000190734863,13.75,13.300000190734863,13.649999618530273,13.649999618530273,620
2017-04-13,13.0,13.0,13.0,13.0,13.0,100
2017-04-17,13.0,13.0,13.0,13.0,13.0,0
2017-04-18,13.100000381469727,13.100000381469727,13.100000381469727,13.100000381469727,13.100000381469727,75
2017-04-19,13.100000381469727,13.100000381469727,13.100000381469727,13.100000381469727,13.100000381469727,0
2017-04-20,13.100000381469727,13.100000381469727,13.100000381469727,13.100000381469727,13.100000381469727,0
2017-04-21,13.100000381469727,13.100000381469727,13.100000381469727,13.100000381469727,13.100000381469727,0
2017-04-24,12.449999809265137,12.449999809265137,12.449999809265137,12.449999809265137,12.449999809265137,100
2017-04-25,11.850000381469727,11.850000381469727,11.850000381469727,11.850000381469727,11.850000381469727,175
2017-04-26,12.399999618530273,12.399999618530273,11.350000381469727,11.350000381469727,11.350000381469727,1097
2017-04-27,10.899999618530273,10.899999618530273,10.850000381469727,10.850000381469727,10.850000381469727,500
2017-04-28,10.550000190734863,10.550000190734863,10.550000190734863,10.550000190734863,10.550000190734863,100
2017-05-02,10.899999618530273,11.069999694824219,10.899999618530273,11.069999694824219,11.069999694824219,500
2017-05-03,11.300000190734863,11.300000190734863,11.199999809265137,11.199999809265137,11.199999809265137,150
2017-05-04,11.649999618530273,11.649999618530273,11.600000381469727,11.649999618530273,11.649999618530273,776
2017-05-05,11.649999618530273,11.649999618530273,11.600000381469727,11.600000381469727,11.600000381469727,2000
2017-05-08,11.5,11.600000381469727,11.5,11.600000381469727,11.600000381469727,400
2017-05-09,11.100000381469727,11.5,11.100000381469727,11.5,11.5,500
2017-05-10,11.5,11.5,11.5,11.5,11.5,100
2017-05-11,11.550000190734863,11.75,11.550000190734863,11.649999618530273,11.649999618530273,300
2017-05-12,12.229999542236328,12.229999542236328,12.199999809265137,12.220000267028809,12.220000267028809,565
2017-05-15,11.699999809265137,11.699999809265137,11.699999809265137,11.699999809265137,11.699999809265137,300
2017-05-16,11.699999809265137,11.699999809265137,11.699999809265137,11.699999809265137,11.699999809265137,0
2017-05-17,11.699999809265137,12.25,11.699999809265137,12.25,12.25,400
2017-05-18,12.0,12.0,12.0,12.0,12.0,300
2017-05-19,11.399999618530273,12.0,11.399999618530273,12.0,12.0,200
2017-05-22,11.399999618530273,11.5,11.399999618530273,11.420000076293945,11.420000076293945,800
2017-05-23,11.420000076293945,11.420000076293945,11.420000076293945,11.420000076293945,11.420000076293945,0
2017-05-24,10.850000381469727,11.300000190734863,10.850000381469727,11.300000190734863,11.300000190734863,700
2017-05-25,11.300000190734863,11.300000190734863,11.300000190734863,11.300000190734863,11.300000190734863,0
2017-05-26,11.300000190734863,11.300000190734863,11.300000190734863,11.300000190734863,11.300000190734863,0
2017-05-29,11.859999656677246,11.859999656677246,11.050000190734863,11.050000190734863,11.050000190734863,500
2017-05-30,11.050000190734863,11.050000190734863,11.050000190734863,11.050000190734863,11.050000190734863,0
2017-05-31,11.050000190734863,11.050000190734863,11.050000190734863,11.050000190734863,11.050000190734863,100
2017-06-01,10.550000190734863,10.550000190734863,10.550000190734863,10.550000190734863,10.550000190734863,65
2017-06-02,10.300000190734863,10.300000190734863,10.300000190734863,10.300000190734863,10.300000190734863,100
2017-06-05,10.3100004196167,10.3100004196167,10.3100004196167,10.3100004196167,10.3100004196167,400
2017-06-06,10.199999809265137,10.199999809265137,10.199999809265137,10.199999809265137,10.199999809265137,100
2017-06-07,10.0,10.100000381469727,10.0,10.100000381469727,10.100000381469727,700
2017-06-08,10.100000381469727,10.109999656677246,10.100000381469727,10.109999656677246,10.109999656677246,550
2017-06-09,10.109999656677246,10.109999656677246,10.109999656677246,10.109999656677246,10.109999656677246,0
2017-06-12,10.109999656677246,10.109999656677246,10.109999656677246,10.109999656677246,10.109999656677246,0
2017-06-13,10.109999656677246,10.109999656677246,10.109999656677246,10.109999656677246,10.109999656677246,0
2017-06-14,10.199999809265137,10.199999809265137,10.199999809265137,10.199999809265137,10.199999809265137,100
2017-06-15,10.199999809265137,10.199999809265137,10.199999809265137,10.199999809265137,10.199999809265137,0
2017-06-16,10.199999809265137,10.199999809265137,10.199999809265137,10.199999809265137,10.199999809265137,0
2017-06-19,9.6899995803833,10.0,9.6899995803833,10.0,10.0,700
2017-06-20,10.0,10.0,10.0,10.0,10.0,0
2017-06-21,9.5,9.5,9.5,9.5,9.5,100
2017-06-22,9.5,9.5,9.5,9.5,9.5,100
2017-06-23,9.5,9.5,9.5,9.5,9.5,0
2017-06-27,9.5,9.5,9.5,9.5,9.5,200
2017-06-28,9.970000267028809,9.970000267028809,9.970000267028809,9.970000267028809,9.970000267028809,200
2017-06-29,9.970000267028809,9.970000267028809,9.970000267028809,9.970000267028809,9.970000267028809,0
2017-06-30,9.970000267028809,9.970000267028809,9.970000267028809,9.970000267028809,9.970000267028809,0
2017-07-03,9.979999542236328,9.979999542236328,9.979999542236328,9.979999542236328,9.979999542236328,400
2017-07-04,9.979999542236328,10.0,9.979999542236328,10.0,10.0,275
2017-07-05,10.0,10.0,10.0,10.0,10.0,0
2017-07-06,9.5,9.5,9.5,9.5,9.5,175
2017-07-07,9.5,9.800000190734863,9.5,9.800000190734863,9.800000190734863,2300
2017-07-10,10.100000381469727,10.100000381469727,10.100000381469727,10.100000381469727,10.100000381469727,67
2017-07-11,10.149999618530273,10.149999618530273,10.149999618530273,10.149999618530273,10.149999618530273,500
2017-07-12,10.149999618530273,10.149999618530273,10.149999618530273,10.149999618530273,10.149999618530273,100
2017-07-13,9.699999809265137,9.800000190734863,9.699999809265137,9.800000190734863,9.800000190734863,600
2017-07-14,9.800000190734863,9.800000190734863,9.800000190734863,9.800000190734863,9.800000190734863,0
2017-07-17,9.850000381469727,9.850000381469727,9.850000381469727,9.850000381469727,9.850000381469727,600
2017-07-18,9.5,9.649999618530273,9.5,9.649999618530273,9.649999618530273,400
2017-07-19,9.699999809265137,9.699999809265137,9.5,9.5,9.5,1400
2017-07-20,9.699999809265137,9.850000381469727,9.699999809265137,9.850000381469727,9.850000381469727,400
2017-07-21,9.899999618530273,9.899999618530273,9.899999618530273,9.899999618530273,9.899999618530273,100
2017-07-24,9.899999618530273,9.899999618530273,9.899999618530273,9.899999618530273,9.899999618530273,0
2017-07-25,10.050000190734863,10.100000381469727,10.050000190734863,10.100000381469727,10.100000381469727,500
2017-07-26,9.699999809265137,9.899999618530273,9.699999809265137,9.899999618530273,9.899999618530273,509
2017-07-27,9.899999618530273,9.899999618530273,9.800000190734863,9.800000190734863,9.800000190734863,720
2017-07-28,9.5,9.5,9.5,9.5,9.5,500
2017-07-31,9.5,9.5,9.5,9.5,9.5,0
2017-08-01,9.5,9.600000381469727,9.5,9.600000381469727,9.600000381469727,200
2017-08-02,10.079999923706055,10.079999923706055,10.079999923706055,10.079999923706055,10.079999923706055,1000
2017-08-03,10.079999923706055,10.079999923706055,10.079999923706055,10.079999923706055,10.079999923706055,0
2017-08-04,10.079999923706055,10.579999923706055,10.079999923706055,10.149999618530273,10.149999618530273,5700
2017-08-07,10.149999618530273,10.149999618530273,10.149999618530273,10.149999618530273,10.149999618530273,1220
2017-08-08,10.149999618530273,10.149999618530273,10.149999618530273,10.149999618530273,10.149999618530273,200
2017-08-09,10.149999618530273,10.149999618530273,10.149999618530273,10.149999618530273,10.149999618530273,0
2017-08-10,10.649999618530273,10.649999618530273,10.149999618530273,10.149999618530273,10.149999618530273,300
2017-08-11,10.149999618530273,10.149999618530273,10.149999618530273,10.149999618530273,10.149999618530273,0
2017-08-14,10.149999618530273,10.149999618530273,10.149999618530273,10.149999618530273,10.149999618530273,0
2017-08-16,10.649999618530273,10.649999618530273,9.699999809265137,9.699999809265137,9.699999809265137,301
2017-08-17,9.710000038146973,9.710000038146973,9.710000038146973,9.710000038146973,9.710000038146973,399
2017-08-18,9.710000038146973,9.710000038146973,9.710000038146973,9.710000038146973,9.710000038146973,0
2017-08-21,9.75,9.75,9.75,9.75,9.75,100
2017-08-22,9.75,9.75,9.75,9.75,9.75,0
2017-08-23,9.75,9.75,9.75,9.75,9.75,0
2017-08-24,9.75,9.75,9.75,9.75,9.75,100
2017-08-28,9.270000457763672,10.229999542236328,9.270000457763672,10.229999542236328,10.229999542236328,500
2017-08-29,10.229999542236328,10.229999542236328,10.229999542236328,10.229999542236328,10.229999542236328,100
2017-08-30,10.0,10.5,9.720000267028809,10.5,10.5,1200
2017-08-31,10.5,10.5,10.5,10.5,10.5,100
2017-09-01,10.5,10.5,10.5,10.5,10.5,1301
2017-09-04,9.979999542236328,9.979999542236328,9.979999542236328,9.979999542236328,9.979999542236328,100
2017-09-05,9.979999542236328,9.979999542236328,9.979999542236328,9.979999542236328,9.979999542236328,0
2017-09-06,9.979999542236328,9.979999542236328,9.979999542236328,9.979999542236328,9.979999542236328,0
2017-09-07,9.979999542236328,9.979999542236328,9.979999542236328,9.979999542236328,9.979999542236328,273
2017-09-08,9.979999542236328,9.979999542236328,9.979999542236328,9.979999542236328,9.979999542236328,0
2017-09-11,10.470000267028809,10.470000267028809,10.470000267028809,10.470000267028809,10.470000267028809,359
2017-09-12,10.470000267028809,10.470000267028809,10.470000267028809,10.470000267028809,10.470000267028809,0
2017-09-13,10.5,10.5,10.470000267028809,10.470000267028809,10.470000267028809,1800
2017-09-14,10.470000267028809,10.470000267028809,10.470000267028809,10.470000267028809,10.470000267028809,0
2017-09-15,10.989999771118164,10.989999771118164,10.989999771118164,10.989999771118164,10.989999771118164,800
2017-09-18,11.529999732971191,11.529999732971191,11.529999732971191,11.529999732971191,11.529999732971191,500
2017-09-19,12.100000381469727,12.100000381469727,12.100000381469727,12.100000381469727,12.100000381469727,1800
2017-09-20,12.100000381469727,12.699999809265137,11.5,11.5,11.5,4570
2017-09-21,11.100000381469727,11.199999809265137,11.100000381469727,11.199999809265137,11.199999809265137,501
2017-09-22,11.760000228881836,11.760000228881836,11.760000228881836,11.760000228881836,11.760000228881836,200
2017-09-25,11.5,11.5,11.180000305175781,11.300000190734863,11.300000190734863,800
2017-09-26,11.859999656677246,11.859999656677246,11.859999656677246,11.859999656677246,11.859999656677246,400
2017-09-27,11.270000457763672,11.270000457763672,11.270000457763672,11.270000457763672,11.270000457763672,1500
2017-09-28,11.270000457763672,11.270000457763672,11.270000457763672,11.270000457763672,11.270000457763672,0
2017-09-29,11.270000457763672,11.270000457763672,11.270000457763672,11.270000457763672,11.270000457763672,0
2017-10-03,11.710000038146973,11.710000038146973,11.0,11.0,11.0,300
2017-10-04,11.550000190734863,11.550000190734863,11.550000190734863,11.550000190734863,11.550000190734863,100
2017-10-05,11.550000190734863,11.550000190734863,11.550000190734863,11.550000190734863,11.550000190734863,280
2017-10-06,12.119999885559082,12.119999885559082,12.119999885559082,12.119999885559082,12.119999885559082,199
2017-10-09,12.0,12.720000267028809,12.0,12.720000267028809,12.720000267028809,792
2017-10-10,12.720000267028809,12.720000267028809,12.720000267028809,12.720000267028809,12.720000267028809,0
2017-10-11,13.25,13.300000190734863,13.25,13.300000190734863,13.300000190734863,551
2017-10-12,13.300000190734863,13.300000190734863,13.300000190734863,13.300000190734863,13.300000190734863,0
2017-10-13,13.850000381469727,13.890000343322754,13.850000381469727,13.890000343322754,13.890000343322754,600
2017-10-16,14.449999809265137,14.449999809265137,14.399999618530273,14.399999618530273,14.399999618530273,1410
2017-10-17,13.699999809265137,13.699999809265137,13.680000305175781,13.680000305175781,13.680000305175781,1150
2017-10-18,13.989999771118164,13.989999771118164,13.5,13.5,13.5,200
2017-10-19,13.989999771118164,13.989999771118164,13.989999771118164,13.989999771118164,13.989999771118164,100
2017-10-23,13.989999771118164,13.989999771118164,13.989999771118164,13.989999771118164,13.989999771118164,0
2017-10-24,13.989999771118164,13.989999771118164,13.989999771118164,13.989999771118164,13.989999771118164,0
2017-10-25,13.989999771118164,13.989999771118164,13.989999771118164,13.989999771118164,13.989999771118164,0
2017-10-26,13.989999771118164,13.989999771118164,13.989999771118164,13.989999771118164,13.989999771118164,0
2017-10-27,13.989999771118164,13.989999771118164,13.989999771118164,13.989999771118164,13.989999771118164,0
2017-10-30,13.5,13.800000190734863,13.5,13.5,13.5,610
2017-10-31,13.5,13.5,13.5,13.5,13.5,0
2017-11-01,14.170000076293945,14.170000076293945,14.170000076293945,14.170000076293945,14.170000076293945,10
2017-11-02,14.869999885559082,14.869999885559082,14.800000190734863,14.800000190734863,14.800000190734863,692
2017-11-03,14.800000190734863,14.800000190734863,14.800000190734863,14.800000190734863,14.800000190734863,0
2017-11-06,14.0600004196167,14.0600004196167,14.0600004196167,14.0600004196167,14.0600004196167,200
2017-11-07,13.359999656677246,14.0600004196167,13.359999656677246,14.0600004196167,14.0600004196167,320
2017-11-08,14.0600004196167,14.0600004196167,14.0600004196167,14.0600004196167,14.0600004196167,0
2017-11-09,14.0600004196167,14.0600004196167,14.0600004196167,14.0600004196167,14.0600004196167,0
2017-11-10,13.899999618530273,13.899999618530273,13.899999618530273,13.899999618530273,13.899999618530273,10
2017-11-13,13.899999618530273,13.899999618530273,13.899999618530273,13.899999618530273,13.899999618530273,0
2017-11-14,14.59000015258789,14.59000015258789,13.210000038146973,14.470000267028809,14.470000267028809,1233
2017-11-15,14.460000038146973,14.460000038146973,14.460000038146973,14.460000038146973,14.460000038146973,200
2017-11-16,14.460000038146973,14.460000038146973,14.460000038146973,14.460000038146973,14.460000038146973,0
2017-11-17,14.460000038146973,14.460000038146973,14.460000038146973,14.460000038146973,14.460000038146973,0
2017-11-20,14.460000038146973,14.460000038146973,14.460000038146973,14.460000038146973,14.460000038146973,0
2017-11-21,14.0,14.0,14.0,14.0,14.0,3
2017-11-22,14.0,14.0,14.0,14.0,14.0,0
2017-11-23,14.0,14.0,14.0,14.0,14.0,0
2017-11-24,13.5,14.699999809265137,13.5,14.699999809265137,14.699999809265137,400
2017-11-27,15.34000015258789,15.34000015258789,14.5,14.5,14.5,50
2017-11-28,14.5,14.5,14.5,14.5,14.5,0
2017-11-29,14.5,14.5,14.5,14.5,14.5,0
2017-11-30,14.5,14.5,14.5,14.5,14.5,0
2017-12-01,13.779999732971191,13.899999618530273,13.779999732971191,13.800000190734863,13.800000190734863,11035
2017-12-04,13.800000190734863,13.800000190734863,13.800000190734863,13.800000190734863,13.800000190734863,0
2017-12-05,13.800000190734863,13.800000190734863,13.800000190734863,13.800000190734863,13.800000190734863,0
2017-12-06,13.199999809265137,13.199999809265137,13.199999809265137,13.199999809265137,13.199999809265137,252
2017-12-07,12.800000190734863,12.800000190734863,12.800000190734863,12.800000190734863,12.800000190734863,600
2017-12-08,12.5,12.600000381469727,12.5,12.5,12.5,690
2017-12-11,13.119999885559082,13.119999885559082,13.100000381469727,13.100000381469727,13.100000381469727,1300
2017-12-12,12.449999809265137,12.449999809265137,12.449999809265137,12.449999809265137,12.449999809265137,25
2017-12-13,12.100000381469727,12.399999618530273,12.100000381469727,12.100000381469727,12.100000381469727,800
2017-12-14,12.699999809265137,12.699999809265137,12.699999809265137,12.699999809265137,12.699999809265137,618
2017-12-15,13.300000190734863,13.329999923706055,13.300000190734863,13.329999923706055,13.329999923706055,200
2017-12-18,12.670000076293945,12.670000076293945,12.670000076293945,12.670000076293945,12.670000076293945,100
2017-12-19,13.300000190734863,13.300000190734863,13.300000190734863,13.300000190734863,13.300000190734863,400
2017-12-20,13.949999809265137,13.960000038146973,13.949999809265137,13.960000038146973,13.960000038146973,750
2017-12-21,13.960000038146973,13.960000038146973,13.960000038146973,13.960000038146973,13.960000038146973,0
2017-12-22,13.960000038146973,13.960000038146973,13.960000038146973,13.960000038146973,13.960000038146973,0
2017-12-26,13.270000457763672,14.649999618530273,13.270000457763672,14.649999618530273,14.649999618530273,210
2017-12-27,14.649999618530273,14.649999618530273,13.920000076293945,13.920000076293945,13.920000076293945,20
2017-12-28,13.920000076293945,13.920000076293945,13.920000076293945,13.920000076293945,13.920000076293945,0
2017-12-29,13.229999542236328,13.229999542236328,13.229999542236328,13.229999542236328,13.229999542236328,100
2018-01-01,12.600000381469727,12.600000381469727,12.59000015258789,12.59000015258789,12.59000015258789,200
2018-01-02,12.0,12.0,12.0,12.0,12.0,100
2018-01-03,11.399999618530273,11.399999618530273,11.399999618530273,11.399999618530273,11.399999618530273,1900
2018-01-04,11.350000381469727,11.5,10.850000381469727,11.5,11.5,750
2018-01-05,10.930000305175781,11.050000190734863,10.930000305175781,11.0,11.0,1400
2018-01-08,11.0,11.0,11.0,11.0,11.0,0
2018-01-09,11.0,11.0,11.0,11.0,11.0,0
2018-01-10,12.119999885559082,12.119999885559082,12.119999885559082,12.119999885559082,12.119999885559082,900
2018-01-11,12.720000267028809,12.720000267028809,12.720000267028809,12.720000267028809,12.720000267028809,350
2018-01-12,13.350000381469727,13.350000381469727,13.350000381469727,13.350000381469727,13.350000381469727,85
2018-01-15,14.010000228881836,14.010000228881836,13.949999809265137,14.010000228881836,14.010000228881836,4176
2018-01-16,14.5,14.5,13.3100004196167,13.6899995803833,13.6899995803833,1750
2018-01-17,13.699999809265137,14.369999885559082,13.699999809265137,14.350000381469727,14.350000381469727,2495
2018-01-18,14.899999618530273,15.0600004196167,13.640000343322754,13.640000343322754,13.640000343322754,4802
2018-01-19,14.319999694824219,14.319999694824219,13.050000190734863,13.850000381469727,13.850000381469727,250
2018-01-22,14.529999732971191,14.529999732971191,14.529999732971191,14.529999732971191,14.529999732971191,1234
2018-01-23,15.25,15.25,14.0,15.25,15.25,2625
2018-01-24,15.850000381469727,16.010000228881836,14.489999771118164,14.489999771118164,14.489999771118164,3736
2018-01-25,15.0,15.0,15.0,15.0,15.0,1976
2018-01-29,15.0,15.0,15.0,15.0,15.0,0
2018-01-30,15.75,15.75,15.75,15.75,15.75,3601
2018-01-31,16.5,16.5,15.75,15.75,15.75,50
2018-02-01,15.75,15.75,15.75,15.75,15.75,300
2018-02-02,16.450000762939453,16.450000762939453,15.0,15.0,15.0,745
2018-02-05,15.0,15.0,15.0,15.0,15.0,0
2018-02-06,15.0,15.0,14.899999618530273,14.899999618530273,14.899999618530273,706
2018-02-07,14.899999618530273,14.899999618530273,14.5,14.5,14.5,306
2018-02-08,14.300000190734863,14.300000190734863,13.949999809265137,13.949999809265137,13.949999809265137,295
2018-02-09,14.0,14.0,14.0,14.0,14.0,200
2018-02-12,14.699999809265137,14.699999809265137,14.699999809265137,14.699999809265137,14.699999809265137,153
2018-02-14,15.399999618530273,15.399999618530273,15.0,15.0,15.0,1144
2018-02-15,15.5,15.5,15.5,15.5,15.5,1449
2018-02-16,15.699999809265137,16.25,15.699999809265137,15.75,15.75,1111
2018-02-19,15.75,15.75,15.75,15.75,15.75,0
2018-02-20,15.75,15.75,15.75,15.75,15.75,0
2018-02-21,15.75,15.75,15.75,15.75,15.75,0
2018-02-22,15.75,15.75,15.75,15.75,15.75,0
2018-02-23,15.75,15.75,15.75,15.75,15.75,0
2018-02-26,15.75,15.75,15.75,15.75,15.75,0
2018-02-27,15.75,15.75,15.75,15.75,15.75,0
2018-02-28,16.5,16.5,15.0,15.0,15.0,450
2018-03-01,14.25,14.300000190734863,14.25,14.300000190734863,14.300000190734863,600
2018-03-05,14.050000190734863,14.050000190734863,14.050000190734863,14.050000190734863,14.050000190734863,24
2018-03-06,14.050000190734863,14.050000190734863,14.050000190734863,14.050000190734863,14.050000190734863,605
2018-03-07,14.25,14.25,14.25,14.25,14.25,45
2018-03-08,14.050000190734863,14.050000190734863,14.050000190734863,14.050000190734863,14.050000190734863,286
2018-03-09,14.050000190734863,14.050000190734863,14.050000190734863,14.050000190734863,14.050000190734863,1000
2018-03-12,14.050000190734863,14.050000190734863,14.050000190734863,14.050000190734863,14.050000190734863,0
2018-03-13,14.050000190734863,14.050000190734863,14.050000190734863,14.050000190734863,14.050000190734863,0
2018-03-14,14.050000190734863,14.050000190734863,14.050000190734863,14.050000190734863,14.050000190734863,0
2018-03-15,14.050000190734863,14.050000190734863,14.050000190734863,14.050000190734863,14.050000190734863,0
2018-03-16,14.75,14.75,14.75,14.75,14.75,70
2018-03-19,15.479999542236328,15.479999542236328,14.100000381469727,14.100000381469727,14.100000381469727,101
2018-03-20,14.100000381469727,14.100000381469727,14.100000381469727,14.100000381469727,14.100000381469727,0
2018-03-21,14.800000190734863,14.800000190734863,14.800000190734863,14.800000190734863,14.800000190734863,100
2018-03-22,14.800000190734863,14.800000190734863,14.800000190734863,14.800000190734863,14.800000190734863,0
2018-03-23,14.800000190734863,14.800000190734863,14.800000190734863,14.800000190734863,14.800000190734863,0
2018-03-26,15.390000343322754,15.399999618530273,15.390000343322754,15.399999618530273,15.399999618530273,200
2018-03-27,15.399999618530273,15.399999618530273,15.399999618530273,15.399999618530273,15.399999618530273,0
2018-03-28,15.399999618530273,15.850000381469727,15.399999618530273,15.850000381469727,15.850000381469727,400
2018-04-02,15.850000381469727,15.850000381469727,15.850000381469727,15.850000381469727,15.850000381469727,0
2018-04-03,15.649999618530273,15.649999618530273,15.649999618530273,15.649999618530273,15.649999618530273,2
2018-04-04,15.649999618530273,15.649999618530273,15.649999618530273,15.649999618530273,15.649999618530273,0
2018-04-05,15.649999618530273,15.649999618530273,15.649999618530273,15.649999618530273,15.649999618530273,0
2018-04-06,15.850000381469727,15.850000381469727,15.850000381469727,15.850000381469727,15.850000381469727,1000
2018-04-09,16.0,16.0,16.0,16.0,16.0,100
2018-04-10,16.0,16.0,16.0,16.0,16.0,0
2018-04-11,15.199999809265137,15.199999809265137,15.199999809265137,15.199999809265137,15.199999809265137,600
2018-04-12,15.199999809265137,15.199999809265137,15.199999809265137,15.199999809265137,15.199999809265137,0
2018-04-13,15.199999809265137,15.199999809265137,15.199999809265137,15.199999809265137,15.199999809265137,0
2018-04-16,15.960000038146973,15.960000038146973,15.960000038146973,15.960000038146973,15.960000038146973,200
2018-04-17,15.960000038146973,15.960000038146973,15.960000038146973,15.960000038146973,15.960000038146973,500
2018-04-18,15.960000038146973,15.960000038146973,15.960000038146973,15.960000038146973,15.960000038146973,0
2018-04-19,15.170000076293945,15.170000076293945,15.170000076293945,15.170000076293945,15.170000076293945,400
2018-04-20,15.170000076293945,15.170000076293945,15.170000076293945,15.170000076293945,15.170000076293945,0
2018-04-23,15.170000076293945,15.170000076293945,15.100000381469727,15.100000381469727,15.100000381469727,300
2018-04-24,15.100000381469727,15.100000381469727,15.100000381469727,15.100000381469727,15.100000381469727,0
2018-04-25,15.399999618530273,15.399999618530273,15.399999618530273,15.399999618530273,15.399999618530273,100
2018-04-26,15.399999618530273,15.399999618530273,15.399999618530273,15.399999618530273,15.399999618530273,0
2018-04-27,15.399999618530273,15.399999618530273,15.399999618530273,15.399999618530273,15.399999618530273,0
2018-04-30,15.399999618530273,15.399999618530273,15.399999618530273,15.399999618530273,15.399999618530273,0
2018-05-02,14.699999809265137,14.699999809265137,14.699999809265137,14.699999809265137,14.699999809265137,100
2018-05-03,14.0,14.0,14.0,14.0,14.0,200
2018-05-04,14.0,14.0,14.0,14.0,14.0,200
2018-05-07,14.0,14.0,14.0,14.0,14.0,400
2018-05-08,14.0,14.0,14.0,14.0,14.0,51
2018-05-09,14.0,14.0,14.0,14.0,14.0,790
2018-05-10,14.699999809265137,14.699999809265137,14.699999809265137,14.699999809265137,14.699999809265137,1
2018-05-11,15.399999618530273,15.399999618530273,15.399999618530273,15.399999618530273,15.399999618530273,1
2018-05-14,16.149999618530273,16.149999618530273,15.899999618530273,15.899999618530273,15.899999618530273,511
2018-05-15,15.899999618530273,15.899999618530273,15.899999618530273,15.899999618530273,15.899999618530273,0
2018-05-16,15.899999618530273,15.899999618530273,15.899999618530273,15.899999618530273,15.899999618530273,0
2018-05-17,15.899999618530273,15.899999618530273,15.899999618530273,15.899999618530273,15.899999618530273,0
2018-05-18,15.899999618530273,15.899999618530273,15.899999618530273,15.899999618530273,15.899999618530273,0
2018-05-21,15.899999618530273,15.899999618530273,15.899999618530273,15.899999618530273,15.899999618530273,0
2018-05-22,15.899999618530273,15.899999618530273,15.899999618530273,15.899999618530273,15.899999618530273,0
2018-05-23,15.899999618530273,15.899999618530273,15.899999618530273,15.899999618530273,15.899999618530273,0
2018-05-24,15.899999618530273,15.899999618530273,15.899999618530273,15.899999618530273,15.899999618530273,0
2018-05-25,15.899999618530273,15.899999618530273,15.899999618530273,15.899999618530273,15.899999618530273,0
2018-05-28,16.0,16.0,16.0,16.0,16.0,1
2018-05-29,16.0,16.25,15.199999809265137,16.25,16.25,20000
2018-05-30,16.25,16.25,16.25,16.25,16.25,0
2018-05-31,16.25,16.25,16.25,16.25,16.25,0
2018-06-01,16.25,16.25,16.25,16.25,16.25,0
2018-06-04,16.25,16.25,16.25,16.25,16.25,0
2018-06-05,16.25,16.25,16.25,16.25,16.25,0
2018-06-06,16.25,16.25,16.25,16.25,16.25,0
2018-06-07,16.25,16.25,16.25,16.25,16.25,0
2018-06-08,16.25,16.25,16.25,16.25,16.25,0
2018-06-11,16.25,16.25,16.25,16.25,16.25,0
2018-06-12,16.799999237060547,16.799999237060547,16.799999237060547,16.799999237060547,16.799999237060547,7
2018-06-13,16.799999237060547,16.799999237060547,16.799999237060547,16.799999237060547,16.799999237060547,0
2018-06-14,16.799999237060547,16.799999237060547,16.799999237060547,16.799999237060547,16.799999237060547,0
2018-06-15,16.799999237060547,16.799999237060547,16.799999237060547,16.799999237060547,16.799999237060547,0
2018-06-18,16.5,16.5,16.5,16.5,16.5,500
2018-06-19,16.5,16.5,16.5,16.5,16.5,0
2018-06-20,16.5,16.5,16.5,16.5,16.5,0
2018-06-21,15.699999809265137,16.0,15.699999809265137,15.699999809265137,15.699999809265137,700
2018-06-22,15.699999809265137,15.699999809265137,15.699999809265137,15.699999809265137,15.699999809265137,0
2018-06-25,15.699999809265137,15.699999809265137,15.699999809265137,15.699999809265137,15.699999809265137,0
2018-06-26,15.699999809265137,15.699999809265137,15.699999809265137,15.699999809265137,15.699999809265137,0
2018-06-27,15.699999809265137,15.699999809265137,15.699999809265137,15.699999809265137,15.699999809265137,0
2018-06-28,15.699999809265137,15.699999809265137,15.699999809265137,15.699999809265137,15.699999809265137,0
2018-06-29,15.699999809265137,15.699999809265137,15.699999809265137,15.699999809265137,15.699999809265137,0
2018-07-02,15.699999809265137,15.699999809265137,15.699999809265137,15.699999809265137,15.699999809265137,0
2018-07-03,15.699999809265137,15.699999809265137,15.699999809265137,15.699999809265137,15.699999809265137,0
2018-07-04,15.699999809265137,15.699999809265137,15.699999809265137,15.699999809265137,15.699999809265137,0
2018-07-05,15.699999809265137,15.699999809265137,15.699999809265137,15.699999809265137,15.699999809265137,0
2018-07-06,15.699999809265137,15.699999809265137,15.699999809265137,15.699999809265137,15.699999809265137,0
2018-07-09,15.699999809265137,15.699999809265137,15.699999809265137,15.699999809265137,15.699999809265137,0
2018-07-10,15.699999809265137,15.699999809265137,15.699999809265137,15.699999809265137,15.699999809265137,0
2018-07-11,15.699999809265137,15.699999809265137,15.699999809265137,15.699999809265137,15.699999809265137,0
2018-07-12,15.699999809265137,15.699999809265137,15.699999809265137,15.699999809265137,15.699999809265137,0
2018-07-13,15.699999809265137,15.699999809265137,15.699999809265137,15.699999809265137,15.699999809265137,0
2018-07-16,15.5,15.5,15.5,15.5,15.5,100
2018-07-17,15.5,15.5,15.5,15.5,15.5,0
2018-07-18,15.5,15.5,15.5,15.5,15.5,0
2018-07-19,15.5,15.5,15.5,15.5,15.5,0
2018-07-20,15.5,15.5,15.5,15.5,15.5,0
2018-07-23,15.5,15.5,15.5,15.5,15.5,0
2018-07-24,15.5,15.5,15.5,15.5,15.5,0
2018-07-25,15.5,15.5,15.5,15.5,15.5,0
2018-07-26,15.5,15.5,15.5,15.5,15.5,0
2018-07-27,15.5,15.5,15.5,15.5,15.5,0
2018-07-30,15.5,15.5,15.5,15.5,15.5,0
2018-07-31,15.5,15.5,15.5,15.5,15.5,0
2018-08-01,15.5,15.5,15.5,15.5,15.5,0
2018-08-02,15.5,15.5,15.5,15.5,15.5,0
2018-08-03,15.5,15.5,15.5,15.5,15.5,0
2018-08-06,15.5,15.5,15.5,15.5,15.5,0
2018-08-07,15.5,15.5,15.5,15.5,15.5,0
2018-08-08,14.75,15.449999809265137,14.75,15.449999809265137,15.449999809265137,300
2018-08-09,15.449999809265137,15.449999809265137,15.449999809265137,15.449999809265137,15.449999809265137,0
2018-08-10,15.449999809265137,15.449999809265137,15.449999809265137,15.449999809265137,15.449999809265137,0
2018-08-13,15.449999809265137,15.449999809265137,15.449999809265137,15.449999809265137,15.449999809265137,0
2018-08-14,15.449999809265137,15.449999809265137,15.449999809265137,15.449999809265137,15.449999809265137,0
2018-08-16,15.449999809265137,15.449999809265137,15.449999809265137,15.449999809265137,15.449999809265137,0
2018-08-17,15.449999809265137,15.449999809265137,15.449999809265137,15.449999809265137,15.449999809265137,0
2018-08-20,15.449999809265137,15.449999809265137,15.449999809265137,15.449999809265137,15.449999809265137,0
2018-08-21,15.449999809265137,15.449999809265137,15.449999809265137,15.449999809265137,15.449999809265137,0
2018-08-23,15.449999809265137,15.449999809265137,15.449999809265137,15.449999809265137,15.449999809265137,101
2018-08-24,15.449999809265137,15.449999809265137,15.449999809265137,15.449999809265137,15.449999809265137,0
2018-08-27,15.449999809265137,15.449999809265137,15.449999809265137,15.449999809265137,15.449999809265137,0
2018-08-28,15.449999809265137,15.449999809265137,15.449999809265137,15.449999809265137,15.449999809265137,0
2018-08-29,15.399999618530273,15.399999618530273,15.399999618530273,15.399999618530273,15.399999618530273,1
2018-08-30,15.399999618530273,15.399999618530273,15.399999618530273,15.399999618530273,15.399999618530273,0
2018-08-31,15.399999618530273,15.399999618530273,15.399999618530273,15.399999618530273,15.399999618530273,0
2018-09-03,15.0,15.0,15.0,15.0,15.0,20
2018-09-04,15.0,15.0,15.0,15.0,15.0,0
2018-09-05,15.0,15.0,15.0,15.0,15.0,0
2018-09-06,15.0,15.0,15.0,15.0,15.0,0
2018-09-07,15.0,15.0,15.0,15.0,15.0,0
2018-09-10,15.0,15.0,15.0,15.0,15.0,0
2018-09-11,15.0,15.0,15.0,15.0,15.0,0
2018-09-12,15.0,15.0,15.0,15.0,15.0,0
2018-09-14,15.0,15.0,15.0,15.0,15.0,0
2018-09-17,15.0,15.0,15.0,15.0,15.0,0
2018-09-18,15.0,15.0,15.0,15.0,15.0,0
2018-09-19,15.0,15.0,15.0,15.0,15.0,0
2018-09-21,15.0,15.0,15.0,15.0,15.0,0
2018-09-24,15.0,15.0,15.0,15.0,15.0,0
2018-09-25,15.0,15.0,15.0,15.0,15.0,0
2018-09-26,15.0,15.0,15.0,15.0,15.0,0
2018-09-27,15.0,15.0,15.0,15.0,15.0,0
2018-09-28,15.0,15.0,15.0,15.0,15.0,0
2018-10-01,15.0,15.0,15.0,15.0,15.0,0
2018-10-03,15.0,15.0,15.0,15.0,15.0,0
2018-10-04,15.0,15.0,15.0,15.0,15.0,0
2018-10-05,15.0,15.0,15.0,15.0,15.0,0
2018-10-08,15.0,15.0,15.0,15.0,15.0,0
2018-10-09,15.0,15.0,15.0,15.0,15.0,0
2018-10-10,15.0,15.0,15.0,15.0,15.0,0
2018-10-11,15.0,15.0,15.0,15.0,15.0,0
2018-10-12,15.0,15.0,15.0,15.0,15.0,0
2018-10-15,15.0,15.0,15.0,15.0,15.0,0
2018-10-16,15.0,15.0,15.0,15.0,15.0,0
2018-10-17,15.0,15.0,15.0,15.0,15.0,0
2018-10-19,15.0,15.0,15.0,15.0,15.0,0
2018-10-22,15.0,15.0,15.0,15.0,15.0,0
2018-10-23,15.0,15.0,15.0,15.0,15.0,0
2018-10-24,15.0,15.0,15.0,15.0,15.0,0
2018-10-25,15.0,15.0,15.0,15.0,15.0,0
2018-10-26,15.0,15.0,15.0,15.0,15.0,0
2018-10-29,15.0,15.0,15.0,15.0,15.0,0
2018-10-30,15.0,15.0,15.0,15.0,15.0,0
2018-10-31,15.0,15.0,15.0,15.0,15.0,0
2018-11-01,14.25,14.25,14.25,14.25,14.25,100
2018-11-02,14.25,14.25,14.25,14.25,14.25,0
2018-11-05,14.25,14.25,14.25,14.25,14.25,0
2018-11-06,14.25,14.25,14.25,14.25,14.25,200
2018-11-07,14.25,14.25,14.25,14.25,14.25,0
2018-11-09,14.25,14.25,14.25,14.25,14.25,0
2018-11-12,14.25,14.25,14.25,14.25,14.25,0
2018-11-13,14.25,14.25,14.25,14.25,14.25,0
2018-11-14,14.25,14.25,14.25,14.25,14.25,0
2018-11-15,14.25,14.25,14.25,14.25,14.25,0
2018-11-16,14.25,14.25,14.25,14.25,14.25,0
2018-11-19,14.25,14.25,14.25,14.25,14.25,0
2018-11-20,14.25,14.25,14.25,14.25,14.25,0
2018-11-21,14.25,14.25,14.25,14.25,14.25,0
2018-11-22,14.25,14.25,14.25,14.25,14.25,0
2018-11-26,14.25,14.25,14.25,14.25,14.25,0
2018-11-27,14.25,14.25,14.25,14.25,14.25,0
2018-11-28,14.25,14.25,14.25,14.25,14.25,0
2018-11-29,14.25,14.25,14.25,14.25,14.25,0
2018-11-30,13.539999961853027,13.539999961853027,13.539999961853027,13.539999961853027,13.539999961853027,101
2018-12-03,13.539999961853027,13.539999961853027,13.539999961853027,13.539999961853027,13.539999961853027,0
2018-12-04,13.539999961853027,13.539999961853027,13.539999961853027,13.539999961853027,13.539999961853027,0
2018-12-05,13.539999961853027,13.539999961853027,13.539999961853027,13.539999961853027,13.539999961853027,0
2018-12-06,13.539999961853027,13.539999961853027,13.539999961853027,13.539999961853027,13.539999961853027,0
2018-12-07,13.539999961853027,13.539999961853027,13.539999961853027,13.539999961853027,13.539999961853027,0
2018-12-10,13.539999961853027,13.539999961853027,13.539999961853027,13.539999961853027,13.539999961853027,0
2018-12-11,12.869999885559082,12.869999885559082,12.869999885559082,12.869999885559082,12.869999885559082,10
2018-12-12,12.869999885559082,12.869999885559082,12.869999885559082,12.869999885559082,12.869999885559082,0
2018-12-13,12.869999885559082,12.869999885559082,12.869999885559082,12.869999885559082,12.869999885559082,0
2018-12-14,12.869999885559082,12.869999885559082,12.869999885559082,12.869999885559082,12.869999885559082,0
2018-12-17,12.869999885559082,12.869999885559082,12.869999885559082,12.869999885559082,12.869999885559082,0
2018-12-18,12.869999885559082,12.869999885559082,12.869999885559082,12.869999885559082,12.869999885559082,0
2018-12-19,12.869999885559082,12.869999885559082,12.869999885559082,12.869999885559082,12.869999885559082,0
2018-12-20,12.869999885559082,12.869999885559082,12.869999885559082,12.869999885559082,12.869999885559082,0
2018-12-21,12.869999885559082,12.869999885559082,12.869999885559082,12.869999885559082,12.869999885559082,0
2018-12-24,12.869999885559082,12.869999885559082,12.869999885559082,12.869999885559082,12.869999885559082,0
2018-12-26,12.869999885559082,12.869999885559082,12.869999885559082,12.869999885559082,12.869999885559082,0
2018-12-27,12.869999885559082,12.869999885559082,12.869999885559082,12.869999885559082,12.869999885559082,0
2018-12-28,12.869999885559082,12.869999885559082,12.869999885559082,12.869999885559082,12.869999885559082,0
2018-12-31,12.869999885559082,12.869999885559082,12.869999885559082,12.869999885559082,12.869999885559082,0
2019-01-01,12.869999885559082,12.869999885559082,12.869999885559082,12.869999885559082,12.869999885559082,0
2019-01-02,12.229999542236328,12.229999542236328,12.229999542236328,12.229999542236328,12.229999542236328,115
2019-01-03,11.619999885559082,11.619999885559082,11.619999885559082,11.619999885559082,11.619999885559082,12
2019-01-04,11.039999961853027,11.039999961853027,11.039999961853027,11.039999961853027,11.039999961853027,11
2019-01-07,11.039999961853027,11.039999961853027,11.039999961853027,11.039999961853027,11.039999961853027,0
2019-01-08,11.039999961853027,11.039999961853027,11.039999961853027,11.039999961853027,11.039999961853027,0
2019-01-09,11.039999961853027,11.039999961853027,11.039999961853027,11.039999961853027,11.039999961853027,0
2019-01-10,10.489999771118164,10.489999771118164,10.489999771118164,10.489999771118164,10.489999771118164,10
2019-01-11,9.970000267028809,9.970000267028809,9.970000267028809,9.970000267028809,9.970000267028809,6
2019-01-14,9.970000267028809,9.970000267028809,9.970000267028809,9.970000267028809,9.970000267028809,0
2019-01-15,9.970000267028809,9.970000267028809,9.970000267028809,9.970000267028809,9.970000267028809,0
2019-01-16,9.970000267028809,9.970000267028809,9.970000267028809,9.970000267028809,9.970000267028809,0
2019-01-17,9.970000267028809,9.970000267028809,9.970000267028809,9.970000267028809,9.970000267028809,0
2019-01-18,9.970000267028809,9.970000267028809,9.970000267028809,9.970000267028809,9.970000267028809,0
2019-01-21,9.970000267028809,9.970000267028809,9.970000267028809,9.970000267028809,9.970000267028809,0
2019-01-22,9.970000267028809,9.970000267028809,9.970000267028809,9.970000267028809,9.970000267028809,0
2019-01-23,9.970000267028809,9.970000267028809,9.970000267028809,9.970000267028809,9.970000267028809,0
2019-01-24,9.970000267028809,9.970000267028809,9.970000267028809,9.970000267028809,9.970000267028809,0
2019-01-25,9.970000267028809,9.970000267028809,9.970000267028809,9.970000267028809,9.970000267028809,0
2019-01-28,9.970000267028809,9.970000267028809,9.970000267028809,9.970000267028809,9.970000267028809,0
2019-01-29,9.970000267028809,9.970000267028809,9.970000267028809,9.970000267028809,9.970000267028809,0
2019-01-30,9.970000267028809,9.970000267028809,9.970000267028809,9.970000267028809,9.970000267028809,0
2019-01-31,9.970000267028809,9.970000267028809,9.970000267028809,9.970000267028809,9.970000267028809,0
2019-02-01,9.970000267028809,9.970000267028809,9.970000267028809,9.970000267028809,9.970000267028809,0
2019-02-04,9.970000267028809,9.970000267028809,9.970000267028809,9.970000267028809,9.970000267028809,0
2019-02-05,9.970000267028809,9.970000267028809,9.970000267028809,9.970000267028809,9.970000267028809,0
2019-02-06,9.970000267028809,9.970000267028809,9.970000267028809,9.970000267028809,9.970000267028809,0
2019-02-07,9.970000267028809,9.970000267028809,9.970000267028809,9.970000267028809,9.970000267028809,0
2019-02-08,9.970000267028809,9.970000267028809,9.970000267028809,9.970000267028809,9.970000267028809,0
2019-02-11,9.970000267028809,9.970000267028809,9.970000267028809,9.970000267028809,9.970000267028809,0
2019-02-12,9.970000267028809,9.970000267028809,9.970000267028809,9.970000267028809,9.970000267028809,0
2019-02-14,9.970000267028809,9.970000267028809,9.970000267028809,9.970000267028809,9.970000267028809,0
2019-02-15,9.970000267028809,9.970000267028809,9.970000267028809,9.970000267028809,9.970000267028809,0
2019-02-18,9.970000267028809,9.970000267028809,9.970000267028809,9.970000267028809,9.970000267028809,0
2019-02-19,9.970000267028809,9.970000267028809,9.970000267028809,9.970000267028809,9.970000267028809,0
2019-02-20,9.970000267028809,9.970000267028809,9.970000267028809,9.970000267028809,9.970000267028809,0
2019-02-21,9.970000267028809,9.970000267028809,9.970000267028809,9.970000267028809,9.970000267028809,0
2019-02-22,9.970000267028809,9.970000267028809,9.970000267028809,9.970000267028809,9.970000267028809,0
2019-02-25,9.970000267028809,9.970000267028809,9.970000267028809,9.970000267028809,9.970000267028809,0
2019-02-26,9.970000267028809,9.970000267028809,9.970000267028809,9.970000267028809,9.970000267028809,0
2019-02-27,9.970000267028809,9.970000267028809,9.970000267028809,9.970000267028809,9.970000267028809,0
2019-02-28,9.970000267028809,9.970000267028809,9.970000267028809,9.970000267028809,9.970000267028809,0
2019-03-01,9.970000267028809,9.970000267028809,9.970000267028809,9.970000267028809,9.970000267028809,0
2019-03-05,9.970000267028809,9.970000267028809,9.970000267028809,9.970000267028809,9.970000267028809,0
2019-03-06,9.970000267028809,9.970000267028809,9.970000267028809,9.970000267028809,9.970000267028809,0
2019-03-07,9.970000267028809,9.970000267028809,9.970000267028809,9.970000267028809,9.970000267028809,0
2019-03-08,9.970000267028809,9.970000267028809,9.970000267028809,9.970000267028809,9.970000267028809,0
2019-03-11,9.970000267028809,9.970000267028809,9.970000267028809,9.970000267028809,9.970000267028809,0
2019-03-12,9.010000228881836,9.010000228881836,9.010000228881836,9.010000228881836,9.010000228881836,10
2019-03-13,8.5600004196167,8.5600004196167,8.5600004196167,8.5600004196167,8.5600004196167,20
2019-03-14,8.140000343322754,8.140000343322754,8.140000343322754,8.140000343322754,8.140000343322754,481
2019-03-15,7.739999771118164,7.739999771118164,7.739999771118164,7.739999771118164,7.739999771118164,1456
2019-03-18,7.739999771118164,7.739999771118164,7.739999771118164,7.739999771118164,7.739999771118164,0
2019-03-19,7.739999771118164,7.739999771118164,7.739999771118164,7.739999771118164,7.739999771118164,0
2019-03-20,7.739999771118164,7.739999771118164,7.739999771118164,7.739999771118164,7.739999771118164,0
2019-03-22,7.739999771118164,7.739999771118164,7.739999771118164,7.739999771118164,7.739999771118164,100
2019-03-25,7.739999771118164,7.739999771118164,7.739999771118164,7.739999771118164,7.739999771118164,0
2019-03-26,7.739999771118164,7.739999771118164,7.739999771118164,7.739999771118164,7.739999771118164,0
2019-03-27,7.739999771118164,7.739999771118164,7.739999771118164,7.739999771118164,7.739999771118164,0
2019-03-28,7.739999771118164,7.739999771118164,7.739999771118164,7.739999771118164,7.739999771118164,0
2019-04-01,7.739999771118164,7.739999771118164,7.739999771118164,7.739999771118164,7.739999771118164,0
2019-04-02,7.739999771118164,7.739999771118164,7.739999771118164,7.739999771118164,7.739999771118164,0
2019-04-03,7.739999771118164,7.739999771118164,7.739999771118164,7.739999771118164,7.739999771118164,0
2019-04-04,7.739999771118164,7.739999771118164,7.739999771118164,7.739999771118164,7.739999771118164,0
2019-04-05,7.739999771118164,7.739999771118164,7.739999771118164,7.739999771118164,7.739999771118164,0
2019-04-08,7.739999771118164,7.739999771118164,7.739999771118164,7.739999771118164,7.739999771118164,0
2019-04-09,7.739999771118164,7.739999771118164,7.739999771118164,7.739999771118164,7.739999771118164,0
2019-04-10,7.739999771118164,7.739999771118164,7.739999771118164,7.739999771118164,7.739999771118164,0
2019-04-11,7.739999771118164,7.739999771118164,7.739999771118164,7.739999771118164,7.739999771118164,0
2019-04-12,7.739999771118164,7.739999771118164,7.739999771118164,7.739999771118164,7.739999771118164,0
2019-04-15,7.739999771118164,7.739999771118164,7.739999771118164,7.739999771118164,7.739999771118164,0
2019-04-16,7.739999771118164,7.739999771118164,7.739999771118164,7.739999771118164,7.739999771118164,0
2019-04-18,7.739999771118164,7.739999771118164,7.739999771118164,7.739999771118164,7.739999771118164,1
2019-04-22,7.739999771118164,7.739999771118164,7.739999771118164,7.739999771118164,7.739999771118164,0
2019-04-23,7.739999771118164,7.739999771118164,7.739999771118164,7.739999771118164,7.739999771118164,0
2019-04-24,7.739999771118164,7.739999771118164,7.739999771118164,7.739999771118164,7.739999771118164,0
2019-04-25,7.739999771118164,7.739999771118164,7.739999771118164,7.739999771118164,7.739999771118164,0
2019-04-26,7.739999771118164,7.739999771118164,7.739999771118164,7.739999771118164,7.739999771118164,0
2019-04-30,7.739999771118164,7.739999771118164,7.739999771118164,7.739999771118164,7.739999771118164,0
2019-05-02,7.739999771118164,7.739999771118164,7.739999771118164,7.739999771118164,7.739999771118164,0
2019-05-03,7.739999771118164,7.739999771118164,7.739999771118164,7.739999771118164,7.739999771118164,0
2019-05-06,7.739999771118164,7.739999771118164,7.739999771118164,7.739999771118164,7.739999771118164,0
2019-05-07,7.739999771118164,7.739999771118164,7.739999771118164,7.739999771118164,7.739999771118164,0
2019-05-08,7.739999771118164,7.739999771118164,7.739999771118164,7.739999771118164,7.739999771118164,0
2019-05-09,7.739999771118164,7.739999771118164,7.739999771118164,7.739999771118164,7.739999771118164,0
2019-05-10,7.739999771118164,7.739999771118164,7.739999771118164,7.739999771118164,7.739999771118164,0
2019-05-13,7.739999771118164,7.739999771118164,7.739999771118164,7.739999771118164,7.739999771118164,0
2019-05-14,7.739999771118164,7.739999771118164,7.739999771118164,7.739999771118164,7.739999771118164,0
2019-05-15,7.739999771118164,7.739999771118164,7.739999771118164,7.739999771118164,7.739999771118164,0
2019-05-16,7.739999771118164,7.739999771118164,7.739999771118164,7.739999771118164,7.739999771118164,0
2019-05-17,7.739999771118164,7.739999771118164,7.739999771118164,7.739999771118164,7.739999771118164,0
2019-05-20,7.739999771118164,7.739999771118164,7.739999771118164,7.739999771118164,7.739999771118164,0
2019-05-21,7.739999771118164,7.739999771118164,7.739999771118164,7.739999771118164,7.739999771118164,0
2019-05-22,7.739999771118164,7.739999771118164,7.739999771118164,7.739999771118164,7.739999771118164,0
2019-05-23,7.739999771118164,7.739999771118164,7.739999771118164,7.739999771118164,7.739999771118164,0
2019-05-24,7.739999771118164,7.739999771118164,7.739999771118164,7.739999771118164,7.739999771118164,0
2019-05-27,7.739999771118164,7.739999771118164,7.739999771118164,7.739999771118164,7.739999771118164,0
2019-05-28,7.949999809265137,7.949999809265137,7.949999809265137,7.949999809265137,7.949999809265137,300
2019-05-29,7.949999809265137,7.949999809265137,7.949999809265137,7.949999809265137,7.949999809265137,0
2019-05-30,7.949999809265137,7.949999809265137,7.949999809265137,7.949999809265137,7.949999809265137,200
2019-05-31,7.949999809265137,7.949999809265137,7.949999809265137,7.949999809265137,7.949999809265137,0
2019-06-03,7.949999809265137,7.949999809265137,7.949999809265137,7.949999809265137,7.949999809265137,0
2019-06-04,7.949999809265137,7.949999809265137,7.949999809265137,7.949999809265137,7.949999809265137,0
2019-06-06,7.949999809265137,7.949999809265137,7.949999809265137,7.949999809265137,7.949999809265137,0
2019-06-07,7.949999809265137,7.949999809265137,7.949999809265137,7.949999809265137,7.949999809265137,0
2019-06-10,7.949999809265137,7.949999809265137,7.949999809265137,7.949999809265137,7.949999809265137,0
2019-06-11,7.949999809265137,7.949999809265137,7.949999809265137,7.949999809265137,7.949999809265137,0
2019-06-12,7.949999809265137,7.949999809265137,7.949999809265137,7.949999809265137,7.949999809265137,0
2019-06-13,7.949999809265137,7.949999809265137,7.949999809265137,7.949999809265137,7.949999809265137,0
2019-06-14,7.949999809265137,7.949999809265137,7.949999809265137,7.949999809265137,7.949999809265137,0
2019-06-17,7.949999809265137,7.949999809265137,7.949999809265137,7.949999809265137,7.949999809265137,0
2019-06-18,7.949999809265137,7.949999809265137,7.949999809265137,7.949999809265137,7.949999809265137,0
2019-06-19,7.949999809265137,7.949999809265137,7.949999809265137,7.949999809265137,7.949999809265137,0
2019-06-20,7.949999809265137,7.949999809265137,7.949999809265137,7.949999809265137,7.949999809265137,0
2019-06-21,7.949999809265137,7.949999809265137,7.949999809265137,7.949999809265137,7.949999809265137,0
2019-06-24,7.949999809265137,7.949999809265137,7.949999809265137,7.949999809265137,7.949999809265137,0
2019-06-25,7.949999809265137,7.949999809265137,7.949999809265137,7.949999809265137,7.949999809265137,0
2019-06-26,7.949999809265137,7.949999809265137,7.949999809265137,7.949999809265137,7.949999809265137,0
2019-06-27,7.949999809265137,7.949999809265137,7.949999809265137,7.949999809265137,7.949999809265137,0
2019-06-28,7.949999809265137,7.949999809265137,7.949999809265137,7.949999809265137,7.949999809265137,0
2019-07-01,7.949999809265137,7.949999809265137,7.949999809265137,7.949999809265137,7.949999809265137,0
2019-07-02,7.949999809265137,7.949999809265137,7.949999809265137,7.949999809265137,7.949999809265137,0
2019-07-03,7.949999809265137,7.949999809265137,7.949999809265137,7.949999809265137,7.949999809265137,0
2019-07-04,7.949999809265137,7.949999809265137,7.949999809265137,7.949999809265137,7.949999809265137,0
2019-07-05,7.949999809265137,7.949999809265137,7.949999809265137,7.949999809265137,7.949999809265137,0
2019-07-08,7.949999809265137,7.949999809265137,7.949999809265137,7.949999809265137,7.949999809265137,0
2019-07-09,7.949999809265137,7.949999809265137,7.949999809265137,7.949999809265137,7.949999809265137,0
2019-07-10,7.949999809265137,7.949999809265137,7.949999809265137,7.949999809265137,7.949999809265137,0
2019-07-11,7.949999809265137,7.949999809265137,7.949999809265137,7.949999809265137,7.949999809265137,0
2019-07-12,7.949999809265137,7.949999809265137,7.949999809265137,7.949999809265137,7.949999809265137,0
2019-07-15,7.949999809265137,7.949999809265137,7.949999809265137,7.949999809265137,7.949999809265137,0
2019-07-16,7.949999809265137,7.949999809265137,7.949999809265137,7.949999809265137,7.949999809265137,0
2019-07-17,7.949999809265137,7.949999809265137,7.949999809265137,7.949999809265137,7.949999809265137,0
2019-07-18,7.949999809265137,7.949999809265137,7.949999809265137,7.949999809265137,7.949999809265137,0
2019-07-19,7.949999809265137,7.949999809265137,7.949999809265137,7.949999809265137,7.949999809265137,0
2019-07-22,7.949999809265137,7.949999809265137,7.949999809265137,7.949999809265137,7.949999809265137,0
2019-07-23,7.949999809265137,7.949999809265137,7.949999809265137,7.949999809265137,7.949999809265137,0
2019-07-24,7.949999809265137,7.949999809265137,7.949999809265137,7.949999809265137,7.949999809265137,0
2019-07-25,7.949999809265137,7.949999809265137,7.949999809265137,7.949999809265137,7.949999809265137,0
2019-07-26,7.949999809265137,7.949999809265137,7.949999809265137,7.949999809265137,7.949999809265137,0
2019-07-29,7.949999809265137,7.949999809265137,7.949999809265137,7.949999809265137,7.949999809265137,0
2019-07-30,7.949999809265137,7.949999809265137,7.949999809265137,7.949999809265137,7.949999809265137,0
2019-07-31,7.949999809265137,7.949999809265137,7.949999809265137,7.949999809265137,7.949999809265137,0
2019-08-01,7.949999809265137,7.949999809265137,7.949999809265137,7.949999809265137,7.949999809265137,0
2019-08-02,7.949999809265137,7.949999809265137,7.949999809265137,7.949999809265137,7.949999809265137,0
2019-08-05,7.949999809265137,7.949999809265137,7.949999809265137,7.949999809265137,7.949999809265137,0
2019-08-06,7.949999809265137,7.949999809265137,7.949999809265137,7.949999809265137,7.949999809265137,0
2019-08-07,7.949999809265137,7.949999809265137,7.949999809265137,7.949999809265137,7.949999809265137,0
2019-08-08,7.949999809265137,7.949999809265137,7.949999809265137,7.949999809265137,7.949999809265137,0
2019-08-09,7.949999809265137,7.949999809265137,7.949999809265137,7.949999809265137,7.949999809265137,0
2019-08-13,7.949999809265137,7.949999809265137,7.949999809265137,7.949999809265137,7.949999809265137,0
2019-08-14,7.949999809265137,7.949999809265137,7.949999809265137,7.949999809265137,7.949999809265137,0
2019-08-16,7.949999809265137,7.949999809265137,7.949999809265137,7.949999809265137,7.949999809265137,0
2019-08-19,7.949999809265137,7.949999809265137,7.949999809265137,7.949999809265137,7.949999809265137,0
2019-08-20,7.949999809265137,7.949999809265137,7.949999809265137,7.949999809265137,7.949999809265137,0
2019-08-21,7.949999809265137,7.949999809265137,7.949999809265137,7.949999809265137,7.949999809265137,0
2019-08-22,7.949999809265137,7.949999809265137,7.949999809265137,7.949999809265137,7.949999809265137,0
2019-08-23,7.949999809265137,7.949999809265137,7.949999809265137,7.949999809265137,7.949999809265137,0
2019-08-26,7.949999809265137,7.949999809265137,7.949999809265137,7.949999809265137,7.949999809265137,0
2019-08-27,7.949999809265137,7.949999809265137,7.949999809265137,7.949999809265137,7.949999809265137,0
2019-08-28,7.949999809265137,7.949999809265137,7.949999809265137,7.949999809265137,7.949999809265137,0
2019-08-29,7.949999809265137,7.949999809265137,7.949999809265137,7.949999809265137,7.949999809265137,0
2019-08-30,7.949999809265137,7.949999809265137,7.949999809265137,7.949999809265137,7.949999809265137,1
2019-09-03,7.949999809265137,7.949999809265137,7.949999809265137,7.949999809265137,7.949999809265137,0
2019-09-04,7.949999809265137,7.949999809265137,7.949999809265137,7.949999809265137,7.949999809265137,0
2019-09-05,7.949999809265137,7.949999809265137,7.949999809265137,7.949999809265137,7.949999809265137,0
2019-09-06,7.949999809265137,7.949999809265137,7.949999809265137,7.949999809265137,7.949999809265137,0
2019-09-09,7.949999809265137,7.949999809265137,7.949999809265137,7.949999809265137,7.949999809265137,0
2019-09-11,7.949999809265137,7.949999809265137,7.949999809265137,7.949999809265137,7.949999809265137,0
2019-09-12,7.949999809265137,7.949999809265137,7.949999809265137,7.949999809265137,7.949999809265137,0
2019-09-13,7.949999809265137,7.949999809265137,7.949999809265137,7.949999809265137,7.949999809265137,0
2019-09-16,7.949999809265137,7.949999809265137,7.949999809265137,7.949999809265137,7.949999809265137,0
2019-09-17,7.949999809265137,7.949999809265137,7.949999809265137,7.949999809265137,7.949999809265137,0
2019-09-18,7.949999809265137,7.949999809265137,7.949999809265137,7.949999809265137,7.949999809265137,0
2019-09-19,7.949999809265137,7.949999809265137,7.949999809265137,7.949999809265137,7.949999809265137,0
2019-09-20,7.949999809265137,7.949999809265137,7.949999809265137,7.949999809265137,7.949999809265137,0
2019-09-23,7.949999809265137,7.949999809265137,7.949999809265137,7.949999809265137,7.949999809265137,0
2019-09-24,7.949999809265137,7.949999809265137,7.949999809265137,7.949999809265137,7.949999809265137,0
2019-09-25,7.949999809265137,7.949999809265137,7.949999809265137,7.949999809265137,7.949999809265137,0
2019-09-26,7.949999809265137,7.949999809265137,7.949999809265137,7.949999809265137,7.949999809265137,0
2019-09-27,7.949999809265137,7.949999809265137,7.949999809265137,7.949999809265137,7.949999809265137,0
2019-09-30,7.949999809265137,7.949999809265137,7.949999809265137,7.949999809265137,7.949999809265137,0
2019-10-01,7.949999809265137,7.949999809265137,7.949999809265137,7.949999809265137,7.949999809265137,0
2019-10-03,7.949999809265137,7.949999809265137,7.949999809265137,7.949999809265137,7.949999809265137,0
2019-10-04,7.949999809265137,7.949999809265137,7.949999809265137,7.949999809265137,7.949999809265137,0
2019-10-07,7.949999809265137,7.949999809265137,7.949999809265137,7.949999809265137,7.949999809265137,0
2019-10-09,7.949999809265137,7.949999809265137,7.949999809265137,7.949999809265137,7.949999809265137,0
2019-10-10,7.949999809265137,7.949999809265137,7.949999809265137,7.949999809265137,7.949999809265137,0
2019-10-11,7.949999809265137,7.949999809265137,7.949999809265137,7.949999809265137,7.949999809265137,0
2019-10-14,7.949999809265137,7.949999809265137,7.949999809265137,7.949999809265137,7.949999809265137,0
2019-10-15,7.949999809265137,7.949999809265137,7.949999809265137,7.949999809265137,7.949999809265137,0
2019-10-16,7.949999809265137,7.949999809265137,7.949999809265137,7.949999809265137,7.949999809265137,0
2019-10-17,7.949999809265137,7.949999809265137,7.949999809265137,7.949999809265137,7.949999809265137,0
2019-10-18,7.949999809265137,7.949999809265137,7.949999809265137,7.949999809265137,7.949999809265137,0
2019-10-22,7.949999809265137,7.949999809265137,7.949999809265137,7.949999809265137,7.949999809265137,0
2019-10-23,7.949999809265137,7.949999809265137,7.949999809265137,7.949999809265137,7.949999809265137,0
2019-10-24,7.949999809265137,7.949999809265137,7.949999809265137,7.949999809265137,7.949999809265137,0
2019-10-25,7.949999809265137,7.949999809265137,7.949999809265137,7.949999809265137,7.949999809265137,0
2019-10-29,7.949999809265137,7.949999809265137,7.949999809265137,7.949999809265137,7.949999809265137,0
2019-10-30,7.949999809265137,7.949999809265137,7.949999809265137,7.949999809265137,7.949999809265137,0
2019-10-31,7.949999809265137,7.949999809265137,7.949999809265137,7.949999809265137,7.949999809265137,0
2019-11-01,7.949999809265137,7.949999809265137,7.949999809265137,7.949999809265137,7.949999809265137,0
2019-11-04,7.949999809265137,7.949999809265137,7.949999809265137,7.949999809265137,7.949999809265137,0
2019-11-05,7.949999809265137,7.949999809265137,7.949999809265137,7.949999809265137,7.949999809265137,0
2019-11-06,7.949999809265137,7.949999809265137,7.949999809265137,7.949999809265137,7.949999809265137,0
2019-11-07,7.949999809265137,7.949999809265137,7.949999809265137,7.949999809265137,7.949999809265137,0
2019-11-08,7.949999809265137,7.949999809265137,7.949999809265137,7.949999809265137,7.949999809265137,0
2019-11-11,7.949999809265137,7.949999809265137,7.949999809265137,7.949999809265137,7.949999809265137,0
2019-11-13,7.949999809265137,7.949999809265137,7.949999809265137,7.949999809265137,7.949999809265137,15
2019-11-14,7.949999809265137,7.949999809265137,7.949999809265137,7.949999809265137,7.949999809265137,0
2019-11-15,7.949999809265137,7.949999809265137,7.949999809265137,7.949999809265137,7.949999809265137,0
2019-11-18,7.949999809265137,7.949999809265137,7.949999809265137,7.949999809265137,7.949999809265137,0
2019-11-19,7.949999809265137,7.949999809265137,7.949999809265137,7.949999809265137,7.949999809265137,0
2019-11-20,7.949999809265137,7.949999809265137,7.949999809265137,7.949999809265137,7.949999809265137,0
2019-11-21,7.949999809265137,7.949999809265137,7.949999809265137,7.949999809265137,7.949999809265137,0
2019-11-22,7.949999809265137,7.949999809265137,7.949999809265137,7.949999809265137,7.949999809265137,0
2019-11-25,7.949999809265137,7.949999809265137,7.949999809265137,7.949999809265137,7.949999809265137,0
2019-11-26,7.949999809265137,7.949999809265137,7.949999809265137,7.949999809265137,7.949999809265137,0
2019-11-27,7.949999809265137,7.949999809265137,7.949999809265137,7.949999809265137,7.949999809265137,0
2019-11-28,7.949999809265137,7.949999809265137,7.949999809265137,7.949999809265137,7.949999809265137,1
2019-11-29,7.949999809265137,7.949999809265137,7.949999809265137,7.949999809265137,7.949999809265137,0
2019-12-02,7.949999809265137,7.949999809265137,7.949999809265137,7.949999809265137,7.949999809265137,0
2019-12-03,7.559999942779541,7.559999942779541,7.559999942779541,7.559999942779541,7.559999942779541,500
2019-12-04,7.559999942779541,7.559999942779541,7.559999942779541,7.559999942779541,7.559999942779541,0
2019-12-05,7.559999942779541,7.559999942779541,7.559999942779541,7.559999942779541,7.559999942779541,0
2019-12-06,7.559999942779541,7.559999942779541,7.559999942779541,7.559999942779541,7.559999942779541,0
2019-12-09,7.559999942779541,7.559999942779541,7.559999942779541,7.559999942779541,7.559999942779541,0
2019-12-10,7.900000095367432,7.900000095367432,7.539999961853027,7.539999961853027,7.539999961853027,421
2019-12-11,7.539999961853027,7.539999961853027,7.539999961853027,7.539999961853027,7.539999961853027,0
2019-12-12,7.5,7.5,7.5,7.5,7.5,100
2019-12-13,7.5,7.5,7.5,7.5,7.5,100
2019-12-16,7.5,7.5,7.5,7.5,7.5,0
2019-12-17,7.5,7.5,7.5,7.5,7.5,0
2019-12-18,7.5,7.5,7.5,7.5,7.5,100
2019-12-19,7.5,7.5,7.489999771118164,7.5,7.5,499
2019-12-20,7.5,7.5,7.489999771118164,7.489999771118164,7.489999771118164,100
2019-12-23,7.489999771118164,7.489999771118164,7.489999771118164,7.489999771118164,7.489999771118164,0
2019-12-24,7.489999771118164,7.489999771118164,7.489999771118164,7.489999771118164,7.489999771118164,0
2019-12-26,7.489999771118164,7.489999771118164,7.489999771118164,7.489999771118164,7.489999771118164,0
2019-12-27,7.489999771118164,7.489999771118164,7.489999771118164,7.489999771118164,7.489999771118164,0
2019-12-30,7.489999771118164,7.489999771118164,7.489999771118164,7.489999771118164,7.489999771118164,0
2019-12-31,7.489999771118164,7.489999771118164,7.489999771118164,7.489999771118164,7.489999771118164,0
2020-01-01,7.489999771118164,7.489999771118164,7.489999771118164,7.489999771118164,7.489999771118164,0
2020-01-02,7.489999771118164,7.489999771118164,7.489999771118164,7.489999771118164,7.489999771118164,0
2020-01-03,7.489999771118164,7.489999771118164,7.489999771118164,7.489999771118164,7.489999771118164,0
2020-01-06,7.489999771118164,7.489999771118164,7.489999771118164,7.489999771118164,7.489999771118164,0
2020-01-07,7.489999771118164,7.489999771118164,7.489999771118164,7.489999771118164,7.489999771118164,0
2020-01-08,7.489999771118164,7.489999771118164,7.489999771118164,7.489999771118164,7.489999771118164,0
2020-01-09,7.440000057220459,7.440000057220459,7.440000057220459,7.440000057220459,7.440000057220459,400
2020-01-10,7.809999942779541,7.809999942779541,7.809999942779541,7.809999942779541,7.809999942779541,2935
2020-01-13,7.809999942779541,7.809999942779541,7.809999942779541,7.809999942779541,7.809999942779541,0
2020-01-14,7.809999942779541,7.809999942779541,7.809999942779541,7.809999942779541,7.809999942779541,0
2020-01-15,7.050000190734863,7.050000190734863,7.050000190734863,7.050000190734863,7.050000190734863,1099
2020-01-16,7.050000190734863,7.050000190734863,7.050000190734863,7.050000190734863,7.050000190734863,0
2020-01-17,7.050000190734863,7.050000190734863,7.050000190734863,7.050000190734863,7.050000190734863,2500
2020-01-20,6.699999809265137,6.699999809265137,6.699999809265137,6.699999809265137,6.699999809265137,135
2020-01-21,6.699999809265137,6.699999809265137,6.699999809265137,6.699999809265137,6.699999809265137,0
2020-01-22,6.699999809265137,6.699999809265137,6.699999809265137,6.699999809265137,6.699999809265137,0
2020-01-23,6.699999809265137,6.699999809265137,6.699999809265137,6.699999809265137,6.699999809265137,0
2020-01-24,6.699999809265137,6.699999809265137,6.699999809265137,6.699999809265137,6.699999809265137,0
2020-01-27,6.699999809265137,6.699999809265137,6.699999809265137,6.699999809265137,6.699999809265137,0
2020-01-28,6.699999809265137,6.699999809265137,6.699999809265137,6.699999809265137,6.699999809265137,10
2020-01-29,6.699999809265137,6.699999809265137,6.699999809265137,6.699999809265137,6.699999809265137,0
2020-01-30,6.699999809265137,6.699999809265137,6.699999809265137,6.699999809265137,6.699999809265137,0
2020-01-31,6.699999809265137,6.699999809265137,6.699999809265137,6.699999809265137,6.699999809265137,0
2020-02-03,6.699999809265137,6.699999809265137,6.699999809265137,6.699999809265137,6.699999809265137,0
2020-02-04,6.699999809265137,6.699999809265137,6.699999809265137,6.699999809265137,6.699999809265137,0
2020-02-05,6.699999809265137,6.699999809265137,6.699999809265137,6.699999809265137,6.699999809265137,0
2020-02-06,6.599999904632568,6.599999904632568,6.599999904632568,6.599999904632568,6.599999904632568,2
2020-02-07,6.929999828338623,6.929999828338623,6.929999828338623,6.929999828338623,6.929999828338623,700
2020-02-10,6.929999828338623,6.929999828338623,6.929999828338623,6.929999828338623,6.929999828338623,0
2020-02-11,6.929999828338623,6.929999828338623,6.929999828338623,6.929999828338623,6.929999828338623,0
2020-02-12,6.929999828338623,6.929999828338623,6.929999828338623,6.929999828338623,6.929999828338623,0
2020-02-13,6.929999828338623,6.929999828338623,6.929999828338623,6.929999828338623,6.929999828338623,0
2020-02-14,6.929999828338623,6.929999828338623,6.929999828338623,6.929999828338623,6.929999828338623,0
2020-02-17,6.590000152587891,6.590000152587891,6.590000152587891,6.590000152587891,6.590000152587891,253
2020-02-18,6.590000152587891,6.590000152587891,6.590000152587891,6.590000152587891,6.590000152587891,0
2020-02-19,6.590000152587891,6.590000152587891,6.590000152587891,6.590000152587891,6.590000152587891,50
2020-02-20,6.590000152587891,6.590000152587891,6.590000152587891,6.590000152587891,6.590000152587891,158
2020-02-24,6.5,6.5,6.5,6.5,6.5,50
2020-02-25,6.5,6.5,6.5,6.5,6.5,0
2020-02-26,6.5,6.5,6.5,6.5,6.5,0
2020-02-27,6.5,6.5,6.5,6.5,6.5,0
2020-02-28,6.5,6.5,6.5,6.5,6.5,0
2020-03-02,6.5,6.5,6.5,6.5,6.5,100
2020-03-03,6.5,6.5,6.5,6.5,6.5,0
2020-03-04,6.5,6.5,6.5,6.5,6.5,0
2020-03-05,6.5,6.5,6.5,6.5,6.5,0
2020-03-06,6.5,6.5,6.5,6.5,6.5,0
2020-03-09,6.5,6.5,6.5,6.5,6.5,0
2020-03-11,6.5,6.5,6.5,6.5,6.5,0
2020-03-12,6.5,6.5,6.5,6.5,6.5,0
2020-03-13,6.5,6.5,6.5,6.5,6.5,0
2020-03-16,6.5,6.5,6.5,6.5,6.5,2
2020-03-17,6.5,6.5,6.5,6.5,6.5,0
2020-03-18,6.5,6.5,6.5,6.5,6.5,0
2020-03-19,6.5,6.5,6.5,6.5,6.5,0
2020-03-20,6.5,6.5,6.5,6.5,6.5,0
2020-03-23,6.5,6.5,6.5,6.5,6.5,0
2020-03-24,6.5,6.5,6.5,6.5,6.5,0
2020-03-25,6.5,6.5,6.5,6.5,6.5,0
2020-03-26,6.5,6.5,6.5,6.5,6.5,0
2020-03-27,6.5,6.5,6.5,6.5,6.5,0
2020-03-30,6.5,6.5,6.5,6.5,6.5,0
2020-03-31,6.5,6.5,6.5,6.5,6.5,0
2020-04-01,6.5,6.5,6.5,6.5,6.5,0
2020-04-03,6.5,6.5,6.5,6.5,6.5,0
2020-04-07,6.5,6.5,6.5,6.5,6.5,0
2020-04-08,6.5,6.5,6.5,6.5,6.5,0
2020-04-09,6.5,6.5,6.5,6.5,6.5,0
2020-04-13,6.5,6.5,6.5,6.5,6.5,0
2020-04-15,6.5,6.5,6.5,6.5,6.5,0
2020-04-16,6.5,6.5,6.5,6.5,6.5,0
2020-04-17,6.5,6.5,6.5,6.5,6.5,0
2020-04-20,6.5,6.5,6.5,6.5,6.5,0
2020-04-21,6.5,6.5,6.5,6.5,6.5,0
2020-04-22,6.5,6.5,6.199999809265137,6.199999809265137,6.199999809265137,300
2020-04-23,6.199999809265137,6.199999809265137,6.199999809265137,6.199999809265137,6.199999809265137,0
2020-04-24,6.199999809265137,6.199999809265137,6.199999809265137,6.199999809265137,6.199999809265137,0
2020-04-27,6.5,6.5,6.5,6.5,6.5,50
2020-04-28,6.5,6.5,6.5,6.5,6.5,1
2020-04-29,6.800000190734863,6.800000190734863,6.800000190734863,6.800000190734863,6.800000190734863,320
2020-04-30,6.5,6.5,6.5,6.5,6.5,100
2020-05-04,6.5,6.5,6.5,6.5,6.5,0
2020-05-05,6.5,6.5,6.5,6.5,6.5,0
2020-05-06,6.5,6.5,6.5,6.5,6.5,28
2020-05-07,6.5,6.5,6.199999809265137,6.199999809265137,6.199999809265137,22
2020-05-08,6.199999809265137,6.510000228881836,6.199999809265137,6.510000228881836,6.510000228881836,10
2020-05-11,6.510000228881836,6.510000228881836,6.510000228881836,6.510000228881836,6.510000228881836,0
2020-05-12,6.510000228881836,6.510000228881836,6.510000228881836,6.510000228881836,6.510000228881836,10
2020-05-13,6.510000228881836,6.510000228881836,6.510000228881836,6.510000228881836,6.510000228881836,1
2020-05-14,6.510000228881836,6.510000228881836,6.510000228881836,6.510000228881836,6.510000228881836,0
2020-05-15,6.510000228881836,6.510000228881836,6.510000228881836,6.510000228881836,6.510000228881836,0
2020-05-18,6.190000057220459,6.190000057220459,6.190000057220459,6.190000057220459,6.190000057220459,100
2020-05-19,6.0,6.0,6.0,6.0,6.0,100
2020-05-20,6.0,6.0,6.0,6.0,6.0,0
2020-05-21,5.699999809265137,5.699999809265137,5.699999809265137,5.699999809265137,5.699999809265137,50
2020-05-22,5.420000076293945,5.5,5.420000076293945,5.480000019073486,5.480000019073486,583
2020-05-26,5.5,5.5,5.5,5.5,5.5,100
2020-05-27,5.5,5.5,5.5,5.5,5.5,0
2020-05-28,5.5,5.5,5.5,5.5,5.5,0
2020-05-29,5.5,5.5,5.5,5.5,5.5,0
2020-06-01,5.5,5.599999904632568,5.5,5.599999904632568,5.599999904632568,500
2020-06-02,5.599999904632568,5.599999904632568,5.599999904632568,5.599999904632568,5.599999904632568,0
2020-06-03,5.599999904632568,5.599999904632568,5.599999904632568,5.599999904632568,5.599999904632568,12
2020-06-04,5.320000171661377,5.320000171661377,5.320000171661377,5.320000171661377,5.320000171661377,88
2020-06-05,5.059999942779541,5.059999942779541,5.059999942779541,5.059999942779541,5.059999942779541,200
