Date,Open,High,Low,Close,Adj Close,Volume
2006-05-16,103.0,103.0,90.25,95.80000305175781,94.09410858154297,55776
2006-05-17,99.94999694824219,99.94999694824219,96.69999694824219,97.44999694824219,95.7147216796875,9100
2006-05-18,96.0,96.0,90.0,90.5999984741211,88.9866943359375,7200
2006-05-19,89.0,92.0,75.0,84.05000305175781,82.5533447265625,6300
2006-05-22,83.0,83.0,75.0,76.44999694824219,75.08866882324219,3300
2006-05-23,84.0,89.4000015258789,79.0,86.0999984741211,84.56682586669922,6100
2006-05-24,98.0,100.5,82.0,85.5,83.9775161743164,5900
2006-05-25,82.0,83.0,80.0,82.30000305175781,80.8344955444336,1369
2006-05-26,84.5999984741211,87.8499984741211,80.30000305175781,82.19999694824219,80.73628234863281,11100
2006-05-29,82.0999984741211,86.25,82.0999984741211,83.9000015258789,82.406005859375,3500
2006-05-30,82.0,84.0,82.0,82.30000305175781,80.8344955444336,3400
2006-05-31,82.0,82.0999984741211,78.55000305175781,79.75,78.32990264892578,7192
2006-06-01,80.0,82.0,74.5,74.94999694824219,73.6153793334961,28000
2006-06-02,75.3499984741211,76.0,67.0999984741211,73.44999694824219,72.14208221435547,22300
2006-06-05,77.9000015258789,77.9000015258789,72.6500015258789,73.55000305175781,72.24031066894531,22700
2006-06-06,68.0,73.55000305175781,60.04999923706055,70.55000305175781,69.29373168945312,21100
2006-06-07,66.75,70.5,63.099998474121094,65.0999984741211,63.940773010253906,23000
2006-06-08,62.04999923706055,62.95000076293945,52.099998474121094,54.04999923706055,53.08753967285156,35200
2006-06-09,56.900001525878906,64.9000015258789,56.20000076293945,63.150001525878906,62.0255012512207,16200
2006-06-12,64.80000305175781,74.94999694824219,60.04999923706055,64.0999984741211,62.95858383178711,23200
2006-06-13,61.0,61.0,56.0,59.20000076293945,58.145835876464844,21300
2006-06-14,60.29999923706055,61.0,55.150001525878906,56.099998474121094,55.101036071777344,27100
2006-06-15,55.54999923706055,59.0,55.54999923706055,58.099998474121094,57.06542205810547,21727
2006-06-16,60.95000076293945,66.0,60.54999923706055,62.95000076293945,61.82905960083008,23402
2006-06-19,64.9000015258789,65.3499984741211,63.0,64.0999984741211,62.95858383178711,22100
2006-06-20,65.0,66.9000015258789,62.20000076293945,65.94999694824219,64.775634765625,20700
2006-06-21,64.8499984741211,74.5,64.8499984741211,70.30000305175781,69.04817962646484,24600
2006-06-22,74.94999694824219,74.94999694824219,72.05000305175781,72.5999984741211,71.3072280883789,22400
2006-06-23,61.20000076293945,72.75,61.20000076293945,70.55000305175781,69.29373168945312,22800
2006-06-26,69.94999694824219,72.0,65.0,66.0,64.82475280761719,22600
2006-06-27,65.9000015258789,66.0,62.650001525878906,65.3499984741211,64.18632507324219,23300
2006-06-28,53.04999923706055,68.0,53.04999923706055,62.20000076293945,61.0924186706543,22000
2006-06-29,70.0,70.0,64.1500015258789,65.0999984741211,63.940773010253906,21300
2006-06-30,69.75,69.75,66.0,66.05000305175781,64.87386322021484,15700
2006-07-03,72.0,74.0,64.44999694824219,64.94999694824219,63.7934455871582,22500
2006-07-04,65.19999694824219,67.19999694824219,64.0,65.75,64.5792007446289,9000
2006-07-05,65.4000015258789,66.19999694824219,65.4000015258789,65.9000015258789,64.72653198242188,500
2006-07-06,65.0999984741211,67.8499984741211,63.20000076293945,65.75,64.5792007446289,17200
2006-07-07,66.0,67.3499984741211,63.5,64.44999694824219,63.302345275878906,13800
2006-07-10,63.0,64.80000305175781,63.0,64.05000305175781,62.90947723388672,13000
2006-07-11,65.0,66.9000015258789,64.25,64.25,63.10591125488281,16100
2006-07-12,55.0,71.5,55.0,64.25,63.10591125488281,1600
2006-07-13,63.5,64.6500015258789,63.04999923706055,64.3499984741211,63.20412826538086,17500
2006-07-14,65.0,65.0,63.0,63.5,62.369266510009766,19900
2006-07-17,63.95000076293945,64.0,61.0,61.0,59.91378402709961,20700
2006-07-18,63.20000076293945,63.25,61.0,62.20000076293945,61.0924186706543,16600
2006-07-19,63.0,63.5,58.0,58.900001525878906,57.85118103027344,10200
2006-07-20,60.95000076293945,61.75,59.25,59.900001525878906,58.8333740234375,26900
2006-07-21,51.0,63.900001525878906,51.0,57.75,56.721656799316406,20700
2006-07-24,57.0,57.25,51.599998474121094,56.29999923706055,55.2974739074707,24100
2006-07-25,56.95000076293945,58.95000076293945,56.95000076293945,58.099998474121094,57.06542205810547,23000
2006-07-26,61.0,61.0,57.650001525878906,58.900001525878906,57.85118103027344,21900
2006-07-27,58.599998474121094,61.0,58.599998474121094,59.54999923706055,58.48960494995117,19900
2006-07-28,62.0,62.25,58.099998474121094,59.29999923706055,58.244056701660156,21500
2006-07-31,59.5,60.0,57.150001525878906,58.25,57.21275329589844,24100
2006-08-01,58.599998474121094,59.20000076293945,58.25,58.400001525878906,57.36008071899414,18400
2006-08-02,57.20000076293945,57.849998474121094,56.20000076293945,57.0,55.98501205444336,4500
2006-08-03,58.150001525878906,58.29999923706055,56.79999923706055,57.099998474121094,56.083229064941406,2963
2006-08-04,56.849998474121094,57.650001525878906,56.54999923706055,57.349998474121094,56.32877731323242,2300
2006-08-07,56.650001525878906,58.25,56.599998474121094,56.75,55.739463806152344,21400
2006-08-08,61.04999923706055,61.04999923706055,57.0,58.79999923706055,57.75295639038086,25700
2006-08-09,61.5,62.0,59.099998474121094,60.75,59.668235778808594,22900
2006-08-10,65.0,65.0,60.849998474121094,61.650001525878906,60.552207946777344,22300
2006-08-11,64.9000015258789,65.9000015258789,62.45000076293945,63.45000076293945,62.320159912109375,24300
2006-08-14,65.0,67.0,62.5,65.69999694824219,64.53008270263672,24000
2006-08-16,75.0,75.0,67.0,67.19999694824219,66.00337982177734,31700
2006-08-17,70.0,70.0,63.0,63.400001525878906,62.27104949951172,21500
2006-08-18,65.5,65.5,62.29999923706055,64.5999984741211,63.449676513671875,21500
2006-08-21,60.0,65.0,60.0,63.75,62.61481475830078,3700
2006-08-22,68.0,68.0,62.04999923706055,65.5999984741211,64.43187713623047,28500
2006-08-23,67.9000015258789,67.9000015258789,63.5,63.5,62.369266510009766,26900
2006-08-24,69.9000015258789,69.9000015258789,61.79999923706055,64.19999694824219,63.05679702758789,25300
2006-08-25,74.0,74.0,63.54999923706055,63.75,62.61481475830078,25000
2006-08-28,66.0,70.75,66.0,69.75,68.50797271728516,25800
2006-08-29,69.25,74.0,69.25,70.80000305175781,69.53927612304688,33300
2006-08-30,71.0,72.5,69.0,69.0999984741211,67.86954498291016,26300
2006-08-31,70.25,70.25,65.55000305175781,66.19999694824219,65.02118682861328,24700
2006-09-01,73.25,73.25,61.0,66.0,64.82475280761719,26700
2006-09-04,68.9000015258789,68.9000015258789,66.0999984741211,67.25,66.052490234375,23300
2006-09-05,67.0,68.1500015258789,66.5,66.6500015258789,65.46318054199219,26600
2006-09-06,64.05000305175781,67.25,64.05000305175781,66.19999694824219,65.02118682861328,17600
2006-09-07,65.0,66.44999694824219,64.55000305175781,65.19999694824219,64.03899383544922,20200
2006-09-08,64.0,67.5,64.0,66.8499984741211,65.65961456298828,16900
2006-09-11,68.80000305175781,68.80000305175781,63.75,64.25,63.10591125488281,23700
2006-09-12,55.0,65.0,55.0,64.0,62.8603630065918,24400
2006-09-13,65.0,73.6500015258789,64.55000305175781,69.1500015258789,67.91866302490234,72300
2006-09-14,70.9000015258789,74.69999694824219,68.69999694824219,69.5,68.26242065429688,70600
2006-09-15,69.5,70.94999694824219,68.9000015258789,69.25,68.01687622070312,25200
2006-09-18,70.5,73.6500015258789,70.5,71.0,69.7357177734375,43700
2006-09-19,71.5,72.4000015258789,70.0,70.0999984741211,68.85173797607422,3500
2006-09-20,70.0,71.5,67.0999984741211,69.75,68.50797271728516,3300
2006-09-21,66.25,80.0,66.25,69.0999984741211,67.86954498291016,2000
2006-09-22,68.0,72.0,67.30000305175781,67.9000015258789,66.69091796875,23800
2006-09-25,66.55000305175781,68.0,65.6500015258789,66.5,65.31584167480469,1699
2006-09-26,69.3499984741211,69.5,66.0,67.80000305175781,66.59269714355469,5300
2006-09-27,68.9000015258789,68.9000015258789,67.25,67.80000305175781,66.59269714355469,2500
2006-09-28,68.4000015258789,68.4000015258789,66.3499984741211,67.19999694824219,66.00337982177734,4400
2006-09-29,67.8499984741211,68.69999694824219,66.0999984741211,67.0999984741211,65.90515899658203,3800
2006-10-03,72.80000305175781,72.80000305175781,65.0999984741211,67.0999984741211,65.90515899658203,18600
2006-10-04,68.0,68.0,65.5,67.05000305175781,65.8560562133789,20200
2006-10-05,67.19999694824219,69.80000305175781,67.19999694824219,68.0,66.78913879394531,21000
2006-10-06,68.9000015258789,77.44999694824219,67.0,75.4000015258789,74.05736541748047,45200
2006-10-09,76.9000015258789,80.0,75.5,77.19999694824219,75.82530975341797,38300
2006-10-10,77.94999694824219,78.6500015258789,75.05000305175781,75.3499984741211,74.00825500488281,8100
2006-10-11,75.05000305175781,76.5,72.3499984741211,72.80000305175781,71.503662109375,7000
2006-10-12,85.0,85.0,73.5,74.44999694824219,73.12428283691406,32600
2006-10-13,76.4000015258789,76.4000015258789,74.30000305175781,74.9000015258789,73.56626892089844,30300
2006-10-16,75.0,76.1500015258789,72.80000305175781,75.69999694824219,74.35202026367188,18600
2006-10-17,75.0,75.5,74.0999984741211,74.75,73.41893768310547,17900
2006-10-18,78.0,78.0,74.05000305175781,74.5999984741211,73.2716064453125,19600
2006-10-19,76.5,80.55000305175781,76.0999984741211,76.69999694824219,75.33421325683594,39300
2006-10-20,77.19999694824219,77.8499984741211,75.05000305175781,75.9000015258789,74.5484619140625,24000
2006-10-23,71.3499984741211,77.0,71.30000305175781,76.19999694824219,74.8431167602539,10600
2006-10-26,78.0,78.0,75.8499984741211,76.75,75.3833236694336,3500
2006-10-27,77.9000015258789,77.9000015258789,75.69999694824219,76.9000015258789,75.53065490722656,7400
2006-10-30,77.94999694824219,79.0,75.75,76.55000305175781,75.1868896484375,8600
2006-10-31,75.19999694824219,77.69999694824219,75.19999694824219,77.55000305175781,76.16908264160156,10600
2006-11-01,78.80000305175781,90.80000305175781,78.0,83.8499984741211,82.35689544677734,68300
2006-11-02,85.3499984741211,85.5,82.5,83.6500015258789,82.16046142578125,21300
2006-11-03,80.0,85.30000305175781,80.0,81.8499984741211,80.39250946044922,6600
2006-11-06,94.0,94.5999984741211,81.5999984741211,82.0999984741211,80.6380615234375,8400
2006-11-07,88.0,91.9000015258789,83.05000305175781,86.0999984741211,84.56682586669922,32100
2006-11-08,87.5,89.0,83.5,84.80000305175781,83.28997802734375,24400
2006-11-09,84.05000305175781,85.19999694824219,83.75,84.0999984741211,82.60244750976562,9100
2006-11-10,84.05000305175781,85.25,83.1500015258789,83.94999694824219,82.45511627197266,4700
2006-11-13,85.5,87.0,84.9000015258789,86.5999984741211,85.05792999267578,18000
2006-11-14,88.94999694824219,90.0,85.25,85.8499984741211,84.32128143310547,15700
2006-11-15,85.5,87.4000015258789,84.55000305175781,85.9000015258789,84.37039947509766,2600
2006-11-16,71.0,86.0,71.0,84.3499984741211,82.84799194335938,3900
2006-11-17,81.0999984741211,86.0,81.0999984741211,83.25,81.76758575439453,7600
2006-11-20,83.0,84.44999694824219,81.0999984741211,83.94999694824219,82.45511627197266,7200
2006-11-21,84.4000015258789,88.0,84.30000305175781,87.44999694824219,85.89278411865234,8400
2006-11-22,89.6500015258789,89.6500015258789,84.5,85.05000305175781,83.53553009033203,13600
2006-11-23,85.0999984741211,88.80000305175781,84.94999694824219,85.80000305175781,84.27217864990234,15600
2006-11-24,86.0,86.9000015258789,85.1500015258789,86.25,84.71415710449219,4000
2006-11-27,88.0,94.0,87.3499984741211,90.30000305175781,88.69204711914062,54600
2006-11-28,90.19999694824219,91.69999694824219,87.80000305175781,91.30000305175781,89.67424011230469,11800
2006-11-29,92.9000015258789,109.5999984741211,92.9000015258789,109.5999984741211,107.64836883544922,247900
2006-11-30,119.5,131.5500030517578,119.5,131.5500030517578,129.20751953125,726900
2006-12-01,139.89999389648438,144.75,139.89999389648438,144.75,142.17245483398438,207400
2006-12-04,146.0,159.25,146.0,159.25,156.4142608642578,647200
2006-12-05,160.0,175.0,145.3000030517578,155.1999969482422,152.43638610839844,1518000
2006-12-06,164.0,170.75,164.0,170.75,167.70948791503906,1830800
2006-12-07,171.0,187.85000610351562,171.0,187.85000610351562,184.5050048828125,134500
2006-12-08,196.0,197.25,196.0,197.25,193.7375946044922,111700
2006-12-11,207.14999389648438,207.14999389648438,190.39999389648438,199.0,195.45645141601562,945900
2006-12-12,200.0,204.0,189.0500030517578,189.39999389648438,186.02737426757812,185400
2006-12-13,195.5,198.89999389648438,179.9499969482422,197.6999969482422,194.17959594726562,267800
2006-12-14,199.89999389648438,207.60000610351562,195.10000610351562,207.60000610351562,203.90330505371094,205000
2006-12-15,218.0,218.0,213.10000610351562,218.0,214.1181182861328,296200
2006-12-18,220.0,223.6999969482422,207.10000610351562,212.3000030517578,208.5196075439453,646600
2006-12-19,222.89999389648438,222.9499969482422,213.0,217.3000030517578,213.43057250976562,598400
2006-12-20,222.0,228.1999969482422,222.0,228.1999969482422,224.13648986816406,210700
2006-12-21,230.0,238.0500030517578,228.0,238.0500030517578,235.35813903808594,104300
2006-12-22,249.89999389648438,249.89999389648438,230.10000610351562,233.89999389648438,231.25506591796875,250700
2006-12-26,237.0500030517578,243.89999389648438,222.5500030517578,231.5,228.8822021484375,222100
2006-12-27,235.9499969482422,243.10000610351562,233.0,243.10000610351562,240.35104370117188,431800
2006-12-28,245.8000030517578,255.3000030517578,241.0,255.3000030517578,252.4130859375,425600
2006-12-29,259.0,268.1000061035156,259.0,268.1000061035156,265.0683288574219,142000
2007-01-02,270.0,273.79998779296875,256.0,267.45001220703125,264.4256896972656,439000
2007-01-03,270.0,280.8500061035156,270.0,280.8500061035156,277.6741638183594,248700
2007-01-04,285.1000061035156,285.1000061035156,267.1000061035156,269.29998779296875,266.2547607421875,261300
2007-01-05,272.0,274.0,262.1000061035156,263.6000061035156,260.6192321777344,219400
2007-01-08,270.6000061035156,270.6000061035156,255.3000030517578,263.79998779296875,260.81695556640625,147100
2007-01-09,270.1499938964844,272.79998779296875,261.75,263.3500061035156,260.3720703125,139300
2007-01-10,265.0,273.45001220703125,257.04998779296875,260.29998779296875,257.3565368652344,191000
2007-01-11,273.3500061035156,273.3500061035156,273.3500061035156,273.3500061035156,270.25897216796875,168200
2007-01-12,287.04998779296875,287.04998779296875,268.04998779296875,270.79998779296875,267.73779296875,737000
2007-01-15,279.79998779296875,279.79998779296875,267.04998779296875,269.1499938964844,266.1064453125,283296
2007-01-16,272.0,277.0,264.0,266.0,262.9920959472656,126800
2007-01-17,268.0,272.0,263.04998779296875,265.5,262.49774169921875,117300
2007-01-18,275.0,278.79998779296875,261.1000061035156,268.1499938964844,265.1177673339844,225300
2007-01-19,277.0,277.0,255.14999389648438,258.70001220703125,255.77464294433594,29227
2007-01-22,262.5,269.75,258.1000061035156,267.3500061035156,264.3268127441406,75200
2007-01-23,269.0,273.0,258.04998779296875,261.70001220703125,258.74072265625,55397
2007-01-24,265.0,274.79998779296875,259.04998779296875,260.6499938964844,257.70257568359375,130227
2007-01-25,264.0,265.5,253.10000610351562,260.25,257.3070983886719,41100
2007-01-29,260.0,271.04998779296875,258.0,263.8500061035156,260.86639404296875,128000
2007-01-31,270.0,270.0,256.04998779296875,262.6000061035156,259.6305236816406,161375
2007-02-01,263.79998779296875,271.25,251.3000030517578,266.6000061035156,263.5852966308594,264247
2007-02-02,267.5,270.70001220703125,257.04998779296875,259.8500061035156,256.91162109375,100055
2007-02-05,265.0,272.8500061035156,262.5,272.8500061035156,269.7646179199219,133300
2007-02-06,285.79998779296875,286.5,285.79998779296875,286.5,283.2602844238281,59200
2007-02-07,285.8999938964844,300.8500061035156,285.8999938964844,300.8500061035156,297.447998046875,151100
2007-02-08,313.79998779296875,313.79998779296875,285.8500061035156,288.6000061035156,285.3365173339844,277700
2007-02-09,300.0,300.0,274.20001220703125,275.29998779296875,272.1869201660156,41774
2007-02-12,278.0,302.8500061035156,278.0,301.0,297.5963134765625,305600
2007-02-13,293.3999938964844,303.0,274.0,278.8500061035156,275.69677734375,81602
2007-02-14,280.0,286.0,256.04998779296875,260.79998779296875,257.8508605957031,67800
2007-02-15,280.0,284.3500061035156,262.0,279.79998779296875,276.6360168457031,118800
2007-02-19,282.6000061035156,296.0,273.0,276.95001220703125,273.8182678222656,24834
2007-02-20,277.0,277.0,252.60000610351562,265.70001220703125,262.69549560546875,102076
2007-02-21,271.29998779296875,281.0,256.1499938964844,263.25,260.273193359375,108200
2007-02-22,264.5,270.54998779296875,257.0,261.3999938964844,258.444091796875,198900
2007-02-23,258.04998779296875,262.95001220703125,235.3000030517578,235.3000030517578,232.6392364501953,40300
2007-02-26,240.0,240.0,217.6999969482422,228.64999389648438,226.06442260742188,272500
2007-02-27,239.75,243.0,205.8000030517578,205.8000030517578,203.4728240966797,411600
2007-02-28,206.5,207.0,195.5500030517578,195.8000030517578,193.58590698242188,818600
2007-03-01,200.0,205.60000610351562,192.0,205.60000610351562,203.27508544921875,53200
2007-03-02,215.85000610351562,215.89999389648438,215.85000610351562,215.89999389648438,213.45860290527344,72600
2007-03-05,216.14999389648438,216.14999389648438,205.10000610351562,205.10000610351562,202.78074645996094,73600
2007-03-06,215.0,215.39999389648438,196.25,202.5,200.21014404296875,65735
2007-03-07,206.0,207.8000030517578,192.39999389648438,194.60000610351562,192.39947509765625,122800
2007-03-08,196.0,200.0,191.0,196.8000030517578,194.57460021972656,18000
2007-03-09,198.0,201.0,191.35000610351562,196.89999389648438,194.6734619140625,9800
2007-03-12,204.0,204.9499969482422,193.0,199.25,196.99688720703125,16199
2007-03-13,202.0,209.25,200.5,207.10000610351562,204.7581329345703,39900
2007-03-14,207.25,207.25,198.0,201.10000610351562,198.8259735107422,7000
2007-03-15,202.10000610351562,211.0,200.0,201.0500030517578,198.7765350341797,15791
2007-03-16,209.89999389648438,209.89999389648438,194.0,200.5500030517578,198.28219604492188,5362
2007-03-19,207.89999389648438,207.89999389648438,201.64999389648438,203.1999969482422,200.9022216796875,10009
2007-03-20,204.0,211.9499969482422,197.10000610351562,200.1999969482422,197.93614196777344,10860
2007-03-21,202.8000030517578,204.8000030517578,193.0,197.0,194.7723388671875,6900
2007-03-22,204.5,204.5,194.0,196.10000610351562,193.8825225830078,9600
2007-03-23,202.0,202.0,191.0,191.85000610351562,189.68057250976562,5101
2007-03-26,197.8000030517578,197.8000030517578,182.3000030517578,182.35000610351562,180.28799438476562,14370
2007-03-28,184.25,191.5,173.25,189.6999969482422,187.55487060546875,96282
2007-03-29,194.8000030517578,199.1999969482422,194.8000030517578,199.1999969482422,196.94744873046875,52300
2007-03-30,206.0,207.9499969482422,201.0,205.25,202.92904663085938,70500
2007-04-02,204.0,211.0,198.0,200.8000030517578,198.5293731689453,37849
2007-04-03,209.0,209.0,197.0,205.85000610351562,203.5222625732422,117983
2007-04-04,213.5,213.5,204.0,206.14999389648438,203.81886291503906,36824
2007-04-05,208.0,215.89999389648438,204.4499969482422,212.1999969482422,209.80044555664062,48052
2007-04-09,217.4499969482422,217.85000610351562,208.10000610351562,216.64999389648438,214.2001190185547,19934
2007-04-10,218.5,219.25,208.1999969482422,210.25,207.87249755859375,33038
2007-04-11,212.0,216.4499969482422,205.10000610351562,210.89999389648438,208.51515197753906,22500
2007-04-12,211.89999389648438,214.0,210.0500030517578,211.1999969482422,208.81175231933594,24924
2007-04-13,224.8000030517578,224.89999389648438,205.0,209.89999389648438,207.52645874023438,14200
2007-04-16,215.0,216.0,206.5,208.8000030517578,206.43890380859375,49300
2007-04-17,212.0,214.8000030517578,204.0,206.5,204.16490173339844,9500
2007-04-18,210.0,211.0,199.0,200.0500030517578,197.787841796875,15300
2007-04-19,201.14999389648438,206.35000610351562,200.0,203.1999969482422,200.9022216796875,39400
2007-04-20,204.5,208.0,200.5500030517578,204.0,201.69317626953125,14300
2007-04-23,205.0,206.0,184.10000610351562,194.6999969482422,192.4983367919922,27700
2007-04-24,203.0,204.8000030517578,196.0,199.0500030517578,196.7991485595703,42400
2007-04-25,204.14999389648438,204.14999389648438,199.4499969482422,200.3000030517578,198.03501892089844,28000
2007-04-26,209.0,209.0,192.5,193.39999389648438,191.21302795410156,18100
2007-04-27,202.0,202.0,189.0,190.25,188.09866333007812,31500
2007-04-30,193.0,194.39999389648438,189.10000610351562,189.39999389648438,187.25827026367188,20600
2007-05-03,191.0,193.35000610351562,184.0,187.0,184.88540649414062,39300
2007-05-04,193.0,193.0,186.5500030517578,187.6999969482422,185.57749938964844,54300
2007-05-07,192.85000610351562,192.85000610351562,179.0,180.3000030517578,178.2611846923828,73800
2007-05-08,185.6999969482422,185.6999969482422,178.75,180.5,178.4589080810547,32100
2007-05-09,181.0,181.0,176.10000610351562,177.64999389648438,175.64112854003906,40800
2007-05-10,179.5,195.4499969482422,177.5,194.0500030517578,191.85569763183594,310900
2007-05-11,194.0,197.8000030517578,185.0,187.0500030517578,184.93484497070312,347100
2007-05-14,190.0,191.8000030517578,180.85000610351562,184.4499969482422,182.36424255371094,59200
2007-05-15,184.5,186.60000610351562,181.10000610351562,183.60000610351562,181.52386474609375,45300
2007-05-16,195.0,196.0,183.5,184.25,182.16650390625,69200
2007-05-17,192.8000030517578,192.8000030517578,183.6999969482422,185.5,183.40237426757812,155000
2007-05-18,192.0,192.0,178.0500030517578,181.75,179.6947784423828,27200
2007-05-21,182.0,183.89999389648438,180.0500030517578,180.75,178.70608520507812,17900
2007-05-22,180.0,184.0,178.5,181.75,179.6947784423828,26800
2007-05-23,180.0,183.0,177.0,178.25,176.23435974121094,18700
2007-05-24,176.39999389648438,181.10000610351562,161.1999969482422,175.8000030517578,173.8120574951172,90800
2007-05-25,175.8000030517578,181.6999969482422,162.0,176.14999389648438,174.15809631347656,171600
2007-05-28,178.85000610351562,180.25,173.0500030517578,176.0,174.00979614257812,59600
2007-05-29,176.0,176.0,173.0,173.9499969482422,171.98297119140625,55200
2007-05-30,172.1999969482422,181.10000610351562,169.0,172.75,170.7965545654297,85400
2007-05-31,173.9499969482422,174.4499969482422,170.14999389648438,171.25,169.31350708007812,8400
2007-06-01,172.8000030517578,174.85000610351562,169.10000610351562,169.5500030517578,167.6327362060547,4547
2007-06-04,168.5,186.4499969482422,165.0,180.14999389648438,178.1128692626953,77500
2007-06-05,181.0,195.9499969482422,180.0,190.60000610351562,188.44471740722656,423500
2007-06-06,192.89999389648438,201.3000030517578,185.14999389648438,187.39999389648438,185.2808837890625,190000
2007-06-07,184.6999969482422,191.5,180.1999969482422,182.10000610351562,180.04083251953125,67700
2007-06-08,178.0,187.0,171.0,176.0,174.00979614257812,124000
2007-06-11,179.3000030517578,184.6999969482422,171.0,172.0,170.05503845214844,42300
2007-06-12,171.1999969482422,174.0,169.0,169.89999389648438,167.97877502441406,81400
2007-06-13,169.0,172.5,166.0,168.85000610351562,166.94065856933594,38200
2007-06-14,170.0,174.89999389648438,168.39999389648438,169.4499969482422,167.5338592529297,8800
2007-06-15,170.0,170.6999969482422,165.14999389648438,166.60000610351562,164.71609497070312,47100
2007-06-18,161.0,170.9499969482422,161.0,165.0500030517578,163.18362426757812,35800
2007-06-19,164.89999389648438,179.89999389648438,164.89999389648438,175.89999389648438,173.91091918945312,310700
2007-06-20,178.0,181.0,167.39999389648438,170.39999389648438,168.47311401367188,168500
2007-06-21,171.0,173.3000030517578,165.5,166.85000610351562,164.96327209472656,85100
2007-06-22,166.5,174.8000030517578,165.3000030517578,170.5,168.57199096679688,232900
2007-06-25,168.60000610351562,174.0,166.14999389648438,167.14999389648438,165.25987243652344,35100
2007-06-26,166.5,169.0,163.0500030517578,164.8000030517578,162.9364471435547,47900
2007-06-27,166.89999389648438,172.39999389648438,163.89999389648438,166.25,164.37005615234375,74000
2007-06-28,165.0,174.9499969482422,165.0,169.6999969482422,167.78103637695312,100900
2007-06-29,170.0500030517578,178.6999969482422,170.0500030517578,172.89999389648438,170.94485473632812,147500
2007-07-02,175.0,179.89999389648438,170.10000610351562,171.4499969482422,169.51124572753906,65000
2007-07-03,170.25,173.85000610351562,168.5,169.4499969482422,167.5338592529297,50700
2007-07-04,164.5500030517578,178.0,164.5500030517578,168.5,166.5946044921875,116600
2007-07-05,166.0,171.85000610351562,166.0,170.3000030517578,168.37425231933594,72600
2007-07-06,176.10000610351562,176.10000610351562,166.10000610351562,166.60000610351562,164.71609497070312,51700
2007-07-09,164.10000610351562,185.0,164.10000610351562,175.0,173.02110290527344,124700
2007-07-10,166.25,170.10000610351562,161.5,162.6999969482422,160.86019897460938,114800
2007-07-11,152.0500030517578,165.0,152.0500030517578,161.0,159.17941284179688,19000
2007-07-12,152.0500030517578,164.75,152.0500030517578,161.0500030517578,159.22885131835938,7300
2007-07-13,152.0500030517578,164.8000030517578,152.0500030517578,157.5500030517578,155.7684326171875,20000
2007-07-16,153.0,164.10000610351562,153.0,160.3000030517578,158.48733520507812,29900
2007-07-17,153.0,164.60000610351562,153.0,156.4499969482422,154.6808624267578,63500
2007-07-18,154.0500030517578,173.0,154.0500030517578,170.60000610351562,168.67086791992188,78600
2007-07-19,155.0500030517578,189.5,155.0500030517578,184.5,182.41368103027344,798300
2007-07-20,186.0,187.35000610351562,171.35000610351562,174.6999969482422,172.72450256347656,243900
2007-07-23,174.39999389648438,181.4499969482422,165.0500030517578,173.0500030517578,171.09315490722656,371200
2007-07-24,174.0,180.35000610351562,173.0,177.3000030517578,175.29510498046875,549700
2007-07-25,162.0500030517578,186.0,162.0500030517578,174.4499969482422,172.47732543945312,354121
2007-07-26,176.9499969482422,177.8000030517578,171.10000610351562,171.89999389648438,169.95616149902344,20400
2007-07-27,162.5,170.0,160.39999389648438,162.5,160.66246032714844,39300
2007-07-30,163.25,163.5,159.10000610351562,160.25,158.43789672851562,33500
2007-07-31,154.10000610351562,168.25,154.10000610351562,163.60000610351562,161.75003051757812,127000
2007-08-01,156.25,163.9499969482422,153.0,153.0,151.26988220214844,12098
2007-08-02,156.0,158.6999969482422,148.14999389648438,151.64999389648438,149.93515014648438,17700
2007-08-03,151.0500030517578,164.4499969482422,151.0500030517578,158.64999389648438,156.85598754882812,69950
2007-08-06,153.0,155.9499969482422,144.10000610351562,145.8000030517578,144.15130615234375,27400
2007-08-07,141.64999389648438,151.75,139.0,142.89999389648438,141.28408813476562,37800
2007-08-08,125.05000305175781,148.0,125.05000305175781,145.10000610351562,143.459228515625,12300
2007-08-09,140.10000610351562,151.8000030517578,140.10000610351562,141.9499969482422,140.34483337402344,29500
2007-08-10,130.10000610351562,143.89999389648438,130.10000610351562,142.35000610351562,140.74032592773438,42900
2007-08-13,138.0,144.0,137.10000610351562,137.5,135.94515991210938,30000
2007-08-14,131.64999389648438,141.6999969482422,131.64999389648438,132.60000610351562,131.10057067871094,16873
2007-08-16,128.0,130.5,121.30000305175781,128.1999969482422,126.75032043457031,106377
2007-08-17,124.0,134.0,109.0,115.75,114.44110107421875,75229
2007-08-20,129.89999389648438,138.89999389648438,118.0,138.89999389648438,137.32931518554688,278400
2007-08-21,138.0,147.6999969482422,125.1500015258789,126.69999694824219,125.26728057861328,117151
2007-08-22,128.89999389648438,142.5,119.0,123.0999984741211,121.70799255371094,250334
2007-08-23,128.60000610351562,131.4499969482422,120.0,122.05000305175781,120.66986846923828,63308
2007-08-24,122.0999984741211,125.75,121.0,122.30000305175781,120.91703796386719,20085
2007-08-27,124.0,131.5,124.0,128.5500030517578,127.09636688232422,35818
2007-08-28,125.05000305175781,129.35000610351562,125.05000305175781,126.75,125.31671905517578,13191
2007-08-29,116.0,126.80000305175781,116.0,123.69999694824219,122.30120086669922,8032
2007-08-30,125.0,128.0,125.0,125.69999694824219,124.2785873413086,6655
2007-08-31,125.0,129.85000610351562,122.0999984741211,123.0999984741211,121.70799255371094,53078
2007-09-03,118.0,133.85000610351562,118.0,129.3000030517578,127.83788299560547,49074
2007-09-04,125.1500015258789,135.8000030517578,125.1500015258789,129.1999969482422,127.73900604248047,15289
2007-09-05,125.0999984741211,135.0,125.0999984741211,127.9000015258789,126.4537124633789,26764
2007-09-06,122.0,135.0,122.0,127.9000015258789,126.4537124633789,36292
2007-09-07,130.75,135.0,128.75,133.4499969482422,131.94094848632812,46228
2007-09-10,127.25,143.9499969482422,127.25,141.3000030517578,139.7021942138672,48194
2007-09-11,142.0,147.89999389648438,141.0500030517578,143.75,142.12448120117188,43342
2007-09-12,145.0,146.64999389648438,140.0,142.75,141.1357879638672,22169
2007-09-13,137.5,146.0,137.5,145.39999389648438,143.7558135986328,23058
2007-09-14,146.0,147.6999969482422,137.60000610351562,140.3000030517578,138.7135009765625,29034
2007-09-17,135.10000610351562,144.0,135.10000610351562,140.5,138.91123962402344,4400
2007-09-18,137.9499969482422,141.0,136.0,137.0,135.4508056640625,7216
2007-09-19,140.0,140.0,130.25,136.0,134.4621124267578,7850
2007-09-20,136.0500030517578,137.85000610351562,132.35000610351562,133.1999969482422,131.6937713623047,6288
2007-09-21,130.10000610351562,139.85000610351562,130.10000610351562,132.64999389648438,131.14999389648438,9800
2007-09-24,133.0,135.5,130.25,133.39999389648438,133.39999389648438,5791
2007-09-25,127.5,133.0,126.0,129.10000610351562,129.10000610351562,9680
2007-09-26,123.05000305175781,128.0,123.0,123.5,123.5,25464
2007-09-27,124.4000015258789,126.9000015258789,123.0,124.69999694824219,124.69999694824219,20476
2007-09-28,122.05000305175781,149.64999389648438,122.05000305175781,147.39999389648438,147.39999389648438,91800
2007-10-01,150.0,154.8000030517578,142.0,144.14999389648438,144.14999389648438,46059
2007-10-03,144.25,146.9499969482422,133.25,139.5,139.5,29092
2007-10-04,132.0,152.5,132.0,145.64999389648438,145.64999389648438,46707
2007-10-05,132.3000030517578,149.0,132.3000030517578,144.75,144.75,11439
2007-10-08,131.60000610351562,142.10000610351562,131.60000610351562,134.85000610351562,134.85000610351562,6044
2007-10-09,130.0,138.0,130.0,135.89999389648438,135.89999389648438,18024
2007-10-10,136.0,142.9499969482422,136.0,137.64999389648438,137.64999389648438,5199
2007-10-11,135.0500030517578,149.0,135.0500030517578,146.39999389648438,146.39999389648438,26689
2007-10-12,140.14999389648438,150.6999969482422,140.0,141.8000030517578,141.8000030517578,25864
2007-10-15,135.10000610351562,152.89999389648438,135.10000610351562,148.4499969482422,148.4499969482422,20518
2007-10-16,133.5,150.5,133.5,145.5,145.5,3509
2007-10-17,130.0,141.89999389648438,130.0,139.85000610351562,139.85000610351562,9600
2007-10-18,140.10000610351562,147.35000610351562,139.0,141.0,141.0,8989
2007-10-19,138.1999969482422,141.0,128.0,134.1999969482422,134.1999969482422,14913
2007-10-22,124.0,132.1999969482422,107.4000015258789,124.94999694824219,124.94999694824219,149782
2007-10-23,132.89999389648438,149.89999389648438,129.9499969482422,133.39999389648438,133.39999389648438,77323
2007-10-24,130.10000610351562,139.8000030517578,130.10000610351562,136.5,136.5,17881
2007-10-25,131.9499969482422,142.39999389648438,130.0,135.4499969482422,135.4499969482422,13596
2007-10-26,132.0500030517578,138.0,130.25,132.39999389648438,132.39999389648438,24113
2007-10-29,118.55000305175781,146.9499969482422,118.55000305175781,143.0,143.0,35700
2007-10-30,145.0,150.0,144.8000030517578,145.60000610351562,145.60000610351562,42179
2007-10-31,122.6500015258789,170.0,122.6500015258789,165.0,165.0,188900
2007-11-01,170.0,176.0,155.3000030517578,159.8000030517578,159.8000030517578,41781
2007-11-02,152.9499969482422,166.0,152.9499969482422,159.85000610351562,159.85000610351562,27872
2007-11-05,166.0,173.10000610351562,161.5,164.0500030517578,164.0500030517578,21067
2007-11-06,164.0,173.9499969482422,152.0,155.0500030517578,155.0500030517578,26497
2007-11-07,150.64999389648438,161.0,150.64999389648438,153.6999969482422,153.6999969482422,8568
2007-11-08,125.6500015258789,157.6999969482422,125.6500015258789,152.5,152.5,10000
2007-11-12,160.10000610351562,168.9499969482422,157.10000610351562,165.4499969482422,165.4499969482422,18090
2007-11-13,135.64999389648438,175.85000610351562,135.64999389648438,173.0,173.0,29100
2007-11-14,150.10000610351562,186.0,150.10000610351562,179.10000610351562,179.10000610351562,39486
2007-11-15,165.85000610351562,184.5,165.85000610351562,181.10000610351562,181.10000610351562,27614
2007-11-16,200.0,200.0,170.64999389648438,174.64999389648438,174.64999389648438,19974
2007-11-19,155.35000610351562,183.5,155.35000610351562,180.0,180.0,13955
2007-11-20,161.35000610351562,183.0,161.35000610351562,171.0,171.0,11100
2007-11-21,142.64999389648438,199.0,142.64999389648438,183.75,183.75,65300
2007-11-22,165.5,195.0,165.5,173.64999389648438,173.64999389648438,16813
2007-11-23,161.0,208.39999389648438,161.0,208.39999389648438,208.39999389648438,190000
2007-11-26,234.6999969482422,248.39999389648438,221.39999389648438,243.35000610351562,243.35000610351562,263706
2007-11-27,250.0,254.0,234.0,235.14999389648438,235.14999389648438,72673
2007-11-28,240.0,243.64999389648438,224.10000610351562,225.14999389648438,225.14999389648438,32641
2007-11-29,185.64999389648438,244.0,185.64999389648438,230.5500030517578,230.5500030517578,112000
2007-11-30,210.0,250.5,210.0,232.1999969482422,232.1999969482422,73700
2007-12-03,235.10000610351562,247.89999389648438,235.10000610351562,238.5500030517578,238.5500030517578,23047
2007-12-04,212.1999969482422,242.0500030517578,212.1999969482422,236.10000610351562,236.10000610351562,12589
2007-12-05,223.9499969482422,250.0,223.9499969482422,242.0500030517578,242.0500030517578,17916
2007-12-06,232.9499969482422,246.39999389648438,232.9499969482422,238.35000610351562,238.35000610351562,34079
2007-12-07,215.10000610351562,248.0,215.10000610351562,239.25,239.25,22715
2007-12-10,240.0,240.0,229.0,230.0500030517578,230.0500030517578,29108
2007-12-11,195.64999389648438,235.0,195.64999389648438,222.89999389648438,222.89999389648438,9346
2007-12-12,202.0,234.0,202.0,225.75,225.75,25602
2007-12-13,215.9499969482422,234.89999389648438,213.10000610351562,217.0,217.0,35691
2007-12-14,227.0,230.0,220.0,225.5,225.5,84299
2007-12-17,225.0,228.0,203.14999389648438,210.35000610351562,210.35000610351562,18600
2007-12-18,209.0,210.0,204.0,210.0,210.0,10600
2007-12-19,224.0,224.0,211.10000610351562,212.10000610351562,212.10000610351562,6881
2007-12-20,202.9499969482422,218.0,202.9499969482422,207.75,207.75,3186
2007-12-24,213.0,221.0,213.0,218.0500030517578,218.0500030517578,15539
2007-12-26,222.0,222.1999969482422,216.0,217.25,217.25,5824
2007-12-27,219.0,223.0,218.0,219.60000610351562,219.60000610351562,16825
2007-12-28,222.0,225.0,215.0,217.0500030517578,217.0500030517578,18873
2007-12-31,221.0,260.5,220.0,260.5,260.5,123700
2008-01-01,262.0,301.95001220703125,262.0,286.0,286.0,130331
2008-01-02,275.0,305.0,272.1000061035156,290.79998779296875,290.79998779296875,80561
2008-01-03,275.95001220703125,340.0,275.95001220703125,306.3999938964844,306.3999938964844,121982
2008-01-04,310.0,310.0,282.0,289.0,289.0,146393
2008-01-07,290.0,315.8999938964844,280.04998779296875,303.8999938964844,303.8999938964844,152872
2008-01-08,308.8500061035156,313.0,275.1000061035156,285.6000061035156,285.6000061035156,131532
2008-01-09,275.0,294.3999938964844,274.0,279.3999938964844,279.3999938964844,21814
2008-01-10,282.0,286.0,255.0,260.5,260.5,14258
2008-01-11,251.0,263.8999938964844,244.0500030517578,259.5,259.5,14790
2008-01-14,260.8999938964844,275.0,255.0,258.1000061035156,258.1000061035156,8690
2008-01-15,262.0,282.0,252.0,262.3500061035156,262.3500061035156,37163
2008-01-16,253.0,268.0,246.9499969482422,254.5,254.5,11882
2008-01-17,243.9499969482422,267.0,243.9499969482422,258.70001220703125,258.70001220703125,10466
2008-01-18,250.0,255.0,240.0,240.0,240.0,10489
2008-01-21,232.9499969482422,243.0,218.75,218.75,218.75,20580
2008-01-22,196.89999389648438,198.0,196.89999389648438,196.89999389648438,196.89999389648438,57694
2008-01-23,181.0,191.9499969482422,177.3000030517578,184.4499969482422,184.4499969482422,7024
2008-01-24,186.0,193.0,175.3000030517578,175.3000030517578,175.3000030517578,4402
2008-01-25,168.0,179.0,166.60000610351562,172.35000610351562,172.35000610351562,12261
2008-01-28,174.0,175.0,165.5,168.75,168.75,4507
2008-01-29,171.10000610351562,177.1999969482422,171.10000610351562,172.89999389648438,172.89999389648438,3571
2008-01-30,174.75,174.75,164.3000030517578,166.0500030517578,166.0500030517578,3621
2008-01-31,164.0,169.9499969482422,160.35000610351562,164.75,164.75,3743
2008-02-01,165.0,165.89999389648438,159.0,164.14999389648438,164.14999389648438,9427
2008-02-04,167.14999389648438,172.39999389648438,167.14999389648438,170.0,170.0,11002
2008-02-05,177.0,177.0,168.5,172.85000610351562,172.85000610351562,2341
2008-02-06,170.0,173.89999389648438,169.10000610351562,172.35000610351562,172.35000610351562,4641
2008-02-07,168.3000030517578,175.5,163.75,163.8000030517578,163.8000030517578,15768
2008-02-08,162.0,162.0,155.64999389648438,155.64999389648438,155.64999389648438,2761
2008-02-11,156.0,156.0,147.89999389648438,147.89999389648438,147.89999389648438,12515
2008-02-12,146.0,146.0,140.5,140.5,140.5,731
2008-02-13,135.60000610351562,141.0,133.5,133.5,133.5,10813
2008-02-14,135.3000030517578,140.1999969482422,135.3000030517578,140.1999969482422,140.1999969482422,644
2008-02-15,147.14999389648438,147.25,147.14999389648438,147.25,147.25,558
2008-02-18,154.64999389648438,154.64999389648438,154.64999389648438,154.64999389648438,154.64999389648438,255
2008-02-19,162.39999389648438,162.39999389648438,162.39999389648438,162.39999389648438,162.39999389648438,784
2008-02-20,170.5500030517578,170.5500030517578,170.5500030517578,170.5500030517578,170.5500030517578,3634
2008-02-21,179.10000610351562,179.10000610351562,170.0500030517578,176.35000610351562,176.35000610351562,13645
2008-02-22,173.9499969482422,183.89999389648438,168.0500030517578,181.85000610351562,181.85000610351562,44948
2008-02-25,185.0,187.85000610351562,180.0,185.1999969482422,185.1999969482422,12967
2008-02-26,192.0,193.60000610351562,188.39999389648438,191.39999389648438,191.39999389648438,3657
2008-02-27,198.0,201.0,192.5,200.14999389648438,200.14999389648438,19105
2008-02-28,201.0,209.39999389648438,198.0,204.64999389648438,204.64999389648438,18690
2008-02-29,210.0,214.89999389648438,194.5,200.5500030517578,200.5500030517578,18038
2008-03-03,199.5,199.5,190.5500030517578,190.75,190.75,3133
2008-03-04,185.0,188.5,181.3000030517578,183.10000610351562,183.10000610351562,2160
2008-03-05,177.35000610351562,180.5,174.0500030517578,176.5,176.5,4039
2008-03-07,173.0,185.0,167.6999969482422,184.10000610351562,184.10000610351562,10079
2008-03-10,175.0,184.10000610351562,174.89999389648438,176.5,176.5,12011
2008-03-11,172.89999389648438,175.35000610351562,168.39999389648438,169.6999969482422,169.6999969482422,114740
2008-03-12,173.0500030517578,173.0500030517578,163.10000610351562,163.10000610351562,163.10000610351562,6027
2008-03-13,167.0,167.0,157.60000610351562,158.89999389648438,158.89999389648438,1574
2008-03-14,157.0,157.0,150.9499969482422,150.9499969482422,150.9499969482422,48470
2008-03-17,155.0,155.0,143.39999389648438,143.39999389648438,143.39999389648438,362
2008-03-18,137.0,141.89999389648438,136.3000030517578,136.3000030517578,136.3000030517578,1200
2008-03-19,129.60000610351562,129.60000610351562,129.5,129.5,129.5,2971
2008-03-24,124.0,126.0,123.0999984741211,123.0999984741211,123.0999984741211,1317
2008-03-25,117.0,117.0,117.0,117.0,117.0,2510
2008-03-26,111.19999694824219,111.19999694824219,111.1500015258789,111.1500015258789,111.1500015258789,5308
2008-03-27,105.5999984741211,105.5999984741211,105.5999984741211,105.5999984741211,105.5999984741211,8178
2008-03-28,100.5,103.9000015258789,100.3499984741211,100.6500015258789,100.6500015258789,108531
2008-03-31,100.5,105.69999694824219,95.6500015258789,104.94999694824219,104.94999694824219,258542
2008-04-01,108.0,109.8499984741211,99.69999694824219,99.75,99.75,60236
2008-04-02,102.0,104.5,99.0,99.8499984741211,99.8499984741211,17284
2008-04-03,103.3499984741211,103.3499984741211,97.0999984741211,98.55000305175781,98.55000305175781,6383
2008-04-04,95.55000305175781,103.4000015258789,95.55000305175781,96.8499984741211,96.8499984741211,6852
2008-04-07,95.5,101.30000305175781,92.0999984741211,99.9000015258789,99.9000015258789,3386
2008-04-08,101.0,103.0,97.3499984741211,100.5999984741211,100.5999984741211,1583
2008-04-09,100.9000015258789,104.5,98.80000305175781,103.1500015258789,103.1500015258789,9891
2008-04-10,103.0,108.3499984741211,103.0,108.0999984741211,108.0999984741211,17053
2008-04-11,108.94999694824219,112.55000305175781,103.0,105.19999694824219,105.19999694824219,64333
2008-04-15,104.0,108.9000015258789,101.25,106.8499984741211,106.8499984741211,9649
2008-04-16,106.0,110.0,103.0,103.6500015258789,103.6500015258789,24397
2008-04-17,107.0,108.8499984741211,104.1500015258789,108.8499984741211,108.8499984741211,12203
2008-04-21,110.0,110.0,108.05000305175781,109.0999984741211,109.0999984741211,9833
2008-04-22,109.75,110.0,106.0,107.75,107.75,6786
2008-04-23,110.0,110.0,105.30000305175781,107.69999694824219,107.69999694824219,10750
2008-04-24,109.8499984741211,109.8499984741211,103.30000305175781,104.69999694824219,104.69999694824219,10084
2008-04-25,105.44999694824219,106.9000015258789,104.25,105.25,105.25,5816
2008-04-28,103.8499984741211,107.80000305175781,103.69999694824219,106.55000305175781,106.55000305175781,11734
2008-04-29,106.0,107.75,105.05000305175781,106.1500015258789,106.1500015258789,8199
2008-04-30,103.5999984741211,107.8499984741211,103.5999984741211,105.80000305175781,105.80000305175781,7222
2008-05-02,106.0999984741211,107.8499984741211,103.0999984741211,104.55000305175781,104.55000305175781,6721
2008-05-05,105.1500015258789,107.0,105.1500015258789,106.0999984741211,106.0999984741211,3816
2008-05-06,105.0999984741211,105.5,101.55000305175781,103.0999984741211,103.0999984741211,4061
2008-05-07,102.0,104.5999984741211,97.94999694824219,97.94999694824219,97.94999694824219,12509
2008-05-08,96.80000305175781,107.69999694824219,90.0,98.30000305175781,98.30000305175781,132351
2008-05-09,100.5,107.0,99.0,100.05000305175781,100.05000305175781,196019
2008-05-12,100.0,100.8499984741211,96.9000015258789,97.44999694824219,97.44999694824219,25406
2008-05-13,99.3499984741211,101.69999694824219,95.0999984741211,96.44999694824219,96.44999694824219,14742
2008-05-14,96.5999984741211,98.44999694824219,95.9000015258789,96.5,96.5,4963
2008-05-15,97.0,97.9000015258789,95.0,95.75,95.75,15814
2008-05-16,95.80000305175781,96.8499984741211,93.0,93.55000305175781,93.55000305175781,12131
2008-05-20,91.0,95.94999694824219,91.0,93.55000305175781,93.55000305175781,8713
2008-05-21,94.94999694824219,94.94999694824219,92.0999984741211,94.0,94.0,11272
2008-05-22,94.0,95.80000305175781,94.0,94.1500015258789,94.1500015258789,9283
2008-05-23,96.0,96.0,90.0,90.44999694824219,90.44999694824219,14363
2008-05-26,92.80000305175781,92.80000305175781,88.0,88.05000305175781,88.05000305175781,5086
2008-05-27,91.80000305175781,91.80000305175781,85.19999694824219,86.19999694824219,86.19999694824219,13669
2008-05-28,88.05000305175781,88.05000305175781,77.5999984741211,78.94999694824219,78.94999694824219,39707
2008-05-29,80.19999694824219,86.8499984741211,75.0,85.30000305175781,85.30000305175781,99574
2008-05-30,86.0,89.75,84.19999694824219,85.9000015258789,85.9000015258789,26510
2008-06-02,87.44999694824219,89.94999694824219,80.5999984741211,82.0999984741211,82.0999984741211,7495
2008-06-03,77.0,86.0,77.0,81.25,81.25,2744
2008-06-04,77.5999984741211,81.0,77.0,77.69999694824219,77.69999694824219,9141
2008-06-05,74.19999694824219,81.5999984741211,73.5,80.0999984741211,80.0999984741211,7993
2008-06-06,77.19999694824219,80.0,75.0,75.80000305175781,75.80000305175781,5455
2008-06-09,72.0,73.0,70.0,70.6500015258789,70.6500015258789,11142
2008-06-10,72.5999984741211,72.5999984741211,68.5,70.0,70.0,5602
2008-06-11,72.0,74.30000305175781,71.0,71.5999984741211,71.5999984741211,7471
2008-06-12,71.0,72.0,68.1500015258789,71.1500015258789,71.1500015258789,2185
2008-06-13,71.0,75.55000305175781,70.0,71.69999694824219,71.69999694824219,4730
2008-06-16,72.19999694824219,74.5,71.5,72.4000015258789,72.4000015258789,2016
2008-06-17,73.94999694824219,74.5,72.0,72.9000015258789,72.9000015258789,5824
2008-06-18,73.0,74.5,71.5,72.0,72.0,8457
2008-06-19,73.0,73.8499984741211,70.0,72.6500015258789,72.6500015258789,930
2008-06-20,72.80000305175781,72.80000305175781,68.0,68.4000015258789,68.4000015258789,3097
2008-06-23,70.0,70.0,61.599998474121094,61.650001525878906,61.650001525878906,8964
2008-06-24,62.150001525878906,62.150001525878906,57.0,57.849998474121094,57.849998474121094,10764
2008-06-25,57.0,59.900001525878906,57.0,59.04999923706055,59.04999923706055,2864
2008-06-26,58.0,61.599998474121094,56.400001525878906,60.599998474121094,60.599998474121094,3426
2008-06-27,56.0,59.5,56.0,58.45000076293945,58.45000076293945,4881
2008-06-30,54.20000076293945,60.400001525878906,54.0,55.79999923706055,55.79999923706055,2816
2008-07-01,55.79999923706055,55.79999923706055,50.599998474121094,50.75,50.75,4373
2008-07-02,50.5,52.0,45.70000076293945,47.849998474121094,47.849998474121094,11579
2008-07-03,47.0,49.0,46.0,46.5,46.5,5376
2008-07-04,46.04999923706055,50.5,46.04999923706055,49.599998474121094,49.599998474121094,2717
2008-07-07,49.0,54.599998474121094,49.0,54.599998474121094,54.599998474121094,3152
2008-07-08,56.099998474121094,59.0,54.099998474121094,55.650001525878906,55.650001525878906,5083
2008-07-09,57.099998474121094,59.0,56.0,58.45000076293945,58.45000076293945,4096
2008-07-10,60.79999923706055,60.900001525878906,54.04999923706055,55.099998474121094,55.099998474121094,23242
2008-07-11,59.5,59.5,53.599998474121094,55.04999923706055,55.04999923706055,22541
2008-07-14,57.900001525878906,58.400001525878906,53.150001525878906,53.70000076293945,53.70000076293945,15618
2008-07-15,53.0,53.0,50.650001525878906,51.0,51.0,2854
2008-07-16,48.5,52.95000076293945,45.900001525878906,46.20000076293945,46.20000076293945,13426
2008-07-17,47.099998474121094,47.95000076293945,45.0,45.25,45.25,6580
2008-07-18,45.70000076293945,49.75,44.20000076293945,45.099998474121094,45.099998474121094,13241
2008-07-21,45.54999923706055,47.400001525878906,45.54999923706055,46.5,46.5,3188
2008-07-22,47.849998474121094,49.29999923706055,45.54999923706055,46.900001525878906,46.900001525878906,6667
2008-07-23,48.95000076293945,51.599998474121094,47.29999923706055,51.599998474121094,51.599998474121094,5155
2008-07-24,53.0,53.95000076293945,50.150001525878906,51.95000076293945,51.95000076293945,5031
2008-07-25,51.25,51.95000076293945,48.099998474121094,49.45000076293945,49.45000076293945,2384
2008-07-28,50.04999923706055,50.04999923706055,45.150001525878906,46.349998474121094,46.349998474121094,25927
2008-07-29,46.0,46.900001525878906,44.5,45.099998474121094,45.099998474121094,19523
2008-07-30,46.599998474121094,46.599998474121094,43.400001525878906,44.75,44.75,99388
2008-07-31,43.29999923706055,45.95000076293945,42.099998474121094,42.75,42.75,54343
2008-08-01,43.0,43.0,39.70000076293945,40.54999923706055,40.54999923706055,96023
2008-08-04,40.900001525878906,42.5,36.75,39.20000076293945,39.20000076293945,481291
2008-08-05,39.95000076293945,43.150001525878906,39.45000076293945,43.0,43.0,294653
2008-08-06,45.04999923706055,47.29999923706055,42.400001525878906,47.29999923706055,47.29999923706055,416700
2008-08-07,48.5,49.45000076293945,44.650001525878906,45.04999923706055,45.04999923706055,139577
2008-08-08,45.599998474121094,47.0,45.150001525878906,45.650001525878906,45.650001525878906,77249
2008-08-11,46.5,47.5,45.70000076293945,46.04999923706055,46.04999923706055,99061
2008-08-12,46.0,46.400001525878906,44.150001525878906,44.349998474121094,44.349998474121094,28353
2008-08-13,43.95000076293945,47.5,43.400001525878906,46.599998474121094,46.599998474121094,147115
2008-08-14,46.599998474121094,46.599998474121094,43.79999923706055,44.349998474121094,44.349998474121094,25545
2008-08-18,44.099998474121094,44.099998474121094,40.54999923706055,42.349998474121094,42.349998474121094,30673
2008-08-19,41.0,42.25,41.0,41.5,41.5,9683
2008-08-20,42.25,43.20000076293945,41.54999923706055,42.54999923706055,42.54999923706055,17479
2008-08-21,42.25,43.20000076293945,40.20000076293945,40.70000076293945,40.70000076293945,11577
2008-08-22,39.20000076293945,40.0,37.0,37.25,37.25,119781
2008-08-25,37.5,37.5,35.25,35.599998474121094,35.599998474121094,96111
2008-08-26,35.599998474121094,37.0,34.04999923706055,35.849998474121094,35.849998474121094,62695
2008-08-27,35.5,37.79999923706055,35.5,36.29999923706055,36.29999923706055,54733
2008-08-28,36.29999923706055,37.0,33.900001525878906,34.099998474121094,34.099998474121094,64197
2008-08-29,33.75,36.79999923706055,33.150001525878906,34.099998474121094,34.099998474121094,81780
2008-09-01,33.20000076293945,35.70000076293945,33.20000076293945,33.900001525878906,33.900001525878906,45285
2008-09-02,32.79999923706055,34.70000076293945,32.349998474121094,34.20000076293945,34.20000076293945,58835
2008-09-04,34.95000076293945,34.95000076293945,33.0,33.650001525878906,33.650001525878906,45434
2008-09-05,33.70000076293945,34.25,33.04999923706055,33.650001525878906,33.650001525878906,17781
2008-09-08,34.400001525878906,35.5,33.349998474121094,34.04999923706055,34.04999923706055,51176
2008-09-09,35.400001525878906,40.900001525878906,34.0,38.95000076293945,38.95000076293945,561005
2008-09-10,39.400001525878906,43.20000076293945,36.650001525878906,37.79999923706055,37.79999923706055,905016
2008-09-11,37.79999923706055,37.900001525878906,35.900001525878906,36.099998474121094,36.099998474121094,134658
2008-09-12,36.900001525878906,36.900001525878906,32.25,33.599998474121094,33.599998474121094,117524
2008-09-15,32.04999923706055,33.5,27.399999618530273,29.700000762939453,29.700000762939453,192457
2008-09-16,27.100000381469727,28.549999237060547,25.600000381469727,27.25,27.25,168855
2008-09-17,28.0,31.5,27.100000381469727,29.5,29.5,186678
2008-09-18,26.049999237060547,29.75,26.049999237060547,29.350000381469727,29.350000381469727,91287
2008-09-19,31.950000762939453,31.950000762939453,29.5,30.350000381469727,30.350000381469727,67175
2008-09-22,30.799999237060547,31.450000762939453,29.299999237060547,29.5,29.5,31275
2008-09-23,29.200000762939453,29.200000762939453,27.299999237060547,28.399999618530273,28.399999618530273,14057
2008-09-24,28.5,29.700000762939453,26.299999237060547,26.649999618530273,26.649999618530273,113705
2008-09-25,27.149999618530273,27.149999618530273,26.0,26.350000381469727,26.350000381469727,32338
2008-09-26,26.399999618530273,27.0,23.600000381469727,24.450000762939453,24.450000762939453,46297
2008-09-29,24.0,28.5,19.75,20.549999237060547,20.549999237060547,235271
2008-09-30,19.450000762939453,20.149999618530273,16.549999237060547,18.700000762939453,18.700000762939453,458636
2008-10-01,19.25,22.0,18.75,20.799999237060547,20.799999237060547,246046
2008-10-03,20.899999618530273,21.649999618530273,19.649999618530273,19.850000381469727,19.850000381469727,57872
2008-10-06,19.600000381469727,19.600000381469727,18.049999237060547,18.700000762939453,18.700000762939453,31948
2008-10-07,19.0,19.549999237060547,16.700000762939453,17.049999237060547,17.049999237060547,64039
2008-10-08,16.200000762939453,17.399999618530273,14.149999618530273,16.700000762939453,16.700000762939453,134114
2008-10-10,16.0,16.450000762939453,14.199999809265137,15.5,15.5,76535
2008-10-13,16.350000381469727,18.600000381469727,16.25,18.5,18.5,44284
2008-10-14,21.399999618530273,21.399999618530273,18.100000381469727,18.299999237060547,18.299999237060547,62321
2008-10-15,18.350000381469727,18.75,17.0,17.649999618530273,17.649999618530273,22638
2008-10-16,16.049999237060547,18.049999237060547,16.049999237060547,17.700000762939453,17.700000762939453,26658
2008-10-17,18.799999237060547,18.799999237060547,17.0,17.149999618530273,17.149999618530273,21543
2008-10-20,16.100000381469727,17.5,15.350000381469727,16.149999618530273,16.149999618530273,27077
2008-10-21,15.949999809265137,17.049999237060547,15.649999618530273,16.75,16.75,21836
2008-10-22,16.899999618530273,17.549999237060547,16.549999237060547,16.950000762939453,16.950000762939453,46274
2008-10-23,16.5,17.200000762939453,16.5,16.799999237060547,16.799999237060547,8358
2008-10-24,16.5,16.5,14.0,14.25,14.25,32373
2008-10-27,15.199999809265137,15.850000381469727,13.600000381469727,14.600000381469727,14.600000381469727,64193
2008-10-29,17.850000381469727,17.850000381469727,15.600000381469727,16.549999237060547,16.549999237060547,31657
2008-10-31,17.5,17.5,15.75,16.0,16.0,31469
2008-11-03,16.25,17.950000762939453,16.25,16.899999618530273,16.899999618530273,21145
2008-11-04,16.100000381469727,19.149999618530273,16.100000381469727,18.25,18.25,26309
2008-11-05,19.0,19.0,16.799999237060547,17.200000762939453,17.200000762939453,31928
2008-11-06,16.5,16.700000762939453,15.5,15.75,15.75,25804
2008-11-07,17.799999237060547,17.799999237060547,15.300000190734863,16.049999237060547,16.049999237060547,13861
2008-11-10,15.550000190734863,17.700000762939453,15.550000190734863,17.5,17.5,25553
2008-11-11,17.049999237060547,17.5,16.100000381469727,16.299999237060547,16.299999237060547,10867
2008-11-12,16.0,16.75,15.800000190734863,16.0,16.0,10046
2008-11-14,16.0,16.600000381469727,15.550000190734863,15.649999618530273,15.649999618530273,5679
2008-11-17,15.0,15.449999809265137,14.100000381469727,14.300000190734863,14.300000190734863,16660
2008-11-18,14.0,14.949999809265137,14.0,14.699999809265137,14.699999809265137,9135
2008-11-19,14.050000190734863,14.5,13.25,13.5,13.5,25012
2008-11-20,13.100000381469727,13.899999618530273,12.550000190734863,12.949999809265137,12.949999809265137,12602
2008-11-21,12.649999618530273,13.600000381469727,11.75,11.949999809265137,11.949999809265137,30775
2008-11-24,12.149999618530273,12.800000190734863,11.800000190734863,11.949999809265137,11.949999809265137,15563
2008-11-25,12.050000190734863,12.75,11.199999809265137,11.350000381469727,11.350000381469727,31137
2008-11-26,11.199999809265137,11.75,9.100000381469727,9.100000381469727,9.100000381469727,263238
2008-11-28,8.649999618530273,9.800000190734863,8.399999618530273,9.149999618530273,9.149999618530273,68752
2008-12-01,10.199999809265137,10.199999809265137,8.800000190734863,9.0,9.0,69578
2008-12-02,8.75,9.300000190734863,8.600000381469727,9.050000190734863,9.050000190734863,18454
2008-12-03,9.0,10.399999618530273,8.800000190734863,8.949999809265137,8.949999809265137,36521
2008-12-04,9.0,9.050000190734863,8.850000381469727,9.0,9.0,49231
2008-12-05,9.0,9.350000381469727,8.699999809265137,8.850000381469727,8.850000381469727,54253
2008-12-08,8.75,10.649999618530273,8.75,9.449999809265137,9.449999809265137,116955
2008-12-10,9.5,10.5,9.5,10.199999809265137,10.199999809265137,66605
2008-12-11,10.199999809265137,11.199999809265137,10.0,10.5,10.5,50560
2008-12-12,10.600000381469727,12.600000381469727,10.0,12.600000381469727,12.600000381469727,139180
2008-12-15,13.199999809265137,13.899999618530273,13.050000190734863,13.899999618530273,13.899999618530273,88903
2008-12-16,14.399999618530273,15.300000190734863,14.399999618530273,15.300000190734863,15.300000190734863,53510
2008-12-17,16.799999237060547,16.850000381469727,15.5,16.850000381469727,16.850000381469727,218680
2008-12-18,16.75,16.75,15.199999809265137,16.0,16.0,68862
2008-12-19,15.600000381469727,16.899999618530273,15.600000381469727,15.850000381469727,15.850000381469727,30754
2008-12-22,16.350000381469727,16.350000381469727,15.5,15.550000190734863,15.550000190734863,27583
2008-12-23,15.149999618530273,15.75,14.800000190734863,14.800000190734863,14.800000190734863,22658
2008-12-24,14.800000190734863,14.800000190734863,14.100000381469727,14.100000381469727,14.100000381469727,11302
2008-12-26,13.449999809265137,14.25,13.399999618530273,13.449999809265137,13.449999809265137,25228
2008-12-29,13.0,13.949999809265137,12.800000190734863,12.800000190734863,12.800000190734863,11600
2008-12-30,13.25,13.449999809265137,13.100000381469727,13.449999809265137,13.449999809265137,21700
2008-12-31,14.149999618530273,14.149999618530273,13.75,14.050000190734863,14.050000190734863,13362
2009-01-02,15.5,15.5,15.149999618530273,15.5,15.5,14800
2009-01-05,16.299999237060547,16.299999237060547,15.350000381469727,16.049999237060547,16.049999237060547,74700
2009-01-06,16.399999618530273,16.450000762939453,15.25,15.25,15.25,35900
2009-01-07,14.699999809265137,15.600000381469727,14.5,14.5,14.5,14500
2009-01-09,13.800000190734863,14.0,13.800000190734863,13.800000190734863,13.800000190734863,11000
2009-01-12,13.149999618530273,13.5,13.149999618530273,13.149999618530273,13.149999618530273,4500
2009-01-13,12.600000381469727,12.899999618530273,12.5,12.5,12.5,11300
2009-01-14,12.350000381469727,13.149999618530273,12.199999809265137,12.899999618530273,12.899999618530273,16672
2009-01-15,13.0,13.100000381469727,12.300000190734863,12.75,12.75,8211
2009-01-16,12.300000190734863,13.0,12.149999618530273,12.149999618530273,12.149999618530273,27900
2009-01-19,12.0,12.25,11.800000190734863,12.199999809265137,12.199999809265137,5200
2009-01-20,12.0,12.300000190734863,11.649999618530273,12.100000381469727,12.100000381469727,6465
2009-01-21,11.800000190734863,12.350000381469727,11.800000190734863,11.850000381469727,11.850000381469727,10545
2009-01-22,12.0,12.149999618530273,11.300000190734863,11.300000190734863,11.300000190734863,16279
2009-01-23,11.300000190734863,11.899999618530273,11.300000190734863,11.899999618530273,11.899999618530273,31428
2009-01-27,12.199999809265137,12.5,12.0,12.5,12.5,26338
2009-01-28,12.5,13.0,12.5,12.600000381469727,12.600000381469727,10276
2009-01-29,12.800000190734863,13.0,12.399999618530273,12.600000381469727,12.600000381469727,5827
2009-01-30,12.25,12.5,12.199999809265137,12.25,12.25,10633
2009-02-02,12.050000190734863,12.25,12.0,12.0,12.0,7538
2009-02-03,12.0,12.300000190734863,11.800000190734863,12.0,12.0,6240
2009-02-04,12.600000381469727,12.600000381469727,11.699999809265137,11.800000190734863,11.800000190734863,6754
2009-02-05,12.0,12.149999618530273,11.699999809265137,11.800000190734863,11.800000190734863,7769
2009-02-06,11.699999809265137,12.300000190734863,11.5,11.600000381469727,11.600000381469727,17623
2009-02-09,12.100000381469727,12.100000381469727,11.25,11.5,11.5,14821
2009-02-10,11.649999618530273,12.100000381469727,11.399999618530273,11.75,11.75,19394
2009-02-11,11.699999809265137,12.100000381469727,11.699999809265137,11.899999618530273,11.899999618530273,3711
2009-02-12,12.300000190734863,12.300000190734863,11.699999809265137,11.850000381469727,11.850000381469727,11205
2009-02-13,12.100000381469727,12.100000381469727,11.649999618530273,11.699999809265137,11.699999809265137,6429
2009-02-16,11.449999809265137,12.050000190734863,11.149999618530273,11.149999618530273,11.149999618530273,30180
2009-02-17,11.25,11.25,10.600000381469727,10.800000190734863,10.800000190734863,19211
2009-02-18,10.600000381469727,10.699999809265137,10.300000190734863,10.649999618530273,10.649999618530273,1932
2009-02-19,10.300000190734863,10.850000381469727,10.149999618530273,10.5,10.5,1977
2009-02-20,10.300000190734863,10.699999809265137,10.25,10.350000381469727,10.350000381469727,5094
2009-02-24,10.699999809265137,10.699999809265137,9.850000381469727,10.100000381469727,10.100000381469727,5868
2009-02-25,10.5,10.5,10.0,10.300000190734863,10.300000190734863,2152
2009-02-26,10.350000381469727,10.350000381469727,9.800000190734863,10.149999618530273,10.149999618530273,4689
2009-02-27,10.100000381469727,10.600000381469727,9.649999618530273,10.199999809265137,10.199999809265137,8824
2009-03-02,9.899999618530273,10.350000381469727,9.899999618530273,10.350000381469727,10.350000381469727,5453
2009-03-03,10.0,10.850000381469727,10.0,10.199999809265137,10.199999809265137,6059
2009-03-04,10.0,10.149999618530273,9.850000381469727,9.899999618530273,9.899999618530273,3718
2009-03-05,10.0,10.100000381469727,9.550000190734863,9.699999809265137,9.699999809265137,4367
2009-03-06,9.399999618530273,10.0,9.399999618530273,9.449999809265137,9.449999809265137,2796
2009-03-09,9.0,9.350000381469727,8.699999809265137,8.850000381469727,8.850000381469727,4258
2009-03-12,8.600000381469727,9.100000381469727,8.600000381469727,9.0,9.0,5410
2009-03-13,9.0,9.25,8.899999618530273,9.050000190734863,9.050000190734863,9475
2009-03-16,9.0,9.25,8.5,9.0,9.0,27206
2009-03-17,9.199999809265137,9.199999809265137,8.75,9.0,9.0,11561
2009-03-18,8.850000381469727,9.75,8.850000381469727,9.649999618530273,9.649999618530273,46220
2009-03-19,9.199999809265137,10.25,9.199999809265137,10.0,10.0,4348
2009-03-20,9.699999809265137,10.350000381469727,9.550000190734863,10.199999809265137,10.199999809265137,5502
2009-03-23,10.0,10.350000381469727,9.899999618530273,10.0,10.0,6397
2009-03-24,10.100000381469727,10.300000190734863,9.850000381469727,10.0,10.0,13392
2009-03-25,9.699999809265137,10.0,9.449999809265137,9.550000190734863,9.550000190734863,8439
2009-03-26,9.5,10.100000381469727,9.5,9.649999618530273,9.649999618530273,5948
2009-03-27,9.899999618530273,10.5,9.5,10.149999618530273,10.149999618530273,11260
2009-03-30,10.0,10.149999618530273,9.649999618530273,10.050000190734863,10.050000190734863,8014
2009-03-31,10.149999618530273,10.300000190734863,9.949999809265137,10.300000190734863,10.300000190734863,3906
2009-04-01,9.800000190734863,11.199999809265137,9.800000190734863,10.600000381469727,10.600000381469727,13322
2009-04-02,10.600000381469727,11.649999618530273,10.399999618530273,11.449999809265137,11.449999809265137,25051
2009-04-06,11.449999809265137,12.399999618530273,11.449999809265137,11.800000190734863,11.800000190734863,20109
2009-04-08,12.0,13.0,10.75,13.0,13.0,35316
2009-04-09,13.399999618530273,13.399999618530273,12.5,12.949999809265137,12.949999809265137,30198
2009-04-13,12.399999618530273,13.600000381469727,12.399999618530273,13.550000190734863,13.550000190734863,30071
2009-04-15,13.899999618530273,14.25,13.149999618530273,14.199999809265137,14.199999809265137,43650
2009-04-16,14.899999618530273,14.899999618530273,13.5,13.649999618530273,13.649999618530273,63629
2009-04-17,13.899999618530273,13.949999809265137,13.0,13.0,13.0,36441
2009-04-20,13.0,13.649999618530273,13.0,13.649999618530273,13.649999618530273,6906
2009-04-21,14.300000190734863,14.300000190734863,13.0,13.300000190734863,13.300000190734863,5646
2009-04-22,12.800000190734863,13.5,12.75,12.75,12.75,4239
2009-04-23,12.699999809265137,12.850000381469727,12.300000190734863,12.550000190734863,12.550000190734863,4104
2009-04-24,12.25,13.25,12.25,13.199999809265137,13.199999809265137,4840
2009-04-27,12.699999809265137,13.0,12.300000190734863,12.350000381469727,12.350000381469727,4227
2009-04-28,12.25,12.75,12.0,12.0,12.0,8028
2009-04-29,12.550000190734863,12.600000381469727,11.550000190734863,12.449999809265137,12.449999809265137,6850
2009-05-04,12.600000381469727,12.949999809265137,11.949999809265137,12.949999809265137,12.949999809265137,5705
2009-05-05,12.449999809265137,12.949999809265137,12.350000381469727,12.800000190734863,12.800000190734863,5788
2009-05-06,13.199999809265137,13.449999809265137,12.899999618530273,13.149999618530273,13.149999618530273,15421
2009-05-07,13.100000381469727,13.350000381469727,12.75,13.0,13.0,2583
2009-05-08,13.100000381469727,13.399999618530273,12.75,13.0,13.0,13856
2009-05-11,12.699999809265137,13.649999618530273,12.5,12.850000381469727,12.850000381469727,4651
2009-05-12,12.399999618530273,13.25,12.25,12.699999809265137,12.699999809265137,4671
2009-05-13,12.699999809265137,12.800000190734863,12.25,12.800000190734863,12.800000190734863,4764
2009-05-14,12.199999809265137,12.649999618530273,12.199999809265137,12.600000381469727,12.600000381469727,2991
2009-05-15,12.149999618530273,13.050000190734863,12.100000381469727,13.050000190734863,13.050000190734863,3847
2009-05-18,13.050000190734863,13.050000190734863,13.050000190734863,13.050000190734863,13.050000190734863,0
2009-05-19,13.5,13.5,13.050000190734863,13.5,13.5,9868
2009-05-20,14.199999809265137,14.199999809265137,14.199999809265137,14.199999809265137,14.199999809265137,2750
2009-05-21,14.949999809265137,14.949999809265137,14.949999809265137,14.949999809265137,14.949999809265137,9279
2009-05-22,15.649999618530273,15.699999809265137,15.5,15.699999809265137,15.699999809265137,17620
2009-05-25,16.450000762939453,16.5,15.800000190734863,16.5,16.5,7764
2009-05-26,17.350000381469727,17.350000381469727,17.350000381469727,17.350000381469727,17.350000381469727,7220
2009-05-27,18.200000762939453,18.25,18.200000762939453,18.25,18.25,7525
2009-05-28,19.200000762939453,19.200000762939453,19.200000762939453,19.200000762939453,19.200000762939453,4874
2009-05-29,20.200000762939453,20.200000762939453,20.200000762939453,20.200000762939453,20.200000762939453,2518
2009-06-01,21.25,21.25,21.25,21.25,21.25,8100
2009-06-02,22.350000381469727,22.350000381469727,22.350000381469727,22.350000381469727,22.350000381469727,8700
2009-06-03,23.5,23.5,23.5,23.5,23.5,11500
2009-06-04,24.700000762939453,24.700000762939453,24.700000762939453,24.700000762939453,24.700000762939453,10700
2009-06-05,24.700000762939453,25.950000762939453,23.549999237060547,25.950000762939453,25.950000762939453,42334
2009-06-08,25.0,27.200000762939453,24.649999618530273,24.649999618530273,24.649999618530273,71900
2009-06-09,23.549999237060547,24.5,23.450000762939453,24.5,24.5,27394
2009-06-10,23.299999237060547,24.649999618530273,22.350000381469727,22.799999237060547,22.799999237060547,18514
2009-06-11,23.100000381469727,24.0,21.950000762939453,22.0,22.0,13975
2009-06-12,21.950000762939453,22.0,20.850000381469727,20.850000381469727,20.850000381469727,5700
2009-06-15,20.5,21.5,19.850000381469727,20.0,20.0,18154
2009-06-16,19.0,21.0,19.0,19.0,19.0,15200
2009-06-17,21.0,22.049999237060547,20.0,20.0,20.0,18900
2009-06-18,19.549999237060547,20.299999237060547,19.25,19.25,19.25,13700
2009-06-19,18.350000381469727,19.0,18.299999237060547,18.450000762939453,18.450000762939453,9372
2009-06-22,18.0,19.100000381469727,17.700000762939453,17.700000762939453,17.700000762939453,4700
2009-06-23,17.549999237060547,18.100000381469727,16.850000381469727,16.850000381469727,16.850000381469727,14800
2009-06-24,18.0,18.25,17.75,17.75,17.75,3700
2009-06-25,19.149999618530273,19.200000762939453,18.149999618530273,18.149999618530273,18.149999618530273,5800
2009-06-26,19.299999237060547,20.200000762939453,19.200000762939453,20.200000762939453,20.200000762939453,3895
2009-06-29,20.899999618530273,21.200000762939453,20.25,20.25,20.25,5800
2009-06-30,20.25,21.200000762939453,19.950000762939453,19.950000762939453,19.950000762939453,3200
2009-07-01,19.649999618530273,19.649999618530273,18.950000762939453,18.950000762939453,18.950000762939453,2900
2009-07-02,18.600000381469727,19.899999618530273,18.600000381469727,18.600000381469727,18.600000381469727,8200
2009-07-03,20.5,20.5,19.0,19.0,19.0,6000
2009-07-06,20.549999237060547,20.549999237060547,18.649999618530273,18.649999618530273,18.649999618530273,2300
2009-07-07,18.200000762939453,18.299999237060547,17.75,17.75,17.75,6200
2009-07-08,17.049999237060547,17.700000762939453,17.0,17.0,17.0,7600
2009-07-09,16.399999618530273,18.0,16.299999237060547,16.299999237060547,16.299999237060547,5400
2009-07-10,15.850000381469727,16.75,15.550000190734863,15.550000190734863,15.550000190734863,3100
2009-07-13,15.0,15.800000190734863,15.0,15.0,15.0,5900
2009-07-14,14.899999618530273,15.449999809265137,14.25,14.25,14.25,7100
2009-07-15,16.0,16.149999618530273,14.800000190734863,14.800000190734863,14.800000190734863,6800
2009-07-16,16.850000381469727,16.850000381469727,15.600000381469727,15.600000381469727,15.600000381469727,11000
2009-07-17,16.700000762939453,16.700000762939453,15.949999809265137,16.0,16.0,4989
2009-07-20,16.549999237060547,16.75,16.149999618530273,16.200000762939453,16.200000762939453,4300
2009-07-21,16.25,16.25,15.600000381469727,15.800000190734863,15.800000190734863,5600
2009-07-22,15.75,16.299999237060547,15.0,16.25,16.25,2600
2009-07-23,16.100000381469727,16.299999237060547,15.350000381469727,16.049999237060547,16.049999237060547,5300
2009-07-24,15.75,16.299999237060547,15.25,16.25,16.25,3300
2009-07-27,16.25,17.0,16.100000381469727,16.100000381469727,16.100000381469727,7200
2009-07-28,16.450000762939453,17.0,16.450000762939453,16.600000381469727,16.600000381469727,11200
2009-07-29,17.350000381469727,17.5,15.899999618530273,15.899999618530273,15.899999618530273,6800
2009-07-30,16.25,16.75,16.0,16.100000381469727,16.100000381469727,10100
2009-07-31,16.100000381469727,16.350000381469727,15.600000381469727,15.75,15.75,4400
2009-08-03,15.850000381469727,16.549999237060547,15.850000381469727,16.549999237060547,16.549999237060547,9100
2009-08-04,17.0,17.149999618530273,16.649999618530273,16.649999618530273,16.649999618530273,12500
2009-08-05,17.299999237060547,17.299999237060547,16.149999618530273,16.5,16.5,11900
2009-08-06,16.450000762939453,17.299999237060547,16.0,17.299999237060547,17.299999237060547,23300
2009-08-07,16.450000762939453,18.149999618530273,16.450000762939453,17.350000381469727,17.350000381469727,15800
2009-08-10,17.399999618530273,17.5,16.649999618530273,16.649999618530273,16.649999618530273,3800
2009-08-11,16.0,16.649999618530273,16.0,16.600000381469727,16.600000381469727,4500
2009-08-12,16.0,16.649999618530273,15.800000190734863,15.850000381469727,15.850000381469727,1900
2009-08-13,15.649999618530273,16.649999618530273,15.649999618530273,16.200000762939453,16.200000762939453,8700
2009-08-14,16.0,16.799999237060547,15.899999618530273,16.649999618530273,16.649999618530273,5400
2009-08-17,16.0,16.350000381469727,15.850000381469727,15.850000381469727,15.850000381469727,3966
2009-08-19,16.5,16.899999618530273,15.600000381469727,16.899999618530273,16.899999618530273,5297
2009-08-20,16.149999618530273,16.799999237060547,16.0,16.100000381469727,16.100000381469727,10347
2009-08-21,15.550000190734863,16.950000762939453,15.550000190734863,16.950000762939453,16.950000762939453,6569
2009-08-24,17.399999618530273,17.799999237060547,17.049999237060547,17.799999237060547,17.799999237060547,21000
2009-08-25,17.149999618530273,17.700000762939453,16.950000762939453,17.049999237060547,17.049999237060547,28845
2009-08-26,17.649999618530273,17.899999618530273,17.399999618530273,17.850000381469727,17.850000381469727,19898
2009-08-27,17.450000762939453,18.75,17.450000762939453,18.75,18.75,47500
2009-08-28,19.649999618530273,19.649999618530273,18.100000381469727,18.899999618530273,18.899999618530273,24100
2009-08-31,19.0,19.25,18.0,19.100000381469727,19.100000381469727,16295
2009-09-01,19.450000762939453,20.100000381469727,18.5,18.850000381469727,18.850000381469727,61317
2009-09-02,19.450000762939453,19.5,18.049999237060547,18.350000381469727,18.350000381469727,9754
2009-09-03,18.450000762939453,18.899999618530273,17.799999237060547,18.0,18.0,6500
2009-09-04,18.399999618530273,18.700000762939453,18.0,18.299999237060547,18.299999237060547,7526
2009-09-07,17.600000381469727,20.049999237060547,17.600000381469727,19.549999237060547,19.549999237060547,35203
2009-09-08,20.0,21.0,19.549999237060547,19.799999237060547,19.799999237060547,26300
2009-09-09,20.0,20.350000381469727,19.25,19.450000762939453,19.450000762939453,11337
2009-09-10,19.700000762939453,19.899999618530273,18.700000762939453,18.75,18.75,10736
2009-09-11,18.75,18.950000762939453,18.25,18.700000762939453,18.700000762939453,13200
2009-09-14,18.700000762939453,19.399999618530273,18.100000381469727,18.899999618530273,18.899999618530273,16187
2009-09-15,19.5,20.799999237060547,19.049999237060547,20.799999237060547,20.799999237060547,42300
2009-09-16,21.0,22.899999618530273,20.899999618530273,22.899999618530273,22.899999618530273,37400
2009-09-17,25.0,25.0,22.899999618530273,23.450000762939453,23.450000762939453,100191
2009-09-18,23.450000762939453,23.899999618530273,22.649999618530273,23.0,23.0,33265
2009-09-22,23.5,23.5,22.5,22.899999618530273,22.899999618530273,13494
2009-09-23,22.75,23.25,21.75,21.75,21.75,28200
2009-09-24,20.700000762939453,21.75,20.700000762939453,21.450000762939453,21.450000762939453,12859
2009-09-25,22.0,22.0,20.399999618530273,21.399999618530273,21.399999618530273,21928
2009-09-29,21.850000381469727,22.350000381469727,20.850000381469727,21.100000381469727,21.100000381469727,8739
2009-09-30,21.0,22.049999237060547,20.899999618530273,21.799999237060547,21.799999237060547,14658
2009-10-01,21.899999618530273,22.0,21.149999618530273,21.700000762939453,21.700000762939453,7832
2009-10-05,22.5,22.5,20.850000381469727,21.350000381469727,21.350000381469727,7672
2009-10-06,20.350000381469727,21.5,20.299999237060547,21.100000381469727,21.100000381469727,12521
2009-10-07,21.950000762939453,21.950000762939453,20.649999618530273,21.0,21.0,3906
2009-10-08,21.0,21.0,20.0,20.0,20.0,15800
2009-10-09,20.799999237060547,20.799999237060547,19.700000762939453,19.950000762939453,19.950000762939453,5151
2009-10-12,19.299999237060547,20.0,19.149999618530273,19.200000762939453,19.200000762939453,9807
2009-10-14,19.600000381469727,19.649999618530273,19.049999237060547,19.350000381469727,19.350000381469727,3856
2009-10-15,19.25,20.350000381469727,19.049999237060547,20.149999618530273,20.149999618530273,6893
2009-10-16,19.5,20.100000381469727,19.25,19.549999237060547,19.549999237060547,6913
2009-10-20,20.049999237060547,20.549999237060547,20.0,20.299999237060547,20.299999237060547,5359
2009-10-21,19.399999618530273,20.5,19.399999618530273,19.950000762939453,19.950000762939453,7100
2009-10-22,19.799999237060547,20.149999618530273,19.0,19.600000381469727,19.600000381469727,5399
2009-10-23,20.350000381469727,20.350000381469727,19.5,19.75,19.75,4098
2009-10-26,19.25,20.0,19.100000381469727,19.200000762939453,19.200000762939453,3374
2009-10-27,19.0,19.200000762939453,18.25,18.299999237060547,18.299999237060547,9169
2009-10-28,18.149999618530273,18.899999618530273,18.0,18.549999237060547,18.549999237060547,10900
2009-10-29,18.25,18.950000762939453,18.100000381469727,18.350000381469727,18.350000381469727,5400
2009-10-30,18.649999618530273,19.0,18.200000762939453,18.25,18.25,3775
2009-11-03,18.149999618530273,18.25,17.350000381469727,17.399999618530273,17.399999618530273,17720
2009-11-04,17.0,17.75,16.549999237060547,16.950000762939453,16.950000762939453,19991
2009-11-05,17.450000762939453,17.75,16.350000381469727,17.649999618530273,17.649999618530273,6431
2009-11-06,17.649999618530273,18.049999237060547,17.350000381469727,17.5,17.5,4907
2009-11-09,17.649999618530273,18.049999237060547,17.450000762939453,17.850000381469727,17.850000381469727,15569
2009-11-10,17.649999618530273,18.149999618530273,17.600000381469727,17.600000381469727,17.600000381469727,1500
2009-11-11,17.600000381469727,18.950000762939453,17.5,18.649999618530273,18.649999618530273,10525
2009-11-12,16.899999618530273,18.950000762939453,16.899999618530273,18.399999618530273,18.399999618530273,7937
2009-11-13,18.0,18.899999618530273,18.0,18.25,18.25,2900
2009-11-16,18.0,19.0,17.75,17.899999618530273,17.899999618530273,8998
2009-11-17,17.200000762939453,18.649999618530273,17.200000762939453,18.0,18.0,2100
2009-11-18,18.950000762939453,18.950000762939453,17.700000762939453,18.5,18.5,4174
2009-11-19,18.0,18.5,17.5,18.25,18.25,11890
2009-11-20,17.299999237060547,18.5,16.450000762939453,17.700000762939453,17.700000762939453,8594
2009-11-23,17.600000381469727,18.299999237060547,17.600000381469727,17.700000762939453,17.700000762939453,4610
2009-11-24,17.600000381469727,17.850000381469727,17.600000381469727,17.850000381469727,17.850000381469727,156
2009-11-25,17.600000381469727,18.649999618530273,17.600000381469727,17.799999237060547,17.799999237060547,2263
2009-11-26,17.399999618530273,18.399999618530273,17.399999618530273,17.5,17.5,985
2009-11-27,18.200000762939453,18.200000762939453,16.600000381469727,16.950000762939453,16.950000762939453,6433
2009-11-30,17.950000762939453,18.649999618530273,16.25,18.649999618530273,18.649999618530273,49400
2009-12-01,20.549999237060547,20.549999237060547,20.100000381469727,20.549999237060547,20.549999237060547,35400
2009-12-02,21.5,22.649999618530273,19.700000762939453,22.350000381469727,22.350000381469727,128601
2009-12-03,22.649999618530273,22.649999618530273,21.25,21.350000381469727,21.350000381469727,115143
2009-12-04,21.75,21.799999237060547,20.299999237060547,20.299999237060547,20.299999237060547,12300
2009-12-07,20.5,20.5,19.600000381469727,19.700000762939453,19.700000762939453,10376
2009-12-08,18.75,20.350000381469727,18.75,20.100000381469727,20.100000381469727,5246
2009-12-09,20.149999618530273,20.25,19.700000762939453,19.950000762939453,19.950000762939453,2520
2009-12-10,19.25,19.950000762939453,19.25,19.850000381469727,19.850000381469727,4568
2009-12-11,19.549999237060547,20.5,19.549999237060547,19.75,19.75,9882
2009-12-14,20.700000762939453,20.700000762939453,19.549999237060547,19.600000381469727,19.600000381469727,3159
2009-12-15,19.600000381469727,20.25,19.0,19.0,19.0,7600
2009-12-16,19.799999237060547,19.799999237060547,18.5,19.0,19.0,3700
2009-12-17,19.799999237060547,19.799999237060547,18.75,19.149999618530273,19.149999618530273,27937
2009-12-18,19.100000381469727,19.5,19.100000381469727,19.299999237060547,19.299999237060547,1289
2009-12-21,19.75,19.75,18.5,18.549999237060547,18.549999237060547,7272
2009-12-22,18.700000762939453,19.149999618530273,18.700000762939453,19.049999237060547,19.049999237060547,3398
2010-01-04,19.0,20.600000381469727,19.0,20.450000762939453,20.450000762939453,13290
2010-01-05,20.200000762939453,21.25,19.600000381469727,20.149999618530273,20.149999618530273,17026
2010-01-06,19.649999618530273,20.25,19.549999237060547,19.75,19.75,6345
2010-01-07,20.149999618530273,20.75,19.75,20.75,20.75,18000
2010-01-08,21.5,22.850000381469727,21.25,22.649999618530273,22.649999618530273,94965
2010-01-11,23.450000762939453,24.799999237060547,23.200000762939453,24.5,24.5,75340
2010-01-12,24.5,24.5,22.25,22.899999618530273,22.899999618530273,51157
2010-01-13,22.149999618530273,24.5,22.149999618530273,23.25,23.25,35751
2010-01-14,23.100000381469727,24.200000762939453,22.700000762939453,23.600000381469727,23.600000381469727,31508
2010-01-15,24.0,24.100000381469727,23.149999618530273,23.600000381469727,23.600000381469727,27954
2010-01-18,24.200000762939453,24.200000762939453,23.149999618530273,23.549999237060547,23.549999237060547,46699
2010-01-19,23.5,24.350000381469727,22.549999237060547,22.649999618530273,22.649999618530273,67000
2010-01-20,22.5,23.399999618530273,22.5,22.700000762939453,22.700000762939453,18084
2010-01-21,22.899999618530273,22.899999618530273,21.5,21.700000762939453,21.700000762939453,31574
2010-01-22,20.649999618530273,21.0,20.649999618530273,20.75,20.75,6330
2010-01-25,20.0,21.0,19.75,20.25,20.25,9518
2010-01-27,19.5,20.899999618530273,19.25,19.399999618530273,19.399999618530273,8681
2010-01-28,19.0,19.899999618530273,18.600000381469727,18.649999618530273,18.649999618530273,19464
2010-01-29,18.899999618530273,19.0,18.049999237060547,18.600000381469727,18.600000381469727,15745
2010-02-01,19.149999618530273,19.5,18.899999618530273,19.350000381469727,19.350000381469727,2600
2010-02-02,19.75,20.350000381469727,19.0,19.200000762939453,19.200000762939453,12452
2010-02-03,19.899999618530273,20.0,18.899999618530273,19.350000381469727,19.350000381469727,8500
2010-02-04,19.0,19.649999618530273,18.899999618530273,19.200000762939453,19.200000762939453,5146
2010-02-05,18.299999237060547,19.0,18.25,18.25,18.25,8506
2010-02-08,18.950000762939453,19.049999237060547,18.25,18.5,18.5,6985
2010-02-09,19.0,19.450000762939453,18.5,19.450000762939453,19.450000762939453,23084
2010-02-10,20.0,20.450000762939453,19.149999618530273,19.25,19.25,12596
2010-02-11,19.399999618530273,19.799999237060547,19.0,19.5,19.5,7434
2010-02-15,19.700000762939453,19.700000762939453,19.0,19.0,19.0,1623
2010-02-16,19.25,19.25,18.700000762939453,18.950000762939453,18.950000762939453,2893
2010-02-17,18.649999618530273,19.0,18.0,18.600000381469727,18.600000381469727,10262
2010-02-18,18.25,18.950000762939453,18.25,18.5,18.5,3826
2010-02-19,18.200000762939453,18.200000762939453,17.700000762939453,17.950000762939453,17.950000762939453,7565
2010-02-22,17.899999618530273,18.049999237060547,17.100000381469727,17.450000762939453,17.450000762939453,10148
2010-02-23,17.0,17.700000762939453,16.600000381469727,17.0,17.0,11801
2010-02-24,17.0,17.450000762939453,16.399999618530273,17.149999618530273,17.149999618530273,5966
2010-02-25,17.0,17.649999618530273,17.0,17.25,17.25,6568
2010-02-26,17.0,18.149999618530273,17.0,18.149999618530273,18.149999618530273,10424
2010-03-02,19.049999237060547,19.100000381469727,18.200000762939453,18.350000381469727,18.350000381469727,8423
2010-03-03,18.0,18.799999237060547,18.0,18.450000762939453,18.450000762939453,15124
2010-03-04,18.5,18.5,17.600000381469727,17.799999237060547,17.799999237060547,7851
2010-03-05,18.0,18.700000762939453,18.0,18.700000762939453,18.700000762939453,23693
2010-03-08,19.5,20.0,18.649999618530273,19.0,19.0,22625
2010-03-09,18.75,19.25,18.049999237060547,18.200000762939453,18.200000762939453,5196
2010-03-10,18.0,19.25,18.0,18.25,18.25,12236
2010-03-11,18.0,18.700000762939453,18.0,18.100000381469727,18.100000381469727,2523
2010-03-12,18.049999237060547,18.950000762939453,17.649999618530273,17.850000381469727,17.850000381469727,16053
2010-03-15,17.850000381469727,18.399999618530273,17.25,17.350000381469727,17.350000381469727,15751
2010-03-16,17.799999237060547,17.850000381469727,17.350000381469727,17.450000762939453,17.450000762939453,4396
2010-03-17,17.549999237060547,17.899999618530273,17.0,17.200000762939453,17.200000762939453,16842
2010-03-18,16.700000762939453,17.600000381469727,16.649999618530273,16.700000762939453,16.700000762939453,17289
2010-03-19,16.649999618530273,16.850000381469727,16.149999618530273,16.299999237060547,16.299999237060547,15964
2010-03-22,15.949999809265137,16.350000381469727,15.699999809265137,15.800000190734863,15.800000190734863,18539
2010-03-23,15.550000190734863,15.75,15.449999809265137,15.600000381469727,15.600000381469727,7415
2010-03-25,15.600000381469727,15.600000381469727,15.050000190734863,15.25,15.25,22080
2010-03-26,15.0,16.200000762939453,15.0,15.550000190734863,15.550000190734863,9390
2010-03-29,15.600000381469727,15.949999809265137,15.399999618530273,15.5,15.5,8968
2010-03-30,15.100000381469727,15.899999618530273,15.100000381469727,15.399999618530273,15.399999618530273,5821
2010-03-31,15.25,15.949999809265137,15.25,15.75,15.75,6942
2010-04-01,15.699999809265137,17.350000381469727,15.699999809265137,17.049999237060547,17.049999237060547,18297
2010-04-05,17.100000381469727,18.200000762939453,16.350000381469727,17.799999237060547,17.799999237060547,15653
2010-04-06,17.5,18.0,17.25,17.899999618530273,17.899999618530273,6566
2010-04-07,18.0,18.399999618530273,17.649999618530273,17.799999237060547,17.799999237060547,6296
2010-04-08,17.700000762939453,18.299999237060547,17.700000762939453,17.799999237060547,17.799999237060547,5275
2010-04-09,18.0,18.299999237060547,17.899999618530273,18.0,18.0,3567
2010-04-12,18.700000762939453,19.5,18.0,19.350000381469727,19.350000381469727,44203
2010-04-13,19.299999237060547,21.299999237060547,18.75,21.299999237060547,21.299999237060547,122610
2010-04-15,22.899999618530273,23.450000762939453,22.0,23.450000762939453,23.450000762939453,116676
2010-04-16,24.649999618530273,24.649999618530273,23.649999618530273,24.649999618530273,24.649999618530273,304576
2010-04-19,24.399999618530273,24.799999237060547,23.450000762939453,23.450000762939453,23.450000762939453,52329
2010-04-20,22.299999237060547,23.0,22.299999237060547,22.299999237060547,22.299999237060547,32487
2010-04-21,21.25,22.600000381469727,21.200000762939453,21.75,21.75,60720
2010-04-22,22.0,22.399999618530273,21.149999618530273,21.350000381469727,21.350000381469727,27258
2010-04-23,22.200000762939453,22.200000762939453,21.0,21.600000381469727,21.600000381469727,21940
2010-04-26,22.0,22.700000762939453,20.549999237060547,22.5,22.5,38502
2010-04-27,23.399999618530273,23.399999618530273,21.799999237060547,22.75,22.75,26325
2010-04-28,22.5,23.899999618530273,22.5,23.75,23.75,78629
2010-04-29,24.899999618530273,24.899999618530273,22.799999237060547,23.299999237060547,23.299999237060547,32615
2010-04-30,24.450000762939453,24.5,23.200000762939453,24.100000381469727,24.100000381469727,31454
2010-05-03,23.25,23.899999618530273,22.899999618530273,22.899999618530273,22.899999618530273,13343
2010-05-04,22.649999618530273,23.0,21.850000381469727,22.299999237060547,22.299999237060547,19918
2010-05-05,22.0,22.0,21.200000762939453,21.25,21.25,8655
2010-05-06,21.399999618530273,21.799999237060547,21.0,21.350000381469727,21.350000381469727,6114
2010-05-07,20.799999237060547,22.0,20.399999618530273,20.850000381469727,20.850000381469727,17217
2010-05-10,20.5,21.899999618530273,20.5,21.899999618530273,21.899999618530273,6013
2010-05-11,23.0,23.0,22.0,22.049999237060547,22.049999237060547,46403
2010-05-12,21.600000381469727,22.350000381469727,21.600000381469727,21.950000762939453,21.950000762939453,8012
2010-05-13,21.549999237060547,22.600000381469727,21.549999237060547,22.200000762939453,22.200000762939453,11197
2010-05-14,22.850000381469727,22.850000381469727,22.0,22.0,22.0,21443
2010-05-17,21.200000762939453,22.0,20.899999618530273,21.75,21.75,9693
2010-05-18,21.399999618530273,22.0,21.399999618530273,21.600000381469727,21.600000381469727,1934
2010-05-19,21.100000381469727,21.350000381469727,20.549999237060547,20.649999618530273,20.649999618530273,10364
2010-05-20,20.649999618530273,21.350000381469727,20.350000381469727,20.649999618530273,20.649999618530273,1761
2010-05-21,19.700000762939453,20.950000762939453,19.649999618530273,20.350000381469727,20.350000381469727,6377
2010-05-24,20.149999618530273,21.399999618530273,20.149999618530273,21.100000381469727,21.100000381469727,8183
2010-05-25,20.600000381469727,20.700000762939453,20.5,20.5,20.5,7601
2010-05-26,20.5,20.950000762939453,20.149999618530273,20.649999618530273,20.649999618530273,14622
2010-05-27,19.649999618530273,20.799999237060547,19.649999618530273,20.25,20.25,8053
2010-05-28,20.0,20.5,19.799999237060547,20.100000381469727,20.100000381469727,6636
2010-05-31,19.75,20.350000381469727,19.549999237060547,20.049999237060547,20.049999237060547,14256
2010-06-01,20.350000381469727,21.0,20.100000381469727,20.549999237060547,20.549999237060547,16182
2010-06-02,20.899999618530273,20.899999618530273,20.0,20.25,20.25,7517
2010-06-03,21.0,21.299999237060547,20.5,21.0,21.0,6027
2010-06-04,21.200000762939453,21.899999618530273,20.950000762939453,21.5,21.5,6309
2010-06-07,21.0,21.0,20.450000762939453,20.5,20.5,3250
2010-06-08,21.0,21.5,20.350000381469727,20.450000762939453,20.450000762939453,9605
2010-06-09,20.399999618530273,21.350000381469727,20.399999618530273,20.600000381469727,20.600000381469727,1623
2010-06-10,20.850000381469727,21.0,20.549999237060547,20.700000762939453,20.700000762939453,3593
2010-06-11,20.850000381469727,21.75,20.850000381469727,21.75,21.75,17795
2010-06-14,22.649999618530273,22.850000381469727,22.649999618530273,22.850000381469727,22.850000381469727,31689
2010-06-15,23.0,24.0,22.700000762939453,23.950000762939453,23.950000762939453,30822
2010-06-16,23.049999237060547,24.0,23.0,23.0,23.0,19862
2010-06-17,22.149999618530273,23.0,22.149999618530273,22.5,22.5,8161
2010-06-18,22.100000381469727,22.700000762939453,22.100000381469727,22.5,22.5,3469
2010-06-21,22.100000381469727,22.299999237060547,21.700000762939453,21.75,21.75,11145
2010-06-22,21.549999237060547,22.399999618530273,21.200000762939453,21.700000762939453,21.700000762939453,11109
2010-06-23,22.100000381469727,22.5,21.649999618530273,22.399999618530273,22.399999618530273,6444
2010-06-24,23.200000762939453,23.399999618530273,22.5,22.700000762939453,22.700000762939453,12828
2010-06-25,22.350000381469727,22.350000381469727,21.600000381469727,21.700000762939453,21.700000762939453,7833
2010-06-28,20.799999237060547,22.0,20.799999237060547,21.899999618530273,21.899999618530273,7102
2010-06-29,21.549999237060547,21.899999618530273,21.549999237060547,21.700000762939453,21.700000762939453,1630
2010-06-30,21.200000762939453,22.75,21.200000762939453,22.549999237060547,22.549999237060547,11878
2010-07-01,22.5,22.5,21.75,22.0,22.0,2314
2010-07-02,21.899999618530273,22.899999618530273,21.799999237060547,22.200000762939453,22.200000762939453,2742
2010-07-05,21.549999237060547,22.5,21.549999237060547,22.149999618530273,22.149999618530273,942
2010-07-06,22.049999237060547,22.399999618530273,21.75,22.049999237060547,22.049999237060547,4552
2010-07-07,21.299999237060547,22.649999618530273,21.200000762939453,21.25,21.25,11344
2010-07-08,21.5,21.850000381469727,21.0,21.100000381469727,21.100000381469727,5925
2010-07-09,21.899999618530273,22.25,21.299999237060547,21.950000762939453,21.950000762939453,20037
2010-07-12,23.0,23.0,21.600000381469727,22.200000762939453,22.200000762939453,44997
2010-07-13,21.200000762939453,23.200000762939453,21.200000762939453,23.0,23.0,34124
2010-07-14,22.5,25.299999237060547,22.5,23.100000381469727,23.100000381469727,58759
2010-07-15,23.75,24.25,23.0,23.200000762939453,23.200000762939453,22193
2010-07-16,23.0,23.450000762939453,22.649999618530273,23.0,23.0,12673
2010-07-19,22.600000381469727,23.0,22.25,22.649999618530273,22.649999618530273,19393
2010-07-20,22.75,22.899999618530273,22.299999237060547,22.299999237060547,22.299999237060547,6996
2010-07-21,22.149999618530273,23.75,22.149999618530273,23.549999237060547,23.549999237060547,78099
2010-07-22,23.899999618530273,24.950000762939453,23.0,24.350000381469727,24.350000381469727,27241
2010-07-23,23.549999237060547,26.799999237060547,23.549999237060547,25.75,25.75,209746
2010-07-26,26.5,28.350000381469727,26.25,28.350000381469727,28.350000381469727,103585
2010-07-27,29.799999237060547,29.799999237060547,28.100000381469727,29.799999237060547,29.799999237060547,322205
2010-07-28,31.299999237060547,31.299999237060547,29.100000381469727,29.75,29.75,269034
2010-07-29,30.75,31.100000381469727,29.25,29.549999237060547,29.549999237060547,133485
2010-07-30,29.0,31.049999237060547,28.149999618530273,31.049999237060547,31.049999237060547,146174
2010-08-02,31.5,32.04999923706055,31.100000381469727,31.399999618530273,31.399999618530273,50919
2010-08-03,32.5,32.5,30.0,30.399999618530273,30.399999618530273,50564
2010-08-04,29.600000381469727,30.75,28.899999618530273,29.549999237060547,29.549999237060547,27547
2010-08-05,29.950000762939453,29.950000762939453,28.549999237060547,29.200000762939453,29.200000762939453,21231
2010-08-06,30.0,30.700000762939453,30.0,30.700000762939453,30.700000762939453,18190
2010-08-09,32.25,32.25,32.25,32.25,32.25,20953
2010-08-10,33.900001525878906,33.900001525878906,32.04999923706055,32.29999923706055,32.29999923706055,158860
2010-08-11,31.850000381469727,32.95000076293945,30.700000762939453,30.850000381469727,30.850000381469727,37526
2010-08-12,29.450000762939453,30.950000762939453,29.350000381469727,29.899999618530273,29.899999618530273,94359
2010-08-13,29.5,30.950000762939453,29.299999237060547,30.100000381469727,30.100000381469727,15787
2010-08-16,29.0,31.649999618530273,29.0,30.950000762939453,30.950000762939453,61284
2010-08-17,30.200000762939453,31.450000762939453,30.200000762939453,30.899999618530273,30.899999618530273,18014
2010-08-18,30.200000762939453,31.200000762939453,30.200000762939453,30.850000381469727,30.850000381469727,17880
2010-08-19,31.5,32.400001525878906,29.899999618530273,31.950000762939453,31.950000762939453,121384
2010-08-20,31.0,31.149999618530273,30.350000381469727,30.350000381469727,30.350000381469727,28198
2010-08-23,30.0,31.0,28.850000381469727,30.049999237060547,30.049999237060547,15086
2010-08-24,31.0,31.0,29.0,30.25,30.25,5989
2010-08-25,29.5,30.75,29.450000762939453,30.200000762939453,30.200000762939453,10317
2010-08-26,29.950000762939453,30.899999618530273,28.799999237060547,30.149999618530273,30.149999618530273,75456
2010-08-27,30.5,30.649999618530273,29.0,29.350000381469727,29.350000381469727,12170
2010-08-30,30.5,30.5,28.700000762939453,29.350000381469727,29.350000381469727,9664
2010-08-31,28.0,28.600000381469727,27.899999618530273,27.899999618530273,27.899999618530273,16567
2010-09-01,27.5,28.399999618530273,26.5,28.149999618530273,28.149999618530273,17596
2010-09-02,27.5,28.600000381469727,27.200000762939453,28.549999237060547,28.549999237060547,11616
2010-09-03,28.5,29.0,27.5,27.75,27.75,6880
2010-09-06,28.0,29.100000381469727,28.0,28.700000762939453,28.700000762939453,16393
2010-09-07,28.25,30.0,28.25,28.899999618530273,28.899999618530273,12567
2010-09-08,28.0,28.899999618530273,27.549999237060547,28.0,28.0,8881
2010-09-09,28.950000762939453,28.950000762939453,27.0,27.649999618530273,27.649999618530273,12918
2010-09-13,29.0,29.0,26.549999237060547,26.850000381469727,26.850000381469727,5092
2010-09-14,26.850000381469727,27.75,26.0,27.0,27.0,9934
2010-09-15,27.5,27.5,26.25,26.350000381469727,26.350000381469727,5055
2010-09-16,27.0,27.0,25.100000381469727,25.350000381469727,25.350000381469727,8652
2010-09-17,24.950000762939453,24.950000762939453,24.299999237060547,24.950000762939453,24.950000762939453,7155
2010-09-20,25.0,25.850000381469727,24.600000381469727,25.0,25.0,12383
2010-09-21,25.75,25.799999237060547,24.0,24.100000381469727,24.100000381469727,9179
2010-09-22,24.0,24.399999618530273,23.549999237060547,23.649999618530273,23.649999618530273,2370
2010-09-23,23.600000381469727,24.850000381469727,23.600000381469727,24.850000381469727,24.850000381469727,1437
2010-09-24,25.100000381469727,26.100000381469727,25.100000381469727,26.100000381469727,26.100000381469727,3043
2010-09-27,26.0,27.450000762939453,26.0,26.149999618530273,26.149999618530273,16683
2010-09-28,26.950000762939453,26.950000762939453,25.450000762939453,26.0,26.0,6557
2010-09-29,25.149999618530273,26.450000762939453,25.149999618530273,25.75,25.75,3722
2010-09-30,25.049999237060547,26.700000762939453,25.049999237060547,26.350000381469727,26.350000381469727,5007
2010-10-01,26.5,26.5,26.0,26.200000762939453,26.200000762939453,10838
2010-10-04,25.0,27.399999618530273,25.0,26.5,26.5,6001
2010-10-05,27.049999237060547,27.200000762939453,26.0,26.899999618530273,26.899999618530273,10095
2010-10-06,26.5,28.25,26.5,28.049999237060547,28.049999237060547,16139
2010-10-07,27.200000762939453,28.75,27.200000762939453,28.299999237060547,28.299999237060547,8476
2010-10-08,28.0,28.399999618530273,27.100000381469727,27.399999618530273,27.399999618530273,4917
2010-10-11,28.200000762939453,28.200000762939453,27.399999618530273,27.5,27.5,5918
2010-10-12,27.100000381469727,28.5,27.0,28.350000381469727,28.350000381469727,4347
2010-10-13,28.299999237060547,29.799999237060547,28.049999237060547,29.200000762939453,29.200000762939453,39544
2010-10-14,30.700000762939453,30.700000762939453,30.100000381469727,30.700000762939453,30.700000762939453,32499
2010-10-15,32.20000076293945,32.25,31.0,32.0,32.0,34784
2010-10-18,31.049999237060547,33.349998474121094,30.399999618530273,32.75,32.75,41574
2010-10-19,33.95000076293945,34.0,32.95000076293945,33.5,33.5,15968
2010-10-20,33.5,34.0,31.850000381469727,31.850000381469727,31.850000381469727,33027
2010-10-21,31.299999237060547,32.20000076293945,31.0,31.950000762939453,31.950000762939453,56673
2010-10-22,32.0,33.5,31.5,33.29999923706055,33.29999923706055,20358
2010-10-25,33.29999923706055,34.849998474121094,33.29999923706055,34.0,34.0,29117
2010-10-26,33.900001525878906,34.650001525878906,33.29999923706055,34.0,34.0,7889
2010-10-27,33.0,35.0,33.0,33.5,33.5,12811
2010-10-28,33.150001525878906,34.45000076293945,33.150001525878906,33.95000076293945,33.95000076293945,10773
2010-10-29,33.25,33.5,32.29999923706055,33.20000076293945,33.20000076293945,10904
2010-11-01,32.25,33.5,32.25,33.25,33.25,10460
2010-11-02,31.600000381469727,33.0,31.600000381469727,32.45000076293945,32.45000076293945,7051
2010-11-03,31.600000381469727,32.599998474121094,31.049999237060547,32.099998474121094,32.099998474121094,14067
2010-11-04,30.5,32.0,30.5,31.100000381469727,31.100000381469727,15898
2010-11-08,31.0,33.45000076293945,30.549999237060547,32.54999923706055,32.54999923706055,11183
2010-11-09,33.900001525878906,33.900001525878906,32.70000076293945,33.150001525878906,33.150001525878906,4773
2010-11-10,32.79999923706055,34.849998474121094,32.79999923706055,34.25,34.25,21167
2010-11-11,33.599998474121094,34.849998474121094,32.849998474121094,33.0,33.0,12629
2010-11-12,32.0,34.650001525878906,32.0,34.0,34.0,71229
2010-11-15,33.20000076293945,35.5,32.5,34.900001525878906,34.900001525878906,12346
2010-11-16,34.0,34.79999923706055,33.150001525878906,33.150001525878906,33.150001525878906,12450
2010-11-18,32.0,33.25,31.5,32.45000076293945,32.45000076293945,5489
2010-11-19,31.649999618530273,32.79999923706055,30.899999618530273,31.100000381469727,31.100000381469727,4039
2010-11-22,32.0,32.70000076293945,31.299999237060547,32.70000076293945,32.70000076293945,6223
2010-11-23,32.150001525878906,34.349998474121094,32.04999923706055,34.25,34.25,23698
2010-11-24,33.04999923706055,34.900001525878906,33.0,33.900001525878906,33.900001525878906,13654
2010-11-25,34.04999923706055,34.25,32.54999923706055,32.650001525878906,32.650001525878906,6261
2010-11-26,32.25,33.95000076293945,31.049999237060547,31.399999618530273,31.399999618530273,11152
2010-11-29,30.0,31.200000762939453,29.850000381469727,30.149999618530273,30.149999618530273,10160
2010-11-30,29.100000381469727,31.450000762939453,29.100000381469727,30.649999618530273,30.649999618530273,4218
2010-12-01,31.0,31.0,30.5,30.5,30.5,201
2010-12-02,30.0,31.600000381469727,29.700000762939453,30.200000762939453,30.200000762939453,3701
2010-12-03,29.549999237060547,30.149999618530273,29.549999237060547,30.149999618530273,30.149999618530273,4395
2010-12-06,29.450000762939453,31.0,28.649999618530273,28.649999618530273,28.649999618530273,16123
2010-12-07,27.299999237060547,27.399999618530273,27.25,27.25,27.25,2887
2010-12-08,26.049999237060547,27.5,25.899999618530273,25.950000762939453,25.950000762939453,5491
2010-12-09,25.0,25.5,24.649999618530273,24.649999618530273,24.649999618530273,4363
2010-12-10,24.0,24.0,23.450000762939453,23.450000762939453,23.450000762939453,1927
2010-12-13,24.299999237060547,24.649999618530273,22.799999237060547,24.399999618530273,24.399999618530273,11046
2010-12-14,24.899999618530273,25.600000381469727,24.299999237060547,25.049999237060547,25.049999237060547,8001
2010-12-15,24.049999237060547,25.450000762939453,23.950000762939453,23.950000762939453,23.950000762939453,6920
2010-12-16,23.950000762939453,25.149999618530273,23.950000762939453,24.899999618530273,24.899999618530273,4913
2010-12-20,24.149999618530273,25.5,24.149999618530273,25.399999618530273,25.399999618530273,1632
2010-12-21,25.0,25.5,24.25,24.450000762939453,24.450000762939453,8846
2010-12-22,24.200000762939453,24.75,24.100000381469727,24.200000762939453,24.200000762939453,3896
2010-12-23,23.950000762939453,24.950000762939453,23.100000381469727,24.899999618530273,24.899999618530273,2196
2010-12-24,24.0,25.799999237060547,24.0,24.899999618530273,24.899999618530273,4189
2010-12-27,24.25,24.899999618530273,24.0,24.350000381469727,24.350000381469727,2351
2010-12-28,24.399999618530273,24.5,24.350000381469727,24.5,24.5,1439
2010-12-29,24.0,24.200000762939453,23.799999237060547,23.850000381469727,23.850000381469727,6705
2010-12-30,23.100000381469727,24.25,23.0,23.25,23.25,7639
2010-12-31,23.950000762939453,24.450000762939453,23.0,24.350000381469727,24.350000381469727,10954
2011-01-03,24.399999618530273,25.600000381469727,24.399999618530273,25.549999237060547,25.549999237060547,7700
2011-01-04,25.100000381469727,25.700000762939453,24.600000381469727,24.799999237060547,24.799999237060547,5573
2011-01-05,24.5,24.549999237060547,23.950000762939453,24.399999618530273,24.399999618530273,9153
2011-01-06,24.149999618530273,24.549999237060547,24.149999618530273,24.200000762939453,24.200000762939453,7122
2011-01-07,24.049999237060547,24.600000381469727,24.0,24.450000762939453,24.450000762939453,21206
2011-01-10,23.950000762939453,24.5,23.0,23.850000381469727,23.850000381469727,14455
2011-01-11,23.049999237060547,24.350000381469727,23.049999237060547,24.200000762939453,24.200000762939453,2101
2011-01-12,23.0,23.950000762939453,23.0,23.649999618530273,23.649999618530273,5725
2011-01-13,23.0,24.0,23.0,23.25,23.25,4057
2011-01-14,23.350000381469727,23.549999237060547,22.700000762939453,22.799999237060547,22.799999237060547,2975
2011-01-17,22.100000381469727,22.25,20.549999237060547,20.600000381469727,20.600000381469727,51926
2011-01-18,19.149999618530273,21.0,19.149999618530273,20.200000762939453,20.200000762939453,5396
2011-01-19,20.950000762939453,21.049999237060547,19.549999237060547,20.75,20.75,5934
2011-01-20,20.0,21.649999618530273,20.0,21.100000381469727,21.100000381469727,3203
2011-01-21,20.399999618530273,21.799999237060547,20.399999618530273,21.0,21.0,2324
2011-01-24,21.25,22.100000381469727,20.399999618530273,21.850000381469727,21.850000381469727,9519
2011-01-25,21.350000381469727,22.5,21.299999237060547,21.850000381469727,21.850000381469727,2893
2011-01-27,21.600000381469727,22.75,21.5,22.200000762939453,22.200000762939453,3620
2011-01-28,21.200000762939453,22.350000381469727,20.350000381469727,21.649999618530273,21.649999618530273,7487
2011-01-31,21.0,22.0,20.450000762939453,21.600000381469727,21.600000381469727,9201
2011-02-01,21.0,21.75,20.5,20.850000381469727,20.850000381469727,2512
2011-02-02,20.399999618530273,21.799999237060547,20.399999618530273,20.850000381469727,20.850000381469727,3095
2011-02-03,20.399999618530273,21.0,20.399999618530273,21.0,21.0,5143
2011-02-04,21.0,21.0,20.799999237060547,20.799999237060547,20.799999237060547,251
2011-02-07,20.350000381469727,21.100000381469727,20.350000381469727,20.399999618530273,20.399999618530273,11211
2011-02-08,20.0,21.75,19.0,20.399999618530273,20.399999618530273,8536
2011-02-09,20.350000381469727,20.350000381469727,19.0,19.549999237060547,19.549999237060547,8911
2011-02-10,18.75,19.0,17.700000762939453,18.5,18.5,3148
2011-02-11,17.299999237060547,20.350000381469727,17.299999237060547,20.0,20.0,10537
2011-02-14,19.0,21.200000762939453,19.0,20.049999237060547,20.049999237060547,1265
2011-02-15,21.200000762939453,22.100000381469727,21.0,22.100000381469727,22.100000381469727,16952
2011-02-16,24.200000762939453,24.200000762939453,21.25,22.149999618530273,22.149999618530273,7163
2011-02-17,21.299999237060547,22.5,21.299999237060547,22.450000762939453,22.450000762939453,3596
2011-02-18,21.700000762939453,22.5,21.049999237060547,21.100000381469727,21.100000381469727,3839
2011-02-21,20.350000381469727,21.399999618530273,19.600000381469727,20.049999237060547,20.049999237060547,8921
2011-02-22,20.0,20.950000762939453,19.75,20.299999237060547,20.299999237060547,6362
2011-02-23,19.799999237060547,20.299999237060547,19.549999237060547,19.600000381469727,19.600000381469727,3779
2011-02-24,20.25,20.25,19.0,19.0,19.0,4838
2011-02-25,19.0,19.5,18.350000381469727,18.649999618530273,18.649999618530273,5539
2011-02-28,18.149999618530273,19.549999237060547,18.149999618530273,19.299999237060547,19.299999237060547,6232
2011-03-01,19.549999237060547,19.950000762939453,19.049999237060547,19.850000381469727,19.850000381469727,2433
2011-03-03,19.149999618530273,20.0,19.100000381469727,19.799999237060547,19.799999237060547,1960
2011-03-04,20.149999618530273,20.200000762939453,19.649999618530273,20.049999237060547,20.049999237060547,552
2011-03-07,19.200000762939453,19.75,19.200000762939453,19.5,19.5,1983
2011-03-08,19.25,19.950000762939453,18.75,18.75,18.75,5817
2011-03-09,19.0,19.25,18.75,18.799999237060547,18.799999237060547,7810
2011-03-10,18.75,19.100000381469727,18.600000381469727,19.0,19.0,422
2011-03-11,19.350000381469727,19.350000381469727,18.5,18.950000762939453,18.950000762939453,4355
2011-03-14,19.149999618530273,20.25,18.899999618530273,19.799999237060547,19.799999237060547,4530
2011-03-15,18.799999237060547,19.5,18.75,18.75,18.75,621
2011-03-16,19.450000762939453,19.450000762939453,18.100000381469727,19.0,19.0,902
2011-03-17,18.299999237060547,19.0,17.950000762939453,18.200000762939453,18.200000762939453,5476
2011-03-18,17.5,17.950000762939453,17.200000762939453,17.549999237060547,17.549999237060547,2615
2011-03-21,17.549999237060547,18.149999618530273,17.149999618530273,17.899999618530273,17.899999618530273,1868
2011-03-22,18.0,19.0,18.0,18.0,18.0,8436
2011-03-23,18.299999237060547,18.75,18.0,18.5,18.5,7185
2011-03-24,18.299999237060547,19.399999618530273,18.299999237060547,18.700000762939453,18.700000762939453,16928
2011-03-25,19.549999237060547,21.549999237060547,18.75,19.0,19.0,2851
2011-03-28,18.700000762939453,18.850000381469727,18.5,18.75,18.75,11983
2011-03-29,18.899999618530273,19.5,18.25,18.450000762939453,18.450000762939453,212582
2011-03-30,18.649999618530273,19.75,18.649999618530273,19.600000381469727,19.600000381469727,192521
2011-03-31,20.25,20.350000381469727,18.75,19.0,19.0,404608
2011-04-01,19.549999237060547,22.100000381469727,19.549999237060547,21.549999237060547,21.549999237060547,9258
2011-04-04,23.450000762939453,23.799999237060547,22.0,23.0,23.0,10458
2011-04-05,22.100000381469727,22.899999618530273,22.100000381469727,22.450000762939453,22.450000762939453,3430
2011-04-06,22.75,23.200000762939453,22.399999618530273,23.0,23.0,4751
2011-04-07,23.0,23.149999618530273,22.799999237060547,23.100000381469727,23.100000381469727,646
2011-04-08,23.899999618530273,23.899999618530273,22.200000762939453,22.75,22.75,5037
2011-04-11,22.700000762939453,23.0,22.100000381469727,22.200000762939453,22.200000762939453,2882
2011-04-13,22.100000381469727,22.799999237060547,22.100000381469727,22.799999237060547,22.799999237060547,1289
2011-04-15,22.100000381469727,22.75,20.350000381469727,22.25,22.25,1747
2011-04-18,21.299999237060547,22.5,21.299999237060547,22.200000762939453,22.200000762939453,512
2011-04-19,21.549999237060547,22.100000381469727,21.549999237060547,22.100000381469727,22.100000381469727,1393
2011-04-20,22.100000381469727,23.0,21.299999237060547,23.0,23.0,1185
2011-04-21,22.200000762939453,23.649999618530273,21.799999237060547,22.549999237060547,22.549999237060547,5270
2011-04-25,22.950000762939453,23.0,22.100000381469727,22.299999237060547,22.299999237060547,3693
2011-04-26,22.100000381469727,22.100000381469727,21.649999618530273,21.950000762939453,21.950000762939453,1338
2011-04-27,21.549999237060547,21.600000381469727,21.200000762939453,21.350000381469727,21.350000381469727,570
2011-04-28,21.899999618530273,21.899999618530273,21.299999237060547,21.799999237060547,21.799999237060547,815
2011-04-29,21.200000762939453,21.5,21.200000762939453,21.5,21.5,540
2011-05-02,21.200000762939453,21.899999618530273,21.200000762939453,21.75,21.75,2523
2011-05-03,21.25,21.299999237060547,20.600000381469727,20.600000381469727,20.600000381469727,1903
2011-05-04,20.350000381469727,21.200000762939453,19.75,19.850000381469727,19.850000381469727,2555
2011-05-05,19.549999237060547,20.450000762939453,19.0,19.299999237060547,19.299999237060547,6808
2011-05-06,19.600000381469727,20.100000381469727,19.25,19.600000381469727,19.600000381469727,925
2011-05-09,19.950000762939453,19.950000762939453,18.5,18.600000381469727,18.600000381469727,5278
2011-05-10,18.600000381469727,19.299999237060547,18.200000762939453,19.100000381469727,19.100000381469727,1091
2011-05-11,19.049999237060547,19.149999618530273,18.75,18.950000762939453,18.950000762939453,1430
2011-05-12,18.75,18.75,18.399999618530273,18.399999618530273,18.399999618530273,1571
2011-05-13,19.0,19.850000381469727,19.0,19.149999618530273,19.149999618530273,2424
2011-05-16,19.200000762939453,19.399999618530273,18.5,19.049999237060547,19.049999237060547,3288
2011-05-17,18.549999237060547,18.950000762939453,18.200000762939453,18.600000381469727,18.600000381469727,1602
2011-05-18,18.950000762939453,18.950000762939453,18.200000762939453,18.25,18.25,633
2011-05-19,17.700000762939453,18.649999618530273,17.700000762939453,18.299999237060547,18.299999237060547,942
2011-05-20,20.25,20.25,17.850000381469727,17.850000381469727,17.850000381469727,1110
2011-05-23,17.0,18.100000381469727,17.0,17.299999237060547,17.299999237060547,17348
2011-05-24,17.649999618530273,18.350000381469727,17.600000381469727,17.899999618530273,17.899999618530273,301
2011-05-25,17.299999237060547,17.950000762939453,17.299999237060547,17.850000381469727,17.850000381469727,1095
2011-05-26,17.049999237060547,18.950000762939453,17.049999237060547,17.600000381469727,17.600000381469727,267
2011-05-27,17.0,18.549999237060547,17.0,17.700000762939453,17.700000762939453,663
2011-05-30,17.399999618530273,17.75,16.899999618530273,17.75,17.75,2284
2011-05-31,17.950000762939453,18.049999237060547,17.649999618530273,18.0,18.0,819
2011-06-01,18.5,19.399999618530273,18.5,19.149999618530273,19.149999618530273,4144
2011-06-02,18.850000381469727,18.850000381469727,18.850000381469727,18.850000381469727,18.850000381469727,200
2011-06-03,18.0,19.100000381469727,18.0,18.25,18.25,1153
2011-06-06,17.0,18.450000762939453,17.0,18.450000762939453,18.450000762939453,290
2011-06-07,18.399999618530273,18.399999618530273,18.399999618530273,18.399999618530273,18.399999618530273,10
2011-06-08,18.049999237060547,18.5,18.049999237060547,18.399999618530273,18.399999618530273,261
2011-06-09,17.75,18.149999618530273,17.549999237060547,17.850000381469727,17.850000381469727,1232
2011-06-10,18.450000762939453,18.450000762939453,17.899999618530273,18.0,18.0,4095
2011-06-13,18.0,18.700000762939453,18.0,18.0,18.0,633
2011-06-14,19.899999618530273,19.899999618530273,17.899999618530273,18.350000381469727,18.350000381469727,48533
2011-06-15,18.5,18.5,17.950000762939453,18.0,18.0,2393
2011-06-16,18.450000762939453,18.450000762939453,17.850000381469727,18.100000381469727,18.100000381469727,261
2011-06-17,18.299999237060547,18.700000762939453,17.649999618530273,18.25,18.25,2483
2011-06-20,17.600000381469727,17.75,17.0,17.649999618530273,17.649999618530273,12841
2011-06-21,17.799999237060547,17.899999618530273,17.350000381469727,17.899999618530273,17.899999618530273,517
2011-06-22,17.0,17.0,16.700000762939453,16.899999618530273,16.899999618530273,1263
2011-06-23,16.700000762939453,18.0,16.700000762939453,17.399999618530273,17.399999618530273,1125
2011-06-24,17.0,18.0,17.0,18.0,18.0,615
2011-06-27,17.200000762939453,17.350000381469727,16.600000381469727,17.350000381469727,17.350000381469727,2122
2011-06-28,16.25,17.25,16.25,16.850000381469727,16.850000381469727,158
2011-06-29,17.200000762939453,18.0,17.149999618530273,17.399999618530273,17.399999618530273,1549
2011-06-30,17.350000381469727,18.0,17.350000381469727,17.399999618530273,17.399999618530273,122
2011-07-01,17.5,17.75,17.5,17.75,17.75,694
2011-07-04,17.950000762939453,18.149999618530273,17.25,17.899999618530273,17.899999618530273,2101
2011-07-05,18.299999237060547,18.850000381469727,17.899999618530273,18.25,18.25,3339
2011-07-06,19.0,19.0,18.299999237060547,18.700000762939453,18.700000762939453,693
2011-07-07,18.649999618530273,18.850000381469727,18.649999618530273,18.850000381469727,18.850000381469727,1724
2011-07-08,18.5,18.5,18.149999618530273,18.200000762939453,18.200000762939453,870
2011-07-11,18.100000381469727,18.100000381469727,17.899999618530273,17.899999618530273,17.899999618530273,550
2011-07-12,18.600000381469727,18.950000762939453,17.700000762939453,17.950000762939453,17.950000762939453,10949
2011-07-13,17.649999618530273,18.5,17.649999618530273,17.850000381469727,17.850000381469727,3144
2011-07-14,18.350000381469727,18.350000381469727,17.5,17.5,17.5,2799
2011-07-15,17.950000762939453,18.0,17.299999237060547,17.600000381469727,17.600000381469727,15519
2011-07-18,17.450000762939453,17.799999237060547,17.399999618530273,17.549999237060547,17.549999237060547,1233
2011-07-19,17.299999237060547,18.0,17.299999237060547,17.299999237060547,17.299999237060547,1002
2011-07-20,17.5,17.600000381469727,16.549999237060547,16.649999618530273,16.649999618530273,14146
2011-07-21,18.350000381469727,18.350000381469727,16.799999237060547,17.0,17.0,3947
2011-07-22,16.799999237060547,17.149999618530273,16.5,17.0,17.0,2522
2011-07-25,17.100000381469727,17.799999237060547,17.049999237060547,17.649999618530273,17.649999618530273,1361
2011-07-26,17.0,17.350000381469727,17.0,17.049999237060547,17.049999237060547,2236
2011-07-27,16.850000381469727,16.899999618530273,16.850000381469727,16.899999618530273,16.899999618530273,247
2011-07-28,16.899999618530273,17.0,16.75,16.899999618530273,16.899999618530273,3442
2011-07-29,16.600000381469727,16.600000381469727,16.25,16.299999237060547,16.299999237060547,1980
2011-08-01,16.299999237060547,16.299999237060547,16.25,16.25,16.25,1525
2011-08-02,16.25,16.649999618530273,16.25,16.649999618530273,16.649999618530273,691
2011-08-03,16.350000381469727,16.350000381469727,16.0,16.299999237060547,16.299999237060547,1413
2011-08-04,17.100000381469727,17.100000381469727,17.100000381469727,17.100000381469727,17.100000381469727,100
2011-08-05,16.0,16.0,14.5,14.850000381469727,14.850000381469727,7334
2011-08-08,13.800000190734863,15.0,13.800000190734863,14.949999809265137,14.949999809265137,1330
2011-08-09,12.449999809265137,14.899999618530273,12.25,13.399999618530273,13.399999618530273,14501
2011-08-10,13.75,15.25,13.0,13.949999809265137,13.949999809265137,4017
2011-08-11,16.700000762939453,16.700000762939453,12.649999618530273,13.5,13.5,803
2011-08-12,13.899999618530273,13.899999618530273,12.699999809265137,13.0,13.0,2156
2011-08-16,13.0,14.649999618530273,12.199999809265137,12.75,12.75,3663
2011-08-17,12.649999618530273,13.699999809265137,12.649999618530273,13.699999809265137,13.699999809265137,101
2011-08-18,13.0,13.850000381469727,11.800000190734863,12.050000190734863,12.050000190734863,4118
2011-08-19,11.899999618530273,12.0,11.100000381469727,12.0,12.0,3730
2011-08-22,11.0,11.899999618530273,11.0,11.399999618530273,11.399999618530273,901
2011-08-23,12.0,12.0,12.0,12.0,12.0,200
2011-08-24,11.75,11.850000381469727,11.100000381469727,11.600000381469727,11.600000381469727,1731
2011-08-25,10.699999809265137,11.75,10.699999809265137,11.050000190734863,11.050000190734863,2619
2011-08-26,11.350000381469727,11.350000381469727,10.600000381469727,10.600000381469727,10.600000381469727,686
2011-08-29,10.149999618530273,11.699999809265137,10.149999618530273,11.0,11.0,4041
2011-08-30,11.0,11.899999618530273,10.300000190734863,11.100000381469727,11.100000381469727,854
2011-09-02,11.300000190734863,11.300000190734863,11.300000190734863,11.300000190734863,11.300000190734863,6500
2011-09-05,11.699999809265137,11.699999809265137,10.949999809265137,11.399999618530273,11.399999618530273,347
2011-09-06,11.300000190734863,12.0,11.25,11.850000381469727,11.850000381469727,3037
2011-09-07,12.0,12.0,11.949999809265137,12.0,12.0,3471
2011-09-08,12.149999618530273,12.149999618530273,11.850000381469727,11.949999809265137,11.949999809265137,1858
2011-09-09,11.75,12.100000381469727,11.75,11.899999618530273,11.899999618530273,1378
2011-09-12,11.300000190734863,11.300000190734863,11.25,11.300000190734863,11.300000190734863,300
2011-09-13,11.350000381469727,11.800000190734863,11.350000381469727,11.350000381469727,11.350000381469727,1700
2011-09-14,13.449999809265137,13.5,11.649999618530273,12.050000190734863,12.050000190734863,2828
2011-09-15,12.050000190734863,12.050000190734863,11.800000190734863,11.800000190734863,11.800000190734863,2350
2011-09-16,11.949999809265137,11.949999809265137,11.550000190734863,11.75,11.75,1887
2011-09-19,12.149999618530273,12.149999618530273,11.600000381469727,11.600000381469727,11.600000381469727,317
2011-09-20,11.899999618530273,11.899999618530273,11.600000381469727,11.649999618530273,11.649999618530273,110
2011-09-21,11.0,13.5,11.0,11.949999809265137,11.949999809265137,3758
2011-09-22,11.0,12.0,11.0,11.550000190734863,11.550000190734863,3481
2011-09-23,11.0,11.949999809265137,11.0,11.949999809265137,11.949999809265137,902
2011-09-26,12.399999618530273,12.399999618530273,11.25,11.850000381469727,11.850000381469727,4179
2011-09-27,11.550000190734863,12.0,11.550000190734863,11.600000381469727,11.600000381469727,864
2011-09-28,11.0,12.600000381469727,11.0,11.899999618530273,11.899999618530273,370
2011-09-29,11.050000190734863,11.949999809265137,11.0,11.75,11.75,1036
2011-09-30,12.0,12.0,12.0,12.0,12.0,2
2011-10-03,11.949999809265137,11.949999809265137,11.949999809265137,11.949999809265137,11.949999809265137,1
2011-10-04,11.0,12.800000190734863,11.0,11.5,11.5,1234
2011-10-05,11.0,11.699999809265137,11.0,11.699999809265137,11.699999809265137,205
2011-10-07,12.75,12.75,11.5,12.149999618530273,12.149999618530273,1104
2011-10-10,11.5,11.5,11.5,11.5,11.5,1034
2011-10-11,12.0,12.300000190734863,11.899999618530273,12.199999809265137,12.199999809265137,618
2011-10-12,11.550000190734863,11.850000381469727,11.5,11.649999618530273,11.649999618530273,2060
2011-10-13,11.5,11.949999809265137,11.5,11.649999618530273,11.649999618530273,646
2011-10-14,11.600000381469727,11.850000381469727,11.550000190734863,11.850000381469727,11.850000381469727,117
2011-10-17,11.550000190734863,11.75,10.550000190734863,11.600000381469727,11.600000381469727,750
2011-10-18,11.800000190734863,11.800000190734863,11.800000190734863,11.800000190734863,11.800000190734863,200
2011-10-19,11.649999618530273,11.649999618530273,11.100000381469727,11.350000381469727,11.350000381469727,410
2011-10-20,11.399999618530273,11.850000381469727,11.050000190734863,11.550000190734863,11.550000190734863,2976
2011-10-21,11.899999618530273,11.949999809265137,11.350000381469727,11.649999618530273,11.649999618530273,337
2011-10-24,11.5,12.0,11.5,12.0,12.0,1101
2011-10-25,11.399999618530273,11.899999618530273,11.399999618530273,11.550000190734863,11.550000190734863,252
2011-10-28,11.600000381469727,12.100000381469727,11.5,11.949999809265137,11.949999809265137,2583
2011-10-31,11.300000190734863,12.100000381469727,11.300000190734863,11.850000381469727,11.850000381469727,613
2011-11-01,11.800000190734863,12.5,11.649999618530273,11.699999809265137,11.699999809265137,290
2011-11-02,11.949999809265137,11.949999809265137,11.300000190734863,11.600000381469727,11.600000381469727,812
2011-11-03,11.600000381469727,11.699999809265137,11.600000381469727,11.699999809265137,11.699999809265137,604
2011-11-04,11.5,12.800000190734863,11.5,12.800000190734863,12.800000190734863,3198
2011-11-08,12.050000190734863,12.850000381469727,12.050000190734863,12.800000190734863,12.800000190734863,2286
2011-11-09,12.75,12.800000190734863,11.600000381469727,12.600000381469727,12.600000381469727,2907
2011-11-11,11.600000381469727,12.75,11.550000190734863,12.050000190734863,12.050000190734863,425
2011-11-14,12.0,12.300000190734863,12.0,12.0,12.0,2110
2011-11-15,11.449999809265137,11.5,11.449999809265137,11.5,11.5,1100
2011-11-16,11.5,12.600000381469727,11.5,11.850000381469727,11.850000381469727,1042
2011-11-17,11.449999809265137,11.649999618530273,11.350000381469727,11.449999809265137,11.449999809265137,1702
2011-11-18,10.0,11.100000381469727,9.350000381469727,11.050000190734863,11.050000190734863,462
2011-11-21,11.100000381469727,11.550000190734863,11.0,11.25,11.25,1950
2011-11-22,11.100000381469727,11.649999618530273,9.550000190734863,10.899999618530273,10.899999618530273,688
2011-11-23,10.949999809265137,11.0,10.050000190734863,10.449999809265137,10.449999809265137,459
2011-11-24,10.5,10.949999809265137,10.5,10.850000381469727,10.850000381469727,275
2011-11-25,10.350000381469727,12.5,10.350000381469727,11.399999618530273,11.399999618530273,621
2011-11-28,10.949999809265137,11.550000190734863,10.949999809265137,11.149999618530273,11.149999618530273,335
2011-11-29,11.800000190734863,11.800000190734863,10.300000190734863,11.5,11.5,1011
2011-11-30,11.5,11.5,11.5,11.5,11.5,0
2011-12-01,11.050000190734863,11.399999618530273,11.050000190734863,11.199999809265137,11.199999809265137,160
2011-12-02,11.0,11.100000381469727,11.0,11.100000381469727,11.100000381469727,85
2011-12-05,10.800000190734863,10.800000190734863,10.800000190734863,10.800000190734863,10.800000190734863,1
2011-12-07,11.949999809265137,12.0,11.0,11.0,11.0,700
2011-12-08,10.699999809265137,11.899999618530273,10.699999809265137,11.550000190734863,11.550000190734863,278
2011-12-09,11.0,11.449999809265137,10.75,10.949999809265137,10.949999809265137,922
2011-12-12,10.25,10.899999618530273,10.25,10.899999618530273,10.899999618530273,701
2011-12-13,10.949999809265137,10.949999809265137,10.5,10.75,10.75,302
2011-12-14,10.5,11.300000190734863,10.5,10.600000381469727,10.600000381469727,550
2011-12-15,10.25,10.75,10.100000381469727,10.649999618530273,10.649999618530273,712
2011-12-16,11.949999809265137,11.949999809265137,10.0,10.100000381469727,10.100000381469727,3223
2011-12-19,10.0,10.75,9.800000190734863,10.75,10.75,2188
2011-12-20,10.199999809265137,11.399999618530273,10.199999809265137,10.350000381469727,10.350000381469727,1853
2011-12-21,10.0,10.899999618530273,10.0,10.550000190734863,10.550000190734863,2629
2011-12-22,10.100000381469727,10.449999809265137,10.100000381469727,10.449999809265137,10.449999809265137,1165
2011-12-23,10.300000190734863,10.300000190734863,10.300000190734863,10.300000190734863,10.300000190734863,6
2011-12-26,10.850000381469727,10.850000381469727,10.25,10.5,10.5,1474
2011-12-27,10.149999618530273,11.0,10.149999618530273,11.0,11.0,1101
2011-12-28,10.149999618530273,10.149999618530273,10.149999618530273,10.149999618530273,10.149999618530273,100
2011-12-29,10.149999618530273,10.149999618530273,10.149999618530273,10.149999618530273,10.149999618530273,141
2011-12-30,10.0,10.399999618530273,10.0,10.399999618530273,10.399999618530273,525
2012-01-02,10.0,10.5,10.0,10.300000190734863,10.300000190734863,171
2012-01-03,10.199999809265137,10.649999618530273,10.199999809265137,10.649999618530273,10.649999618530273,1200
2012-01-04,10.649999618530273,10.75,10.600000381469727,10.600000381469727,10.600000381469727,412
2012-01-05,10.75,12.300000190734863,10.25,10.800000190734863,10.800000190734863,4311
2012-01-06,10.300000190734863,11.399999618530273,10.25,11.0,11.0,4628
2012-01-09,10.550000190734863,11.25,10.550000190734863,11.25,11.25,1080
2012-01-10,11.800000190734863,11.800000190734863,11.199999809265137,11.199999809265137,11.199999809265137,1503
2012-01-11,12.899999618530273,12.899999618530273,11.449999809265137,11.449999809265137,11.449999809265137,288
2012-01-12,12.199999809265137,12.199999809265137,11.550000190734863,11.899999618530273,11.899999618530273,2509
2012-01-13,11.5,12.100000381469727,11.25,11.850000381469727,11.850000381469727,2330
2012-01-16,11.899999618530273,12.0,11.649999618530273,11.649999618530273,11.649999618530273,2766
2012-01-17,11.850000381469727,11.899999618530273,11.600000381469727,11.699999809265137,11.699999809265137,402
2012-01-18,11.199999809265137,11.800000190734863,11.0,11.5,11.5,827
2012-01-19,11.949999809265137,11.949999809265137,10.300000190734863,10.949999809265137,10.949999809265137,5078
2012-01-20,11.050000190734863,11.5,10.850000381469727,10.850000381469727,10.850000381469727,1213
2012-01-23,10.550000190734863,12.600000381469727,10.100000381469727,10.899999618530273,10.899999618530273,3861
2012-01-24,10.600000381469727,11.5,10.600000381469727,11.300000190734863,11.300000190734863,908
2012-01-25,11.949999809265137,12.949999809265137,10.550000190734863,11.25,11.25,1317
2012-01-27,11.0,13.350000381469727,11.0,11.800000190734863,11.800000190734863,6018
2012-01-30,11.899999618530273,11.899999618530273,11.149999618530273,11.350000381469727,11.350000381469727,1004
2012-01-31,11.0,11.0,9.100000381469727,10.449999809265137,10.449999809265137,69853
2012-02-01,11.0,11.449999809265137,10.75,10.899999618530273,10.899999618530273,8880
2012-02-02,11.600000381469727,11.600000381469727,10.149999618530273,10.699999809265137,10.699999809265137,7707
2012-02-03,11.800000190734863,11.800000190734863,10.300000190734863,10.550000190734863,10.550000190734863,23062
2012-02-06,11.550000190734863,11.649999618530273,10.5,11.449999809265137,11.449999809265137,9909
2012-02-07,11.949999809265137,13.699999809265137,11.899999618530273,13.25,13.25,47593
2012-02-08,13.5,14.699999809265137,13.0,14.149999618530273,14.149999618530273,26649
2012-02-09,15.25,15.25,13.100000381469727,13.699999809265137,13.699999809265137,4127
2012-02-10,13.5,13.850000381469727,13.199999809265137,13.600000381469727,13.600000381469727,5469
2012-02-13,13.300000190734863,13.699999809265137,13.300000190734863,13.350000381469727,13.350000381469727,3652
2012-02-14,13.350000381469727,13.449999809265137,13.350000381469727,13.350000381469727,13.350000381469727,437
2012-02-15,15.399999618530273,15.399999618530273,12.399999618530273,13.050000190734863,13.050000190734863,4888
2012-02-16,13.25,13.399999618530273,12.550000190734863,13.100000381469727,13.100000381469727,5555
2012-02-17,13.0,15.300000190734863,13.0,13.300000190734863,13.300000190734863,4936
2012-02-21,13.0,14.149999618530273,12.5,13.25,13.25,1474
2012-02-22,13.0,13.0,12.050000190734863,12.350000381469727,12.350000381469727,1806
2012-02-23,13.399999618530273,13.399999618530273,11.399999618530273,11.850000381469727,11.850000381469727,6755
2012-02-24,11.699999809265137,12.600000381469727,11.300000190734863,11.800000190734863,11.800000190734863,782
2012-02-27,13.300000190734863,13.300000190734863,11.100000381469727,11.5,11.5,5433
2012-02-28,11.199999809265137,12.449999809265137,11.0,11.25,11.25,8829
2012-02-29,12.899999618530273,12.899999618530273,11.5,11.600000381469727,11.600000381469727,7133
2012-03-01,11.399999618530273,11.75,11.149999618530273,11.649999618530273,11.649999618530273,3042
2012-03-02,12.399999618530273,12.399999618530273,11.100000381469727,11.449999809265137,11.449999809265137,3092
2012-03-05,12.399999618530273,12.399999618530273,11.149999618530273,11.550000190734863,11.550000190734863,1387
2012-03-06,11.199999809265137,11.699999809265137,10.949999809265137,11.0,11.0,3129
2012-03-07,11.0,11.399999618530273,10.350000381469727,10.899999618530273,10.899999618530273,971
2012-03-09,12.0,12.0,10.550000190734863,11.350000381469727,11.350000381469727,2053
2012-03-12,12.0,12.0,11.449999809265137,11.649999618530273,11.649999618530273,922
2012-03-13,12.899999618530273,12.899999618530273,11.199999809265137,11.550000190734863,11.550000190734863,2033
2012-03-14,11.75,11.899999618530273,11.25,11.449999809265137,11.449999809265137,4020
2012-03-15,11.850000381469727,11.850000381469727,11.25,11.850000381469727,11.850000381469727,723
2012-03-16,11.399999618530273,11.600000381469727,11.050000190734863,11.25,11.25,105
2012-03-19,11.5,11.5,10.649999618530273,10.899999618530273,10.899999618530273,100
2012-03-20,11.199999809265137,11.199999809265137,9.899999618530273,9.949999809265137,9.949999809265137,15634
2012-03-21,10.899999618530273,10.899999618530273,10.25,10.449999809265137,10.449999809265137,1359
2012-03-22,10.800000190734863,10.800000190734863,10.149999618530273,10.149999618530273,10.149999618530273,1856
2012-03-23,9.899999618530273,10.600000381469727,9.899999618530273,10.050000190734863,10.050000190734863,1140
2012-03-26,10.199999809265137,10.199999809265137,9.899999618530273,9.899999618530273,9.899999618530273,326
2012-03-27,8.0,10.899999618530273,8.0,9.699999809265137,9.699999809265137,34451
2012-03-28,9.649999618530273,9.850000381469727,9.649999618530273,9.699999809265137,9.699999809265137,143
2012-03-29,9.550000190734863,9.699999809265137,9.149999618530273,9.699999809265137,9.699999809265137,14
2012-03-30,10.0,10.25,9.649999618530273,10.050000190734863,10.050000190734863,1355
2012-04-02,10.0,10.0,9.800000190734863,9.800000190734863,9.800000190734863,161
2012-04-03,10.050000190734863,10.25,10.050000190734863,10.25,10.25,101
2012-04-04,10.050000190734863,10.050000190734863,9.800000190734863,9.800000190734863,9.800000190734863,6560
2012-04-09,9.75,10.25,9.75,9.800000190734863,9.800000190734863,102
2012-04-10,9.800000190734863,9.800000190734863,9.800000190734863,9.800000190734863,9.800000190734863,0
2012-04-11,10.050000190734863,10.050000190734863,10.050000190734863,10.050000190734863,10.050000190734863,2
2012-04-12,10.0,10.300000190734863,10.0,10.25,10.25,13991
2012-04-13,10.0,10.800000190734863,10.0,10.399999618530273,10.399999618530273,6332
2012-04-16,10.0,10.899999618530273,9.550000190734863,10.399999618530273,10.399999618530273,6243
2012-04-17,11.5,11.5,9.399999618530273,9.899999618530273,9.899999618530273,15387
2012-04-18,9.75,10.050000190734863,9.699999809265137,10.050000190734863,10.050000190734863,1460
2012-04-19,10.0,10.100000381469727,9.800000190734863,10.0,10.0,2530
2012-04-20,9.800000190734863,10.350000381469727,9.800000190734863,10.100000381469727,10.100000381469727,870
2012-04-23,10.25,10.25,9.899999618530273,9.899999618530273,9.899999618530273,361
2012-04-24,9.800000190734863,10.0,9.800000190734863,10.0,10.0,32
2012-04-25,10.350000381469727,10.350000381469727,9.899999618530273,9.899999618530273,9.899999618530273,196
2012-04-26,10.350000381469727,10.350000381469727,9.800000190734863,9.800000190734863,9.800000190734863,116
2012-04-27,9.800000190734863,9.800000190734863,9.75,9.75,9.75,1000
2012-04-30,10.449999809265137,10.449999809265137,9.550000190734863,9.75,9.75,7030
2012-05-02,9.5,10.0,9.5,9.649999618530273,9.649999618530273,1745
2012-05-03,9.550000190734863,9.850000381469727,9.550000190734863,9.699999809265137,9.699999809265137,2697
2012-05-04,9.550000190734863,9.850000381469727,9.100000381469727,9.399999618530273,9.399999618530273,1771
2012-05-07,9.350000381469727,9.649999618530273,8.600000381469727,9.350000381469727,9.350000381469727,1598
2012-05-08,9.899999618530273,9.899999618530273,9.25,9.300000190734863,9.300000190734863,980
2012-05-09,9.0,9.199999809265137,8.699999809265137,9.199999809265137,9.199999809265137,2510
2012-05-10,9.100000381469727,9.100000381469727,8.800000190734863,8.800000190734863,8.800000190734863,910
2012-05-11,9.050000190734863,9.050000190734863,8.600000381469727,8.850000381469727,8.850000381469727,1151
2012-05-14,8.600000381469727,8.899999618530273,8.600000381469727,8.899999618530273,8.899999618530273,963
2012-05-15,9.149999618530273,9.149999618530273,8.199999809265137,8.5,8.5,452
2012-05-16,8.350000381469727,8.350000381469727,8.050000190734863,8.100000381469727,8.100000381469727,52
2012-05-17,8.800000190734863,8.800000190734863,8.100000381469727,8.399999618530273,8.399999618530273,2750
2012-05-18,8.75,8.75,8.25,8.350000381469727,8.350000381469727,500
2012-05-21,7.900000095367432,8.5,7.900000095367432,8.5,8.5,2181
2012-05-22,8.050000190734863,8.449999809265137,8.050000190734863,8.199999809265137,8.199999809265137,725
2012-05-23,8.0,8.550000190734863,8.0,8.449999809265137,8.449999809265137,1122
2012-05-24,8.25,8.550000190734863,8.25,8.5,8.5,1147
2012-05-25,8.600000381469727,8.899999618530273,8.600000381469727,8.850000381469727,8.850000381469727,203
2012-05-28,9.0,9.25,8.699999809265137,9.25,9.25,1005
2012-05-29,9.0,9.050000190734863,8.800000190734863,9.050000190734863,9.050000190734863,805
2012-05-30,9.100000381469727,9.149999618530273,8.949999809265137,8.949999809265137,8.949999809265137,952
2012-05-31,9.149999618530273,9.199999809265137,9.0,9.050000190734863,9.050000190734863,2101
2012-06-01,9.0,9.5,8.899999618530273,8.949999809265137,8.949999809265137,527
2012-06-04,9.0,9.0,9.0,9.0,9.0,2
2012-06-05,8.75,8.75,8.75,8.75,8.75,1
2012-06-06,9.300000190734863,9.300000190734863,8.449999809265137,8.5,8.5,655
2012-06-07,8.199999809265137,9.199999809265137,8.199999809265137,9.0,9.0,1694
2012-06-08,8.800000190734863,9.550000190734863,8.600000381469727,8.649999618530273,8.649999618530273,1135
2012-06-11,10.050000190734863,10.050000190734863,9.149999618530273,9.350000381469727,9.350000381469727,4182
2012-06-12,9.0,9.0,8.600000381469727,8.600000381469727,8.600000381469727,1528
2012-06-13,8.600000381469727,8.699999809265137,8.600000381469727,8.649999618530273,8.649999618530273,330
2012-06-14,9.800000190734863,9.800000190734863,9.0,9.100000381469727,9.100000381469727,326
2012-06-15,9.100000381469727,9.100000381469727,8.850000381469727,8.850000381469727,8.850000381469727,1433
2012-06-18,8.699999809265137,8.75,8.699999809265137,8.75,8.75,1167
2012-06-19,8.800000190734863,8.800000190734863,8.800000190734863,8.800000190734863,8.800000190734863,50
2012-06-20,8.800000190734863,8.800000190734863,8.699999809265137,8.699999809265137,8.699999809265137,416
2012-06-21,8.800000190734863,8.899999618530273,8.800000190734863,8.800000190734863,8.800000190734863,499
2012-06-22,9.75,9.75,8.649999618530273,8.649999618530273,8.649999618530273,1294
2012-06-25,8.600000381469727,8.75,8.399999618530273,8.699999809265137,8.699999809265137,1570
2012-06-26,8.399999618530273,8.600000381469727,8.399999618530273,8.600000381469727,8.600000381469727,123
2012-06-27,8.949999809265137,9.5,8.75,9.25,9.25,4045
2012-06-28,9.199999809265137,9.75,8.600000381469727,8.800000190734863,8.800000190734863,1368
2012-06-29,9.0,9.199999809265137,8.899999618530273,9.050000190734863,9.050000190734863,3212
2012-07-02,9.050000190734863,9.100000381469727,8.600000381469727,9.0,9.0,2451
2012-07-03,9.0,9.149999618530273,8.949999809265137,9.050000190734863,9.050000190734863,2612
2012-07-04,8.949999809265137,9.100000381469727,8.949999809265137,9.100000381469727,9.100000381469727,3020
2012-07-05,9.25,9.25,9.050000190734863,9.149999618530273,9.149999618530273,7508
2012-07-06,9.0,9.149999618530273,9.0,9.100000381469727,9.100000381469727,3376
2012-07-09,9.0,9.050000190734863,8.75,8.75,8.75,1394
2012-07-10,8.649999618530273,8.649999618530273,8.449999809265137,8.550000190734863,8.550000190734863,6440
2012-07-11,8.600000381469727,8.800000190734863,8.300000190734863,8.399999618530273,8.399999618530273,4028
2012-07-12,8.800000190734863,8.800000190734863,8.100000381469727,8.350000381469727,8.350000381469727,3106
2012-07-13,8.149999618530273,8.25,8.149999618530273,8.199999809265137,8.199999809265137,2207
2012-07-16,8.75,8.850000381469727,8.25,8.25,8.25,6466
2012-07-17,8.0,8.25,8.0,8.25,8.25,12
2012-07-18,8.399999618530273,8.399999618530273,8.100000381469727,8.149999618530273,8.149999618530273,205
2012-07-19,8.050000190734863,8.949999809265137,7.349999904632568,8.0,8.0,3810
2012-07-20,8.0,8.25,7.75,8.149999618530273,8.149999618530273,4884
2012-07-23,8.149999618530273,8.149999618530273,7.949999809265137,7.949999809265137,7.949999809265137,331
2012-07-24,8.25,8.25,7.849999904632568,7.900000095367432,7.900000095367432,152
2012-07-25,8.199999809265137,8.25,7.949999809265137,8.0,8.0,3702
2012-07-26,7.550000190734863,8.199999809265137,7.550000190734863,7.699999809265137,7.699999809265137,753
2012-07-27,7.800000190734863,7.949999809265137,7.75,7.949999809265137,7.949999809265137,6300
2012-07-30,7.75,7.949999809265137,7.650000095367432,7.949999809265137,7.949999809265137,205
2012-07-31,7.949999809265137,7.949999809265137,7.650000095367432,7.699999809265137,7.699999809265137,402
2012-08-01,7.650000095367432,7.699999809265137,7.599999904632568,7.599999904632568,7.599999904632568,165
2012-08-02,7.650000095367432,7.650000095367432,7.400000095367432,7.550000190734863,7.550000190734863,1884
2012-08-03,7.949999809265137,7.949999809265137,7.0,7.050000190734863,7.050000190734863,4864
2012-08-06,7.050000190734863,7.099999904632568,7.050000190734863,7.099999904632568,7.099999904632568,7521
2012-08-07,7.0,7.099999904632568,6.849999904632568,7.050000190734863,7.050000190734863,6625
2012-08-08,7.0,7.199999809265137,7.0,7.150000095367432,7.150000095367432,225
2012-08-09,7.199999809265137,7.800000190734863,7.050000190734863,7.75,7.75,31279
2012-08-10,7.349999904632568,7.900000095367432,7.349999904632568,7.650000095367432,7.650000095367432,916
2012-08-13,7.25,7.400000095367432,7.050000190734863,7.400000095367432,7.400000095367432,740
2012-08-14,7.150000095367432,7.449999809265137,7.050000190734863,7.050000190734863,7.050000190734863,2772
2012-08-16,7.199999809265137,7.199999809265137,6.849999904632568,7.0,7.0,2261
2012-08-17,7.0,7.099999904632568,6.800000190734863,6.800000190734863,6.800000190734863,3435
2012-08-21,6.699999809265137,6.800000190734863,6.349999904632568,6.449999809265137,6.449999809265137,8397
2012-08-22,6.449999809265137,6.5,6.300000190734863,6.400000095367432,6.400000095367432,2362
2012-08-23,6.199999809265137,7.0,6.199999809265137,6.75,6.75,3356
2012-08-24,7.349999904632568,7.349999904632568,6.300000190734863,6.5,6.5,9679
2012-08-27,6.849999904632568,6.849999904632568,6.25,6.400000095367432,6.400000095367432,1407
2012-08-28,6.0,6.949999809265137,6.0,6.699999809265137,6.699999809265137,3715
2012-08-29,6.400000095367432,6.400000095367432,6.400000095367432,6.400000095367432,6.400000095367432,58
2012-08-30,6.550000190734863,6.550000190734863,6.300000190734863,6.300000190734863,6.300000190734863,3272
2012-08-31,6.300000190734863,6.5,6.25,6.349999904632568,6.349999904632568,3080
2012-09-03,6.050000190734863,6.099999904632568,6.050000190734863,6.050000190734863,6.050000190734863,3548
2012-09-04,6.150000095367432,6.150000095367432,5.800000190734863,6.050000190734863,6.050000190734863,5374
2012-09-05,6.0,6.050000190734863,6.0,6.0,6.0,2940
2012-09-06,5.949999809265137,5.949999809265137,5.800000190734863,5.849999904632568,5.849999904632568,2188
2012-09-07,5.800000190734863,5.949999809265137,5.599999904632568,5.849999904632568,5.849999904632568,4696
2012-09-10,6.349999904632568,6.349999904632568,5.550000190734863,5.949999809265137,5.949999809265137,1111
2012-09-11,5.949999809265137,6.25,5.849999904632568,6.25,6.25,2102
2012-09-12,6.0,6.050000190734863,5.949999809265137,6.050000190734863,6.050000190734863,98
2012-09-13,6.050000190734863,6.050000190734863,6.050000190734863,6.050000190734863,6.050000190734863,24
2012-09-14,6.349999904632568,7.150000095367432,6.050000190734863,6.599999904632568,6.599999904632568,4724
2012-09-17,7.5,7.900000095367432,6.900000095367432,7.75,7.75,10895
2012-09-18,7.599999904632568,8.0,7.199999809265137,7.800000190734863,7.800000190734863,3780
2012-09-20,7.800000190734863,8.0,7.599999904632568,7.650000095367432,7.650000095367432,3172
2012-09-21,7.449999809265137,8.149999618530273,6.75,7.900000095367432,7.900000095367432,5196
2012-09-24,8.050000190734863,8.199999809265137,7.900000095367432,7.900000095367432,7.900000095367432,1412
2012-09-25,7.5,8.399999618530273,7.5,8.0,8.0,2652
2012-09-26,8.350000381469727,8.399999618530273,8.0,8.0,8.0,4179
2012-09-27,8.0,8.5,8.0,8.350000381469727,8.350000381469727,1415
2012-09-28,8.699999809265137,8.75,7.949999809265137,8.75,8.75,8925
2012-10-01,8.699999809265137,9.149999618530273,8.699999809265137,9.149999618530273,9.149999618530273,5891
2012-10-03,8.699999809265137,9.600000381469727,8.699999809265137,9.600000381469727,9.600000381469727,8231
2012-10-04,9.949999809265137,10.050000190734863,9.5,10.050000190734863,10.050000190734863,7000
2012-10-05,10.0,10.550000190734863,10.0,10.199999809265137,10.199999809265137,17438
2012-10-08,10.699999809265137,10.699999809265137,10.199999809265137,10.699999809265137,10.699999809265137,9072
2012-10-09,10.25,10.550000190734863,10.25,10.550000190734863,10.550000190734863,1000
2012-10-10,10.050000190734863,10.149999618530273,10.050000190734863,10.050000190734863,10.050000190734863,2126
2012-10-11,9.550000190734863,10.0,9.550000190734863,9.550000190734863,9.550000190734863,801
2012-10-12,9.100000381469727,9.100000381469727,9.100000381469727,9.100000381469727,9.100000381469727,40
2012-10-15,9.100000381469727,9.100000381469727,8.899999618530273,8.899999618530273,8.899999618530273,375
2012-10-16,8.5,9.300000190734863,8.5,8.5,8.5,219
2012-10-17,8.149999618530273,8.899999618530273,8.149999618530273,8.899999618530273,8.899999618530273,3650
2012-10-18,9.300000190734863,9.300000190734863,9.300000190734863,9.300000190734863,9.300000190734863,200
2012-10-19,9.199999809265137,9.300000190734863,9.199999809265137,9.300000190734863,9.300000190734863,1090
2012-10-22,9.75,9.75,9.75,9.75,9.75,901
2012-10-23,10.199999809265137,10.199999809265137,10.199999809265137,10.199999809265137,10.199999809265137,701
2012-10-25,10.050000190734863,10.050000190734863,9.850000381469727,9.850000381469727,9.850000381469727,512
2012-10-29,10.0,10.25,9.699999809265137,10.100000381469727,10.100000381469727,104
2012-10-30,10.100000381469727,10.100000381469727,10.100000381469727,10.100000381469727,10.100000381469727,0
2012-10-31,10.100000381469727,10.100000381469727,10.100000381469727,10.100000381469727,10.100000381469727,0
2012-11-01,10.100000381469727,10.100000381469727,10.100000381469727,10.100000381469727,10.100000381469727,0
2012-11-02,10.100000381469727,10.100000381469727,10.100000381469727,10.100000381469727,10.100000381469727,0
2012-11-05,10.100000381469727,10.100000381469727,10.100000381469727,10.100000381469727,10.100000381469727,0
2012-11-06,9.600000381469727,9.649999618530273,9.600000381469727,9.600000381469727,9.600000381469727,769
2012-11-07,9.199999809265137,10.0,9.199999809265137,9.600000381469727,9.600000381469727,2915
2012-11-08,9.600000381469727,10.0,9.399999618530273,9.550000190734863,9.550000190734863,91
2012-11-09,9.300000190734863,9.350000381469727,9.300000190734863,9.300000190734863,9.300000190734863,31
2012-11-12,9.100000381469727,9.25,9.100000381469727,9.25,9.25,230
2012-11-15,9.449999809265137,9.449999809265137,9.449999809265137,9.449999809265137,9.449999809265137,27
2012-11-16,9.699999809265137,9.699999809265137,9.0,9.0,9.0,1893
2012-11-19,9.0,9.050000190734863,8.800000190734863,8.850000381469727,8.850000381469727,1277
2012-11-20,8.850000381469727,9.25,8.850000381469727,9.199999809265137,9.199999809265137,681
2012-11-21,8.75,9.5,8.75,9.5,9.5,40503
2012-11-22,9.100000381469727,9.699999809265137,9.100000381469727,9.300000190734863,9.300000190734863,70300
2012-11-23,9.300000190734863,9.300000190734863,9.300000190734863,9.300000190734863,9.300000190734863,0
2012-11-26,9.300000190734863,9.699999809265137,9.050000190734863,9.050000190734863,9.050000190734863,184
2012-11-27,8.649999618530273,9.050000190734863,8.649999618530273,9.050000190734863,9.050000190734863,715
2012-11-29,9.050000190734863,9.050000190734863,9.050000190734863,9.050000190734863,9.050000190734863,0
2012-11-30,8.600000381469727,9.5,8.600000381469727,9.5,9.5,520
2012-12-03,9.5,9.699999809265137,9.350000381469727,9.699999809265137,9.699999809265137,1400
2012-12-04,9.949999809265137,9.949999809265137,9.399999618530273,9.399999618530273,9.399999618530273,2065
2012-12-05,9.149999618530273,9.699999809265137,9.149999618530273,9.449999809265137,9.449999809265137,1076
2012-12-06,9.199999809265137,9.350000381469727,9.199999809265137,9.350000381469727,9.350000381469727,437
2012-12-07,9.75,9.75,9.199999809265137,9.25,9.25,6908
2012-12-10,9.100000381469727,9.5,9.100000381469727,9.449999809265137,9.449999809265137,1173
2012-12-11,9.800000190734863,9.800000190734863,9.0,9.149999618530273,9.149999618530273,6580
2012-12-12,9.5,9.5,8.850000381469727,9.25,9.25,2359
2012-12-13,9.25,9.25,8.800000190734863,8.800000190734863,8.800000190734863,466
2012-12-14,9.050000190734863,9.050000190734863,8.649999618530273,8.949999809265137,8.949999809265137,22
2012-12-17,8.550000190734863,8.75,8.550000190734863,8.75,8.75,55
2012-12-18,8.649999618530273,9.050000190734863,8.649999618530273,8.800000190734863,8.800000190734863,4702
2012-12-19,8.649999618530273,9.199999809265137,8.649999618530273,8.800000190734863,8.800000190734863,4042
2012-12-20,8.899999618530273,8.899999618530273,8.699999809265137,8.699999809265137,8.699999809265137,2582
2012-12-21,9.050000190734863,9.050000190734863,8.600000381469727,8.699999809265137,8.699999809265137,655
2012-12-24,8.5,8.899999618530273,8.5,8.600000381469727,8.600000381469727,508
2012-12-26,8.649999618530273,8.649999618530273,8.199999809265137,8.449999809265137,8.449999809265137,1667
2012-12-27,8.449999809265137,8.449999809265137,8.449999809265137,8.449999809265137,8.449999809265137,0
2012-12-28,8.5,8.75,8.25,8.649999618530273,8.649999618530273,997
2012-12-31,9.0,9.0,8.449999809265137,8.449999809265137,8.449999809265137,501
2013-01-01,8.449999809265137,8.449999809265137,8.449999809265137,8.449999809265137,8.449999809265137,50
2013-01-02,8.550000190734863,8.550000190734863,8.550000190734863,8.550000190734863,8.550000190734863,2
2013-01-03,8.399999618530273,8.899999618530273,8.149999618530273,8.399999618530273,8.399999618530273,3067
2013-01-04,8.300000190734863,8.649999618530273,8.300000190734863,8.350000381469727,8.350000381469727,2532
2013-01-07,8.399999618530273,9.149999618530273,8.350000381469727,8.899999618530273,8.899999618530273,16375
2013-01-08,8.899999618530273,9.050000190734863,8.75,8.75,8.75,3696
2013-01-09,8.399999618530273,8.949999809265137,8.399999618530273,8.5,8.5,8495
2013-01-10,8.649999618530273,8.649999618530273,8.25,8.25,8.25,2299
2013-01-11,8.949999809265137,8.949999809265137,8.100000381469727,8.449999809265137,8.449999809265137,109
2013-01-14,8.149999618530273,8.5,8.149999618530273,8.300000190734863,8.300000190734863,3340
2013-01-15,8.300000190734863,8.300000190734863,8.0,8.199999809265137,8.199999809265137,1619
2013-01-16,8.149999618530273,8.449999809265137,8.149999618530273,8.149999618530273,8.149999618530273,54
2013-01-17,8.050000190734863,8.25,8.050000190734863,8.149999618530273,8.149999618530273,222
2013-01-18,8.050000190734863,8.050000190734863,8.050000190734863,8.050000190734863,8.050000190734863,233
2013-01-21,8.050000190734863,8.300000190734863,8.050000190734863,8.050000190734863,8.050000190734863,3052
2013-01-22,8.050000190734863,8.050000190734863,8.050000190734863,8.050000190734863,8.050000190734863,0
2013-01-23,7.949999809265137,8.649999618530273,7.75,7.949999809265137,7.949999809265137,1574
2013-01-24,7.75,8.449999809265137,7.699999809265137,8.25,8.25,4497
2013-01-25,8.0,8.0,7.849999904632568,8.0,8.0,452
2013-01-28,8.699999809265137,8.699999809265137,8.300000190734863,8.300000190734863,8.300000190734863,345
2013-01-29,8.100000381469727,8.149999618530273,7.800000190734863,7.800000190734863,7.800000190734863,1735
2013-01-30,8.0,8.350000381469727,8.0,8.25,8.25,4114
2013-01-31,8.649999618530273,8.850000381469727,8.149999618530273,8.399999618530273,8.399999618530273,2563
2013-02-01,8.350000381469727,8.350000381469727,8.0,8.300000190734863,8.300000190734863,1062
2013-02-04,8.0,8.5,8.0,8.5,8.5,1110
2013-02-05,8.649999618530273,8.649999618530273,7.800000190734863,8.0,8.0,385
2013-02-06,8.0,8.0,7.25,7.25,7.25,168180
2013-02-07,7.5,7.949999809265137,7.199999809265137,7.300000190734863,7.300000190734863,4163
2013-02-08,7.199999809265137,7.25,6.75,6.849999904632568,6.849999904632568,8051
2013-02-11,6.5,6.5,6.5,6.5,6.5,350
2013-02-12,6.800000190734863,6.800000190734863,6.599999904632568,6.699999809265137,6.699999809265137,4624
2013-02-13,6.849999904632568,7.0,6.400000095367432,6.900000095367432,6.900000095367432,29062
2013-02-14,6.75,7.150000095367432,6.75,6.900000095367432,6.900000095367432,19
2013-02-15,6.75,6.949999809265137,6.75,6.849999904632568,6.849999904632568,4631
2013-02-18,7.050000190734863,7.099999904632568,7.050000190734863,7.099999904632568,7.099999904632568,9252
2013-02-19,7.300000190734863,7.349999904632568,6.900000095367432,7.050000190734863,7.050000190734863,5261
2013-02-20,7.349999904632568,7.400000095367432,7.0,7.099999904632568,7.099999904632568,12857
2013-02-21,7.0,7.0,6.75,6.849999904632568,6.849999904632568,1770
2013-02-22,6.699999809265137,6.949999809265137,6.699999809265137,6.900000095367432,6.900000095367432,1534
2013-02-25,6.699999809265137,6.75,6.699999809265137,6.75,6.75,33
2013-02-26,6.599999904632568,6.949999809265137,6.599999904632568,6.699999809265137,6.699999809265137,448
2013-02-27,6.75,6.800000190734863,6.699999809265137,6.800000190734863,6.800000190734863,531
2013-02-28,6.550000190734863,6.599999904632568,6.5,6.550000190734863,6.550000190734863,4167
2013-03-01,6.550000190734863,6.650000095367432,6.25,6.400000095367432,6.400000095367432,6375
2013-03-04,6.25,6.400000095367432,6.099999904632568,6.300000190734863,6.300000190734863,2185
2013-03-05,6.199999809265137,6.449999809265137,6.0,6.0,6.0,3403
2013-03-06,6.050000190734863,6.300000190734863,5.699999809265137,5.849999904632568,5.849999904632568,16342
2013-03-07,6.349999904632568,6.349999904632568,6.050000190734863,6.050000190734863,6.050000190734863,270
2013-03-08,6.0,6.099999904632568,5.900000095367432,6.099999904632568,6.099999904632568,1325
2013-03-11,6.5,6.699999809265137,5.949999809265137,6.449999809265137,6.449999809265137,4324
2013-03-12,7.0,7.050000190734863,6.900000095367432,7.050000190734863,7.050000190734863,20267
2013-03-13,7.0,7.550000190734863,7.0,7.400000095367432,7.400000095367432,4075
2013-03-14,7.699999809265137,7.75,7.349999904632568,7.599999904632568,7.599999904632568,4552
2013-03-15,7.849999904632568,7.849999904632568,7.25,7.25,7.25,9184
2013-03-18,7.349999904632568,7.349999904632568,6.900000095367432,7.199999809265137,7.199999809265137,1863
2013-03-19,7.199999809265137,7.199999809265137,7.199999809265137,7.199999809265137,7.199999809265137,0
2013-03-20,6.900000095367432,6.900000095367432,6.900000095367432,6.900000095367432,6.900000095367432,2
2013-03-21,6.800000190734863,6.800000190734863,6.599999904632568,6.599999904632568,6.599999904632568,230
2013-03-22,6.300000190734863,6.300000190734863,6.300000190734863,6.300000190734863,6.300000190734863,14
2013-03-25,6.0,6.0,6.0,6.0,6.0,219
2013-03-26,5.699999809265137,5.900000095367432,5.699999809265137,5.900000095367432,5.900000095367432,5086
2013-03-28,5.900000095367432,6.150000095367432,5.75,6.099999904632568,6.099999904632568,1510
2013-04-01,6.050000190734863,6.050000190734863,5.900000095367432,5.949999809265137,5.949999809265137,549
2013-04-02,6.0,6.199999809265137,6.0,6.199999809265137,6.199999809265137,6224
2013-04-03,6.0,6.5,6.0,6.300000190734863,6.300000190734863,1598
2013-04-04,6.050000190734863,6.300000190734863,6.0,6.050000190734863,6.050000190734863,4012
2013-04-05,6.0,6.300000190734863,5.849999904632568,5.849999904632568,5.849999904632568,3195
2013-04-08,5.849999904632568,5.849999904632568,5.849999904632568,5.849999904632568,5.849999904632568,0
2013-04-09,5.849999904632568,5.849999904632568,5.849999904632568,5.849999904632568,5.849999904632568,0
2013-04-10,5.849999904632568,5.849999904632568,5.849999904632568,5.849999904632568,5.849999904632568,0
2013-04-11,5.849999904632568,5.849999904632568,5.849999904632568,5.849999904632568,5.849999904632568,0
2013-04-12,5.849999904632568,5.849999904632568,5.849999904632568,5.849999904632568,5.849999904632568,0
2013-04-15,5.849999904632568,5.849999904632568,5.849999904632568,5.849999904632568,5.849999904632568,0
2013-04-16,5.599999904632568,5.599999904632568,5.599999904632568,5.599999904632568,5.599999904632568,10
2013-04-17,5.599999904632568,5.599999904632568,5.599999904632568,5.599999904632568,5.599999904632568,0
2013-04-18,5.599999904632568,5.599999904632568,5.599999904632568,5.599999904632568,5.599999904632568,0
2013-04-22,5.599999904632568,5.599999904632568,5.599999904632568,5.599999904632568,5.599999904632568,0
2013-04-23,5.800000190734863,5.800000190734863,5.699999809265137,5.800000190734863,5.800000190734863,1000
2013-04-25,6.0,6.0,6.0,6.0,6.0,24101
2013-04-26,6.0,6.0,6.0,6.0,6.0,0
2013-04-29,6.0,6.0,6.0,6.0,6.0,0
2013-04-30,6.0,6.0,6.0,6.0,6.0,0
2013-05-02,6.0,6.0,6.0,6.0,6.0,0
2013-05-03,6.0,6.0,6.0,6.0,6.0,0
2013-05-06,6.0,6.099999904632568,6.0,6.0,6.0,2250
2013-05-07,6.0,6.0,6.0,6.0,6.0,0
2013-05-08,5.699999809265137,5.699999809265137,5.699999809265137,5.699999809265137,5.699999809265137,861
2013-05-09,5.650000095367432,5.650000095367432,5.650000095367432,5.650000095367432,5.650000095367432,1100
2013-05-10,5.650000095367432,5.650000095367432,5.650000095367432,5.650000095367432,5.650000095367432,0
2013-05-13,5.900000095367432,5.900000095367432,5.900000095367432,5.900000095367432,5.900000095367432,200
2013-05-14,5.900000095367432,5.900000095367432,5.900000095367432,5.900000095367432,5.900000095367432,1100
2013-05-15,5.900000095367432,5.900000095367432,5.900000095367432,5.900000095367432,5.900000095367432,0
2013-05-16,5.800000190734863,5.800000190734863,5.800000190734863,5.800000190734863,5.800000190734863,920
2013-05-17,5.800000190734863,5.800000190734863,5.800000190734863,5.800000190734863,5.800000190734863,0
2013-05-20,5.800000190734863,5.800000190734863,5.800000190734863,5.800000190734863,5.800000190734863,0
2013-05-21,5.949999809265137,5.949999809265137,5.949999809265137,5.949999809265137,5.949999809265137,200
2013-05-22,5.949999809265137,5.949999809265137,5.949999809265137,5.949999809265137,5.949999809265137,212
2013-05-23,6.199999809265137,6.199999809265137,6.199999809265137,6.199999809265137,6.199999809265137,212
2013-05-24,6.199999809265137,6.199999809265137,6.199999809265137,6.199999809265137,6.199999809265137,0
2013-05-27,6.199999809265137,6.199999809265137,6.199999809265137,6.199999809265137,6.199999809265137,0
2013-05-28,6.099999904632568,6.099999904632568,6.099999904632568,6.099999904632568,6.099999904632568,1000
2013-05-29,6.0,6.0,6.0,6.0,6.0,50
2013-05-30,5.900000095367432,5.900000095367432,5.900000095367432,5.900000095367432,5.900000095367432,100
2013-05-31,5.900000095367432,5.900000095367432,5.900000095367432,5.900000095367432,5.900000095367432,100
2013-06-03,6.150000095367432,6.150000095367432,6.150000095367432,6.150000095367432,6.150000095367432,1000
2013-06-04,6.300000190734863,6.300000190734863,6.0,6.300000190734863,6.300000190734863,935
2013-06-05,6.349999904632568,6.349999904632568,6.349999904632568,6.349999904632568,6.349999904632568,250
2013-06-06,6.349999904632568,6.349999904632568,6.349999904632568,6.349999904632568,6.349999904632568,250
2013-06-07,6.349999904632568,6.349999904632568,6.349999904632568,6.349999904632568,6.349999904632568,800
2013-06-10,6.349999904632568,6.349999904632568,6.349999904632568,6.349999904632568,6.349999904632568,0
2013-06-11,6.349999904632568,6.349999904632568,6.349999904632568,6.349999904632568,6.349999904632568,0
2013-06-12,6.150000095367432,6.150000095367432,6.150000095367432,6.150000095367432,6.150000095367432,400
2013-06-13,6.150000095367432,6.150000095367432,6.150000095367432,6.150000095367432,6.150000095367432,0
2013-06-14,6.150000095367432,6.150000095367432,6.150000095367432,6.150000095367432,6.150000095367432,0
2013-06-17,5.849999904632568,5.849999904632568,5.849999904632568,5.849999904632568,5.849999904632568,75
2013-06-18,5.849999904632568,5.849999904632568,5.849999904632568,5.849999904632568,5.849999904632568,0
2013-06-19,5.849999904632568,5.849999904632568,5.849999904632568,5.849999904632568,5.849999904632568,25
2013-06-20,6.099999904632568,6.099999904632568,6.099999904632568,6.099999904632568,6.099999904632568,73
2013-06-21,6.099999904632568,6.099999904632568,6.099999904632568,6.099999904632568,6.099999904632568,0
2013-06-24,6.099999904632568,6.099999904632568,6.099999904632568,6.099999904632568,6.099999904632568,0
2013-06-25,5.949999809265137,5.949999809265137,5.949999809265137,5.949999809265137,5.949999809265137,100
2013-06-26,5.800000190734863,5.800000190734863,5.800000190734863,5.800000190734863,5.800000190734863,75
2013-06-27,5.800000190734863,5.800000190734863,5.800000190734863,5.800000190734863,5.800000190734863,0
2013-06-28,5.800000190734863,5.800000190734863,5.800000190734863,5.800000190734863,5.800000190734863,0
2013-07-01,5.800000190734863,5.800000190734863,5.800000190734863,5.800000190734863,5.800000190734863,0
2013-07-02,5.550000190734863,5.550000190734863,5.550000190734863,5.550000190734863,5.550000190734863,100
2013-07-03,5.550000190734863,5.550000190734863,5.550000190734863,5.550000190734863,5.550000190734863,0
2013-07-04,5.300000190734863,5.300000190734863,5.300000190734863,5.300000190734863,5.300000190734863,500
2013-07-05,5.050000190734863,5.050000190734863,5.050000190734863,5.050000190734863,5.050000190734863,300
2013-07-08,5.050000190734863,5.050000190734863,5.050000190734863,5.050000190734863,5.050000190734863,0
2013-07-09,5.050000190734863,5.050000190734863,5.050000190734863,5.050000190734863,5.050000190734863,0
2013-07-10,5.050000190734863,5.050000190734863,5.050000190734863,5.050000190734863,5.050000190734863,40
2013-07-11,5.300000190734863,5.300000190734863,5.300000190734863,5.300000190734863,5.300000190734863,50
2013-07-12,5.300000190734863,5.300000190734863,5.300000190734863,5.300000190734863,5.300000190734863,0
2013-07-15,5.300000190734863,5.300000190734863,5.300000190734863,5.300000190734863,5.300000190734863,0
2013-07-16,5.300000190734863,5.300000190734863,5.300000190734863,5.300000190734863,5.300000190734863,0
2013-07-17,5.300000190734863,5.300000190734863,5.300000190734863,5.300000190734863,5.300000190734863,0
2013-07-18,5.300000190734863,5.300000190734863,5.300000190734863,5.300000190734863,5.300000190734863,0
2013-07-19,5.300000190734863,5.300000190734863,5.300000190734863,5.300000190734863,5.300000190734863,0
2013-07-22,5.5,5.550000190734863,5.199999809265137,5.550000190734863,5.550000190734863,1500
2013-07-23,5.800000190734863,5.800000190734863,5.349999904632568,5.800000190734863,5.800000190734863,1276
2013-07-24,5.800000190734863,5.800000190734863,5.800000190734863,5.800000190734863,5.800000190734863,0
2013-07-25,5.800000190734863,5.800000190734863,5.800000190734863,5.800000190734863,5.800000190734863,6
2013-07-26,5.550000190734863,5.550000190734863,5.550000190734863,5.550000190734863,5.550000190734863,6
2013-07-29,5.550000190734863,5.550000190734863,5.550000190734863,5.550000190734863,5.550000190734863,0
2013-07-30,5.550000190734863,5.550000190734863,5.550000190734863,5.550000190734863,5.550000190734863,0
2013-07-31,5.550000190734863,5.550000190734863,5.550000190734863,5.550000190734863,5.550000190734863,0
2013-08-01,5.800000190734863,5.800000190734863,5.800000190734863,5.800000190734863,5.800000190734863,2000
2013-08-02,5.550000190734863,5.900000095367432,5.550000190734863,5.550000190734863,5.550000190734863,897
2013-08-05,5.550000190734863,5.550000190734863,5.550000190734863,5.550000190734863,5.550000190734863,0
2013-08-06,5.550000190734863,5.550000190734863,5.550000190734863,5.550000190734863,5.550000190734863,0
2013-08-07,5.550000190734863,5.550000190734863,5.550000190734863,5.550000190734863,5.550000190734863,0
2013-08-08,5.75,5.800000190734863,5.550000190734863,5.75,5.75,3334
2013-08-12,6.0,6.0,6.0,6.0,6.0,2000
2013-08-13,6.0,6.0,6.0,6.0,6.0,0
2013-08-14,5.699999809265137,5.699999809265137,5.699999809265137,5.699999809265137,5.699999809265137,50
2013-08-16,5.699999809265137,5.699999809265137,5.699999809265137,5.699999809265137,5.699999809265137,0
2013-08-19,5.699999809265137,5.699999809265137,5.699999809265137,5.699999809265137,5.699999809265137,0
2013-08-20,5.699999809265137,5.699999809265137,5.699999809265137,5.699999809265137,5.699999809265137,0
2013-08-21,5.699999809265137,5.699999809265137,5.699999809265137,5.699999809265137,5.699999809265137,0
2013-08-22,5.949999809265137,5.949999809265137,5.949999809265137,5.949999809265137,5.949999809265137,591
2013-08-23,5.949999809265137,5.949999809265137,5.949999809265137,5.949999809265137,5.949999809265137,500
2013-08-26,5.949999809265137,5.949999809265137,5.949999809265137,5.949999809265137,5.949999809265137,0
2013-08-27,5.949999809265137,5.949999809265137,5.949999809265137,5.949999809265137,5.949999809265137,0
2013-08-28,5.949999809265137,5.949999809265137,5.949999809265137,5.949999809265137,5.949999809265137,0
2013-08-29,6.199999809265137,6.199999809265137,6.199999809265137,6.199999809265137,6.199999809265137,100
2013-08-30,6.199999809265137,6.199999809265137,6.199999809265137,6.199999809265137,6.199999809265137,0
2013-09-02,6.199999809265137,6.199999809265137,6.199999809265137,6.199999809265137,6.199999809265137,0
2013-09-03,6.5,6.5,6.5,6.5,6.5,100
2013-09-04,6.5,6.5,6.5,6.5,6.5,100
2013-09-05,6.5,6.5,6.5,6.5,6.5,0
2013-09-06,6.199999809265137,6.199999809265137,6.199999809265137,6.199999809265137,6.199999809265137,50
2013-09-10,6.199999809265137,6.199999809265137,6.199999809265137,6.199999809265137,6.199999809265137,0
2013-09-11,6.0,6.0,6.0,6.0,6.0,500
2013-09-12,6.0,6.0,6.0,6.0,6.0,0
2013-09-13,6.0,6.0,6.0,6.0,6.0,150
2013-09-16,6.0,6.0,6.0,6.0,6.0,0
2013-09-17,6.0,6.0,6.0,6.0,6.0,400
2013-09-18,6.0,6.0,6.0,6.0,6.0,0
2013-09-19,6.0,6.0,6.0,6.0,6.0,0
2013-09-20,6.0,6.0,6.0,6.0,6.0,0
2013-09-23,6.0,6.0,6.0,6.0,6.0,0
2013-09-24,6.0,6.0,6.0,6.0,6.0,0
2013-09-25,6.0,6.0,6.0,6.0,6.0,0
2013-09-26,6.0,6.0,6.0,6.0,6.0,0
2013-09-27,6.199999809265137,6.199999809265137,6.199999809265137,6.199999809265137,6.199999809265137,1000
2013-09-30,6.5,6.5,6.349999904632568,6.5,6.5,3000
2013-10-01,6.800000190734863,6.800000190734863,6.800000190734863,6.800000190734863,6.800000190734863,200
2013-10-03,6.900000095367432,6.900000095367432,6.900000095367432,6.900000095367432,6.900000095367432,500
2013-10-04,6.900000095367432,7.099999904632568,6.900000095367432,6.900000095367432,6.900000095367432,790
2013-10-07,6.900000095367432,6.900000095367432,6.900000095367432,6.900000095367432,6.900000095367432,0
2013-10-08,6.849999904632568,6.849999904632568,6.849999904632568,6.849999904632568,6.849999904632568,500
2013-10-09,6.599999904632568,6.599999904632568,6.599999904632568,6.599999904632568,6.599999904632568,500
2013-10-10,6.800000190734863,6.800000190734863,6.800000190734863,6.800000190734863,6.800000190734863,6
2013-10-11,6.800000190734863,6.800000190734863,6.800000190734863,6.800000190734863,6.800000190734863,6
2013-10-14,7.099999904632568,7.099999904632568,7.099999904632568,7.099999904632568,7.099999904632568,750
2013-10-15,7.0,7.0,7.0,7.0,7.0,376
2013-10-17,7.0,7.0,7.0,7.0,7.0,0
2013-10-18,6.650000095367432,6.650000095367432,6.650000095367432,6.650000095367432,6.650000095367432,156
2013-10-21,6.949999809265137,6.949999809265137,6.349999904632568,6.949999809265137,6.949999809265137,206
2013-10-22,7.25,7.25,7.0,7.25,7.25,125
2013-10-23,7.25,7.25,7.25,7.25,7.25,0
2013-10-24,7.599999904632568,7.599999904632568,7.599999904632568,7.599999904632568,7.599999904632568,100
2013-10-25,7.599999904632568,7.599999904632568,7.599999904632568,7.599999904632568,7.599999904632568,0
2013-10-28,7.949999809265137,7.949999809265137,7.949999809265137,7.949999809265137,7.949999809265137,470
2013-10-29,7.650000095367432,8.100000381469727,7.650000095367432,7.650000095367432,7.650000095367432,127
2013-10-30,8.0,8.0,7.300000190734863,8.0,8.0,77
2013-10-31,8.399999618530273,8.399999618530273,8.399999618530273,8.399999618530273,8.399999618530273,3000
2013-11-01,8.800000190734863,8.800000190734863,8.25,8.800000190734863,8.800000190734863,224
2013-11-05,9.550000190734863,9.550000190734863,9.199999809265137,9.550000190734863,9.550000190734863,350
2013-11-06,9.75,9.75,9.350000381469727,9.75,9.75,498
2013-11-07,9.75,9.75,9.75,9.75,9.75,0
2013-11-08,9.75,9.75,9.75,9.75,9.75,0
2013-11-11,9.75,9.75,9.75,9.75,9.75,0
2013-11-12,9.300000190734863,9.300000190734863,9.300000190734863,9.300000190734863,9.300000190734863,200
2013-11-13,9.300000190734863,9.300000190734863,9.300000190734863,9.300000190734863,9.300000190734863,0
2013-11-14,9.300000190734863,9.300000190734863,9.300000190734863,9.300000190734863,9.300000190734863,0
2013-11-18,8.850000381469727,8.850000381469727,8.850000381469727,8.850000381469727,8.850000381469727,500
2013-11-19,8.850000381469727,8.850000381469727,8.850000381469727,8.850000381469727,8.850000381469727,0
2013-11-20,8.850000381469727,8.850000381469727,8.850000381469727,8.850000381469727,8.850000381469727,0
2013-11-21,8.850000381469727,8.850000381469727,8.850000381469727,8.850000381469727,8.850000381469727,0
2013-11-22,8.850000381469727,8.850000381469727,8.850000381469727,8.850000381469727,8.850000381469727,0
2013-11-25,8.949999809265137,8.949999809265137,8.949999809265137,8.949999809265137,8.949999809265137,700
2013-11-26,8.949999809265137,8.949999809265137,8.949999809265137,8.949999809265137,8.949999809265137,0
2013-11-27,8.550000190734863,8.550000190734863,8.550000190734863,8.550000190734863,8.550000190734863,800
2013-11-28,8.550000190734863,8.550000190734863,8.550000190734863,8.550000190734863,8.550000190734863,0
2013-11-29,8.899999618530273,8.899999618530273,8.899999618530273,8.899999618530273,8.899999618530273,25
2013-12-02,8.5,8.5,8.5,8.5,8.5,50
2013-12-03,8.5,8.5,8.5,8.5,8.5,0
2013-12-04,8.5,8.5,8.5,8.5,8.5,0
2013-12-05,8.5,8.5,8.5,8.5,8.5,0
2013-12-06,8.25,8.25,8.25,8.25,8.25,25
2013-12-09,8.25,8.25,8.25,8.25,8.25,6
2013-12-10,8.25,8.25,8.25,8.25,8.25,0
2013-12-11,8.649999618530273,8.649999618530273,7.849999904632568,8.649999618530273,8.649999618530273,282
2013-12-12,8.649999618530273,8.649999618530273,8.649999618530273,8.649999618530273,8.649999618530273,0
2013-12-13,8.649999618530273,8.649999618530273,8.649999618530273,8.649999618530273,8.649999618530273,0
2013-12-16,8.649999618530273,8.649999618530273,8.649999618530273,8.649999618530273,8.649999618530273,0
2013-12-17,8.649999618530273,8.649999618530273,8.649999618530273,8.649999618530273,8.649999618530273,0
2013-12-18,8.649999618530273,8.649999618530273,8.649999618530273,8.649999618530273,8.649999618530273,0
2013-12-19,8.649999618530273,8.649999618530273,8.649999618530273,8.649999618530273,8.649999618530273,0
2013-12-20,8.649999618530273,8.649999618530273,8.649999618530273,8.649999618530273,8.649999618530273,0
2013-12-23,8.649999618530273,8.649999618530273,8.649999618530273,8.649999618530273,8.649999618530273,0
2013-12-24,8.649999618530273,8.649999618530273,8.649999618530273,8.649999618530273,8.649999618530273,0
2013-12-26,8.649999618530273,8.649999618530273,8.649999618530273,8.649999618530273,8.649999618530273,0
2013-12-27,8.649999618530273,8.649999618530273,8.649999618530273,8.649999618530273,8.649999618530273,0
2013-12-30,8.649999618530273,8.649999618530273,8.649999618530273,8.649999618530273,8.649999618530273,0
2013-12-31,8.25,8.25,8.25,8.25,8.25,200
2014-01-01,8.25,8.25,8.25,8.25,8.25,0
2014-01-02,8.399999618530273,8.399999618530273,8.399999618530273,8.399999618530273,8.399999618530273,86
2014-01-03,8.399999618530273,8.800000190734863,8.399999618530273,8.399999618530273,8.399999618530273,1800
2014-01-06,8.399999618530273,8.399999618530273,8.399999618530273,8.399999618530273,8.399999618530273,0
2014-01-07,8.399999618530273,8.399999618530273,8.399999618530273,8.399999618530273,8.399999618530273,2807
2014-01-08,8.399999618530273,8.399999618530273,8.399999618530273,8.399999618530273,8.399999618530273,0
2014-01-09,8.399999618530273,8.399999618530273,8.399999618530273,8.399999618530273,8.399999618530273,50
2014-01-10,8.399999618530273,8.399999618530273,8.399999618530273,8.399999618530273,8.399999618530273,0
2014-01-13,8.0,8.800000190734863,8.0,8.350000381469727,8.350000381469727,1766
2014-01-14,8.75,8.75,8.050000190734863,8.699999809265137,8.699999809265137,470
2014-01-15,8.350000381469727,8.699999809265137,8.300000190734863,8.550000190734863,8.550000190734863,127
2014-01-16,8.850000381469727,8.899999618530273,8.850000381469727,8.899999618530273,8.899999618530273,5
2014-01-17,8.5,8.5,8.5,8.5,8.5,5
2014-01-20,8.100000381469727,8.100000381469727,8.100000381469727,8.100000381469727,8.100000381469727,434
2014-01-21,8.050000190734863,8.100000381469727,7.699999809265137,7.699999809265137,7.699999809265137,536
2014-01-22,7.349999904632568,8.0,7.349999904632568,8.0,8.0,849
2014-01-23,8.399999618530273,8.399999618530273,7.599999904632568,8.149999618530273,8.149999618530273,823
2014-01-24,8.0,8.449999809265137,8.0,8.149999618530273,8.149999618530273,200
2014-01-27,8.149999618530273,8.149999618530273,7.75,7.75,7.75,27
2014-01-28,7.849999904632568,7.849999904632568,7.400000095367432,7.400000095367432,7.400000095367432,306
2014-01-29,7.75,7.75,7.699999809265137,7.699999809265137,7.699999809265137,118
2014-01-30,7.699999809265137,7.699999809265137,7.699999809265137,7.699999809265137,7.699999809265137,609
2014-01-31,7.400000095367432,7.900000095367432,7.400000095367432,7.900000095367432,7.900000095367432,18
2014-02-03,7.550000190734863,8.149999618530273,7.550000190734863,8.149999618530273,8.149999618530273,82
2014-02-04,8.050000190734863,8.050000190734863,8.050000190734863,8.050000190734863,8.050000190734863,10
2014-02-05,7.75,7.75,7.75,7.75,7.75,14
2014-02-06,7.75,7.949999809265137,7.75,7.75,7.75,16
2014-02-07,7.5,7.5,7.400000095367432,7.400000095367432,7.400000095367432,277
2014-02-10,7.449999809265137,7.449999809265137,7.449999809265137,7.449999809265137,7.449999809265137,15
2014-02-11,7.400000095367432,7.400000095367432,7.300000190734863,7.300000190734863,7.300000190734863,30
2014-02-12,7.5,7.5,7.5,7.5,7.5,2
2014-02-13,7.199999809265137,7.199999809265137,7.199999809265137,7.199999809265137,7.199999809265137,500
2014-02-14,7.0,7.0,6.849999904632568,6.849999904632568,6.849999904632568,160
2014-02-17,6.75,6.75,6.75,6.75,6.75,13
2014-02-18,6.449999809265137,7.050000190734863,6.449999809265137,6.449999809265137,6.449999809265137,422
2014-02-19,6.199999809265137,6.75,6.199999809265137,6.5,6.5,1106
2014-02-20,6.400000095367432,6.400000095367432,6.300000190734863,6.349999904632568,6.349999904632568,621
2014-02-21,6.599999904632568,6.599999904632568,6.300000190734863,6.400000095367432,6.400000095367432,1206
2014-02-24,6.699999809265137,6.699999809265137,6.349999904632568,6.599999904632568,6.599999904632568,410
2014-02-25,6.5,6.849999904632568,6.349999904632568,6.849999904632568,6.849999904632568,44
2014-02-26,6.550000190734863,6.599999904632568,6.550000190734863,6.599999904632568,6.599999904632568,1020
2014-02-28,6.349999904632568,6.849999904632568,6.349999904632568,6.349999904632568,6.349999904632568,460
2014-03-03,6.199999809265137,6.650000095367432,6.150000095367432,6.449999809265137,6.449999809265137,210
2014-03-04,6.150000095367432,6.699999809265137,6.150000095367432,6.699999809265137,6.699999809265137,1381
2014-03-05,6.650000095367432,6.650000095367432,6.400000095367432,6.650000095367432,6.650000095367432,301
2014-03-06,6.349999904632568,6.650000095367432,6.349999904632568,6.650000095367432,6.650000095367432,401
2014-03-07,6.300000190734863,6.400000095367432,6.300000190734863,6.349999904632568,6.349999904632568,413
2014-03-10,6.400000095367432,6.400000095367432,6.0,6.25,6.25,552
2014-03-11,6.050000190734863,6.199999809265137,5.900000095367432,6.150000095367432,6.150000095367432,1337
2014-03-12,5.949999809265137,5.949999809265137,5.949999809265137,5.949999809265137,5.949999809265137,6
2014-03-13,6.0,6.25,5.900000095367432,5.949999809265137,5.949999809265137,6008
2014-03-14,6.449999809265137,6.449999809265137,5.599999904632568,6.099999904632568,6.099999904632568,384
2014-03-18,5.900000095367432,5.900000095367432,5.900000095367432,5.900000095367432,5.900000095367432,221
2014-03-19,5.900000095367432,5.900000095367432,5.900000095367432,5.900000095367432,5.900000095367432,0
2014-03-20,5.900000095367432,6.099999904632568,5.900000095367432,5.949999809265137,5.949999809265137,863
2014-03-21,6.5,6.5,6.5,6.5,6.5,46
2014-03-24,6.099999904632568,6.449999809265137,6.099999904632568,6.25,6.25,62
2014-03-25,6.849999904632568,6.849999904632568,6.849999904632568,6.849999904632568,6.849999904632568,255
2014-03-26,6.449999809265137,7.5,6.449999809265137,7.400000095367432,7.400000095367432,2265
2014-03-27,7.349999904632568,7.400000095367432,6.75,6.800000190734863,6.800000190734863,350
2014-03-28,7.449999809265137,7.449999809265137,7.449999809265137,7.449999809265137,7.449999809265137,1550
2014-03-31,6.900000095367432,6.900000095367432,6.900000095367432,6.900000095367432,6.900000095367432,115
2014-04-01,7.050000190734863,7.050000190734863,7.050000190734863,7.050000190734863,7.050000190734863,74
2014-04-02,7.349999904632568,7.75,7.349999904632568,7.75,7.75,763
2014-04-03,7.0,7.800000190734863,7.0,7.599999904632568,7.599999904632568,1050
2014-04-04,7.300000190734863,7.349999904632568,7.300000190734863,7.349999904632568,7.349999904632568,145
2014-04-07,7.699999809265137,7.800000190734863,7.449999809265137,7.449999809265137,7.449999809265137,3500
2014-04-09,7.199999809265137,7.199999809265137,7.199999809265137,7.199999809265137,7.199999809265137,4
2014-04-10,7.75,7.900000095367432,7.400000095367432,7.5,7.5,1332
2014-04-11,7.5,7.5,7.5,7.5,7.5,0
2014-04-15,7.099999904632568,8.149999618530273,7.099999904632568,7.599999904632568,7.599999904632568,403
2014-04-16,7.099999904632568,7.75,7.099999904632568,7.5,7.5,941
2014-04-17,7.150000095367432,8.0,7.150000095367432,8.0,8.0,1110
2014-04-21,7.599999904632568,7.699999809265137,7.5,7.5,7.5,1361
2014-04-22,7.800000190734863,8.199999809265137,7.0,7.949999809265137,7.949999809265137,1650
2014-04-23,7.75,8.0,7.699999809265137,7.800000190734863,7.800000190734863,666
2014-04-24,7.800000190734863,7.800000190734863,7.800000190734863,7.800000190734863,7.800000190734863,0
2014-04-25,7.5,7.599999904632568,7.449999809265137,7.550000190734863,7.550000190734863,524
2014-04-28,7.550000190734863,7.550000190734863,7.550000190734863,7.550000190734863,7.550000190734863,0
2014-04-29,7.599999904632568,8.300000190734863,6.949999809265137,8.300000190734863,8.300000190734863,7704
2014-04-30,8.699999809265137,8.699999809265137,7.75,7.75,7.75,113
2014-05-02,7.5,7.599999904632568,7.5,7.599999904632568,7.599999904632568,373
2014-05-05,8.350000381469727,8.350000381469727,7.550000190734863,7.550000190734863,7.550000190734863,175
2014-05-06,7.550000190734863,7.550000190734863,7.550000190734863,7.550000190734863,7.550000190734863,50
2014-05-07,7.300000190734863,8.300000190734863,7.300000190734863,7.800000190734863,7.800000190734863,803
2014-05-08,8.0,9.350000381469727,8.0,8.850000381469727,8.850000381469727,696
2014-05-09,8.199999809265137,8.199999809265137,7.75,7.900000095367432,7.900000095367432,203
2014-05-12,7.300000190734863,8.699999809265137,7.0,7.699999809265137,7.699999809265137,357
2014-05-13,7.300000190734863,9.199999809265137,7.199999809265137,8.449999809265137,8.449999809265137,1545
2014-05-14,9.5,10.100000381469727,9.0,10.100000381469727,10.100000381469727,8769
2014-05-15,11.0,11.0,9.550000190734863,9.699999809265137,9.699999809265137,9809
2014-05-16,10.649999618530273,11.600000381469727,9.699999809265137,10.050000190734863,10.050000190734863,7898
2014-05-19,10.0,12.0,10.0,11.649999618530273,11.649999618530273,13119
2014-05-20,12.0,12.199999809265137,10.5,11.649999618530273,11.649999618530273,12060
2014-05-21,11.399999618530273,11.699999809265137,11.050000190734863,11.600000381469727,11.600000381469727,4009
2014-05-22,12.350000381469727,12.699999809265137,11.699999809265137,12.550000190734863,12.550000190734863,10901
2014-05-23,12.949999809265137,12.949999809265137,12.050000190734863,12.050000190734863,12.050000190734863,2900
2014-05-26,11.899999618530273,12.199999809265137,11.449999809265137,11.800000190734863,11.800000190734863,7380
2014-05-27,11.5,12.0,11.25,11.649999618530273,11.649999618530273,1192
2014-05-28,11.199999809265137,12.199999809265137,11.199999809265137,12.199999809265137,12.199999809265137,975
2014-05-29,12.5,12.5,12.100000381469727,12.449999809265137,12.449999809265137,4201
2014-05-30,12.0,12.25,11.899999618530273,12.050000190734863,12.050000190734863,125
2014-06-02,11.949999809265137,11.949999809265137,11.449999809265137,11.800000190734863,11.800000190734863,1932
2014-06-03,12.199999809265137,12.25,11.899999618530273,11.899999618530273,11.899999618530273,5100
2014-06-04,11.949999809265137,12.0,11.699999809265137,11.75,11.75,1801
2014-06-05,11.5,11.800000190734863,11.399999618530273,11.800000190734863,11.800000190734863,607
2014-06-06,11.899999618530273,12.0,11.649999618530273,11.899999618530273,11.899999618530273,2276
2014-06-09,12.0,12.25,11.550000190734863,12.100000381469727,12.100000381469727,13158
2014-06-10,12.0,12.149999618530273,12.0,12.149999618530273,12.149999618530273,505
2014-06-11,11.699999809265137,11.75,11.699999809265137,11.699999809265137,11.699999809265137,125
2014-06-12,12.25,12.25,11.149999618530273,11.600000381469727,11.600000381469727,3103
2014-06-13,11.100000381469727,11.300000190734863,11.050000190734863,11.300000190734863,11.300000190734863,3094
2014-06-16,11.0,11.0,10.75,11.0,11.0,140
2014-06-17,10.699999809265137,11.550000190734863,10.5,11.199999809265137,11.199999809265137,305
2014-06-18,10.800000190734863,10.800000190734863,10.649999618530273,10.649999618530273,10.649999618530273,602
2014-06-19,10.199999809265137,10.75,10.199999809265137,10.699999809265137,10.699999809265137,137
2014-06-20,10.300000190734863,11.0,10.199999809265137,10.550000190734863,10.550000190734863,206
2014-06-23,11.0,11.0,10.850000381469727,10.850000381469727,10.850000381469727,1001
2014-06-24,10.899999618530273,11.0,10.350000381469727,10.449999809265137,10.449999809265137,1565
2014-06-25,10.75,10.800000190734863,10.0,10.800000190734863,10.800000190734863,1707
2014-06-26,11.149999618530273,11.300000190734863,10.300000190734863,11.300000190734863,11.300000190734863,10967
2014-06-27,10.800000190734863,11.649999618530273,10.800000190734863,10.949999809265137,10.949999809265137,3750
2014-06-30,11.399999618530273,11.449999809265137,10.699999809265137,11.449999809265137,11.449999809265137,7508
2014-07-01,11.350000381469727,12.0,11.350000381469727,11.949999809265137,11.949999809265137,2637
2014-07-02,12.100000381469727,12.5,12.100000381469727,12.449999809265137,12.449999809265137,14494
2014-07-03,12.5,13.050000190734863,12.199999809265137,13.050000190734863,13.050000190734863,24245
2014-07-04,13.649999618530273,13.699999809265137,13.25,13.699999809265137,13.699999809265137,6791
2014-07-07,14.25,14.350000381469727,13.5,14.350000381469727,14.350000381469727,5369
2014-07-08,15.0,15.050000190734863,14.5,14.850000381469727,14.850000381469727,13274
2014-07-09,14.850000381469727,14.850000381469727,14.199999809265137,14.199999809265137,14.199999809265137,2767
2014-07-10,14.199999809265137,14.199999809265137,13.5,14.199999809265137,14.199999809265137,2034
2014-07-11,14.0,14.0,13.550000190734863,13.550000190734863,13.550000190734863,2350
2014-07-14,13.199999809265137,13.399999618530273,12.899999618530273,12.949999809265137,12.949999809265137,381
2014-07-15,12.350000381469727,12.600000381469727,12.350000381469727,12.5,12.5,1431
2014-07-16,12.0,12.800000190734863,12.0,12.600000381469727,12.600000381469727,978
2014-07-17,13.100000381469727,13.199999809265137,12.899999618530273,13.199999809265137,13.199999809265137,2692
2014-07-18,13.5,13.850000381469727,13.300000190734863,13.5,13.5,5662
2014-07-21,14.050000190734863,14.149999618530273,13.25,13.850000381469727,13.850000381469727,6800
2014-07-22,14.449999809265137,14.5,14.100000381469727,14.5,14.5,5661
2014-07-23,15.0,15.0,13.800000190734863,13.949999809265137,13.949999809265137,6699
2014-07-24,14.5,14.5,13.300000190734863,13.550000190734863,13.550000190734863,3321
2014-07-25,13.949999809265137,13.949999809265137,12.899999618530273,13.149999618530273,13.149999618530273,8629
2014-07-28,13.0,13.0,12.5,12.75,12.75,2535
2014-07-30,12.5,12.5,12.300000190734863,12.300000190734863,12.300000190734863,1650
2014-07-31,12.75,12.899999618530273,12.25,12.25,12.25,4990
2014-08-01,12.850000381469727,12.850000381469727,12.850000381469727,12.850000381469727,12.850000381469727,1438
2014-08-04,13.149999618530273,13.449999809265137,12.550000190734863,13.399999618530273,13.399999618530273,12194
2014-08-05,12.800000190734863,13.600000381469727,12.75,13.600000381469727,13.600000381469727,9978
2014-08-06,13.600000381469727,13.600000381469727,13.600000381469727,13.600000381469727,13.600000381469727,0
2014-08-07,12.949999809265137,12.949999809265137,12.949999809265137,12.949999809265137,12.949999809265137,200
2014-08-08,12.5,12.5,12.399999618530273,12.399999618530273,12.399999618530273,525
2014-08-11,12.0,12.0,12.0,12.0,12.0,1206
2014-08-12,11.800000190734863,11.899999618530273,11.649999618530273,11.649999618530273,11.649999618530273,200
2014-08-13,11.25,11.5,11.25,11.5,11.5,150
2014-08-14,11.050000190734863,12.0,11.050000190734863,11.949999809265137,11.949999809265137,1711
2014-08-18,11.899999618530273,11.899999618530273,11.899999618530273,11.899999618530273,11.899999618530273,659
2014-08-19,11.600000381469727,12.0,11.600000381469727,11.600000381469727,11.600000381469727,230
2014-08-20,12.0,12.149999618530273,12.0,12.149999618530273,12.149999618530273,800
2014-08-21,12.149999618530273,12.149999618530273,12.149999618530273,12.149999618530273,12.149999618530273,350
2014-08-22,12.5,12.5,12.25,12.25,12.25,22
2014-08-25,11.699999809265137,11.699999809265137,11.649999618530273,11.649999618530273,11.649999618530273,506
2014-08-26,11.800000190734863,11.800000190734863,11.800000190734863,11.800000190734863,11.800000190734863,400
2014-08-27,12.100000381469727,12.350000381469727,12.100000381469727,12.350000381469727,12.350000381469727,665
2014-08-28,12.350000381469727,12.949999809265137,12.350000381469727,12.949999809265137,12.949999809265137,264
2014-09-01,12.350000381469727,13.050000190734863,12.350000381469727,12.949999809265137,12.949999809265137,68
2014-09-02,12.550000190734863,12.800000190734863,12.550000190734863,12.800000190734863,12.800000190734863,440
2014-09-03,12.75,12.75,12.5,12.600000381469727,12.600000381469727,814
2014-09-04,12.600000381469727,12.600000381469727,12.600000381469727,12.600000381469727,12.600000381469727,0
2014-09-05,12.0,12.5,12.0,12.5,12.5,830
2014-09-08,11.899999618530273,12.5,11.899999618530273,12.5,12.5,110
2014-09-09,12.25,12.800000190734863,12.25,12.800000190734863,12.800000190734863,889
2014-09-10,12.300000190734863,12.300000190734863,12.199999809265137,12.199999809265137,12.199999809265137,850
2014-09-11,12.100000381469727,12.800000190734863,12.100000381469727,12.75,12.75,689
2014-09-12,13.0,13.350000381469727,13.0,13.350000381469727,13.350000381469727,5700
2014-09-15,13.449999809265137,13.949999809265137,13.350000381469727,13.75,13.75,1787
2014-09-16,13.550000190734863,13.550000190734863,13.100000381469727,13.100000381469727,13.100000381469727,1187
2014-09-17,12.699999809265137,12.699999809265137,12.449999809265137,12.449999809265137,12.449999809265137,3598
2014-09-18,12.149999618530273,12.300000190734863,11.850000381469727,12.0,12.0,5301
2014-09-19,12.0,12.0,12.0,12.0,12.0,500
2014-09-22,12.449999809265137,12.449999809265137,11.449999809265137,11.550000190734863,11.550000190734863,1202
2014-09-23,11.899999618530273,12.0,11.149999618530273,11.699999809265137,11.699999809265137,5287
2014-09-24,11.699999809265137,12.0,11.149999618530273,11.949999809265137,11.949999809265137,3443
2014-09-25,12.0,12.0,11.899999618530273,12.0,12.0,863
2014-09-26,11.5,11.5,11.399999618530273,11.399999618530273,11.399999618530273,1851
2014-09-29,11.0,11.949999809265137,11.0,11.300000190734863,11.300000190734863,832
2014-09-30,11.850000381469727,11.850000381469727,11.350000381469727,11.699999809265137,11.699999809265137,986
2014-10-01,11.699999809265137,11.699999809265137,11.699999809265137,11.699999809265137,11.699999809265137,100
2014-10-07,11.699999809265137,11.699999809265137,11.149999618530273,11.149999618530273,11.149999618530273,405
2014-10-08,10.600000381469727,10.649999618530273,10.600000381469727,10.649999618530273,10.649999618530273,650
2014-10-09,10.350000381469727,11.0,9.600000381469727,11.0,11.0,4842
2014-10-10,10.649999618530273,10.850000381469727,10.649999618530273,10.850000381469727,10.850000381469727,3297
2014-10-13,11.399999618530273,11.399999618530273,10.850000381469727,10.850000381469727,10.850000381469727,538
2014-10-14,10.399999618530273,10.399999618530273,9.850000381469727,10.199999809265137,10.199999809265137,2031
2014-10-15,10.199999809265137,10.199999809265137,10.199999809265137,10.199999809265137,10.199999809265137,0
2014-10-16,10.0,10.649999618530273,10.0,10.050000190734863,10.050000190734863,759
2014-10-17,10.149999618530273,10.149999618530273,10.149999618530273,10.149999618530273,10.149999618530273,150
2014-10-20,10.149999618530273,10.5,10.149999618530273,10.199999809265137,10.199999809265137,540
2014-10-21,10.199999809265137,10.199999809265137,10.199999809265137,10.199999809265137,10.199999809265137,0
2014-10-22,10.149999618530273,10.149999618530273,9.699999809265137,10.050000190734863,10.050000190734863,638
2014-10-27,10.649999618530273,11.0,10.350000381469727,10.350000381469727,10.350000381469727,1415
2014-10-28,11.100000381469727,11.350000381469727,11.100000381469727,11.350000381469727,11.350000381469727,1221
2014-10-29,11.199999809265137,12.0,11.100000381469727,11.5,11.5,4280
2014-10-30,11.199999809265137,11.199999809265137,11.199999809265137,11.199999809265137,11.199999809265137,1000
2014-10-31,11.0,11.949999809265137,10.5,10.5,10.5,1640
2014-11-03,10.25,11.300000190734863,10.25,11.300000190734863,11.300000190734863,114
2014-11-05,11.0,11.199999809265137,10.300000190734863,11.199999809265137,11.199999809265137,718
2014-11-07,10.800000190734863,12.25,10.300000190734863,10.600000381469727,10.600000381469727,456
2014-11-10,11.649999618530273,11.649999618530273,11.649999618530273,11.649999618530273,11.649999618530273,464
2014-11-11,13.949999809265137,13.949999809265137,13.949999809265137,13.949999809265137,13.949999809265137,1888
2014-11-12,16.700000762939453,16.700000762939453,16.450000762939453,16.700000762939453,16.700000762939453,21049
2014-11-13,18.350000381469727,18.350000381469727,18.350000381469727,18.350000381469727,18.350000381469727,5581
2014-11-14,20.149999618530273,20.149999618530273,20.149999618530273,20.149999618530273,20.149999618530273,3584
2014-11-17,22.149999618530273,22.149999618530273,19.5,22.149999618530273,22.149999618530273,32960
2014-11-18,23.25,23.25,22.5,23.25,23.25,47924
2014-11-19,24.0,24.399999618530273,22.549999237060547,23.100000381469727,23.100000381469727,30850
2014-11-20,21.950000762939453,24.200000762939453,21.950000762939453,23.799999237060547,23.799999237060547,34207
2014-11-21,22.649999618530273,24.75,22.649999618530273,22.649999618530273,22.649999618530273,29634
2014-11-24,22.899999618530273,22.899999618530273,21.549999237060547,21.549999237060547,21.549999237060547,3118
2014-11-25,20.5,21.950000762939453,20.5,20.5,20.5,3412
2014-11-26,20.049999237060547,20.799999237060547,19.5,19.950000762939453,19.950000762939453,14887
2014-11-27,19.350000381469727,20.350000381469727,19.0,19.399999618530273,19.399999618530273,13896
2014-11-28,18.600000381469727,19.950000762939453,18.600000381469727,19.549999237060547,19.549999237060547,14338
2014-12-01,19.649999618530273,20.5,18.600000381469727,18.649999618530273,18.649999618530273,18976
2014-12-02,18.350000381469727,18.799999237060547,17.75,17.950000762939453,17.950000762939453,15914
2014-12-03,18.350000381469727,18.799999237060547,18.25,18.799999237060547,18.799999237060547,4276
2014-12-04,19.0,19.0,18.149999618530273,18.299999237060547,18.299999237060547,3329
2014-12-05,18.299999237060547,18.299999237060547,18.299999237060547,18.299999237060547,18.299999237060547,0
2014-12-08,18.299999237060547,18.299999237060547,18.299999237060547,18.299999237060547,18.299999237060547,0
2014-12-09,18.299999237060547,18.299999237060547,18.299999237060547,18.299999237060547,18.299999237060547,0
2014-12-10,17.149999618530273,17.75,17.149999618530273,17.200000762939453,17.200000762939453,898
2014-12-11,17.049999237060547,17.700000762939453,16.350000381469727,16.450000762939453,16.450000762939453,11004
2014-12-12,16.899999618530273,17.25,16.899999618530273,17.25,17.25,12522
2014-12-15,17.899999618530273,18.100000381469727,17.049999237060547,18.100000381469727,18.100000381469727,2581
2014-12-16,17.5,18.399999618530273,17.200000762939453,17.5,17.5,8746
2014-12-17,16.649999618530273,18.25,16.649999618530273,17.149999618530273,17.149999618530273,2263
2014-12-18,17.350000381469727,17.850000381469727,17.0,17.100000381469727,17.100000381469727,2595
2014-12-19,17.25,17.950000762939453,17.25,17.950000762939453,17.950000762939453,7266
2014-12-22,18.799999237060547,18.799999237060547,18.200000762939453,18.799999237060547,18.799999237060547,3105
2014-12-23,18.799999237060547,19.700000762939453,18.799999237060547,19.700000762939453,19.700000762939453,4122
2014-12-24,20.399999618530273,20.649999618530273,19.299999237060547,20.649999618530273,20.649999618530273,5785
2014-12-26,21.5,21.649999618530273,20.5,21.350000381469727,21.350000381469727,21675
2014-12-29,21.799999237060547,22.399999618530273,21.399999618530273,22.399999618530273,22.399999618530273,15314
2014-12-30,23.399999618530273,23.399999618530273,21.299999237060547,22.049999237060547,22.049999237060547,21915
2014-12-31,21.200000762939453,23.0,21.200000762939453,22.399999618530273,22.399999618530273,6674
2015-01-01,21.549999237060547,22.100000381469727,21.350000381469727,21.600000381469727,21.600000381469727,2271
2015-01-02,22.100000381469727,22.100000381469727,20.549999237060547,20.850000381469727,20.850000381469727,1492
2015-01-05,20.75,20.75,20.0,20.700000762939453,20.700000762939453,1727
2015-01-06,20.0,20.399999618530273,19.700000762939453,19.75,19.75,5891
2015-01-07,20.450000762939453,20.450000762939453,18.799999237060547,19.0,19.0,4002
2015-01-08,19.5,19.75,18.549999237060547,19.700000762939453,19.700000762939453,1343
2015-01-09,18.75,19.399999618530273,18.75,18.75,18.75,15763
2015-01-12,18.399999618530273,19.649999618530273,18.0,19.600000381469727,19.600000381469727,5565
2015-01-13,19.0,20.549999237060547,18.700000762939453,20.549999237060547,20.549999237060547,7731
2015-01-14,19.700000762939453,21.549999237060547,19.549999237060547,21.549999237060547,21.549999237060547,20191
2015-01-15,21.5,22.600000381469727,21.5,22.600000381469727,22.600000381469727,59106
2015-01-16,23.700000762939453,23.700000762939453,23.0,23.700000762939453,23.700000762939453,19695
2015-01-19,24.850000381469727,24.850000381469727,24.850000381469727,24.850000381469727,24.850000381469727,28964
2015-01-20,26.049999237060547,26.049999237060547,23.700000762939453,26.049999237060547,26.049999237060547,67654
2015-01-21,25.5,27.350000381469727,25.5,26.950000762939453,26.950000762939453,196893
2015-01-22,26.149999618530273,26.75,25.649999618530273,25.850000381469727,25.850000381469727,32521
2015-01-23,25.0,25.700000762939453,24.600000381469727,24.600000381469727,24.600000381469727,9417
2015-01-27,23.399999618530273,24.950000762939453,23.399999618530273,23.450000762939453,23.450000762939453,10705
2015-01-28,23.0,24.399999618530273,22.299999237060547,22.299999237060547,22.299999237060547,25058
2015-01-29,22.049999237060547,23.399999618530273,21.5,23.350000381469727,23.350000381469727,5865
2015-01-30,23.399999618530273,24.5,22.350000381469727,23.649999618530273,23.649999618530273,7670
2015-02-02,24.0,24.799999237060547,24.0,24.799999237060547,24.799999237060547,16722
2015-02-03,26.0,26.0,24.600000381469727,26.0,26.0,36565
2015-02-04,25.149999618530273,27.299999237060547,25.149999618530273,27.299999237060547,27.299999237060547,43455
2015-02-05,27.5,27.5,25.950000762939453,25.950000762939453,25.950000762939453,5519
2015-02-06,25.0,25.0,24.700000762939453,24.700000762939453,24.700000762939453,285
2015-02-09,25.899999618530273,25.899999618530273,23.5,23.75,23.75,51176
2015-02-10,24.0,24.600000381469727,22.600000381469727,22.600000381469727,22.600000381469727,19394
2015-02-11,21.700000762939453,22.899999618530273,21.5,21.5,21.5,15305
2015-02-12,21.899999618530273,22.25,20.450000762939453,21.149999618530273,21.149999618530273,23892
2015-02-13,21.0,21.850000381469727,20.100000381469727,20.649999618530273,20.649999618530273,8224
2015-02-16,21.299999237060547,21.549999237060547,19.649999618530273,20.799999237060547,20.799999237060547,7906
2015-02-18,20.0,21.100000381469727,19.799999237060547,20.5,20.5,2044
2015-02-19,21.0,21.0,19.549999237060547,19.899999618530273,19.899999618530273,15843
2015-02-20,20.700000762939453,20.850000381469727,19.600000381469727,20.450000762939453,20.450000762939453,9655
2015-02-23,20.850000381469727,21.450000762939453,20.299999237060547,20.700000762939453,20.700000762939453,9884
2015-02-24,20.149999618530273,21.450000762939453,19.75,21.0,21.0,4168
2015-02-25,20.149999618530273,21.600000381469727,20.149999618530273,21.0,21.0,6873
2015-02-26,20.25,21.799999237060547,19.950000762939453,20.100000381469727,20.100000381469727,19382
2015-02-27,19.700000762939453,20.799999237060547,19.700000762939453,19.950000762939453,19.950000762939453,4005
2015-03-02,21.0,21.0,19.950000762939453,20.0,20.0,4588
2015-03-03,19.399999618530273,20.899999618530273,19.399999618530273,20.049999237060547,20.049999237060547,2969
2015-03-04,20.799999237060547,20.850000381469727,19.049999237060547,19.25,19.25,8318
2015-03-05,20.0,20.200000762939453,19.799999237060547,20.200000762939453,20.200000762939453,4589
2015-03-09,21.399999618530273,22.200000762939453,20.75,22.200000762939453,22.200000762939453,13872
2015-03-10,23.25,24.399999618530273,23.0,24.100000381469727,24.100000381469727,37595
2015-03-11,24.100000381469727,25.350000381469727,23.799999237060547,24.0,24.0,16457
2015-03-12,25.0,25.600000381469727,24.149999618530273,25.149999618530273,25.149999618530273,18777
2015-03-13,24.100000381469727,25.700000762939453,23.5,23.649999618530273,23.649999618530273,11194
2015-03-16,23.0,23.299999237060547,21.299999237060547,21.950000762939453,21.950000762939453,22276
2015-03-17,21.5,22.950000762939453,20.350000381469727,22.299999237060547,22.299999237060547,3727
2015-03-18,21.25,24.5,20.25,24.450000762939453,24.450000762939453,32623
2015-03-19,23.700000762939453,25.0,23.049999237060547,23.100000381469727,23.100000381469727,1320
2015-03-20,24.25,24.25,21.649999618530273,22.450000762939453,22.450000762939453,2172
2015-03-23,24.0,24.25,21.100000381469727,23.75,23.75,7512
2015-03-24,21.899999618530273,23.399999618530273,21.899999618530273,22.200000762939453,22.200000762939453,5316
2015-03-25,23.850000381469727,23.850000381469727,20.5,21.950000762939453,21.950000762939453,15943
2015-03-26,21.149999618530273,22.399999618530273,21.149999618530273,21.700000762939453,21.700000762939453,2400
2015-03-27,21.5,23.100000381469727,20.100000381469727,20.450000762939453,20.450000762939453,56063
2015-03-30,21.850000381469727,22.450000762939453,20.75,21.450000762939453,21.450000762939453,5023
2015-03-31,21.0,22.5,21.0,21.350000381469727,21.350000381469727,4562
2015-04-01,21.350000381469727,23.450000762939453,21.100000381469727,23.450000762939453,23.450000762939453,4675
2015-04-06,25.700000762939453,25.75,21.200000762939453,25.75,25.75,14181
2015-04-07,29.899999618530273,29.899999618530273,26.149999618530273,27.350000381469727,27.350000381469727,38896
2015-04-08,26.700000762939453,32.79999923706055,26.700000762939453,30.549999237060547,30.549999237060547,82788
2015-04-09,32.5,32.5,28.700000762939453,29.799999237060547,29.799999237060547,28701
2015-04-10,28.0,31.0,28.0,30.700000762939453,30.700000762939453,30512
2015-04-13,36.79999923706055,36.79999923706055,36.79999923706055,36.79999923706055,36.79999923706055,200951
2015-04-15,40.45000076293945,40.45000076293945,40.45000076293945,40.45000076293945,40.45000076293945,147013
2015-04-16,42.45000076293945,44.45000076293945,41.0,44.45000076293945,44.45000076293945,530064
2015-04-17,45.95000076293945,47.0,41.29999923706055,42.54999923706055,42.54999923706055,208649
2015-04-20,43.0,43.900001525878906,39.95000076293945,40.54999923706055,40.54999923706055,107328
2015-04-21,44.29999923706055,44.29999923706055,38.0,38.650001525878906,38.650001525878906,74726
2015-04-22,39.0,42.5,38.79999923706055,42.29999923706055,42.29999923706055,264722
2015-04-23,44.95000076293945,44.95000076293945,41.150001525878906,42.04999923706055,42.04999923706055,81446
2015-04-24,42.400001525878906,42.400001525878906,38.25,39.099998474121094,39.099998474121094,71979
2015-04-27,40.0,40.0,35.599998474121094,36.54999923706055,36.54999923706055,49935
2015-04-28,36.349998474121094,37.900001525878906,32.900001525878906,36.849998474121094,36.849998474121094,94186
2015-04-29,36.099998474121094,38.0,33.599998474121094,34.54999923706055,34.54999923706055,76259
2015-04-30,34.0,38.0,33.29999923706055,38.0,38.0,53376
2015-05-04,42.79999923706055,45.599998474121094,38.75,42.900001525878906,42.900001525878906,163133
2015-05-05,44.900001525878906,44.900001525878906,39.599998474121094,40.5,40.5,46718
2015-05-06,42.29999923706055,42.29999923706055,38.0,38.70000076293945,38.70000076293945,55435
2015-05-07,37.5,40.20000076293945,35.70000076293945,37.20000076293945,37.20000076293945,75504
2015-05-08,38.0,41.900001525878906,38.0,40.20000076293945,40.20000076293945,56507
2015-05-11,43.900001525878906,43.900001525878906,40.0,40.20000076293945,40.20000076293945,14588
2015-05-12,40.20000076293945,40.900001525878906,38.04999923706055,39.45000076293945,39.45000076293945,33858
2015-05-13,38.54999923706055,40.5,37.349998474121094,39.04999923706055,39.04999923706055,20112
2015-05-14,38.150001525878906,42.75,38.150001525878906,42.0,42.0,52472
2015-05-15,43.349998474121094,44.0,41.04999923706055,41.900001525878906,41.900001525878906,64784
2015-05-18,41.54999923706055,43.20000076293945,41.29999923706055,42.349998474121094,42.349998474121094,26990
2015-05-19,42.0,42.70000076293945,40.0,40.400001525878906,40.400001525878906,30589
2015-05-20,39.650001525878906,42.650001525878906,39.099998474121094,40.29999923706055,40.29999923706055,31652
2015-05-21,40.0,43.45000076293945,40.0,42.349998474121094,42.349998474121094,63587
2015-05-22,39.099998474121094,41.349998474121094,38.650001525878906,39.150001525878906,39.150001525878906,92693
2015-05-25,40.0,40.0,37.650001525878906,37.95000076293945,37.95000076293945,22438
2015-05-26,37.75,39.25,37.04999923706055,37.349998474121094,37.349998474121094,15347
2015-05-27,37.099998474121094,38.04999923706055,36.04999923706055,36.599998474121094,36.599998474121094,27862
2015-05-28,37.95000076293945,37.95000076293945,34.400001525878906,35.150001525878906,35.150001525878906,20466
2015-05-29,34.650001525878906,38.900001525878906,34.20000076293945,36.400001525878906,36.400001525878906,44977
2015-06-01,37.25,38.0,35.29999923706055,36.5,36.5,23373
2015-06-02,37.0,37.0,35.5,36.099998474121094,36.099998474121094,20738
2015-06-03,36.099998474121094,36.900001525878906,31.600000381469727,33.79999923706055,33.79999923706055,49867
2015-06-04,34.900001525878906,36.20000076293945,33.5,34.20000076293945,34.20000076293945,27464
2015-06-05,34.20000076293945,35.79999923706055,34.20000076293945,35.0,35.0,9682
2015-06-08,34.79999923706055,35.75,32.5,33.0,33.0,28669
2015-06-09,35.79999923706055,35.79999923706055,32.150001525878906,35.099998474121094,35.099998474121094,34900
2015-06-10,34.25,36.0,34.25,34.849998474121094,34.849998474121094,33976
2015-06-11,36.29999923706055,36.29999923706055,32.150001525878906,33.29999923706055,33.29999923706055,24324
2015-06-12,32.150001525878906,34.400001525878906,32.150001525878906,33.150001525878906,33.150001525878906,24703
2015-06-15,34.0,34.400001525878906,31.600000381469727,33.099998474121094,33.099998474121094,17508
2015-06-16,32.25,34.95000076293945,30.149999618530273,33.650001525878906,33.650001525878906,44016
2015-06-17,33.5,34.900001525878906,33.5,34.150001525878906,34.150001525878906,8645
2015-06-18,34.0,34.95000076293945,33.099998474121094,33.349998474121094,33.349998474121094,21615
2015-06-19,33.0,34.25,32.650001525878906,33.20000076293945,33.20000076293945,17314
2015-06-22,33.0,33.900001525878906,31.200000762939453,32.650001525878906,32.650001525878906,80089
2015-06-23,33.5,33.650001525878906,32.04999923706055,32.900001525878906,32.900001525878906,27213
2015-06-24,32.900001525878906,33.75,32.349998474121094,33.20000076293945,33.20000076293945,32228
2015-06-25,33.20000076293945,33.650001525878906,32.70000076293945,32.849998474121094,32.849998474121094,9093
2015-06-26,32.04999923706055,33.25,32.0,32.54999923706055,32.54999923706055,21535
2015-06-29,32.0,32.849998474121094,31.5,32.45000076293945,32.45000076293945,11722
2015-06-30,34.20000076293945,34.20000076293945,31.549999237060547,32.400001525878906,32.400001525878906,23197
2015-07-01,31.649999618530273,35.400001525878906,31.649999618530273,33.70000076293945,33.70000076293945,44976
2015-07-02,33.150001525878906,35.400001525878906,33.150001525878906,34.5,34.5,27711
2015-07-03,34.900001525878906,35.0,33.0,34.04999923706055,34.04999923706055,33077
2015-07-06,34.900001525878906,35.400001525878906,33.099998474121094,35.0,35.0,17121
2015-07-07,34.5,40.400001525878906,34.5,39.25,39.25,110414
2015-07-08,38.5,42.0,37.150001525878906,39.400001525878906,39.400001525878906,106197
2015-07-09,40.20000076293945,41.900001525878906,39.0,39.150001525878906,39.150001525878906,30978
2015-07-10,39.0,40.79999923706055,38.75,39.25,39.25,30779
2015-07-13,39.5,40.400001525878906,38.099998474121094,38.79999923706055,38.79999923706055,28969
2015-07-14,38.0,40.900001525878906,37.20000076293945,38.79999923706055,38.79999923706055,43507
2015-07-15,39.25,40.349998474121094,38.5,38.599998474121094,38.599998474121094,41870
2015-07-16,38.5,39.650001525878906,38.04999923706055,38.70000076293945,38.70000076293945,31689
2015-07-17,38.0,39.20000076293945,37.29999923706055,37.599998474121094,37.599998474121094,14064
2015-07-20,38.0,39.400001525878906,37.95000076293945,38.54999923706055,38.54999923706055,26496
2015-07-21,38.0,40.79999923706055,37.45000076293945,38.0,38.0,27654
2015-07-22,37.29999923706055,39.29999923706055,37.29999923706055,37.95000076293945,37.95000076293945,12330
2015-07-23,37.25,38.95000076293945,35.650001525878906,36.70000076293945,36.70000076293945,34135
2015-07-24,36.25,37.150001525878906,35.349998474121094,35.79999923706055,35.79999923706055,46413
2015-07-27,35.5,36.5,34.20000076293945,35.75,35.75,31052
2015-07-28,35.150001525878906,36.95000076293945,35.0,36.150001525878906,36.150001525878906,98281
2015-07-29,35.29999923706055,37.79999923706055,35.25,35.650001525878906,35.650001525878906,33455
2015-07-30,35.650001525878906,36.25,34.20000076293945,34.849998474121094,34.849998474121094,24261
2015-07-31,36.0,36.0,34.150001525878906,35.20000076293945,35.20000076293945,76488
2015-08-03,35.849998474121094,35.900001525878906,34.0,35.70000076293945,35.70000076293945,61799
2015-08-04,36.20000076293945,42.79999923706055,36.20000076293945,42.79999923706055,42.79999923706055,319926
2015-08-05,44.95000076293945,46.400001525878906,41.0,44.150001525878906,44.150001525878906,297017
2015-08-06,45.45000076293945,47.900001525878906,44.0,44.79999923706055,44.79999923706055,83501
2015-08-07,44.79999923706055,44.79999923706055,40.650001525878906,42.95000076293945,42.95000076293945,79635
2015-08-10,38.0,38.0,34.400001525878906,34.5,34.5,397883
2015-08-11,33.75,36.900001525878906,32.099998474121094,34.349998474121094,34.349998474121094,102757
2015-08-12,35.0,35.45000076293945,28.25,30.75,30.75,157901
2015-08-13,32.0,33.45000076293945,31.5,32.099998474121094,32.099998474121094,50205
2015-08-14,32.70000076293945,34.849998474121094,30.600000381469727,32.95000076293945,32.95000076293945,26108
2015-08-17,34.349998474121094,34.849998474121094,32.04999923706055,34.0,34.0,40622
2015-08-18,34.599998474121094,35.900001525878906,31.399999618530273,32.099998474121094,32.099998474121094,55733
2015-08-19,31.149999618530273,32.79999923706055,31.0,32.099998474121094,32.099998474121094,31029
2015-08-20,33.0,33.650001525878906,31.0,31.350000381469727,31.350000381469727,62152
2015-08-21,31.350000381469727,31.899999618530273,30.049999237060547,31.299999237060547,31.299999237060547,30248
2015-08-24,31.450000762939453,31.799999237060547,28.200000762939453,29.0,29.0,40969
2015-08-25,31.350000381469727,31.350000381469727,26.399999618530273,29.549999237060547,29.549999237060547,27896
2015-08-26,29.299999237060547,30.350000381469727,28.799999237060547,29.799999237060547,29.799999237060547,20443
2015-08-27,30.100000381469727,30.100000381469727,28.25,29.600000381469727,29.600000381469727,41984
2015-08-28,30.200000762939453,31.799999237060547,30.0,30.149999618530273,30.149999618530273,20374
2015-08-31,30.700000762939453,30.700000762939453,29.200000762939453,29.75,29.75,4045
2015-09-01,29.25,30.0,28.450000762939453,28.899999618530273,28.899999618530273,12071
2015-09-02,28.5,29.950000762939453,28.299999237060547,28.450000762939453,28.450000762939453,6859
2015-09-03,29.0,30.899999618530273,28.850000381469727,29.25,29.25,2791
2015-09-04,28.649999618530273,29.25,27.299999237060547,28.100000381469727,28.100000381469727,14397
2015-09-07,28.200000762939453,29.700000762939453,28.0,28.25,28.25,16456
2015-09-08,28.200000762939453,28.850000381469727,26.399999618530273,27.950000762939453,27.950000762939453,12376
2015-09-09,28.299999237060547,30.850000381469727,28.299999237060547,29.75,29.75,21991
2015-09-10,28.75,35.0,28.299999237060547,30.600000381469727,30.600000381469727,27063
2015-09-11,31.799999237060547,31.799999237060547,26.600000381469727,29.600000381469727,29.600000381469727,20833
2015-09-14,29.5,30.149999618530273,28.600000381469727,29.0,29.0,11787
2015-09-15,28.25,29.399999618530273,28.25,28.700000762939453,28.700000762939453,20144
2015-09-16,28.75,29.5,28.0,28.049999237060547,28.049999237060547,6078
2015-09-18,28.100000381469727,29.600000381469727,28.100000381469727,29.049999237060547,29.049999237060547,9553
2015-09-21,30.850000381469727,32.79999923706055,29.25,31.450000762939453,31.450000762939453,35280
2015-09-22,31.649999618530273,32.599998474121094,29.700000762939453,30.0,30.0,20427
2015-09-23,29.0,32.849998474121094,29.0,30.200000762939453,30.200000762939453,67550
2015-09-24,31.0,31.450000762939453,30.0,30.350000381469727,30.350000381469727,5210
2015-09-28,29.549999237060547,31.600000381469727,29.5,30.549999237060547,30.549999237060547,9432
2015-09-29,30.100000381469727,31.649999618530273,30.100000381469727,30.700000762939453,30.700000762939453,5853
2015-09-30,31.0,31.5,30.549999237060547,30.649999618530273,30.649999618530273,10194
2015-10-01,31.5,32.400001525878906,30.0,30.100000381469727,30.100000381469727,11732
2015-10-05,31.0,32.20000076293945,30.549999237060547,30.950000762939453,30.950000762939453,28024
2015-10-06,31.399999618530273,36.900001525878906,30.600000381469727,33.79999923706055,33.79999923706055,65437
2015-10-07,35.849998474121094,35.849998474121094,33.099998474121094,34.900001525878906,34.900001525878906,35748
2015-10-08,35.0,35.25,34.04999923706055,34.900001525878906,34.900001525878906,10446
2015-10-09,35.400001525878906,35.75,31.25,34.0,34.0,32686
2015-10-12,35.0,36.400001525878906,34.0,34.70000076293945,34.70000076293945,10186
2015-10-13,35.400001525878906,35.5,33.29999923706055,34.54999923706055,34.54999923706055,8560
2015-10-14,34.599998474121094,38.95000076293945,33.400001525878906,36.650001525878906,36.650001525878906,74101
2015-10-15,35.900001525878906,38.45000076293945,35.900001525878906,37.650001525878906,37.650001525878906,52806
2015-10-16,38.0,38.849998474121094,36.25,37.349998474121094,37.349998474121094,23059
2015-10-19,37.0,38.5,36.45000076293945,37.95000076293945,37.95000076293945,15431
2015-10-20,38.0,38.5,36.54999923706055,36.75,36.75,54743
2015-10-21,37.0,39.79999923706055,36.599998474121094,37.900001525878906,37.900001525878906,39635
2015-10-23,39.0,40.95000076293945,37.0,38.29999923706055,38.29999923706055,30849
2015-10-26,38.5,43.20000076293945,38.0,42.20000076293945,42.20000076293945,111603
2015-10-27,42.25,45.75,40.5,42.599998474121094,42.599998474121094,144942
2015-10-28,42.0,44.150001525878906,39.099998474121094,40.25,40.25,47458
2015-10-29,40.0,41.150001525878906,33.04999923706055,38.349998474121094,38.349998474121094,79104
2015-10-30,39.5,40.349998474121094,37.099998474121094,38.650001525878906,38.650001525878906,29015
2015-11-02,40.0,40.0,34.54999923706055,35.650001525878906,35.650001525878906,56887
2015-11-03,39.0,42.75,39.0,42.75,42.75,638984
2015-11-04,43.599998474121094,43.95000076293945,39.099998474121094,39.650001525878906,39.650001525878906,167099
2015-11-05,40.45000076293945,40.45000076293945,38.150001525878906,39.150001525878906,39.150001525878906,26564
2015-11-06,40.29999923706055,40.95000076293945,38.25,38.95000076293945,38.95000076293945,53722
2015-11-09,37.70000076293945,39.75,37.0,38.54999923706055,38.54999923706055,21936
2015-11-10,39.0,39.25,37.54999923706055,38.0,38.0,17860
2015-11-13,38.25,39.900001525878906,37.599998474121094,39.5,39.5,22285
2015-11-16,39.0,41.20000076293945,38.5,40.29999923706055,40.29999923706055,31784
2015-11-17,40.150001525878906,41.400001525878906,39.099998474121094,40.20000076293945,40.20000076293945,35183
2015-11-18,41.29999923706055,41.29999923706055,38.75,39.5,39.5,49716
2015-11-19,40.0,40.20000076293945,39.099998474121094,39.900001525878906,39.900001525878906,17597
2015-11-20,41.0,43.599998474121094,39.79999923706055,42.400001525878906,42.400001525878906,103606
2015-11-23,43.0,50.849998474121094,43.0,49.70000076293945,49.70000076293945,591928
2015-11-24,49.900001525878906,54.0,46.650001525878906,48.04999923706055,48.04999923706055,266823
2015-11-26,48.04999923706055,53.099998474121094,45.599998474121094,51.25,51.25,241276
2015-11-27,51.5,56.45000076293945,50.70000076293945,53.29999923706055,53.29999923706055,280653
2015-11-30,54.70000076293945,59.5,53.849998474121094,58.20000076293945,58.20000076293945,310336
2015-12-01,59.150001525878906,69.80000305175781,59.150001525878906,69.75,69.75,1200619
2015-12-02,71.5,71.5,65.0,68.1500015258789,68.1500015258789,318946
2015-12-03,67.5,73.80000305175781,66.5999984741211,71.69999694824219,71.69999694824219,265600
2015-12-04,72.4000015258789,72.5999984741211,67.5,69.8499984741211,69.8499984741211,131243
2015-12-07,71.9000015258789,72.94999694824219,64.1500015258789,67.3499984741211,67.3499984741211,170505
2015-12-08,69.0,69.0,63.900001525878906,64.19999694824219,64.19999694824219,62796
2015-12-09,63.5,64.8499984741211,58.0,58.20000076293945,58.20000076293945,151482
2015-12-10,55.70000076293945,62.0,55.70000076293945,61.400001525878906,61.400001525878906,98489
2015-12-11,63.400001525878906,63.400001525878906,58.04999923706055,60.29999923706055,60.29999923706055,91287
2015-12-14,60.5,65.94999694824219,59.04999923706055,64.1500015258789,64.1500015258789,101738
2015-12-15,64.19999694824219,66.19999694824219,64.1500015258789,64.69999694824219,64.69999694824219,82175
2015-12-16,64.5999984741211,65.80000305175781,63.150001525878906,64.94999694824219,64.94999694824219,44379
2015-12-17,65.0999984741211,66.8499984741211,64.6500015258789,65.8499984741211,65.8499984741211,53773
2015-12-18,65.5,65.94999694824219,60.0,64.5,64.5,48708
2015-12-21,64.0999984741211,67.4000015258789,60.0,66.4000015258789,66.4000015258789,81026
2015-12-22,66.9000015258789,71.55000305175781,66.9000015258789,69.05000305175781,69.05000305175781,134796
2015-12-23,70.9000015258789,75.94999694824219,70.0999984741211,75.94999694824219,75.94999694824219,210903
2015-12-24,79.4000015258789,83.5,76.5,79.9000015258789,79.9000015258789,706545
2015-12-28,80.6500015258789,82.4000015258789,78.0999984741211,81.69999694824219,81.69999694824219,181205
2015-12-29,82.5,83.44999694824219,79.30000305175781,80.19999694824219,80.19999694824219,129844
2015-12-30,80.0999984741211,80.19999694824219,77.0,77.0999984741211,77.0999984741211,88331
2015-12-31,77.0999984741211,80.94999694824219,75.19999694824219,80.94999694824219,80.94999694824219,276592
2016-01-01,82.5,82.5,77.8499984741211,78.6500015258789,78.6500015258789,89162
2016-01-04,79.0,82.55000305175781,78.19999694824219,80.8499984741211,80.8499984741211,115316
2016-01-05,82.0,82.5,79.5,81.25,81.25,56599
2016-01-06,80.75,85.30000305175781,80.5999984741211,85.30000305175781,85.30000305175781,410031
2016-01-07,85.5,88.0,82.0,85.1500015258789,85.1500015258789,175213
2016-01-08,85.0999984741211,89.4000015258789,85.0999984741211,89.4000015258789,89.4000015258789,106608
2016-01-11,87.25,93.8499984741211,86.25,93.8499984741211,93.8499984741211,166860
2016-01-12,97.30000305175781,97.9000015258789,89.25,90.5999984741211,90.5999984741211,175184
2016-01-13,92.25,95.0999984741211,86.0999984741211,87.55000305175781,87.55000305175781,237063
2016-01-14,91.0,91.0,83.19999694824219,83.30000305175781,83.30000305175781,149369
2016-01-15,84.9000015258789,85.3499984741211,79.1500015258789,79.1500015258789,79.1500015258789,45244
2016-01-18,78.0,79.0,75.19999694824219,75.19999694824219,75.19999694824219,20735
2016-01-19,71.5,73.9000015258789,71.44999694824219,71.44999694824219,71.44999694824219,52171
2016-01-20,67.9000015258789,67.9000015258789,67.9000015258789,67.9000015258789,67.9000015258789,15399
2016-01-21,65.69999694824219,68.9000015258789,64.55000305175781,64.55000305175781,64.55000305175781,131849
2016-01-22,66.4000015258789,67.75,64.5,67.75,67.75,30048
2016-01-25,64.6500015258789,71.0999984741211,64.4000015258789,70.80000305175781,70.80000305175781,123930
2016-01-27,71.80000305175781,74.30000305175781,70.80000305175781,74.19999694824219,74.19999694824219,103248
2016-01-28,75.5,77.5,71.30000305175781,74.80000305175781,74.80000305175781,69377
2016-01-29,75.5999984741211,76.8499984741211,72.5,73.19999694824219,73.19999694824219,46492
2016-02-01,75.5,76.6500015258789,71.0,71.6500015258789,71.6500015258789,53086
2016-02-02,72.4000015258789,72.5,68.0999984741211,68.0999984741211,68.0999984741211,33010
2016-02-03,66.80000305175781,71.0,64.69999694824219,64.69999694824219,64.69999694824219,32766
2016-02-04,66.0,67.0,61.5,63.849998474121094,63.849998474121094,38474
2016-02-05,64.75,64.80000305175781,60.70000076293945,60.70000076293945,60.70000076293945,41398
2016-02-08,61.0,61.75,57.70000076293945,58.20000076293945,58.20000076293945,62152
2016-02-09,58.5,58.70000076293945,55.29999923706055,56.400001525878906,56.400001525878906,44884
2016-02-10,58.0,59.099998474121094,55.900001525878906,58.650001525878906,58.650001525878906,23286
2016-02-11,59.20000076293945,61.54999923706055,55.75,56.0,56.0,97008
2016-02-12,57.70000076293945,58.5,53.20000076293945,53.849998474121094,53.849998474121094,54641
2016-02-15,55.599998474121094,56.5,55.599998474121094,56.5,56.5,19647
2016-02-16,59.0,59.0,53.70000076293945,53.95000076293945,53.95000076293945,18967
2016-02-17,53.0,53.900001525878906,51.29999923706055,51.45000076293945,51.45000076293945,53300
2016-02-18,53.0,54.0,51.0,52.400001525878906,52.400001525878906,31257
2016-02-19,54.400001525878906,54.400001525878906,50.29999923706055,51.70000076293945,51.70000076293945,11606
2016-02-22,53.5,54.0,50.099998474121094,50.54999923706055,50.54999923706055,17235
2016-02-23,51.95000076293945,51.95000076293945,48.29999923706055,49.79999923706055,49.79999923706055,19079
2016-02-24,49.95000076293945,50.5,48.04999923706055,49.70000076293945,49.70000076293945,12623
2016-02-25,51.5,51.5,47.25,47.29999923706055,47.29999923706055,26328
2016-02-26,48.75,48.75,44.95000076293945,45.099998474121094,45.099998474121094,18442
2016-02-29,45.599998474121094,45.599998474121094,42.849998474121094,43.95000076293945,43.95000076293945,36586
2016-03-01,45.45000076293945,46.099998474121094,43.75,46.099998474121094,46.099998474121094,18343
2016-03-02,48.0,48.400001525878906,48.0,48.400001525878906,48.400001525878906,7540
2016-03-03,50.79999923706055,50.79999923706055,50.79999923706055,50.79999923706055,50.79999923706055,7124
2016-03-04,52.900001525878906,53.29999923706055,49.099998474121094,53.29999923706055,53.29999923706055,79577
2016-03-08,53.0,55.95000076293945,53.0,55.849998474121094,55.849998474121094,52921
2016-03-09,57.0,58.0,53.599998474121094,54.20000076293945,54.20000076293945,27396
2016-03-10,56.400001525878906,56.599998474121094,51.5,53.650001525878906,53.650001525878906,19957
2016-03-11,55.75,56.0,51.0,51.5,51.5,33565
2016-03-14,52.849998474121094,53.400001525878906,51.400001525878906,52.70000076293945,52.70000076293945,9156
2016-03-15,54.0,54.0,50.599998474121094,51.5,51.5,26175
2016-03-16,52.79999923706055,54.04999923706055,50.25,51.95000076293945,51.95000076293945,27148
2016-03-17,53.79999923706055,53.79999923706055,51.25,51.599998474121094,51.599998474121094,5415
2016-03-18,53.5,53.5,50.04999923706055,50.95000076293945,50.95000076293945,19142
2016-03-21,52.400001525878906,52.400001525878906,50.0,50.599998474121094,50.599998474121094,12998
2016-03-22,51.95000076293945,52.900001525878906,48.099998474121094,48.150001525878906,48.150001525878906,45643
2016-03-23,48.75,50.0,46.650001525878906,49.25,49.25,20975
2016-03-28,49.25,51.599998474121094,49.099998474121094,49.900001525878906,49.900001525878906,19626
2016-03-29,51.0,51.20000076293945,47.599998474121094,48.849998474121094,48.849998474121094,41367
2016-03-30,50.849998474121094,50.849998474121094,47.599998474121094,49.20000076293945,49.20000076293945,14736
2016-03-31,49.900001525878906,51.650001525878906,49.0,51.150001525878906,51.150001525878906,39739
2016-04-01,53.900001525878906,56.25,52.0,56.25,56.25,37511
2016-04-04,58.5,61.849998474121094,58.099998474121094,61.849998474121094,61.849998474121094,47577
2016-04-05,63.099998474121094,66.94999694824219,61.0,62.599998474121094,62.599998474121094,50525
2016-04-06,64.5,65.69999694824219,61.5,63.70000076293945,63.70000076293945,76142
2016-04-07,64.9000015258789,65.4000015258789,61.0,62.599998474121094,62.599998474121094,19075
2016-04-08,63.900001525878906,63.900001525878906,60.599998474121094,60.95000076293945,60.95000076293945,10241
2016-04-11,61.900001525878906,62.5,58.150001525878906,58.70000076293945,58.70000076293945,18560
2016-04-12,58.70000076293945,59.5,55.849998474121094,56.5,56.5,25493
2016-04-13,57.400001525878906,59.0,56.0,57.45000076293945,57.45000076293945,19511
2016-04-18,58.099998474121094,58.099998474121094,54.599998474121094,54.849998474121094,54.849998474121094,37265
2016-04-20,55.20000076293945,56.70000076293945,52.54999923706055,54.70000076293945,54.70000076293945,15898
2016-04-21,55.0,55.5,54.400001525878906,54.54999923706055,54.54999923706055,12005
2016-04-22,55.099998474121094,55.099998474121094,53.70000076293945,54.150001525878906,54.150001525878906,7128
2016-04-25,54.54999923706055,54.79999923706055,52.0,52.400001525878906,52.400001525878906,7674
2016-04-26,53.79999923706055,53.79999923706055,50.29999923706055,51.54999923706055,51.54999923706055,16679
2016-04-27,52.099998474121094,54.099998474121094,51.099998474121094,54.099998474121094,54.099998474121094,18678
2016-04-28,55.400001525878906,56.79999923706055,53.900001525878906,54.04999923706055,54.04999923706055,23466
2016-04-29,55.900001525878906,55.900001525878906,52.04999923706055,52.20000076293945,52.20000076293945,11888
2016-05-02,52.599998474121094,53.849998474121094,50.900001525878906,51.29999923706055,51.29999923706055,23933
2016-05-03,52.349998474121094,52.349998474121094,49.29999923706055,50.599998474121094,50.599998474121094,23714
2016-05-04,51.099998474121094,51.099998474121094,48.099998474121094,48.54999923706055,48.54999923706055,31313
2016-05-05,49.70000076293945,49.70000076293945,47.5,47.599998474121094,47.599998474121094,10735
2016-05-06,48.0,48.75,46.79999923706055,47.099998474121094,47.099998474121094,14416
2016-05-09,47.95000076293945,49.45000076293945,46.150001525878906,49.45000076293945,49.45000076293945,30625
2016-05-10,50.900001525878906,51.650001525878906,48.5,48.900001525878906,48.900001525878906,31123
2016-05-11,48.79999923706055,49.75,47.5,48.650001525878906,48.650001525878906,12526
2016-05-12,50.0,50.20000076293945,48.5,49.20000076293945,49.20000076293945,14580
2016-05-13,51.54999923706055,51.54999923706055,47.0,47.75,47.75,44694
2016-05-16,49.400001525878906,49.400001525878906,46.0,47.29999923706055,47.29999923706055,26476
2016-05-17,47.900001525878906,49.45000076293945,46.29999923706055,47.45000076293945,47.45000076293945,28102
2016-05-18,48.79999923706055,48.79999923706055,46.79999923706055,47.70000076293945,47.70000076293945,11960
2016-05-19,49.5,49.5,46.5,46.599998474121094,46.599998474121094,15851
2016-05-20,47.70000076293945,47.70000076293945,46.04999923706055,46.400001525878906,46.400001525878906,8935
2016-05-23,47.0,47.5,46.5,46.900001525878906,46.900001525878906,7785
2016-05-24,46.900001525878906,47.849998474121094,46.0,46.20000076293945,46.20000076293945,5638
2016-05-25,47.0,47.20000076293945,44.20000076293945,44.79999923706055,44.79999923706055,27812
2016-05-26,46.79999923706055,46.79999923706055,42.599998474121094,42.650001525878906,42.650001525878906,38133
2016-05-27,42.79999923706055,43.79999923706055,40.54999923706055,40.599998474121094,40.599998474121094,46309
2016-05-30,40.849998474121094,41.0,38.75,39.099998474121094,39.099998474121094,32103
2016-05-31,40.0,41.04999923706055,39.20000076293945,41.04999923706055,41.04999923706055,17281
2016-06-01,43.099998474121094,43.099998474121094,42.099998474121094,43.099998474121094,43.099998474121094,12275
2016-06-02,44.849998474121094,44.849998474121094,42.04999923706055,43.04999923706055,43.04999923706055,28903
2016-06-03,44.400001525878906,46.70000076293945,43.5,45.45000076293945,45.45000076293945,21564
2016-06-06,47.0,47.0,44.04999923706055,44.29999923706055,44.29999923706055,8724
2016-06-07,45.0,46.0,43.0,43.79999923706055,43.79999923706055,6899
2016-06-08,44.599998474121094,45.400001525878906,43.5,43.599998474121094,43.599998474121094,6327
2016-06-09,44.79999923706055,45.0,43.0,43.75,43.75,5648
2016-06-10,45.0,45.0,43.0,43.29999923706055,43.29999923706055,26595
2016-06-13,44.400001525878906,44.400001525878906,39.29999923706055,41.45000076293945,41.45000076293945,42792
2016-06-14,42.79999923706055,43.599998474121094,40.95000076293945,41.20000076293945,41.20000076293945,29942
2016-06-15,42.0,42.900001525878906,41.099998474121094,41.95000076293945,41.95000076293945,15183
2016-06-16,42.0,42.54999923706055,41.099998474121094,41.45000076293945,41.45000076293945,10439
2016-06-17,43.79999923706055,43.79999923706055,40.79999923706055,41.20000076293945,41.20000076293945,10328
2016-06-20,41.0,42.400001525878906,39.400001525878906,41.599998474121094,41.599998474121094,18600
2016-06-21,41.95000076293945,44.900001525878906,41.400001525878906,43.95000076293945,43.95000076293945,29145
2016-06-22,45.400001525878906,46.0,41.70000076293945,42.599998474121094,42.599998474121094,34114
2016-06-23,41.79999923706055,43.04999923706055,41.79999923706055,42.150001525878906,42.150001525878906,7778
2016-06-24,41.0,41.45000076293945,39.5,41.0,41.0,25496
2016-06-27,43.0,43.0,40.0,42.70000076293945,42.70000076293945,7802
2016-06-28,42.20000076293945,43.900001525878906,42.150001525878906,43.099998474121094,43.099998474121094,11097
2016-06-29,45.0,45.0,42.0,43.650001525878906,43.650001525878906,16635
2016-06-30,44.0,44.79999923706055,41.849998474121094,42.54999923706055,42.54999923706055,40742
2016-07-01,43.0,48.79999923706055,43.0,47.29999923706055,47.29999923706055,119728
2016-07-04,48.0,52.5,48.0,50.04999923706055,50.04999923706055,77760
2016-07-05,51.0,51.25,48.099998474121094,49.54999923706055,49.54999923706055,24538
2016-07-07,50.0,50.0,48.0,48.849998474121094,48.849998474121094,25142
2016-07-08,51.0,51.0,48.0,49.29999923706055,49.29999923706055,16602
2016-07-11,52.0,52.0,48.29999923706055,50.400001525878906,50.400001525878906,31669
2016-07-12,51.75,51.75,47.95000076293945,48.349998474121094,48.349998474121094,23111
2016-07-13,50.0,50.0,48.099998474121094,48.54999923706055,48.54999923706055,5263
2016-07-14,50.0,50.0,47.54999923706055,48.70000076293945,48.70000076293945,15875
2016-07-15,49.70000076293945,49.70000076293945,46.0,46.79999923706055,46.79999923706055,22391
2016-07-18,48.0,48.0,45.79999923706055,46.45000076293945,46.45000076293945,11211
2016-07-19,48.0,48.0,46.0,46.900001525878906,46.900001525878906,12693
2016-07-20,47.5,47.5,43.79999923706055,45.599998474121094,45.599998474121094,58678
2016-07-21,46.29999923706055,46.29999923706055,43.599998474121094,44.04999923706055,44.04999923706055,54329
2016-07-22,45.0,46.599998474121094,44.25,45.95000076293945,45.95000076293945,25867
2016-07-25,47.0,50.75,47.0,49.400001525878906,49.400001525878906,73976
2016-07-26,50.0,54.849998474121094,49.400001525878906,51.650001525878906,51.650001525878906,94173
2016-07-27,52.599998474121094,53.150001525878906,49.0,50.0,50.0,19691
2016-07-28,51.0,51.0,48.29999923706055,48.95000076293945,48.95000076293945,22108
2016-07-29,50.0,50.900001525878906,47.650001525878906,47.79999923706055,47.79999923706055,14939
2016-08-01,48.900001525878906,48.900001525878906,44.70000076293945,45.5,45.5,46798
2016-08-02,47.0,47.45000076293945,44.79999923706055,46.20000076293945,46.20000076293945,49224
2016-08-03,46.599998474121094,47.79999923706055,45.0,46.0,46.0,47633
2016-08-04,47.0,47.0,44.20000076293945,45.25,45.25,21188
2016-08-05,46.0,46.650001525878906,44.29999923706055,44.70000076293945,44.70000076293945,69486
2016-08-08,44.849998474121094,45.400001525878906,44.04999923706055,44.75,44.75,29675
2016-08-09,44.79999923706055,45.5,43.79999923706055,44.29999923706055,44.29999923706055,33888
2016-08-10,44.79999923706055,45.45000076293945,44.20000076293945,45.04999923706055,45.04999923706055,40124
2016-08-11,44.79999923706055,46.900001525878906,43.5,45.349998474121094,45.349998474121094,30368
2016-08-12,46.099998474121094,46.5,44.0,44.599998474121094,44.599998474121094,26084
2016-08-16,44.79999923706055,45.25,43.0,43.75,43.75,25955
2016-08-17,44.79999923706055,45.54999923706055,43.599998474121094,45.0,45.0,52383
2016-08-18,45.099998474121094,45.79999923706055,43.0,44.5,44.5,26486
2016-08-19,45.0,45.25,43.79999923706055,44.95000076293945,44.95000076293945,23458
2016-08-22,43.599998474121094,44.0,40.29999923706055,41.900001525878906,41.900001525878906,63883
2016-08-23,42.79999923706055,46.45000076293945,41.5,41.95000076293945,41.95000076293945,85406
2016-08-24,42.400001525878906,43.79999923706055,41.79999923706055,42.900001525878906,42.900001525878906,27251
2016-08-25,44.0,44.0,42.79999923706055,43.650001525878906,43.650001525878906,26626
2016-08-26,44.0,46.400001525878906,42.650001525878906,44.70000076293945,44.70000076293945,41087
2016-08-29,45.0,49.400001525878906,44.349998474121094,46.5,46.5,161076
2016-08-30,46.900001525878906,50.900001525878906,46.45000076293945,49.5,49.5,193176
2016-08-31,50.400001525878906,52.900001525878906,48.04999923706055,51.25,51.25,355109
2016-09-01,52.25,56.79999923706055,51.29999923706055,54.599998474121094,54.599998474121094,317755
2016-09-02,55.0,65.5,55.0,61.54999923706055,61.54999923706055,585316
2016-09-06,62.79999923706055,70.0,62.0,65.3499984741211,65.3499984741211,435340
2016-09-07,66.30000305175781,68.30000305175781,63.150001525878906,65.05000305175781,65.05000305175781,280450
2016-09-08,65.0,67.9000015258789,63.0,64.44999694824219,64.44999694824219,118880
2016-09-09,64.0999984741211,66.9000015258789,60.95000076293945,65.44999694824219,65.44999694824219,235469
2016-09-12,62.099998474121094,66.5999984741211,62.0,65.0999984741211,65.0999984741211,125199
2016-09-14,65.0,68.8499984741211,65.0,67.25,67.25,197683
2016-09-15,68.0,74.9000015258789,66.0999984741211,71.80000305175781,71.80000305175781,590710
2016-09-16,71.30000305175781,74.9000015258789,70.0,70.5999984741211,70.5999984741211,201269
2016-09-19,71.55000305175781,71.80000305175781,66.0999984741211,67.75,67.75,154018
2016-09-20,68.94999694824219,70.44999694824219,65.3499984741211,69.69999694824219,69.69999694824219,204351
2016-09-21,70.4000015258789,74.0,69.1500015258789,70.55000305175781,70.55000305175781,100258
2016-09-22,71.0,72.5999984741211,68.30000305175781,69.5,69.5,120503
2016-09-23,70.80000305175781,71.0,66.80000305175781,67.6500015258789,67.6500015258789,65280
2016-09-26,67.25,68.80000305175781,64.69999694824219,65.05000305175781,65.05000305175781,65590
2016-09-27,65.80000305175781,71.55000305175781,65.80000305175781,67.5,67.5,690757
2016-09-28,68.0,69.3499984741211,65.4000015258789,65.80000305175781,65.80000305175781,914347
2016-09-29,67.0,67.94999694824219,59.25,59.25,59.25,123084
2016-09-30,59.75,62.75,55.599998474121094,59.70000076293945,59.70000076293945,70817
2016-10-03,61.04999923706055,65.6500015258789,61.04999923706055,65.0,65.0,175951
2016-10-04,66.0999984741211,68.94999694824219,65.05000305175781,67.5,67.5,368734
2016-10-05,68.80000305175781,69.0,66.30000305175781,66.8499984741211,66.8499984741211,84144
2016-10-06,67.0,68.30000305175781,65.3499984741211,65.5,65.5,36570
2016-10-07,65.25,69.0,65.25,67.75,67.75,251035
2016-10-10,69.0,72.8499984741211,66.6500015258789,69.75,69.75,217977
2016-10-13,69.0,69.69999694824219,58.599998474121094,64.6500015258789,64.6500015258789,152699
2016-10-14,65.4000015258789,74.8499984741211,65.0999984741211,70.0,70.0,400625
2016-10-17,70.0,70.4000015258789,68.0,69.1500015258789,69.1500015258789,48861
2016-10-18,69.0,74.9000015258789,69.0,73.0,73.0,498390
2016-10-19,73.0,85.69999694824219,70.5,78.94999694824219,78.94999694824219,1014145
2016-10-20,79.5,79.6500015258789,73.25,75.0999984741211,75.0999984741211,345794
2016-10-21,76.0,77.0,73.0,75.19999694824219,75.19999694824219,103367
2016-10-24,75.9000015258789,77.0,70.5,70.94999694824219,70.94999694824219,1029462
2016-10-25,73.55000305175781,75.0,69.0,69.8499984741211,69.8499984741211,957976
2016-10-26,69.5999984741211,71.44999694824219,68.0,69.80000305175781,69.80000305175781,206431
2016-10-27,70.30000305175781,74.4000015258789,68.0,69.9000015258789,69.9000015258789,140558
2016-10-28,71.25,74.9000015258789,68.69999694824219,70.19999694824219,70.19999694824219,2086543
2016-11-01,68.94999694824219,71.75,65.5,66.05000305175781,66.05000305175781,1258407
2016-11-02,66.9000015258789,67.19999694824219,63.70000076293945,64.1500015258789,64.1500015258789,497479
2016-11-03,64.75,66.44999694824219,63.150001525878906,63.849998474121094,63.849998474121094,319326
2016-11-04,63.5,64.5,56.400001525878906,57.70000076293945,57.70000076293945,372516
2016-11-07,59.70000076293945,61.70000076293945,56.5,57.599998474121094,57.599998474121094,446481
2016-11-08,58.400001525878906,59.0,56.349998474121094,57.0,57.0,598822
2016-11-09,48.04999923706055,56.599998474121094,45.650001525878906,55.150001525878906,55.150001525878906,218222
2016-11-10,56.5,60.400001525878906,55.099998474121094,58.0,58.0,106965
2016-11-11,56.349998474121094,57.0,53.5,55.04999923706055,55.04999923706055,88549
2016-11-15,55.599998474121094,55.599998474121094,48.150001525878906,50.650001525878906,50.650001525878906,76773
2016-11-16,51.0,51.79999923706055,47.79999923706055,48.400001525878906,48.400001525878906,35893
2016-11-17,49.0,49.0,44.400001525878906,45.5,45.5,94938
2016-11-18,45.0,46.45000076293945,44.099998474121094,45.099998474121094,45.099998474121094,43207
2016-11-21,45.04999923706055,46.900001525878906,44.29999923706055,44.849998474121094,44.849998474121094,38427
2016-11-22,44.349998474121094,46.20000076293945,44.349998474121094,45.70000076293945,45.70000076293945,35533
2016-11-23,47.150001525878906,48.900001525878906,45.04999923706055,47.70000076293945,47.70000076293945,48706
2016-11-24,47.0,49.0,46.20000076293945,47.54999923706055,47.54999923706055,40704
2016-11-25,47.5,48.900001525878906,47.099998474121094,47.650001525878906,47.650001525878906,54491
2016-11-28,47.70000076293945,53.45000076293945,47.70000076293945,51.04999923706055,51.04999923706055,89982
2016-11-29,51.25,53.54999923706055,49.099998474121094,51.29999923706055,51.29999923706055,35825
2016-11-30,51.25,54.79999923706055,51.25,54.150001525878906,54.150001525878906,91496
2016-12-01,53.349998474121094,55.650001525878906,50.70000076293945,51.54999923706055,51.54999923706055,44376
2016-12-02,51.95000076293945,51.95000076293945,49.099998474121094,49.75,49.75,47227
2016-12-05,50.150001525878906,50.900001525878906,49.20000076293945,49.45000076293945,49.45000076293945,34096
2016-12-06,50.20000076293945,50.70000076293945,48.5,48.79999923706055,48.79999923706055,47417
2016-12-07,48.95000076293945,49.599998474121094,47.54999923706055,48.25,48.25,29641
2016-12-08,47.900001525878906,50.0,47.900001525878906,48.95000076293945,48.95000076293945,46604
2016-12-09,49.150001525878906,49.45000076293945,47.650001525878906,48.900001525878906,48.900001525878906,31415
2016-12-12,49.79999923706055,50.70000076293945,49.0,49.349998474121094,49.349998474121094,26075
2016-12-13,49.95000076293945,50.0,47.25,47.75,47.75,54617
2016-12-14,48.400001525878906,48.70000076293945,47.5,48.0,48.0,28672
2016-12-15,48.75,51.70000076293945,46.95000076293945,50.75,50.75,139863
2016-12-16,51.150001525878906,52.25,50.0,50.349998474121094,50.349998474121094,59196
2016-12-19,50.25,56.5,50.25,53.599998474121094,53.599998474121094,254394
2016-12-20,53.54999923706055,54.95000076293945,52.20000076293945,52.650001525878906,52.650001525878906,56150
2016-12-21,52.75,55.0,52.0,52.849998474121094,52.849998474121094,71670
2016-12-22,52.54999923706055,53.150001525878906,49.400001525878906,51.04999923706055,51.04999923706055,50525
2016-12-23,50.900001525878906,51.79999923706055,49.20000076293945,51.0,51.0,53336
2016-12-26,51.0,51.900001525878906,48.599998474121094,49.150001525878906,49.150001525878906,44637
2016-12-27,49.5,50.5,48.79999923706055,49.75,49.75,20737
2016-12-28,49.95000076293945,51.150001525878906,49.29999923706055,49.5,49.5,24534
2016-12-29,49.75,50.75,49.5,49.849998474121094,49.849998474121094,12590
2016-12-30,50.0,51.099998474121094,49.400001525878906,50.54999923706055,50.54999923706055,14673
2017-01-02,51.0,51.849998474121094,50.0,50.349998474121094,50.349998474121094,31134
2017-01-03,50.650001525878906,53.900001525878906,49.0,52.45000076293945,52.45000076293945,81163
2017-01-04,53.400001525878906,54.900001525878906,51.650001525878906,53.849998474121094,53.849998474121094,73624
2017-01-05,54.900001525878906,56.79999923706055,53.599998474121094,55.349998474121094,55.349998474121094,135066
2017-01-06,56.79999923706055,59.5,55.25,56.70000076293945,56.70000076293945,131440
2017-01-09,56.79999923706055,58.29999923706055,56.0,56.25,56.25,40508
2017-01-10,56.0,57.5,55.349998474121094,55.849998474121094,55.849998474121094,35998
2017-01-11,56.900001525878906,57.54999923706055,54.150001525878906,56.599998474121094,56.599998474121094,26110
2017-01-12,56.0,57.20000076293945,54.75,54.95000076293945,54.95000076293945,83000
2017-01-13,55.5,57.25,55.099998474121094,56.79999923706055,56.79999923706055,105332
2017-01-16,57.0,57.79999923706055,56.150001525878906,57.25,57.25,45543
2017-01-17,58.0,58.0,56.0,56.29999923706055,56.29999923706055,21656
2017-01-18,56.900001525878906,64.5999984741211,56.900001525878906,58.04999923706055,58.04999923706055,684879
2017-01-19,59.650001525878906,64.4000015258789,56.0,56.349998474121094,56.349998474121094,4433199
2017-01-20,56.75,56.75,55.150001525878906,55.849998474121094,55.849998474121094,178562
2017-01-23,56.20000076293945,56.5,52.29999923706055,52.650001525878906,52.650001525878906,165819
2017-01-24,53.150001525878906,54.95000076293945,52.70000076293945,53.20000076293945,53.20000076293945,75672
2017-01-25,53.54999923706055,54.5,51.70000076293945,52.349998474121094,52.349998474121094,81558
2017-01-27,53.25,54.20000076293945,52.0,52.75,52.75,118259
2017-01-30,52.95000076293945,53.0,51.20000076293945,51.650001525878906,51.650001525878906,40932
2017-01-31,52.04999923706055,56.25,50.0,50.25,50.25,1397055
2017-02-01,50.900001525878906,52.5,50.04999923706055,52.0,52.0,49426
2017-02-02,52.0,52.75,51.400001525878906,51.95000076293945,51.95000076293945,89001
2017-02-03,52.0,52.400001525878906,51.20000076293945,51.599998474121094,51.599998474121094,64737
2017-02-06,51.95000076293945,52.900001525878906,51.29999923706055,52.20000076293945,52.20000076293945,54048
2017-02-07,52.5,52.54999923706055,51.0,51.400001525878906,51.400001525878906,27214
2017-02-08,52.0,52.349998474121094,51.25,51.5,51.5,23891
2017-02-09,51.95000076293945,51.95000076293945,51.0,51.20000076293945,51.20000076293945,22620
2017-02-10,51.349998474121094,51.900001525878906,51.0,51.20000076293945,51.20000076293945,25715
2017-02-13,51.900001525878906,52.650001525878906,50.70000076293945,51.29999923706055,51.29999923706055,28407
2017-02-14,51.5,51.5,48.599998474121094,49.04999923706055,49.04999923706055,46979
2017-02-15,49.5,49.650001525878906,45.04999923706055,47.150001525878906,47.150001525878906,54155
2017-02-16,47.0,49.599998474121094,45.04999923706055,48.150001525878906,48.150001525878906,100189
2017-02-17,47.75,49.5,47.29999923706055,49.099998474121094,49.099998474121094,74368
2017-02-20,49.25,52.29999923706055,48.20000076293945,50.54999923706055,50.54999923706055,272974
2017-02-21,51.400001525878906,51.650001525878906,50.400001525878906,50.79999923706055,50.79999923706055,60463
2017-02-22,50.349998474121094,50.650001525878906,49.25,49.5,49.5,28889
2017-02-23,49.29999923706055,51.79999923706055,49.29999923706055,50.599998474121094,50.599998474121094,97105
2017-02-27,51.0,52.79999923706055,50.150001525878906,51.25,51.25,126448
2017-02-28,52.29999923706055,54.5,52.0,53.29999923706055,53.29999923706055,596309
2017-03-01,53.54999923706055,54.70000076293945,52.400001525878906,53.04999923706055,53.04999923706055,102259
2017-03-02,52.599998474121094,53.20000076293945,50.5,50.650001525878906,50.650001525878906,35444
2017-03-03,50.54999923706055,50.54999923706055,49.25,50.04999923706055,50.04999923706055,34239
2017-03-06,51.75,51.849998474121094,50.54999923706055,50.75,50.75,35908
2017-03-07,50.099998474121094,51.29999923706055,49.849998474121094,49.95000076293945,49.95000076293945,15935
2017-03-08,50.04999923706055,50.849998474121094,48.29999923706055,48.849998474121094,48.849998474121094,32186
2017-03-09,49.79999923706055,49.79999923706055,48.29999923706055,48.400001525878906,48.400001525878906,13468
2017-03-10,48.5,49.45000076293945,47.5,47.650001525878906,47.650001525878906,30584
2017-03-14,48.95000076293945,49.95000076293945,48.099998474121094,48.599998474121094,48.599998474121094,59646
2017-03-15,48.5,49.70000076293945,46.099998474121094,47.400001525878906,47.400001525878906,53685
2017-03-16,46.25,49.79999923706055,46.25,48.150001525878906,48.150001525878906,75770
2017-03-17,48.04999923706055,48.900001525878906,46.70000076293945,47.04999923706055,47.04999923706055,52365
2017-03-20,47.0,47.650001525878906,46.5,46.79999923706055,46.79999923706055,61520
2017-03-21,47.5,47.5,46.45000076293945,46.70000076293945,46.70000076293945,30268
2017-03-22,46.5,47.5,45.70000076293945,46.150001525878906,46.150001525878906,50156
2017-03-23,46.349998474121094,46.79999923706055,45.099998474121094,45.400001525878906,45.400001525878906,54786
2017-03-24,45.400001525878906,46.150001525878906,45.0,45.04999923706055,45.04999923706055,44610
2017-03-27,45.099998474121094,46.0,44.5,45.150001525878906,45.150001525878906,40755
2017-03-28,45.900001525878906,51.0,45.099998474121094,47.79999923706055,47.79999923706055,357599
2017-03-29,47.900001525878906,48.45000076293945,46.0,46.150001525878906,46.150001525878906,49684
2017-03-30,46.900001525878906,47.5,46.099998474121094,47.099998474121094,47.099998474121094,35171
2017-03-31,47.099998474121094,49.5,46.75,47.900001525878906,47.900001525878906,61197
2017-04-03,48.0,50.400001525878906,48.0,49.04999923706055,49.04999923706055,58454
2017-04-05,49.20000076293945,50.599998474121094,48.0,49.0,49.0,59056
2017-04-06,49.04999923706055,49.04999923706055,48.04999923706055,48.29999923706055,48.29999923706055,20469
2017-04-07,47.900001525878906,50.900001525878906,47.900001525878906,49.099998474121094,49.099998474121094,173642
2017-04-10,49.95000076293945,51.20000076293945,49.099998474121094,50.25,50.25,99162
2017-04-11,50.54999923706055,51.5,49.5,49.849998474121094,49.849998474121094,157352
2017-04-12,50.400001525878906,50.70000076293945,47.900001525878906,48.599998474121094,48.599998474121094,57508
2017-04-13,48.599998474121094,50.599998474121094,48.5,49.349998474121094,49.349998474121094,47581
2017-04-17,50.0,50.400001525878906,49.0,49.150001525878906,49.150001525878906,22330
2017-04-18,49.95000076293945,49.95000076293945,47.54999923706055,47.75,47.75,35024
2017-04-19,48.5,48.5,47.349998474121094,47.70000076293945,47.70000076293945,15749
2017-04-20,48.5,49.0,47.599998474121094,47.900001525878906,47.900001525878906,9548
2017-04-21,48.25,52.70000076293945,48.25,51.150001525878906,51.150001525878906,530918
2017-04-24,53.04999923706055,55.900001525878906,53.0,55.04999923706055,55.04999923706055,526850
2017-04-25,55.25,56.95000076293945,54.400001525878906,55.75,55.75,253199
2017-04-26,55.400001525878906,56.25,53.20000076293945,53.45000076293945,53.45000076293945,177670
2017-04-27,54.0,54.0,52.0,52.150001525878906,52.150001525878906,47471
2017-04-28,52.150001525878906,53.5,51.29999923706055,52.79999923706055,52.79999923706055,43489
2017-05-02,53.20000076293945,54.0,51.150001525878906,51.400001525878906,51.400001525878906,54580
2017-05-03,52.0,52.20000076293945,50.5,51.150001525878906,51.150001525878906,35597
2017-05-04,51.0,51.900001525878906,50.5,50.75,50.75,40562
2017-05-05,51.400001525878906,51.400001525878906,48.599998474121094,49.45000076293945,49.45000076293945,49338
2017-05-08,50.0,50.849998474121094,48.75,49.150001525878906,49.150001525878906,23937
2017-05-09,49.150001525878906,49.150001525878906,47.29999923706055,48.29999923706055,48.29999923706055,52110
2017-05-10,49.0,50.0,48.29999923706055,49.20000076293945,49.20000076293945,40135
2017-05-11,49.099998474121094,49.150001525878906,48.04999923706055,48.25,48.25,23299
2017-05-12,49.0,49.0,47.29999923706055,47.45000076293945,47.45000076293945,31735
2017-05-15,47.5,48.599998474121094,47.0,47.29999923706055,47.29999923706055,31228
2017-05-16,47.5,47.900001525878906,46.75,47.0,47.0,20282
2017-05-17,47.150001525878906,48.900001525878906,47.150001525878906,47.900001525878906,47.900001525878906,56742
2017-05-18,47.54999923706055,47.75,45.150001525878906,46.45000076293945,46.45000076293945,34616
2017-05-19,46.29999923706055,49.0,46.20000076293945,46.650001525878906,46.650001525878906,61372
2017-05-22,46.29999923706055,47.45000076293945,45.900001525878906,45.95000076293945,45.95000076293945,16447
2017-05-23,47.0,47.0,43.900001525878906,44.400001525878906,44.400001525878906,37393
2017-05-24,44.0,48.5,43.25,44.849998474121094,44.849998474121094,238702
2017-05-25,45.70000076293945,46.150001525878906,44.650001525878906,44.95000076293945,44.95000076293945,48638
2017-05-26,45.70000076293945,46.900001525878906,44.20000076293945,46.25,46.25,42364
2017-05-29,47.0,47.75,46.0,47.0,47.0,53355
2017-05-30,46.29999923706055,47.0,44.0,44.150001525878906,44.150001525878906,55663
2017-05-31,44.099998474121094,44.70000076293945,43.5,43.95000076293945,43.95000076293945,30368
2017-06-01,44.0,44.70000076293945,43.150001525878906,43.54999923706055,43.54999923706055,24484
2017-06-02,44.599998474121094,44.599998474121094,43.150001525878906,43.599998474121094,43.599998474121094,24375
2017-06-05,43.900001525878906,44.45000076293945,43.20000076293945,43.400001525878906,43.400001525878906,12198
2017-06-06,43.0,43.650001525878906,42.04999923706055,42.650001525878906,42.650001525878906,24540
2017-06-07,42.04999923706055,43.70000076293945,42.04999923706055,43.150001525878906,43.150001525878906,23542
2017-06-08,43.5,45.25,42.5,44.75,44.75,56236
2017-06-09,44.75,45.5,43.70000076293945,44.099998474121094,44.099998474121094,37619
2017-06-12,43.5,44.5,42.54999923706055,42.75,42.75,43937
2017-06-13,43.0,43.599998474121094,42.79999923706055,43.0,43.0,13714
2017-06-14,43.400001525878906,43.849998474121094,42.5,42.75,42.75,28437
2017-06-15,42.75,43.25,42.5,42.70000076293945,42.70000076293945,15008
2017-06-16,42.70000076293945,43.20000076293945,42.29999923706055,42.54999923706055,42.54999923706055,9623
2017-06-19,43.0,43.0,41.04999923706055,41.54999923706055,41.54999923706055,16456
2017-06-20,42.0,43.5,40.70000076293945,42.849998474121094,42.849998474121094,31713
2017-06-21,42.5,42.75,42.20000076293945,42.400001525878906,42.400001525878906,5805
2017-06-22,42.650001525878906,43.0,41.650001525878906,41.70000076293945,41.70000076293945,9991
2017-06-23,41.900001525878906,42.5,40.70000076293945,41.099998474121094,41.099998474121094,24415
2017-06-27,42.400001525878906,42.400001525878906,40.150001525878906,40.20000076293945,40.20000076293945,8247
2017-06-28,40.0,41.400001525878906,39.650001525878906,40.849998474121094,40.849998474121094,10165
2017-06-29,38.54999923706055,41.5,38.54999923706055,40.45000076293945,40.45000076293945,14937
2017-06-30,40.650001525878906,46.95000076293945,40.400001525878906,43.349998474121094,43.349998474121094,243479
2017-07-03,43.70000076293945,45.650001525878906,43.0,43.95000076293945,43.95000076293945,69579
2017-07-04,44.5,45.79999923706055,44.0,44.650001525878906,44.650001525878906,44796
2017-07-05,44.599998474121094,45.79999923706055,43.599998474121094,44.349998474121094,44.349998474121094,57205
2017-07-06,44.349998474121094,46.5,44.20000076293945,45.45000076293945,45.45000076293945,71686
2017-07-07,46.0,46.849998474121094,45.5,45.75,45.75,101115
2017-07-10,46.400001525878906,46.849998474121094,43.5,45.650001525878906,45.650001525878906,21305
2017-07-11,45.650001525878906,46.349998474121094,43.5,43.75,43.75,103366
2017-07-12,44.099998474121094,44.900001525878906,43.54999923706055,44.599998474121094,44.599998474121094,60927
2017-07-13,44.25,45.75,43.70000076293945,44.0,44.0,80002
2017-07-14,44.04999923706055,44.95000076293945,43.70000076293945,43.849998474121094,43.849998474121094,41758
2017-07-17,44.20000076293945,44.349998474121094,42.5,43.75,43.75,39485
2017-07-18,43.849998474121094,43.849998474121094,42.150001525878906,42.25,42.25,38033
2017-07-19,43.20000076293945,43.29999923706055,42.150001525878906,42.25,42.25,28408
2017-07-20,42.400001525878906,43.95000076293945,42.0,42.79999923706055,42.79999923706055,41295
2017-07-21,43.0,43.900001525878906,42.79999923706055,43.45000076293945,43.45000076293945,45940
2017-07-24,43.900001525878906,45.20000076293945,42.29999923706055,43.900001525878906,43.900001525878906,63392
2017-07-25,44.04999923706055,46.150001525878906,42.650001525878906,44.95000076293945,44.95000076293945,103724
2017-07-26,45.04999923706055,46.70000076293945,44.20000076293945,44.79999923706055,44.79999923706055,82436
2017-07-27,45.20000076293945,45.20000076293945,43.25,43.5,43.5,40321
2017-07-28,43.5,43.79999923706055,42.599998474121094,42.900001525878906,42.900001525878906,27553
2017-07-31,43.70000076293945,43.70000076293945,42.900001525878906,43.0,43.0,24214
2017-08-01,43.25,43.650001525878906,42.5,42.599998474121094,42.599998474121094,31076
2017-08-02,43.0,43.099998474121094,42.0,42.04999923706055,42.04999923706055,27512
2017-08-03,42.099998474121094,43.849998474121094,41.20000076293945,41.75,41.75,75811
2017-08-04,42.0,43.650001525878906,42.0,42.099998474121094,42.099998474121094,29388
2017-08-07,42.150001525878906,43.900001525878906,42.150001525878906,42.75,42.75,82654
2017-08-08,42.70000076293945,43.0,41.79999923706055,41.900001525878906,41.900001525878906,33792
2017-08-09,42.25,42.54999923706055,41.04999923706055,41.54999923706055,41.54999923706055,32814
2017-08-10,42.25,42.5,38.0,38.79999923706055,38.79999923706055,34639
2017-08-11,38.5,38.5,35.099998474121094,37.04999923706055,37.04999923706055,69016
2017-08-14,37.75,41.29999923706055,37.20000076293945,40.04999923706055,40.04999923706055,121928
2017-08-16,42.5,42.5,38.75,39.79999923706055,39.79999923706055,57663
2017-08-17,40.0,40.650001525878906,39.29999923706055,39.79999923706055,39.79999923706055,31155
2017-08-18,39.20000076293945,40.45000076293945,38.5,39.0,39.0,28689
2017-08-21,39.95000076293945,39.95000076293945,38.54999923706055,38.75,38.75,26264
2017-08-22,38.29999923706055,39.849998474121094,38.29999923706055,38.29999923706055,38.29999923706055,24206
2017-08-23,38.0,38.75,38.0,38.150001525878906,38.150001525878906,27397
2017-08-24,38.04999923706055,38.849998474121094,38.0,38.5,38.5,28945
2017-08-28,38.79999923706055,42.29999923706055,38.599998474121094,40.20000076293945,40.20000076293945,80785
2017-08-29,39.75,40.900001525878906,39.25,40.20000076293945,40.20000076293945,24757
2017-08-30,40.25,42.20000076293945,40.25,40.95000076293945,40.95000076293945,71623
2017-08-31,41.70000076293945,42.400001525878906,40.04999923706055,40.79999923706055,40.79999923706055,46227
2017-09-01,40.29999923706055,42.45000076293945,40.099998474121094,41.45000076293945,41.45000076293945,80763
2017-09-04,41.04999923706055,41.95000076293945,39.650001525878906,40.20000076293945,40.20000076293945,30540
2017-09-05,41.0,41.0,39.79999923706055,40.04999923706055,40.04999923706055,26727
2017-09-06,40.0,40.849998474121094,39.5,40.29999923706055,40.29999923706055,29967
2017-09-07,40.150001525878906,40.650001525878906,39.349998474121094,39.70000076293945,39.70000076293945,29175
2017-09-08,40.70000076293945,40.70000076293945,39.29999923706055,39.54999923706055,39.54999923706055,28213
2017-09-11,40.0,42.5,39.900001525878906,41.20000076293945,41.20000076293945,157343
2017-09-12,41.20000076293945,42.0,39.900001525878906,40.70000076293945,40.70000076293945,54187
2017-09-13,40.25,40.599998474121094,39.70000076293945,39.79999923706055,39.79999923706055,29361
2017-09-14,40.0,40.20000076293945,39.5,39.650001525878906,39.650001525878906,28464
2017-09-15,37.099998474121094,39.650001525878906,37.099998474121094,38.45000076293945,38.45000076293945,37513
2017-09-18,38.45000076293945,39.599998474121094,38.45000076293945,38.650001525878906,38.650001525878906,26555
2017-09-19,38.650001525878906,39.099998474121094,38.45000076293945,39.0,39.0,29778
2017-09-20,39.29999923706055,39.75,38.45000076293945,38.900001525878906,38.900001525878906,35600
2017-09-21,38.5,40.0,38.04999923706055,38.45000076293945,38.45000076293945,33678
2017-09-22,38.5,38.599998474121094,37.0,37.25,37.25,35896
2017-09-25,36.29999923706055,37.79999923706055,35.79999923706055,36.20000076293945,36.20000076293945,32678
2017-09-26,35.20000076293945,37.5,35.20000076293945,36.5,36.5,49577
2017-09-27,38.0,38.0,36.29999923706055,36.5,36.5,47359
2017-09-28,36.5,37.5,35.5,37.0,37.0,41366
2017-09-29,36.5,37.5,35.79999923706055,36.20000076293945,36.20000076293945,55674
2017-10-03,36.0,37.650001525878906,33.5,34.400001525878906,34.400001525878906,62987
2017-10-04,33.5,34.29999923706055,33.099998474121094,33.75,33.75,59463
2017-10-05,33.5,40.5,33.5,40.25,40.25,300111
2017-10-06,41.5,43.0,38.599998474121094,39.25,39.25,199609
2017-10-09,38.04999923706055,39.849998474121094,37.45000076293945,37.900001525878906,37.900001525878906,54019
2017-10-10,37.75,38.79999923706055,37.75,37.900001525878906,37.900001525878906,38982
2017-10-11,38.5,42.45000076293945,37.5,39.849998474121094,39.849998474121094,238867
2017-10-12,41.75,42.0,39.04999923706055,39.79999923706055,39.79999923706055,222369
2017-10-13,39.0,40.5,38.25,38.849998474121094,38.849998474121094,44379
2017-10-16,40.20000076293945,40.650001525878906,38.29999923706055,38.79999923706055,38.79999923706055,75178
2017-10-17,38.04999923706055,38.95000076293945,36.29999923706055,37.29999923706055,37.29999923706055,83471
2017-10-18,36.150001525878906,37.650001525878906,36.150001525878906,37.099998474121094,37.099998474121094,34143
2017-10-19,37.099998474121094,38.5,37.099998474121094,37.849998474121094,37.849998474121094,15019
2017-10-23,37.20000076293945,38.45000076293945,36.900001525878906,37.25,37.25,41635
2017-10-24,37.04999923706055,38.0,37.0,37.849998474121094,37.849998474121094,42867
2017-10-25,37.900001525878906,38.25,37.0,37.29999923706055,37.29999923706055,32192
2017-10-26,37.0,37.599998474121094,36.650001525878906,36.95000076293945,36.95000076293945,23637
2017-10-27,38.0,38.0,37.04999923706055,37.400001525878906,37.400001525878906,30651
2017-10-30,37.0,38.29999923706055,36.5,36.849998474121094,36.849998474121094,38379
2017-10-31,36.849998474121094,37.54999923706055,36.650001525878906,37.0,37.0,33019
2017-11-01,37.5,37.5,36.650001525878906,37.150001525878906,37.150001525878906,26899
2017-11-02,36.650001525878906,39.95000076293945,36.650001525878906,38.900001525878906,38.900001525878906,142935
2017-11-03,38.0,39.79999923706055,38.0,38.70000076293945,38.70000076293945,36538
2017-11-06,38.0,39.5,37.5,38.150001525878906,38.150001525878906,39235
2017-11-07,38.0,38.900001525878906,36.599998474121094,37.04999923706055,37.04999923706055,40118
2017-11-08,37.04999923706055,37.400001525878906,36.29999923706055,36.400001525878906,36.400001525878906,26318
2017-11-09,36.400001525878906,37.70000076293945,36.400001525878906,36.650001525878906,36.650001525878906,24101
2017-11-10,36.099998474121094,37.79999923706055,36.099998474121094,36.5,36.5,36461
2017-11-13,36.29999923706055,37.0,36.0,36.04999923706055,36.04999923706055,33442
2017-11-14,36.04999923706055,36.79999923706055,35.04999923706055,35.5,35.5,39544
2017-11-15,35.400001525878906,35.79999923706055,35.04999923706055,35.54999923706055,35.54999923706055,34393
2017-11-16,36.29999923706055,37.400001525878906,35.54999923706055,36.349998474121094,36.349998474121094,36585
2017-11-17,36.099998474121094,41.95000076293945,36.099998474121094,39.150001525878906,39.150001525878906,224489
2017-11-20,38.5,41.79999923706055,38.5,41.150001525878906,41.150001525878906,78777
2017-11-21,40.5,42.45000076293945,40.04999923706055,41.0,41.0,57821
2017-11-22,40.95000076293945,41.900001525878906,39.79999923706055,40.150001525878906,40.150001525878906,47585
2017-11-23,40.0,41.75,39.04999923706055,41.400001525878906,41.400001525878906,48708
2017-11-24,41.5,42.0,40.099998474121094,40.849998474121094,40.849998474121094,40202
2017-11-27,42.900001525878906,42.900001525878906,40.0,40.400001525878906,40.400001525878906,17531
2017-11-28,40.0,41.0,40.0,40.150001525878906,40.150001525878906,10662
2017-11-29,40.0,42.79999923706055,40.0,41.20000076293945,41.20000076293945,65188
2017-11-30,40.29999923706055,41.0,39.349998474121094,40.150001525878906,40.150001525878906,22856
2017-12-01,40.0,41.5,38.5,38.95000076293945,38.95000076293945,25189
2017-12-04,38.599998474121094,41.45000076293945,38.099998474121094,40.650001525878906,40.650001525878906,44497
2017-12-05,40.349998474121094,41.349998474121094,38.75,38.95000076293945,38.95000076293945,36296
2017-12-06,38.900001525878906,39.79999923706055,37.79999923706055,38.25,38.25,22000
2017-12-07,37.75,39.900001525878906,37.75,39.54999923706055,39.54999923706055,18423
2017-12-08,39.5,40.900001525878906,39.5,40.400001525878906,40.400001525878906,24165
2017-12-11,40.900001525878906,41.0,39.20000076293945,40.79999923706055,40.79999923706055,40873
2017-12-12,39.29999923706055,41.349998474121094,39.29999923706055,39.849998474121094,39.849998474121094,15545
2017-12-13,39.900001525878906,40.95000076293945,39.900001525878906,40.20000076293945,40.20000076293945,32579
2017-12-14,40.0,41.0,38.45000076293945,38.650001525878906,38.650001525878906,39990
2017-12-15,39.5,39.900001525878906,38.20000076293945,38.29999923706055,38.29999923706055,16563
2017-12-18,38.20000076293945,39.0,36.29999923706055,36.70000076293945,36.70000076293945,47679
2017-12-19,37.400001525878906,38.95000076293945,37.150001525878906,38.099998474121094,38.099998474121094,27219
2017-12-20,38.0,38.5,37.54999923706055,38.400001525878906,38.400001525878906,27168
2017-12-21,38.349998474121094,39.95000076293945,38.349998474121094,38.900001525878906,38.900001525878906,36601
2017-12-22,39.29999923706055,39.849998474121094,38.5,38.54999923706055,38.54999923706055,18917
2017-12-26,39.29999923706055,39.29999923706055,38.25,38.349998474121094,38.349998474121094,10663
2017-12-27,38.29999923706055,40.599998474121094,38.29999923706055,38.95000076293945,38.95000076293945,40456
2017-12-28,38.95000076293945,39.75,38.0,38.29999923706055,38.29999923706055,50237
2017-12-29,38.70000076293945,39.0,38.29999923706055,38.900001525878906,38.900001525878906,18569
2018-01-01,39.0,39.5,38.04999923706055,38.650001525878906,38.650001525878906,17560
2018-01-02,39.0,39.0,37.70000076293945,38.04999923706055,38.04999923706055,19386
2018-01-03,38.099998474121094,41.20000076293945,37.5,40.54999923706055,40.54999923706055,146135
2018-01-04,41.20000076293945,43.400001525878906,40.650001525878906,41.75,41.75,132720
2018-01-05,40.599998474121094,42.45000076293945,40.599998474121094,41.29999923706055,41.29999923706055,38939
2018-01-08,41.5,42.0,40.20000076293945,40.75,40.75,29921
2018-01-09,40.0,45.900001525878906,40.0,43.900001525878906,43.900001525878906,389111
2018-01-10,44.5,46.95000076293945,42.25,45.95000076293945,45.95000076293945,252368
2018-01-11,48.0,50.79999923706055,46.5,47.5,47.5,783228
2018-01-12,47.04999923706055,47.849998474121094,43.79999923706055,44.75,44.75,231919
2018-01-15,44.75,48.400001525878906,43.79999923706055,46.349998474121094,46.349998474121094,136923
2018-01-16,46.0,46.0,43.150001525878906,43.400001525878906,43.400001525878906,61550
2018-01-17,43.400001525878906,44.5,41.349998474121094,43.04999923706055,43.04999923706055,44416
2018-01-18,43.04999923706055,44.900001525878906,40.0,40.349998474121094,40.349998474121094,48687
2018-01-19,41.599998474121094,41.599998474121094,38.150001525878906,39.0,39.0,77342
2018-01-22,39.0,42.20000076293945,39.0,41.400001525878906,41.400001525878906,63757
2018-01-23,41.400001525878906,41.95000076293945,39.5,39.79999923706055,39.79999923706055,54827
2018-01-24,38.25,41.0,38.25,39.75,39.75,17617
2018-01-25,40.099998474121094,40.29999923706055,39.099998474121094,39.75,39.75,15098
2018-01-29,39.0,41.0,38.04999923706055,38.5,38.5,37899
2018-01-30,38.099998474121094,40.5,37.5,39.400001525878906,39.400001525878906,49255
2018-01-31,40.400001525878906,40.900001525878906,38.75,40.04999923706055,40.04999923706055,50336
2018-02-01,40.70000076293945,42.0,39.099998474121094,39.70000076293945,39.70000076293945,41536
2018-02-02,39.70000076293945,40.400001525878906,37.0,37.150001525878906,37.150001525878906,55928
2018-02-05,36.5,38.0,35.5,37.20000076293945,37.20000076293945,52166
2018-02-06,35.0,36.95000076293945,34.79999923706055,35.900001525878906,35.900001525878906,29407
2018-02-07,37.29999923706055,38.5,36.25,37.0,37.0,38485
2018-02-08,38.400001525878906,38.5,37.150001525878906,37.650001525878906,37.650001525878906,16334
2018-02-09,37.0,39.0,36.04999923706055,38.04999923706055,38.04999923706055,20807
2018-02-12,39.95000076293945,40.0,38.099998474121094,38.400001525878906,38.400001525878906,69014
2018-02-14,39.900001525878906,40.45000076293945,38.599998474121094,39.29999923706055,39.29999923706055,30547
2018-02-15,39.0,40.0,38.25,38.79999923706055,38.79999923706055,16804
2018-02-16,38.20000076293945,38.599998474121094,37.5,37.849998474121094,37.849998474121094,9696
2018-02-19,37.5,39.849998474121094,36.5,37.20000076293945,37.20000076293945,6051
2018-02-20,36.95000076293945,37.04999923706055,35.099998474121094,36.45000076293945,36.45000076293945,7822
2018-02-21,37.900001525878906,38.0,36.04999923706055,36.5,36.5,7659
2018-02-22,36.20000076293945,37.900001525878906,35.5,37.849998474121094,37.849998474121094,9726
2018-02-23,38.400001525878906,38.79999923706055,37.099998474121094,37.45000076293945,37.45000076293945,14302
2018-02-26,37.20000076293945,37.75,36.0,36.54999923706055,36.54999923706055,16944
2018-02-27,36.75,37.349998474121094,36.45000076293945,36.650001525878906,36.650001525878906,6190
2018-02-28,36.29999923706055,36.900001525878906,35.29999923706055,35.54999923706055,35.54999923706055,29474
2018-03-01,36.45000076293945,36.599998474121094,35.45000076293945,35.79999923706055,35.79999923706055,10442
2018-03-05,35.29999923706055,36.0,34.849998474121094,34.900001525878906,34.900001525878906,63617
2018-03-06,35.20000076293945,35.849998474121094,33.900001525878906,34.04999923706055,34.04999923706055,41309
2018-03-07,34.45000076293945,34.45000076293945,33.099998474121094,33.29999923706055,33.29999923706055,11661
2018-03-08,34.0,34.400001525878906,32.5,32.75,32.75,14440
2018-03-09,32.70000076293945,33.75,31.600000381469727,32.04999923706055,32.04999923706055,37179
2018-03-12,32.20000076293945,33.400001525878906,31.549999237060547,32.54999923706055,32.54999923706055,18909
2018-03-13,32.95000076293945,35.349998474121094,32.29999923706055,33.70000076293945,33.70000076293945,37902
2018-03-14,33.0,35.849998474121094,33.0,33.70000076293945,33.70000076293945,27486
2018-03-15,33.75,34.79999923706055,33.0,33.75,33.75,12067
2018-03-16,33.29999923706055,34.95000076293945,33.29999923706055,33.54999923706055,33.54999923706055,10754
2018-03-19,34.349998474121094,35.5,33.0,33.45000076293945,33.45000076293945,24778
2018-03-20,33.04999923706055,34.150001525878906,31.899999618530273,32.650001525878906,32.650001525878906,22243
2018-03-21,33.95000076293945,33.95000076293945,32.45000076293945,32.70000076293945,32.70000076293945,6809
2018-03-22,33.04999923706055,33.54999923706055,31.0,31.450000762939453,31.450000762939453,16074
2018-03-23,33.0,33.0,30.0,30.25,30.25,19430
2018-03-26,30.75,30.850000381469727,28.5,29.25,29.25,62009
2018-03-27,29.200000762939453,30.450000762939453,29.200000762939453,29.950000762939453,29.950000762939453,41429
2018-03-28,30.450000762939453,30.450000762939453,28.5,29.25,29.25,35612
2018-04-02,30.75,30.75,28.950000762939453,29.299999237060547,29.299999237060547,18767
2018-04-03,29.149999618530273,30.200000762939453,28.5,29.200000762939453,29.200000762939453,21218
2018-04-04,29.700000762939453,32.70000076293945,29.350000381469727,30.399999618530273,30.399999618530273,44623
2018-04-05,31.799999237060547,33.349998474121094,30.799999237060547,32.20000076293945,32.20000076293945,63686
2018-04-06,31.799999237060547,33.70000076293945,31.799999237060547,32.599998474121094,32.599998474121094,39389
2018-04-09,33.20000076293945,34.29999923706055,32.95000076293945,33.20000076293945,33.20000076293945,12249
2018-04-10,33.79999923706055,33.79999923706055,31.649999618530273,32.04999923706055,32.04999923706055,17360
2018-04-11,32.099998474121094,32.349998474121094,31.5,31.75,31.75,15194
2018-04-12,31.899999618530273,33.75,31.350000381469727,32.45000076293945,32.45000076293945,41984
2018-04-13,32.0,33.0,31.149999618530273,31.549999237060547,31.549999237060547,14225
2018-04-16,31.549999237060547,32.400001525878906,31.0,31.399999618530273,31.399999618530273,11310
2018-04-17,31.950000762939453,31.950000762939453,30.75,31.200000762939453,31.200000762939453,10322
2018-04-18,31.100000381469727,31.5,30.5,30.649999618530273,30.649999618530273,5886
2018-04-19,30.450000762939453,30.850000381469727,29.799999237060547,29.950000762939453,29.950000762939453,14724
2018-04-20,30.350000381469727,30.899999618530273,30.0,30.5,30.5,12732
2018-04-23,30.299999237060547,31.850000381469727,30.200000762939453,31.600000381469727,31.600000381469727,12871
2018-04-24,31.0,31.799999237060547,30.75,31.5,31.5,6527
2018-04-25,31.799999237060547,31.799999237060547,30.600000381469727,31.450000762939453,31.450000762939453,11338
2018-04-26,30.799999237060547,31.899999618530273,30.0,30.299999237060547,30.299999237060547,17217
2018-04-27,30.950000762939453,31.0,29.450000762939453,29.799999237060547,29.799999237060547,18686
2018-04-30,30.600000381469727,30.75,29.75,30.200000762939453,30.200000762939453,9812
2018-05-02,30.950000762939453,35.45000076293945,30.149999618530273,32.75,32.75,256952
2018-05-03,33.75,33.75,31.0,31.5,31.5,28860
2018-05-04,31.0,33.20000076293945,30.5,30.899999618530273,30.899999618530273,66971
2018-05-07,31.0,32.400001525878906,30.799999237060547,30.899999618530273,30.899999618530273,9822
2018-05-08,31.399999618530273,31.899999618530273,29.75,30.100000381469727,30.100000381469727,8688
2018-05-09,29.600000381469727,31.399999618530273,29.25,29.549999237060547,29.549999237060547,20777
2018-05-10,29.649999618530273,30.799999237060547,29.0,29.5,29.5,16276
2018-05-11,29.149999618530273,29.850000381469727,27.049999237060547,28.100000381469727,28.100000381469727,36584
2018-05-14,29.5,29.5,27.0,27.0,27.0,14549
2018-05-15,27.0,28.0,26.649999618530273,27.450000762939453,27.450000762939453,9159
2018-05-16,27.0,28.5,27.0,27.799999237060547,27.799999237060547,11596
2018-05-17,28.0,28.25,27.0,27.5,27.5,10813
2018-05-18,27.100000381469727,28.049999237060547,27.100000381469727,27.5,27.5,10599
2018-05-21,27.549999237060547,27.850000381469727,26.75,27.0,27.0,9834
2018-05-22,27.0,31.0,26.049999237060547,29.549999237060547,29.549999237060547,56298
2018-05-23,30.0,30.25,27.799999237060547,28.899999618530273,28.899999618530273,34238
2018-05-24,28.5,30.850000381469727,28.0,28.25,28.25,38271
2018-05-25,28.200000762939453,30.549999237060547,27.549999237060547,29.850000381469727,29.850000381469727,55694
2018-05-28,30.850000381469727,31.350000381469727,29.399999618530273,29.549999237060547,29.549999237060547,30472
2018-05-29,29.600000381469727,30.950000762939453,28.5,29.100000381469727,29.100000381469727,27436
2018-05-30,29.950000762939453,31.850000381469727,28.549999237060547,29.350000381469727,29.350000381469727,157295
2018-05-31,29.200000762939453,29.75,26.700000762939453,27.350000381469727,27.350000381469727,30156
2018-06-01,29.149999618530273,29.149999618530273,26.25,26.549999237060547,26.549999237060547,17014
2018-06-04,28.600000381469727,28.600000381469727,25.850000381469727,26.049999237060547,26.049999237060547,28012
2018-06-05,26.149999618530273,26.899999618530273,25.25,25.450000762939453,25.450000762939453,17560
2018-06-06,26.899999618530273,28.5,25.25,26.350000381469727,26.350000381469727,49872
2018-06-07,27.350000381469727,27.950000762939453,26.100000381469727,26.649999618530273,26.649999618530273,19867
2018-06-08,26.450000762939453,27.0,25.899999618530273,26.649999618530273,26.649999618530273,12549
2018-06-11,26.25,28.450000762939453,26.149999618530273,27.0,27.0,61893
2018-06-12,27.850000381469727,27.950000762939453,26.600000381469727,27.0,27.0,15628
2018-06-13,26.5,27.0,26.5,26.549999237060547,26.549999237060547,4321
2018-06-14,27.299999237060547,27.350000381469727,25.799999237060547,26.350000381469727,26.350000381469727,3296
2018-06-15,25.799999237060547,26.899999618530273,25.799999237060547,26.25,26.25,8887
2018-06-18,27.299999237060547,27.299999237060547,25.899999618530273,26.0,26.0,2522
2018-06-19,26.549999237060547,26.649999618530273,25.200000762939453,25.25,25.25,6234
2018-06-20,25.600000381469727,26.5,25.350000381469727,25.850000381469727,25.850000381469727,12950
2018-06-21,26.25,31.0,26.049999237060547,28.75,28.75,629333
2018-06-22,29.100000381469727,29.799999237060547,27.25,27.899999618530273,27.899999618530273,207164
2018-06-25,27.25,27.600000381469727,26.600000381469727,26.75,26.75,26437
2018-06-26,26.450000762939453,27.950000762939453,26.200000762939453,26.350000381469727,26.350000381469727,21214
2018-06-27,26.399999618530273,26.5,24.299999237060547,24.700000762939453,24.700000762939453,17653
2018-06-28,24.600000381469727,26.299999237060547,24.549999237060547,24.75,24.75,21852
2018-06-29,25.450000762939453,27.450000762939453,24.100000381469727,26.0,26.0,69837
2018-07-02,27.100000381469727,27.399999618530273,24.700000762939453,25.200000762939453,25.200000762939453,23074
2018-07-03,25.950000762939453,25.950000762939453,25.350000381469727,25.399999618530273,25.399999618530273,4170
2018-07-04,25.5,25.799999237060547,24.25,24.950000762939453,24.950000762939453,19519
2018-07-05,25.350000381469727,25.899999618530273,24.25,24.950000762939453,24.950000762939453,11611
2018-07-06,24.950000762939453,27.399999618530273,24.450000762939453,25.850000381469727,25.850000381469727,59879
2018-07-09,26.899999618530273,27.399999618530273,25.549999237060547,26.299999237060547,26.299999237060547,52760
2018-07-10,27.100000381469727,27.899999618530273,26.5,27.450000762939453,27.450000762939453,34568
2018-07-11,27.700000762939453,28.5,26.75,26.950000762939453,26.950000762939453,43696
2018-07-12,26.899999618530273,28.299999237060547,26.75,26.950000762939453,26.950000762939453,39934
2018-07-13,27.600000381469727,27.75,26.299999237060547,26.450000762939453,26.450000762939453,10095
2018-07-16,26.799999237060547,27.299999237060547,25.75,26.299999237060547,26.299999237060547,8674
2018-07-17,25.799999237060547,26.450000762939453,25.5,25.700000762939453,25.700000762939453,7335
2018-07-18,26.200000762939453,28.5,25.5,26.450000762939453,26.450000762939453,107573
2018-07-19,26.399999618530273,26.5,25.100000381469727,25.5,25.5,13899
2018-07-20,25.25,26.25,24.549999237060547,25.350000381469727,25.350000381469727,16872
2018-07-23,25.350000381469727,26.799999237060547,25.350000381469727,26.149999618530273,26.149999618530273,13599
2018-07-24,29.850000381469727,29.850000381469727,26.649999618530273,27.5,27.5,159699
2018-07-25,27.5,28.799999237060547,27.5,27.700000762939453,27.700000762939453,5961
2018-07-26,27.950000762939453,27.950000762939453,26.799999237060547,27.149999618530273,27.149999618530273,5229
2018-07-27,26.799999237060547,27.649999618530273,26.799999237060547,27.100000381469727,27.100000381469727,4096
2018-07-30,26.899999618530273,27.200000762939453,26.399999618530273,26.700000762939453,26.700000762939453,7265
2018-07-31,27.0,27.700000762939453,25.350000381469727,25.75,25.75,23860
2018-08-01,25.950000762939453,26.950000762939453,25.75,26.450000762939453,26.450000762939453,17597
2018-08-02,27.0,27.399999618530273,26.049999237060547,26.200000762939453,26.200000762939453,7644
2018-08-03,26.649999618530273,28.75,26.399999618530273,28.299999237060547,28.299999237060547,76569
2018-08-06,28.049999237060547,30.350000381469727,28.049999237060547,28.950000762939453,28.950000762939453,70316
2018-08-07,28.799999237060547,29.850000381469727,28.600000381469727,28.649999618530273,28.649999618530273,10348
2018-08-08,29.0,30.200000762939453,28.450000762939453,29.850000381469727,29.850000381469727,55417
2018-08-09,30.75,30.75,28.549999237060547,29.799999237060547,29.799999237060547,28030
2018-08-10,29.25,29.75,28.600000381469727,28.899999618530273,28.899999618530273,8263
2018-08-13,28.549999237060547,28.950000762939453,27.600000381469727,27.950000762939453,27.950000762939453,8170
2018-08-14,27.799999237060547,29.399999618530273,27.100000381469727,27.350000381469727,27.350000381469727,14951
2018-08-16,27.350000381469727,32.79999923706055,27.350000381469727,32.349998474121094,32.349998474121094,349658
2018-08-17,35.70000076293945,36.5,32.0,34.849998474121094,34.849998474121094,491234
2018-08-20,34.45000076293945,35.79999923706055,33.79999923706055,35.099998474121094,35.099998474121094,98180
2018-08-21,35.099998474121094,36.25,33.29999923706055,34.75,34.75,166667
2018-08-23,34.45000076293945,35.650001525878906,33.5,33.849998474121094,33.849998474121094,43445
2018-08-24,33.849998474121094,34.95000076293945,32.25,32.70000076293945,32.70000076293945,66169
2018-08-27,33.25,39.20000076293945,33.099998474121094,38.150001525878906,38.150001525878906,409750
2018-08-28,37.900001525878906,39.599998474121094,36.54999923706055,37.29999923706055,37.29999923706055,151853
2018-08-29,37.79999923706055,38.5,35.25,35.650001525878906,35.650001525878906,27618
2018-08-30,35.5,36.099998474121094,34.599998474121094,35.150001525878906,35.150001525878906,37933
2018-08-31,35.349998474121094,36.400001525878906,34.54999923706055,34.70000076293945,34.70000076293945,23085
2018-09-03,35.900001525878906,36.0,34.25,34.400001525878906,34.400001525878906,19492
2018-09-04,34.25,35.54999923706055,33.5,33.79999923706055,33.79999923706055,16979
2018-09-05,33.95000076293945,34.0,30.299999237060547,31.700000762939453,31.700000762939453,79493
2018-09-06,31.549999237060547,38.0,31.5,37.0,37.0,355057
2018-09-07,37.849998474121094,39.5,35.099998474121094,37.349998474121094,37.349998474121094,390351
2018-09-10,38.29999923706055,40.0,35.650001525878906,39.349998474121094,39.349998474121094,196293
2018-09-11,39.25,41.0,38.25,39.400001525878906,39.400001525878906,212895
2018-09-12,39.20000076293945,40.0,38.099998474121094,39.599998474121094,39.599998474121094,114933
2018-09-14,40.0,40.0,38.400001525878906,39.099998474121094,39.099998474121094,75573
2018-09-17,38.900001525878906,39.95000076293945,37.29999923706055,37.599998474121094,37.599998474121094,76035
2018-09-18,37.650001525878906,39.45000076293945,36.599998474121094,37.20000076293945,37.20000076293945,91252
2018-09-19,37.20000076293945,39.75,35.54999923706055,36.5,36.5,75052
2018-09-21,37.900001525878906,37.900001525878906,32.5,34.20000076293945,34.20000076293945,53786
2018-09-24,37.0,37.0,33.29999923706055,34.54999923706055,34.54999923706055,38803
2018-09-25,34.099998474121094,36.20000076293945,33.400001525878906,33.849998474121094,33.849998474121094,21901
2018-09-26,33.650001525878906,34.900001525878906,32.95000076293945,33.29999923706055,33.29999923706055,6038
2018-09-27,34.29999923706055,34.95000076293945,30.549999237060547,31.600000381469727,31.600000381469727,16803
2018-09-28,32.25,32.25,30.0,30.950000762939453,30.950000762939453,18198
2018-10-01,30.399999618530273,30.600000381469727,28.350000381469727,29.25,29.25,61174
2018-10-03,29.450000762939453,30.100000381469727,28.0,28.5,28.5,18463
2018-10-04,27.450000762939453,30.399999618530273,27.299999237060547,28.799999237060547,28.799999237060547,41243
2018-10-05,28.299999237060547,28.799999237060547,27.049999237060547,27.299999237060547,27.299999237060547,12796
2018-10-08,28.350000381469727,28.350000381469727,26.25,27.600000381469727,27.600000381469727,9491
2018-10-09,27.350000381469727,31.5,27.350000381469727,29.850000381469727,29.850000381469727,79118
2018-10-10,30.700000762939453,32.45000076293945,29.350000381469727,31.75,31.75,92365
2018-10-11,30.5,31.899999618530273,29.0,30.200000762939453,30.200000762939453,18267
2018-10-12,30.25,32.5,30.200000762939453,31.299999237060547,31.299999237060547,33213
2018-10-15,32.900001525878906,32.900001525878906,31.0,31.049999237060547,31.049999237060547,12383
2018-10-16,32.150001525878906,32.599998474121094,31.549999237060547,31.700000762939453,31.700000762939453,8556
2018-10-17,32.79999923706055,33.25,30.25,30.450000762939453,30.450000762939453,6566
2018-10-19,31.0,31.149999618530273,29.0,29.450000762939453,29.450000762939453,6969
2018-10-22,31.950000762939453,31.950000762939453,29.200000762939453,29.450000762939453,29.450000762939453,1015
2018-10-23,29.450000762939453,29.899999618530273,28.25,28.25,28.25,2795
2018-10-24,28.549999237060547,30.0,28.25,28.450000762939453,28.450000762939453,7919
2018-10-25,28.100000381469727,28.799999237060547,27.549999237060547,27.799999237060547,27.799999237060547,10089
2018-10-26,28.850000381469727,29.0,28.5,28.950000762939453,28.950000762939453,3177
2018-10-29,28.549999237060547,30.75,28.549999237060547,29.049999237060547,29.049999237060547,10253
2018-10-30,30.399999618530273,30.5,28.700000762939453,29.100000381469727,29.100000381469727,6737
2018-10-31,29.25,30.350000381469727,29.200000762939453,29.450000762939453,29.450000762939453,8581
2018-11-01,30.299999237060547,30.299999237060547,29.25,29.5,29.5,3261
2018-11-02,29.049999237060547,31.549999237060547,29.0,30.149999618530273,30.149999618530273,9612
2018-11-05,30.700000762939453,30.700000762939453,29.100000381469727,29.299999237060547,29.299999237060547,3748
2018-11-06,30.25,30.25,29.100000381469727,29.75,29.75,3635
2018-11-07,30.5,33.0,29.350000381469727,30.049999237060547,30.049999237060547,21348
2018-11-09,30.5,33.25,30.5,31.200000762939453,31.200000762939453,12626
2018-11-12,31.950000762939453,33.5,31.200000762939453,31.75,31.75,15875
2018-11-13,31.549999237060547,32.75,31.549999237060547,32.099998474121094,32.099998474121094,10014
2018-11-14,32.04999923706055,33.5,31.649999618530273,32.25,32.25,8176
2018-11-15,32.599998474121094,33.45000076293945,30.600000381469727,30.75,30.75,9473
2018-11-16,30.75,32.25,30.700000762939453,31.600000381469727,31.600000381469727,13395
2018-11-19,31.200000762939453,31.399999618530273,30.399999618530273,30.399999618530273,30.399999618530273,10801
2018-11-20,30.549999237060547,30.549999237060547,29.100000381469727,29.350000381469727,29.350000381469727,2100
2018-11-21,29.75,30.399999618530273,28.149999618530273,29.0,29.0,6074
2018-11-22,30.0,30.399999618530273,29.100000381469727,29.399999618530273,29.399999618530273,5749
2018-11-26,30.700000762939453,30.850000381469727,28.850000381469727,29.549999237060547,29.549999237060547,15677
2018-11-27,29.799999237060547,30.799999237060547,28.350000381469727,28.850000381469727,28.850000381469727,14161
2018-11-28,29.899999618530273,29.899999618530273,28.5,28.549999237060547,28.549999237060547,5331
2018-11-29,28.700000762939453,33.20000076293945,28.700000762939453,31.700000762939453,31.700000762939453,195453
2018-11-30,32.5,32.5,30.299999237060547,30.899999618530273,30.899999618530273,16172
2018-12-03,31.200000762939453,31.950000762939453,30.100000381469727,30.75,30.75,13407
2018-12-04,31.0,31.950000762939453,29.149999618530273,29.899999618530273,29.899999618530273,203455
2018-12-05,30.899999618530273,30.899999618530273,27.700000762939453,27.899999618530273,27.899999618530273,126194
2018-12-06,28.200000762939453,28.399999618530273,27.350000381469727,27.399999618530273,27.399999618530273,14941
2018-12-07,28.049999237060547,28.600000381469727,27.600000381469727,27.899999618530273,27.899999618530273,9180
2018-12-10,27.200000762939453,27.75,26.649999618530273,26.75,26.75,5962
2018-12-11,26.0,32.099998474121094,25.799999237060547,29.200000762939453,29.200000762939453,141044
2018-12-12,29.0,30.0,28.5,28.899999618530273,28.899999618530273,9517
2018-12-13,29.200000762939453,29.649999618530273,28.399999618530273,28.700000762939453,28.700000762939453,11988
2018-12-14,28.600000381469727,28.950000762939453,27.399999618530273,27.75,27.75,109155
2018-12-17,28.600000381469727,28.600000381469727,27.549999237060547,28.049999237060547,28.049999237060547,6322
2018-12-18,28.0,29.25,27.700000762939453,28.049999237060547,28.049999237060547,18188
2018-12-19,29.0,29.0,28.25,28.600000381469727,28.600000381469727,8344
2018-12-20,28.950000762939453,29.0,28.149999618530273,28.549999237060547,28.549999237060547,9782
2018-12-21,28.0,28.649999618530273,27.5,27.700000762939453,27.700000762939453,8566
2018-12-24,27.700000762939453,28.899999618530273,27.700000762939453,28.049999237060547,28.049999237060547,5692
2018-12-26,28.049999237060547,28.049999237060547,27.100000381469727,27.649999618530273,27.649999618530273,285
2018-12-27,27.700000762939453,28.399999618530273,27.549999237060547,27.649999618530273,27.649999618530273,3100
2018-12-28,27.600000381469727,28.149999618530273,26.5,27.149999618530273,27.149999618530273,14847
2018-12-31,28.25,28.25,27.049999237060547,27.149999618530273,27.149999618530273,9881
2019-01-01,27.350000381469727,27.700000762939453,27.100000381469727,27.25,27.25,6056
2019-01-02,27.100000381469727,28.0,26.299999237060547,27.450000762939453,27.450000762939453,29714
2019-01-03,27.200000762939453,27.600000381469727,26.75,26.950000762939453,26.950000762939453,1791
2019-01-04,26.399999618530273,26.899999618530273,26.399999618530273,26.5,26.5,13983
2019-01-07,26.549999237060547,27.350000381469727,26.549999237060547,26.600000381469727,26.600000381469727,5750
2019-01-08,27.450000762939453,27.450000762939453,26.299999237060547,26.399999618530273,26.399999618530273,7805
2019-01-09,27.149999618530273,27.149999618530273,25.600000381469727,26.149999618530273,26.149999618530273,32509
2019-01-10,25.950000762939453,27.75,25.649999618530273,26.549999237060547,26.549999237060547,41651
2019-01-11,26.299999237060547,27.899999618530273,26.299999237060547,26.899999618530273,26.899999618530273,28476
2019-01-14,26.649999618530273,26.950000762939453,26.200000762939453,26.299999237060547,26.299999237060547,2024
2019-01-15,26.049999237060547,27.850000381469727,25.350000381469727,26.549999237060547,26.549999237060547,40552
2019-01-16,26.549999237060547,27.450000762939453,26.299999237060547,26.75,26.75,9143
2019-01-17,27.700000762939453,29.799999237060547,27.5,27.850000381469727,27.850000381469727,54146
2019-01-18,29.100000381469727,29.899999618530273,27.899999618530273,28.649999618530273,28.649999618530273,47556
2019-01-21,28.100000381469727,28.600000381469727,26.850000381469727,27.149999618530273,27.149999618530273,6870
2019-01-22,27.0,27.649999618530273,26.149999618530273,26.549999237060547,26.549999237060547,4033
2019-01-23,26.600000381469727,27.700000762939453,26.399999618530273,26.549999237060547,26.549999237060547,5775
2019-01-24,26.649999618530273,27.200000762939453,26.0,26.299999237060547,26.299999237060547,3727
2019-01-25,27.399999618530273,28.75,26.100000381469727,26.950000762939453,26.950000762939453,60818
2019-01-28,27.25,27.25,25.600000381469727,25.899999618530273,25.899999618530273,7378
2019-01-29,25.5,26.549999237060547,25.149999618530273,25.549999237060547,25.549999237060547,11711
2019-01-30,26.0,26.0,25.0,25.25,25.25,7157
2019-01-31,25.100000381469727,26.799999237060547,24.649999618530273,25.350000381469727,25.350000381469727,16001
2019-02-01,25.399999618530273,26.649999618530273,25.100000381469727,25.200000762939453,25.200000762939453,19064
2019-02-04,25.0,26.5,25.0,25.0,25.0,8419
2019-02-05,25.850000381469727,26.700000762939453,24.5,25.049999237060547,25.049999237060547,41252
2019-02-06,25.700000762939453,25.700000762939453,24.200000762939453,24.350000381469727,24.350000381469727,12311
2019-02-07,24.399999618530273,25.0,23.5,24.0,24.0,16892
2019-02-08,23.899999618530273,24.549999237060547,23.350000381469727,23.549999237060547,23.549999237060547,9579
2019-02-11,23.549999237060547,24.149999618530273,22.5,23.299999237060547,23.299999237060547,7554
2019-02-12,24.0,24.0,22.549999237060547,23.049999237060547,23.049999237060547,11596
2019-02-14,21.25,22.0,20.799999237060547,21.399999618530273,21.399999618530273,8784
2019-02-15,21.0,21.5,20.350000381469727,20.700000762939453,20.700000762939453,15867
2019-02-18,21.399999618530273,21.399999618530273,18.0,19.200000762939453,19.200000762939453,80763
2019-02-19,18.75,20.5,17.5,20.100000381469727,20.100000381469727,136119
2019-02-20,20.100000381469727,21.0,20.0,20.0,20.0,26342
2019-02-21,19.700000762939453,20.0,19.5,19.649999618530273,19.649999618530273,15822
2019-02-22,19.600000381469727,20.899999618530273,19.600000381469727,20.600000381469727,20.600000381469727,18681
2019-02-25,21.200000762939453,21.200000762939453,19.350000381469727,20.049999237060547,20.049999237060547,12675
2019-02-26,20.5,20.5,19.149999618530273,19.399999618530273,19.399999618530273,10159
2019-02-27,20.350000381469727,21.75,19.0,20.600000381469727,20.600000381469727,83606
2019-02-28,20.399999618530273,22.399999618530273,19.899999618530273,22.100000381469727,22.100000381469727,89426
2019-03-01,22.700000762939453,26.5,22.049999237060547,25.5,25.5,211905
2019-03-05,27.799999237060547,27.799999237060547,24.700000762939453,27.149999618530273,27.149999618530273,72357
2019-03-06,28.200000762939453,28.200000762939453,26.5,26.850000381469727,26.850000381469727,21380
2019-03-07,26.700000762939453,26.950000762939453,26.149999618530273,26.5,26.5,8809
2019-03-08,26.25,27.0,26.100000381469727,26.600000381469727,26.600000381469727,2191
2019-03-11,25.799999237060547,27.399999618530273,25.799999237060547,27.149999618530273,27.149999618530273,12275
2019-03-12,26.600000381469727,31.950000762939453,26.600000381469727,29.200000762939453,29.200000762939453,126832
2019-03-13,30.399999618530273,30.399999618530273,28.899999618530273,29.850000381469727,29.850000381469727,25882
2019-03-14,28.450000762939453,29.450000762939453,28.399999618530273,28.450000762939453,28.450000762939453,4571
2019-03-15,27.049999237060547,27.649999618530273,27.049999237060547,27.049999237060547,27.049999237060547,4404
2019-03-18,27.0,27.0,25.700000762939453,25.700000762939453,25.700000762939453,3787
2019-03-19,24.5,24.5,24.450000762939453,24.450000762939453,24.450000762939453,849
2019-03-20,23.25,24.950000762939453,23.25,23.700000762939453,23.700000762939453,12426
2019-03-22,23.600000381469727,23.799999237060547,22.600000381469727,23.25,23.25,3303
2019-03-25,22.649999618530273,24.299999237060547,22.649999618530273,23.399999618530273,23.399999618530273,5289
2019-03-26,22.700000762939453,24.5,22.25,24.049999237060547,24.049999237060547,7879
2019-03-27,22.850000381469727,24.049999237060547,22.850000381469727,23.549999237060547,23.549999237060547,16731
2019-03-28,22.799999237060547,23.75,22.600000381469727,23.75,23.75,1511
2019-04-01,22.5,24.700000762939453,22.5,23.799999237060547,23.799999237060547,916
2019-04-02,24.799999237060547,24.799999237060547,22.75,24.0,24.0,1101
2019-04-03,22.899999618530273,24.5,22.850000381469727,22.950000762939453,22.950000762939453,1575
2019-04-04,23.850000381469727,23.850000381469727,22.0,22.149999618530273,22.149999618530273,744
2019-04-05,22.149999618530273,23.149999618530273,22.149999618530273,23.149999618530273,23.149999618530273,788
2019-04-08,22.299999237060547,24.149999618530273,22.299999237060547,23.149999618530273,23.149999618530273,2636
2019-04-09,22.399999618530273,23.950000762939453,22.399999618530273,23.049999237060547,23.049999237060547,273
2019-04-10,22.100000381469727,23.649999618530273,22.100000381469727,23.0,23.0,4234
2019-04-11,22.149999618530273,23.899999618530273,21.850000381469727,22.0,22.0,4974
2019-04-12,22.049999237060547,22.899999618530273,22.0,22.700000762939453,22.700000762939453,244
2019-04-15,21.850000381469727,22.899999618530273,21.850000381469727,22.799999237060547,22.799999237060547,981
2019-04-16,21.75,22.850000381469727,21.75,21.899999618530273,21.899999618530273,718
2019-04-18,21.899999618530273,22.0,20.850000381469727,21.299999237060547,21.299999237060547,7278
2019-04-22,20.5,21.899999618530273,20.299999237060547,21.299999237060547,21.299999237060547,7188
2019-04-23,21.25,22.0,20.5,21.75,21.75,5535
2019-04-24,20.850000381469727,22.5,20.850000381469727,22.399999618530273,22.399999618530273,4108
2019-04-25,22.5,22.899999618530273,21.350000381469727,22.149999618530273,22.149999618530273,1846
2019-04-26,22.0,22.0,21.299999237060547,22.0,22.0,970
2019-04-30,21.549999237060547,22.700000762939453,21.549999237060547,22.700000762939453,22.700000762939453,45
2019-05-02,22.850000381469727,22.850000381469727,22.0,22.5,22.5,1750
2019-05-03,22.450000762939453,22.450000762939453,22.450000762939453,22.450000762939453,22.450000762939453,300
2019-05-06,22.450000762939453,22.450000762939453,22.450000762939453,22.450000762939453,22.450000762939453,0
2019-05-07,21.399999618530273,22.799999237060547,21.399999618530273,21.950000762939453,21.950000762939453,2650
2019-05-08,21.5,22.950000762939453,21.5,22.649999618530273,22.649999618530273,3763
2019-05-09,21.700000762939453,23.649999618530273,21.700000762939453,23.25,23.25,5137
2019-05-10,23.950000762939453,24.350000381469727,23.100000381469727,24.350000381469727,24.350000381469727,7407
2019-05-13,24.0,25.149999618530273,23.649999618530273,24.799999237060547,24.799999237060547,2060
2019-05-14,24.75,25.649999618530273,23.600000381469727,24.25,24.25,3695
2019-05-15,23.299999237060547,25.450000762939453,23.299999237060547,24.899999618530273,24.899999618530273,5013
2019-05-16,25.0,25.0,23.799999237060547,25.0,25.0,2059
2019-05-17,24.5,24.5,24.049999237060547,24.25,24.25,1406
2019-05-20,24.25,25.450000762939453,23.649999618530273,24.950000762939453,24.950000762939453,2259
2019-05-21,24.899999618530273,25.5,24.0,24.850000381469727,24.850000381469727,1330
2019-05-22,24.600000381469727,25.5,24.200000762939453,24.200000762939453,24.200000762939453,867
2019-05-23,23.5,25.399999618530273,23.5,24.950000762939453,24.950000762939453,1212
2019-05-24,23.850000381469727,26.0,23.850000381469727,26.0,26.0,5236
2019-05-27,26.950000762939453,26.950000762939453,25.200000762939453,25.299999237060547,25.299999237060547,1301
2019-05-28,25.0,26.25,24.049999237060547,26.200000762939453,26.200000762939453,10477
2019-05-29,25.0,26.0,24.950000762939453,25.25,25.25,2405
2019-05-30,24.0,25.700000762939453,24.0,24.299999237060547,24.299999237060547,146
2019-05-31,24.0,25.5,23.899999618530273,25.5,25.5,2311
2019-06-03,25.5,25.5,24.799999237060547,25.299999237060547,25.299999237060547,599
2019-06-04,24.200000762939453,25.75,24.200000762939453,25.600000381469727,25.600000381469727,2900
2019-06-06,25.600000381469727,25.600000381469727,25.600000381469727,25.600000381469727,25.600000381469727,0
2019-06-07,25.600000381469727,25.600000381469727,25.600000381469727,25.600000381469727,25.600000381469727,0
2019-06-10,24.700000762939453,24.700000762939453,24.700000762939453,24.700000762939453,24.700000762939453,40
2019-06-11,23.549999237060547,24.950000762939453,23.549999237060547,24.600000381469727,24.600000381469727,2114
2019-06-12,24.0,24.0,23.399999618530273,23.399999618530273,23.399999618530273,754
2019-06-13,22.350000381469727,22.350000381469727,22.25,22.25,22.25,1598
2019-06-14,21.25,21.25,21.25,21.25,21.25,1406
2019-06-17,20.299999237060547,21.25,20.299999237060547,21.25,21.25,331
2019-06-18,20.399999618530273,22.100000381469727,20.399999618530273,20.75,20.75,107
2019-06-19,21.100000381469727,21.100000381469727,20.049999237060547,20.299999237060547,20.299999237060547,2178
2019-06-20,20.25,21.0,20.0,20.850000381469727,20.850000381469727,5009
2019-06-21,20.549999237060547,21.799999237060547,20.100000381469727,21.75,21.75,28941
2019-06-24,21.5,22.5,21.200000762939453,22.399999618530273,22.399999618530273,4505
2019-06-25,22.0,23.149999618530273,21.5,22.049999237060547,22.049999237060547,2604
2019-06-26,21.549999237060547,23.0,21.549999237060547,22.649999618530273,22.649999618530273,5142
2019-06-27,22.850000381469727,23.700000762939453,22.200000762939453,22.450000762939453,22.450000762939453,1851
2019-06-28,22.049999237060547,23.5,22.049999237060547,23.299999237060547,23.299999237060547,3543
2019-07-01,22.350000381469727,24.0,22.350000381469727,23.649999618530273,23.649999618530273,1486
2019-07-02,22.600000381469727,23.649999618530273,22.600000381469727,23.200000762939453,23.200000762939453,755
2019-07-03,23.549999237060547,23.549999237060547,23.549999237060547,23.549999237060547,23.549999237060547,100
2019-07-04,23.549999237060547,23.850000381469727,23.549999237060547,23.549999237060547,23.549999237060547,149
2019-07-05,23.0,24.450000762939453,22.600000381469727,23.450000762939453,23.450000762939453,5408
2019-07-08,23.0,23.0,22.299999237060547,22.600000381469727,22.600000381469727,1100
2019-07-09,21.649999618530273,23.200000762939453,21.649999618530273,23.200000762939453,23.200000762939453,830
2019-07-10,23.200000762939453,23.200000762939453,23.200000762939453,23.200000762939453,23.200000762939453,0
2019-07-11,22.549999237060547,23.0,22.049999237060547,22.299999237060547,22.299999237060547,525
2019-07-12,21.25,22.100000381469727,21.25,21.950000762939453,21.950000762939453,832
2019-07-15,21.549999237060547,21.549999237060547,21.0,21.549999237060547,21.549999237060547,3650
2019-07-16,20.549999237060547,21.799999237060547,20.549999237060547,21.100000381469727,21.100000381469727,3930
2019-07-17,21.799999237060547,22.149999618530273,21.5,22.0,22.0,24595
2019-07-18,21.25,22.100000381469727,20.899999618530273,21.75,21.75,7324
2019-07-19,20.75,22.799999237060547,20.700000762939453,22.549999237060547,22.549999237060547,9123
2019-07-22,23.649999618530273,23.649999618530273,21.799999237060547,21.950000762939453,21.950000762939453,13915
2019-07-23,22.0,22.5,22.0,22.0,22.0,4657
2019-07-24,22.0,22.399999618530273,21.049999237060547,22.149999618530273,22.149999618530273,2528
2019-07-25,22.0,22.950000762939453,21.549999237060547,22.549999237060547,22.549999237060547,1358
2019-07-26,21.75,22.5,21.5,21.649999618530273,21.649999618530273,3986
2019-07-29,20.600000381469727,22.0,20.600000381469727,21.799999237060547,21.799999237060547,8879
2019-07-30,21.899999618530273,22.600000381469727,21.0,21.700000762939453,21.700000762939453,2909
2019-07-31,20.75,21.149999618530273,20.649999618530273,20.799999237060547,20.799999237060547,5854
2019-08-01,20.799999237060547,20.799999237060547,19.799999237060547,19.799999237060547,19.799999237060547,2272
2019-08-02,19.799999237060547,20.600000381469727,18.850000381469727,20.299999237060547,20.299999237060547,18375
2019-08-05,20.299999237060547,20.299999237060547,19.299999237060547,19.299999237060547,19.299999237060547,3146
2019-08-06,19.399999618530273,20.100000381469727,19.399999618530273,19.850000381469727,19.850000381469727,5066
2019-08-07,18.899999618530273,21.399999618530273,18.899999618530273,19.899999618530273,19.899999618530273,2028
2019-08-08,20.350000381469727,21.799999237060547,20.200000762939453,21.399999618530273,21.399999618530273,5436
2019-08-09,20.0,23.399999618530273,20.0,22.350000381469727,22.350000381469727,18903
2019-08-13,22.0,24.549999237060547,22.0,23.950000762939453,23.950000762939453,71325
2019-08-14,26.100000381469727,26.100000381469727,24.0,24.649999618530273,24.649999618530273,11214
2019-08-16,24.950000762939453,24.950000762939453,22.649999618530273,23.950000762939453,23.950000762939453,4401
2019-08-19,23.25,24.75,22.299999237060547,23.850000381469727,23.850000381469727,3827
2019-08-20,23.200000762939453,24.399999618530273,21.600000381469727,23.649999618530273,23.649999618530273,3231
2019-08-21,24.450000762939453,24.450000762939453,21.649999618530273,21.950000762939453,21.950000762939453,4027
2019-08-22,22.100000381469727,22.100000381469727,19.799999237060547,20.350000381469727,20.350000381469727,6590
2019-08-23,19.0,21.0,18.399999618530273,20.450000762939453,20.450000762939453,3983
2019-08-26,22.0,22.299999237060547,19.549999237060547,22.149999618530273,22.149999618530273,6771
2019-08-27,21.5,23.0,20.649999618530273,21.549999237060547,21.549999237060547,3052
2019-08-28,21.299999237060547,22.649999618530273,19.5,21.850000381469727,21.850000381469727,8538
2019-08-29,21.850000381469727,23.0,21.850000381469727,22.350000381469727,22.350000381469727,9258
2019-08-30,22.950000762939453,23.799999237060547,22.299999237060547,23.049999237060547,23.049999237060547,3730
2019-09-03,22.399999618530273,23.350000381469727,22.399999618530273,23.299999237060547,23.299999237060547,112
2019-09-04,24.399999618530273,24.399999618530273,22.450000762939453,24.25,24.25,5455
2019-09-05,24.0,24.5,23.049999237060547,23.75,23.75,13047
2019-09-06,23.25,25.0,23.200000762939453,24.950000762939453,24.950000762939453,16845
2019-09-09,24.350000381469727,27.0,24.100000381469727,24.799999237060547,24.799999237060547,12026
2019-09-11,23.549999237060547,26.75,23.549999237060547,24.299999237060547,24.299999237060547,15164
2019-09-12,23.700000762939453,25.350000381469727,23.700000762939453,23.75,23.75,1739
2019-09-13,23.25,24.5,22.799999237060547,23.299999237060547,23.299999237060547,4080
2019-09-16,22.350000381469727,23.899999618530273,22.350000381469727,22.850000381469727,22.850000381469727,1680
2019-09-17,22.299999237060547,23.75,22.299999237060547,23.299999237060547,23.299999237060547,20389
2019-09-18,22.299999237060547,24.700000762939453,22.299999237060547,22.799999237060547,22.799999237060547,818
2019-09-19,23.75,23.75,21.149999618530273,21.5,21.5,970
2019-09-20,21.5,23.649999618530273,21.200000762939453,23.200000762939453,23.200000762939453,14303
2019-09-23,23.5,25.0,22.299999237060547,23.549999237060547,23.549999237060547,7401
2019-09-24,24.399999618530273,24.75,21.25,23.200000762939453,23.200000762939453,22652
2019-09-25,23.100000381469727,23.950000762939453,22.5,23.100000381469727,23.100000381469727,5089
2019-09-26,22.5,23.700000762939453,22.049999237060547,22.299999237060547,22.299999237060547,17460
2019-09-27,22.0,24.399999618530273,20.100000381469727,24.049999237060547,24.049999237060547,24406
2019-09-30,24.0,25.0,22.549999237060547,24.649999618530273,24.649999618530273,19220
2019-10-01,24.649999618530273,25.950000762939453,23.100000381469727,24.049999237060547,24.049999237060547,3668
2019-10-03,23.350000381469727,24.799999237060547,22.549999237060547,23.350000381469727,23.350000381469727,10451
2019-10-04,23.75,24.0,22.600000381469727,22.899999618530273,22.899999618530273,3824
2019-10-07,22.5,23.450000762939453,21.549999237060547,21.899999618530273,21.899999618530273,2727
2019-10-09,21.299999237060547,21.850000381469727,20.200000762939453,21.75,21.75,4880
2019-10-10,21.75,22.799999237060547,21.200000762939453,21.600000381469727,21.600000381469727,3040
2019-10-11,21.600000381469727,23.5,21.350000381469727,22.850000381469727,22.850000381469727,13448
2019-10-14,21.899999618530273,24.899999618530273,21.25,22.950000762939453,22.950000762939453,13039
2019-10-15,23.0,23.0,22.299999237060547,22.649999618530273,22.649999618530273,4217
2019-10-16,22.25,23.950000762939453,21.850000381469727,22.049999237060547,22.049999237060547,2392
2019-10-17,22.200000762939453,22.850000381469727,21.600000381469727,22.149999618530273,22.149999618530273,2439
2019-10-18,21.5,23.0,21.100000381469727,21.600000381469727,21.600000381469727,7354
2019-10-22,23.399999618530273,24.0,21.649999618530273,22.649999618530273,22.649999618530273,12944
2019-10-23,23.600000381469727,23.600000381469727,21.75,22.600000381469727,22.600000381469727,7018
2019-10-24,23.850000381469727,23.850000381469727,22.200000762939453,23.299999237060547,23.299999237060547,12864
2019-10-25,23.0,23.5,22.200000762939453,23.399999618530273,23.399999618530273,1440
2019-10-29,25.350000381469727,27.799999237060547,23.049999237060547,27.200000762939453,27.200000762939453,61377
2019-10-30,26.299999237060547,28.700000762939453,26.299999237060547,28.450000762939453,28.450000762939453,31847
2019-10-31,28.899999618530273,29.049999237060547,27.049999237060547,28.5,28.5,54053
2019-11-01,29.0,29.049999237060547,27.75,28.25,28.25,8996
2019-11-04,29.049999237060547,30.0,27.5,28.850000381469727,28.850000381469727,63606
2019-11-05,29.549999237060547,29.700000762939453,28.399999618530273,28.75,28.75,5434
2019-11-06,28.75,28.850000381469727,27.899999618530273,28.149999618530273,28.149999618530273,3559
2019-11-07,28.700000762939453,29.0,26.549999237060547,27.950000762939453,27.950000762939453,8483
2019-11-08,28.0,28.399999618530273,25.75,27.450000762939453,27.450000762939453,6514
2019-11-11,27.25,27.25,25.25,25.600000381469727,25.600000381469727,5388
2019-11-13,26.100000381469727,26.899999618530273,24.049999237060547,25.0,25.0,4124
2019-11-14,25.899999618530273,25.899999618530273,24.450000762939453,25.149999618530273,25.149999618530273,3183
2019-11-15,26.899999618530273,26.899999618530273,24.299999237060547,25.399999618530273,25.399999618530273,6266
2019-11-18,27.899999618530273,27.899999618530273,24.100000381469727,24.700000762939453,24.700000762939453,2070
2019-11-19,24.899999618530273,25.0,23.649999618530273,24.399999618530273,24.399999618530273,1350
2019-11-20,25.0,25.0,22.450000762939453,22.899999618530273,22.899999618530273,4858
2019-11-21,23.25,23.950000762939453,22.200000762939453,23.100000381469727,23.100000381469727,2498
2019-11-22,24.0,24.450000762939453,22.100000381469727,23.450000762939453,23.450000762939453,3856
2019-11-25,23.450000762939453,24.0,23.049999237060547,23.700000762939453,23.700000762939453,1029
2019-11-26,23.25,24.0,23.25,23.75,23.75,243
2019-11-27,23.299999237060547,23.5,21.549999237060547,22.700000762939453,22.700000762939453,3880
2019-11-28,22.299999237060547,26.450000762939453,22.0,25.5,25.5,162458
2019-11-29,27.100000381469727,27.25,24.549999237060547,27.100000381469727,27.100000381469727,168205
2019-12-02,27.950000762939453,27.950000762939453,25.549999237060547,27.25,27.25,17436
2019-12-03,27.600000381469727,28.25,26.100000381469727,27.700000762939453,27.700000762939453,24407
2019-12-04,29.399999618530273,30.0,27.799999237060547,28.350000381469727,28.350000381469727,9775
2019-12-05,29.100000381469727,29.100000381469727,27.700000762939453,28.149999618530273,28.149999618530273,6182
2019-12-06,28.5,28.5,25.549999237060547,26.299999237060547,26.299999237060547,8668
2019-12-09,27.399999618530273,29.0,26.350000381469727,27.549999237060547,27.549999237060547,77128
2019-12-10,28.25,28.450000762939453,26.600000381469727,27.25,27.25,4132
2019-12-11,27.5,28.149999618530273,26.299999237060547,26.850000381469727,26.850000381469727,19012
2019-12-12,27.450000762939453,27.450000762939453,26.450000762939453,26.850000381469727,26.850000381469727,3443
2019-12-13,27.350000381469727,27.899999618530273,26.25,26.25,26.25,19125
2019-12-16,27.0,27.5,26.549999237060547,27.200000762939453,27.200000762939453,8384
2019-12-17,27.25,32.599998474121094,27.0,29.799999237060547,29.799999237060547,196273
2019-12-18,30.100000381469727,32.0,29.25,29.950000762939453,29.950000762939453,22184
2019-12-19,30.75,30.75,29.0,29.399999618530273,29.399999618530273,6232
2019-12-20,29.649999618530273,29.950000762939453,28.049999237060547,28.649999618530273,28.649999618530273,10974
2019-12-23,29.200000762939453,29.200000762939453,27.049999237060547,27.850000381469727,27.850000381469727,12207
2019-12-24,28.0,29.899999618530273,27.700000762939453,28.399999618530273,28.399999618530273,23164
2019-12-26,28.5,29.950000762939453,28.0,28.950000762939453,28.950000762939453,14309
2019-12-27,29.0,29.399999618530273,25.75,28.450000762939453,28.450000762939453,42128
2019-12-30,28.049999237060547,30.649999618530273,28.049999237060547,29.850000381469727,29.850000381469727,112613
2019-12-31,29.899999618530273,31.600000381469727,29.149999618530273,29.549999237060547,29.549999237060547,73110
2020-01-01,29.899999618530273,30.799999237060547,28.0,29.350000381469727,29.350000381469727,24344
2020-01-02,29.899999618530273,34.20000076293945,28.25,33.45000076293945,33.45000076293945,374723
2020-01-03,36.45000076293945,36.45000076293945,33.5,34.5,34.5,376507
2020-01-06,36.5,36.5,32.400001525878906,33.849998474121094,33.849998474121094,36204
2020-01-07,34.5,35.0,33.20000076293945,33.650001525878906,33.650001525878906,15100
2020-01-08,33.650001525878906,33.95000076293945,30.299999237060547,32.20000076293945,32.20000076293945,15222
2020-01-09,32.95000076293945,35.0,32.099998474121094,33.150001525878906,33.150001525878906,14649
2020-01-10,33.849998474121094,34.75,32.20000076293945,33.150001525878906,33.150001525878906,67442
2020-01-13,32.400001525878906,34.400001525878906,32.400001525878906,33.150001525878906,33.150001525878906,26122
2020-01-14,33.95000076293945,33.95000076293945,32.5,32.95000076293945,32.95000076293945,12506
2020-01-15,33.400001525878906,33.45000076293945,31.5,32.20000076293945,32.20000076293945,14037
2020-01-16,32.349998474121094,33.0,31.5,32.150001525878906,32.150001525878906,18982
2020-01-17,32.650001525878906,33.400001525878906,32.150001525878906,32.70000076293945,32.70000076293945,23547
2020-01-20,32.79999923706055,33.849998474121094,31.5,31.799999237060547,31.799999237060547,12153
2020-01-21,32.79999923706055,32.79999923706055,31.350000381469727,31.950000762939453,31.950000762939453,4275
2020-01-22,32.45000076293945,32.900001525878906,31.299999237060547,31.850000381469727,31.850000381469727,6044
2020-01-23,32.25,32.25,31.0,31.700000762939453,31.700000762939453,4021
2020-01-24,32.400001525878906,32.400001525878906,29.399999618530273,30.25,30.25,40258
2020-01-27,30.399999618530273,31.450000762939453,29.899999618530273,30.100000381469727,30.100000381469727,12920
2020-01-28,31.049999237060547,31.899999618530273,29.899999618530273,31.0,31.0,46965
2020-01-29,31.25,31.950000762939453,30.600000381469727,31.25,31.25,15079
2020-01-30,31.600000381469727,31.649999618530273,30.299999237060547,31.25,31.25,108156
2020-01-31,32.04999923706055,32.849998474121094,30.700000762939453,31.950000762939453,31.950000762939453,134091
2020-02-03,29.649999618530273,31.75,29.049999237060547,29.700000762939453,29.700000762939453,16656
2020-02-04,30.200000762939453,31.450000762939453,30.0,30.299999237060547,30.299999237060547,19811
2020-02-05,30.649999618530273,31.399999618530273,30.0,30.25,30.25,8354
2020-02-06,31.049999237060547,31.25,29.299999237060547,29.649999618530273,29.649999618530273,5309
2020-02-07,30.25,30.450000762939453,29.200000762939453,29.5,29.5,2543
2020-02-10,30.149999618530273,30.950000762939453,28.049999237060547,28.600000381469727,28.600000381469727,9383
2020-02-11,29.799999237060547,34.29999923706055,27.25,31.25,31.25,174025
2020-02-12,32.20000076293945,32.25,29.350000381469727,29.75,29.75,15554
2020-02-13,30.200000762939453,30.25,28.149999618530273,29.200000762939453,29.200000762939453,6942
2020-02-14,29.5,29.899999618530273,28.0,29.350000381469727,29.350000381469727,28502
2020-02-17,29.25,29.350000381469727,28.200000762939453,28.450000762939453,28.450000762939453,3548
2020-02-18,29.0,29.350000381469727,27.549999237060547,28.25,28.25,3692
2020-02-19,28.5,29.700000762939453,28.0,28.399999618530273,28.399999618530273,9349
2020-02-20,28.0,30.25,27.549999237060547,27.899999618530273,27.899999618530273,48404
2020-02-24,27.950000762939453,28.0,27.25,27.399999618530273,27.399999618530273,5408
2020-02-25,28.100000381469727,28.5,26.0,26.149999618530273,26.149999618530273,9929
2020-02-26,26.850000381469727,27.899999618530273,25.149999618530273,25.600000381469727,25.600000381469727,3925
2020-02-27,26.0,26.0,24.299999237060547,25.700000762939453,25.700000762939453,5803
2020-02-28,25.0,25.850000381469727,23.899999618530273,24.549999237060547,24.549999237060547,20763
2020-03-02,25.100000381469727,25.25,22.5,24.0,24.0,7711
2020-03-03,24.299999237060547,25.899999618530273,23.049999237060547,23.149999618530273,23.149999618530273,28398
2020-03-04,23.700000762939453,23.899999618530273,21.950000762939453,22.200000762939453,22.200000762939453,1488
2020-03-05,22.649999618530273,22.649999618530273,21.600000381469727,21.700000762939453,21.700000762939453,2415
2020-03-06,21.25,21.5,20.049999237060547,20.950000762939453,20.950000762939453,7037
2020-03-09,20.25,21.850000381469727,19.5,21.350000381469727,21.350000381469727,12427
2020-03-11,21.399999618530273,22.450000762939453,19.649999618530273,19.950000762939453,19.950000762939453,4349
2020-03-12,20.25,22.25,16.899999618530273,21.350000381469727,21.350000381469727,45211
2020-03-13,21.5,21.5,17.75,20.649999618530273,20.649999618530273,5088
2020-03-16,19.0,20.0,18.049999237060547,18.200000762939453,18.200000762939453,26615
2020-03-17,19.049999237060547,19.600000381469727,16.75,17.700000762939453,17.700000762939453,11639
2020-03-18,17.25,17.25,15.300000190734863,16.0,16.0,23985
2020-03-19,14.050000190734863,18.149999618530273,14.050000190734863,18.0,18.0,10570
2020-03-20,18.049999237060547,18.799999237060547,17.350000381469727,18.149999618530273,18.149999618530273,3395
2020-03-23,15.399999618530273,18.5,15.0,16.049999237060547,16.049999237060547,2180
2020-03-24,15.399999618530273,15.850000381469727,14.850000381469727,15.199999809265137,15.199999809265137,1488
2020-03-25,16.5,18.200000762939453,14.600000381469727,16.200000762939453,16.200000762939453,6922
2020-03-26,16.100000381469727,17.25,16.0,16.5,16.5,1036
2020-03-27,16.049999237060547,19.5,16.0,17.299999237060547,17.299999237060547,9391
2020-03-30,17.0,17.0,15.199999809265137,16.100000381469727,16.100000381469727,4998
2020-03-31,15.5,19.0,15.100000381469727,17.200000762939453,17.200000762939453,8408
2020-04-01,17.0,18.549999237060547,16.049999237060547,16.799999237060547,16.799999237060547,2567
2020-04-03,16.100000381469727,17.950000762939453,16.100000381469727,16.299999237060547,16.299999237060547,1667
2020-04-07,16.0,18.600000381469727,16.0,17.600000381469727,17.600000381469727,4697
2020-04-08,17.0,18.899999618530273,16.899999618530273,18.149999618530273,18.149999618530273,3721
2020-04-09,19.700000762939453,19.700000762939453,18.0,19.149999618530273,19.149999618530273,2416
2020-04-13,18.950000762939453,19.25,18.350000381469727,18.600000381469727,18.600000381469727,2948
2020-04-15,18.600000381469727,18.899999618530273,17.799999237060547,18.200000762939453,18.200000762939453,4605
2020-04-16,18.200000762939453,18.950000762939453,18.149999618530273,18.75,18.75,1107
2020-04-17,18.200000762939453,21.5,18.200000762939453,19.649999618530273,19.649999618530273,6895
2020-04-20,19.799999237060547,20.399999618530273,19.049999237060547,19.350000381469727,19.350000381469727,2277
2020-04-21,19.149999618530273,19.5,17.850000381469727,18.399999618530273,18.399999618530273,5201
2020-04-22,18.75,19.0,17.700000762939453,17.75,17.75,1876
2020-04-23,17.350000381469727,19.5,17.25,18.200000762939453,18.200000762939453,4044
2020-04-24,19.450000762939453,19.450000762939453,18.100000381469727,18.350000381469727,18.350000381469727,1228
2020-04-27,18.049999237060547,18.799999237060547,17.25,18.549999237060547,18.549999237060547,12901
2020-04-28,18.5,18.549999237060547,17.799999237060547,18.0,18.0,257
2020-04-29,17.950000762939453,18.850000381469727,17.299999237060547,17.700000762939453,17.700000762939453,155
2020-04-30,19.100000381469727,20.850000381469727,18.049999237060547,19.200000762939453,19.200000762939453,10326
2020-05-04,19.75,20.0,18.299999237060547,18.950000762939453,18.950000762939453,4143
2020-05-05,19.5,19.5,18.0,18.25,18.25,2246
2020-05-06,18.850000381469727,18.850000381469727,17.100000381469727,17.350000381469727,17.350000381469727,6014
2020-05-07,18.5,18.850000381469727,17.0,17.649999618530273,17.649999618530273,3597
2020-05-08,17.75,18.399999618530273,16.649999618530273,17.049999237060547,17.049999237060547,3039
2020-05-11,17.450000762939453,17.850000381469727,16.5,16.850000381469727,16.850000381469727,2944
2020-05-12,17.0,17.0,16.5,16.5,16.5,626
2020-05-13,17.0,19.799999237060547,16.600000381469727,17.850000381469727,17.850000381469727,12506
2020-05-14,18.0,19.0,17.549999237060547,18.299999237060547,18.299999237060547,4150
2020-05-15,18.899999618530273,19.0,17.399999618530273,18.100000381469727,18.100000381469727,3842
2020-05-18,19.5,19.5,16.399999618530273,17.799999237060547,17.799999237060547,7030
2020-05-19,18.149999618530273,18.149999618530273,16.350000381469727,16.649999618530273,16.649999618530273,2828
2020-05-20,16.25,16.75,15.649999618530273,16.049999237060547,16.049999237060547,4536
2020-05-21,16.149999618530273,18.850000381469727,16.149999618530273,16.899999618530273,16.899999618530273,6748
2020-05-22,17.399999618530273,18.0,16.75,17.700000762939453,17.700000762939453,2995
2020-05-26,18.200000762939453,18.75,16.600000381469727,17.100000381469727,17.100000381469727,13516
2020-05-27,17.649999618530273,17.700000762939453,17.0,17.600000381469727,17.600000381469727,604
2020-05-28,17.950000762939453,17.950000762939453,17.149999618530273,17.700000762939453,17.700000762939453,1556
2020-05-29,17.100000381469727,18.25,16.600000381469727,18.049999237060547,18.049999237060547,8296
2020-06-01,18.799999237060547,18.799999237060547,17.5,17.649999618530273,17.649999618530273,2405
2020-06-02,17.100000381469727,21.149999618530273,17.049999237060547,21.149999618530273,21.149999618530273,34215
2020-06-03,24.799999237060547,25.350000381469727,22.799999237060547,25.299999237060547,25.299999237060547,138234
2020-06-04,26.0,27.450000762939453,23.299999237060547,23.700000762939453,23.700000762939453,46795
2020-06-05,23.700000762939453,25.799999237060547,23.100000381469727,23.649999618530273,23.649999618530273,18847
