Date,Open,High,Low,Close,Adj Close,Volume
2000-03-17,6.96999979019165,6.96999979019165,6.96999979019165,6.96999979019165,6.89611291885376,0
2000-03-27,24.040000915527344,24.040000915527344,24.040000915527344,24.040000915527344,23.785160064697266,0
2000-05-11,310.5,310.5,310.5,310.5,307.20849609375,0
2000-05-15,3.309999942779541,3.309999942779541,3.309999942779541,3.309999942779541,3.274911642074585,25
2000-05-30,96.58000183105469,96.58000183105469,96.58000183105469,96.58000183105469,95.55619049072266,0
2000-08-21,7.300000190734863,7.300000190734863,7.300000190734863,7.300000190734863,7.2226152420043945,0
2000-08-22,7.300000190734863,7.300000190734863,7.300000190734863,7.300000190734863,7.2226152420043945,0
2000-08-23,7.300000190734863,7.300000190734863,7.300000190734863,7.300000190734863,7.2226152420043945,0
2000-08-24,7.300000190734863,7.300000190734863,7.300000190734863,7.300000190734863,7.2226152420043945,0
2000-08-25,7.300000190734863,7.300000190734863,7.300000190734863,7.300000190734863,7.2226152420043945,0
2000-08-28,7.300000190734863,7.300000190734863,7.300000190734863,7.300000190734863,7.2226152420043945,0
2000-08-29,7.300000190734863,7.300000190734863,7.300000190734863,7.300000190734863,7.2226152420043945,0
2000-08-30,7.300000190734863,7.300000190734863,7.300000190734863,7.300000190734863,7.2226152420043945,0
2000-08-31,7.300000190734863,7.300000190734863,7.300000190734863,7.300000190734863,7.2226152420043945,0
2000-09-01,7.300000190734863,7.300000190734863,7.300000190734863,7.300000190734863,7.2226152420043945,0
2000-09-04,7.300000190734863,7.300000190734863,7.300000190734863,7.300000190734863,7.2226152420043945,0
2000-09-05,7.300000190734863,7.300000190734863,7.300000190734863,7.300000190734863,7.2226152420043945,0
2000-09-06,7.300000190734863,7.300000190734863,7.300000190734863,7.300000190734863,7.2226152420043945,0
2000-09-07,7.300000190734863,7.300000190734863,7.300000190734863,7.300000190734863,7.2226152420043945,0
2000-09-08,7.300000190734863,7.300000190734863,7.300000190734863,7.300000190734863,7.2226152420043945,0
2000-09-11,7.300000190734863,7.300000190734863,7.300000190734863,7.300000190734863,7.2226152420043945,0
2000-09-12,7.300000190734863,7.300000190734863,7.300000190734863,7.300000190734863,7.2226152420043945,0
2000-09-13,7.300000190734863,7.300000190734863,7.300000190734863,7.300000190734863,7.2226152420043945,0
2000-09-14,7.300000190734863,7.300000190734863,7.300000190734863,7.300000190734863,7.2226152420043945,0
2000-09-15,7.300000190734863,7.300000190734863,7.300000190734863,7.300000190734863,7.2226152420043945,0
2000-09-18,7.300000190734863,7.300000190734863,7.300000190734863,7.300000190734863,7.2226152420043945,0
2000-09-19,7.300000190734863,7.300000190734863,7.300000190734863,7.300000190734863,7.2226152420043945,0
2000-09-20,7.300000190734863,7.300000190734863,7.300000190734863,7.300000190734863,7.2226152420043945,0
2000-09-21,7.300000190734863,7.300000190734863,7.300000190734863,7.300000190734863,7.2226152420043945,0
2000-09-22,7.300000190734863,7.300000190734863,7.300000190734863,7.300000190734863,7.2226152420043945,0
2000-09-25,7.300000190734863,7.300000190734863,7.300000190734863,7.300000190734863,7.2226152420043945,0
2000-09-26,7.300000190734863,7.300000190734863,7.300000190734863,7.300000190734863,7.2226152420043945,0
2000-09-27,7.300000190734863,7.300000190734863,7.300000190734863,7.300000190734863,7.2226152420043945,0
2000-09-28,7.300000190734863,7.300000190734863,7.300000190734863,7.300000190734863,7.2226152420043945,0
2000-09-29,7.300000190734863,7.300000190734863,7.300000190734863,7.300000190734863,7.2226152420043945,0
2000-10-02,7.300000190734863,7.300000190734863,7.300000190734863,7.300000190734863,7.2226152420043945,0
2000-10-03,7.300000190734863,7.300000190734863,7.300000190734863,7.300000190734863,7.2226152420043945,0
2000-10-04,7.300000190734863,7.300000190734863,7.300000190734863,7.300000190734863,7.2226152420043945,0
2000-10-05,7.300000190734863,7.300000190734863,7.300000190734863,7.300000190734863,7.2226152420043945,0
2000-10-06,7.300000190734863,7.300000190734863,7.300000190734863,7.300000190734863,7.2226152420043945,0
2000-10-09,7.300000190734863,7.300000190734863,7.300000190734863,7.300000190734863,7.2226152420043945,0
2000-10-10,7.300000190734863,7.300000190734863,7.300000190734863,7.300000190734863,7.2226152420043945,0
2000-10-11,7.300000190734863,7.300000190734863,7.300000190734863,7.300000190734863,7.2226152420043945,0
2000-10-12,7.300000190734863,7.300000190734863,7.300000190734863,7.300000190734863,7.2226152420043945,0
2000-10-13,7.300000190734863,7.300000190734863,7.300000190734863,7.300000190734863,7.2226152420043945,0
2000-10-16,7.300000190734863,7.300000190734863,7.300000190734863,7.300000190734863,7.2226152420043945,0
2000-10-17,7.300000190734863,7.300000190734863,7.300000190734863,7.300000190734863,7.2226152420043945,0
2000-10-18,7.300000190734863,7.300000190734863,7.300000190734863,7.300000190734863,7.2226152420043945,0
2000-10-19,7.300000190734863,7.300000190734863,7.300000190734863,7.300000190734863,7.2226152420043945,0
2000-10-20,7.300000190734863,7.300000190734863,7.300000190734863,7.300000190734863,7.2226152420043945,0
2000-10-23,7.300000190734863,7.300000190734863,7.300000190734863,7.300000190734863,7.2226152420043945,0
2000-10-24,7.300000190734863,7.300000190734863,7.300000190734863,7.300000190734863,7.2226152420043945,0
2000-10-25,7.300000190734863,7.300000190734863,7.300000190734863,7.300000190734863,7.2226152420043945,0
2000-10-26,7.300000190734863,7.300000190734863,7.300000190734863,7.300000190734863,7.2226152420043945,0
2000-10-27,7.300000190734863,7.300000190734863,7.300000190734863,7.300000190734863,7.2226152420043945,0
2000-10-30,7.300000190734863,7.300000190734863,7.300000190734863,7.300000190734863,7.2226152420043945,0
2000-10-31,7.300000190734863,7.300000190734863,7.300000190734863,7.300000190734863,7.2226152420043945,0
2000-11-01,7.300000190734863,7.300000190734863,7.300000190734863,7.300000190734863,7.2226152420043945,0
2000-11-02,7.300000190734863,7.300000190734863,7.300000190734863,7.300000190734863,7.2226152420043945,0
2000-11-03,7.300000190734863,7.300000190734863,7.300000190734863,7.300000190734863,7.2226152420043945,0
2000-11-06,7.300000190734863,7.300000190734863,7.300000190734863,7.300000190734863,7.2226152420043945,0
2000-11-07,7.300000190734863,7.300000190734863,7.300000190734863,7.300000190734863,7.2226152420043945,0
2000-11-08,7.300000190734863,7.300000190734863,7.300000190734863,7.300000190734863,7.2226152420043945,0
2000-11-09,7.300000190734863,7.300000190734863,7.300000190734863,7.300000190734863,7.2226152420043945,0
2000-11-10,7.300000190734863,7.300000190734863,7.300000190734863,7.300000190734863,7.2226152420043945,0
2000-11-13,7.300000190734863,7.300000190734863,7.300000190734863,7.300000190734863,7.2226152420043945,0
2000-11-14,7.300000190734863,7.300000190734863,7.300000190734863,7.300000190734863,7.2226152420043945,0
2000-11-15,7.300000190734863,7.300000190734863,7.300000190734863,7.300000190734863,7.2226152420043945,0
2000-11-16,7.300000190734863,7.300000190734863,7.300000190734863,7.300000190734863,7.2226152420043945,0
2000-11-17,7.300000190734863,7.300000190734863,7.300000190734863,7.300000190734863,7.2226152420043945,0
2000-11-20,7.300000190734863,7.300000190734863,7.300000190734863,7.300000190734863,7.2226152420043945,0
2000-11-21,7.300000190734863,7.300000190734863,7.300000190734863,7.300000190734863,7.2226152420043945,0
2001-03-16,54.54999923706055,54.54999923706055,54.54999923706055,54.54999923706055,53.97173309326172,0
2001-10-24,3.990000009536743,3.990000009536743,3.990000009536743,3.990000009536743,3.9477033615112305,0
2001-10-26,15.5,15.5,15.5,15.5,15.335689544677734,0
2001-11-16,27.0,27.0,27.0,27.0,26.713781356811523,0
2001-12-10,24.399999618530273,24.399999618530273,24.399999618530273,24.399999618530273,24.141342163085938,0
2001-12-28,1.600000023841858,1.600000023841858,1.600000023841858,1.600000023841858,1.5830389261245728,0
2002-05-07,12.119999885559082,12.119999885559082,12.119999885559082,12.119999885559082,11.991519927978516,0
2002-07-02,110.0,110.0,110.0,110.0,108.83392333984375,0
2003-01-08,75.41999816894531,75.41999816894531,75.41999816894531,75.41999816894531,74.62049102783203,0
2003-02-19,3.180000066757202,3.180000066757202,3.180000066757202,3.180000066757202,3.146289825439453,0
2003-03-03,23.540000915527344,23.540000915527344,23.540000915527344,23.540000915527344,23.29046058654785,0
2003-03-18,0.4699999988079071,0.4699999988079071,0.4699999988079071,0.4699999988079071,0.4650176763534546,0
2003-03-24,5.400000095367432,5.400000095367432,5.400000095367432,5.400000095367432,5.342756271362305,0
2003-04-01,1.100000023841858,1.100000023841858,1.100000023841858,1.100000023841858,1.0883392095565796,960
2003-04-25,0.27000001072883606,0.27000001072883606,0.27000001072883606,0.27000001072883606,0.2671378254890442,0
2003-05-23,6.25,6.25,6.25,6.25,6.183745861053467,0
2003-05-28,21.030000686645508,21.030000686645508,21.030000686645508,21.030000686645508,20.80706787109375,0
2003-06-18,1.0099999904632568,1.0099999904632568,1.0099999904632568,1.0099999904632568,0.999293327331543,0
2003-09-17,7.300000190734863,7.300000190734863,7.300000190734863,7.300000190734863,7.2226152420043945,0
2003-09-18,7.300000190734863,7.300000190734863,7.300000190734863,7.300000190734863,7.2226152420043945,0
2003-09-19,7.300000190734863,7.300000190734863,7.300000190734863,7.300000190734863,7.2226152420043945,0
2003-09-22,7.300000190734863,7.300000190734863,7.300000190734863,7.300000190734863,7.2226152420043945,0
2003-09-23,7.300000190734863,7.300000190734863,7.300000190734863,7.300000190734863,7.2226152420043945,0
2003-09-24,7.300000190734863,7.300000190734863,7.300000190734863,7.300000190734863,7.2226152420043945,0
2003-09-25,7.300000190734863,7.300000190734863,7.300000190734863,7.300000190734863,7.2226152420043945,0
2003-09-26,7.300000190734863,7.300000190734863,7.300000190734863,7.300000190734863,7.2226152420043945,0
2003-09-29,7.300000190734863,7.300000190734863,7.300000190734863,7.300000190734863,7.2226152420043945,0
2003-09-30,7.300000190734863,7.300000190734863,7.300000190734863,7.300000190734863,7.2226152420043945,0
2003-10-01,7.300000190734863,7.300000190734863,7.300000190734863,7.300000190734863,7.2226152420043945,0
2003-10-02,7.300000190734863,7.300000190734863,7.300000190734863,7.300000190734863,7.2226152420043945,0
2003-10-03,7.300000190734863,7.300000190734863,7.300000190734863,7.300000190734863,7.2226152420043945,0
2003-10-06,7.300000190734863,7.300000190734863,7.300000190734863,7.300000190734863,7.2226152420043945,0
2003-10-07,7.300000190734863,7.300000190734863,7.300000190734863,7.300000190734863,7.2226152420043945,0
2003-10-08,7.300000190734863,7.300000190734863,7.300000190734863,7.300000190734863,7.2226152420043945,0
2003-10-09,7.300000190734863,7.300000190734863,7.300000190734863,7.300000190734863,7.2226152420043945,0
2003-10-10,7.300000190734863,7.300000190734863,7.300000190734863,7.300000190734863,7.2226152420043945,0
2003-10-13,7.300000190734863,7.300000190734863,7.300000190734863,7.300000190734863,7.2226152420043945,0
2003-10-14,7.300000190734863,7.300000190734863,7.300000190734863,7.300000190734863,7.2226152420043945,0
2003-10-15,7.300000190734863,7.300000190734863,7.300000190734863,7.300000190734863,7.2226152420043945,0
2003-10-16,7.300000190734863,7.300000190734863,7.300000190734863,7.300000190734863,7.2226152420043945,0
2003-10-17,7.300000190734863,7.300000190734863,7.300000190734863,7.300000190734863,7.2226152420043945,0
2003-10-20,7.300000190734863,7.300000190734863,7.300000190734863,7.300000190734863,7.2226152420043945,0
2003-10-21,7.300000190734863,7.300000190734863,7.300000190734863,7.300000190734863,7.2226152420043945,0
2003-10-22,7.300000190734863,7.300000190734863,7.300000190734863,7.300000190734863,7.2226152420043945,0
2003-10-23,7.300000190734863,7.300000190734863,7.300000190734863,7.300000190734863,7.2226152420043945,0
2003-10-24,7.300000190734863,7.300000190734863,7.300000190734863,7.300000190734863,7.2226152420043945,0
2003-10-28,7.300000190734863,7.300000190734863,7.300000190734863,7.300000190734863,7.2226152420043945,0
2003-10-29,30.90999984741211,30.90999984741211,30.90999984741211,30.90999984741211,30.582332611083984,0
2003-10-30,7.300000190734863,7.300000190734863,7.300000190734863,7.300000190734863,7.2226152420043945,0
2003-10-31,7.300000190734863,7.300000190734863,7.300000190734863,7.300000190734863,7.2226152420043945,0
2003-11-03,7.300000190734863,7.300000190734863,7.300000190734863,7.300000190734863,7.2226152420043945,0
2003-11-04,7.300000190734863,7.300000190734863,7.300000190734863,7.300000190734863,7.2226152420043945,0
2003-11-05,7.300000190734863,7.300000190734863,7.300000190734863,7.300000190734863,7.2226152420043945,0
2003-11-06,7.300000190734863,7.300000190734863,7.300000190734863,7.300000190734863,7.2226152420043945,0
2003-11-07,7.300000190734863,7.300000190734863,7.300000190734863,7.300000190734863,7.2226152420043945,0
2003-11-10,7.300000190734863,7.300000190734863,7.300000190734863,7.300000190734863,7.2226152420043945,0
2003-11-11,7.300000190734863,7.300000190734863,7.300000190734863,7.300000190734863,7.2226152420043945,0
2003-11-12,7.300000190734863,7.300000190734863,7.300000190734863,7.300000190734863,7.2226152420043945,0
2003-11-13,7.300000190734863,7.300000190734863,7.300000190734863,7.300000190734863,7.2226152420043945,0
2003-11-14,7.300000190734863,7.300000190734863,7.300000190734863,7.300000190734863,7.2226152420043945,0
2003-11-18,7.300000190734863,7.300000190734863,7.300000190734863,7.300000190734863,7.2226152420043945,0
2003-11-19,7.300000190734863,7.300000190734863,7.300000190734863,7.300000190734863,7.2226152420043945,0
2003-11-20,7.300000190734863,7.300000190734863,7.300000190734863,7.300000190734863,7.2226152420043945,0
2003-11-21,7.300000190734863,7.300000190734863,7.300000190734863,7.300000190734863,7.2226152420043945,0
2003-11-24,7.300000190734863,7.300000190734863,7.300000190734863,7.300000190734863,7.2226152420043945,0
2003-11-25,7.300000190734863,7.300000190734863,7.300000190734863,7.300000190734863,7.2226152420043945,0
2003-11-26,22.5,22.5,22.5,22.5,22.261484146118164,3237
2003-11-27,7.300000190734863,7.300000190734863,7.300000190734863,7.300000190734863,7.2226152420043945,0
2003-11-28,7.300000190734863,7.300000190734863,7.300000190734863,7.300000190734863,7.2226152420043945,0
2003-12-01,7.300000190734863,7.300000190734863,7.300000190734863,7.300000190734863,7.2226152420043945,0
2003-12-02,7.300000190734863,7.300000190734863,7.300000190734863,7.300000190734863,7.2226152420043945,0
2003-12-03,7.300000190734863,7.300000190734863,7.300000190734863,7.300000190734863,7.2226152420043945,0
2003-12-04,7.300000190734863,7.300000190734863,7.300000190734863,7.300000190734863,7.2226152420043945,0
2003-12-05,7.300000190734863,7.300000190734863,7.300000190734863,7.300000190734863,7.2226152420043945,0
2003-12-08,7.300000190734863,7.300000190734863,7.300000190734863,7.300000190734863,7.2226152420043945,0
2003-12-09,7.300000190734863,7.300000190734863,7.300000190734863,7.300000190734863,7.2226152420043945,0
2003-12-10,7.300000190734863,7.300000190734863,7.300000190734863,7.300000190734863,7.2226152420043945,0
2003-12-11,7.300000190734863,7.300000190734863,7.300000190734863,7.300000190734863,7.2226152420043945,0
2003-12-12,7.300000190734863,7.300000190734863,7.300000190734863,7.300000190734863,7.2226152420043945,0
2003-12-15,7.300000190734863,7.300000190734863,7.300000190734863,7.300000190734863,7.2226152420043945,0
2003-12-16,7.300000190734863,7.300000190734863,7.300000190734863,7.300000190734863,7.2226152420043945,0
2003-12-17,7.300000190734863,7.300000190734863,7.300000190734863,7.300000190734863,7.2226152420043945,0
2003-12-18,7.300000190734863,7.300000190734863,7.300000190734863,7.300000190734863,7.2226152420043945,0
2003-12-19,7.300000190734863,7.300000190734863,7.300000190734863,7.300000190734863,7.2226152420043945,0
2003-12-22,7.300000190734863,7.300000190734863,7.300000190734863,7.300000190734863,7.2226152420043945,0
2003-12-23,7.300000190734863,7.300000190734863,7.300000190734863,7.300000190734863,7.2226152420043945,0
2003-12-24,7.300000190734863,7.300000190734863,7.300000190734863,7.300000190734863,7.2226152420043945,0
2003-12-25,7.300000190734863,7.300000190734863,7.300000190734863,7.300000190734863,7.2226152420043945,0
2003-12-26,7.300000190734863,7.300000190734863,7.300000190734863,7.300000190734863,7.2226152420043945,0
2003-12-29,7.300000190734863,7.300000190734863,7.300000190734863,7.300000190734863,7.2226152420043945,0
2003-12-30,7.300000190734863,7.300000190734863,7.300000190734863,7.300000190734863,7.2226152420043945,0
2003-12-31,7.300000190734863,7.300000190734863,7.300000190734863,7.300000190734863,7.2226152420043945,0
2004-01-01,7.300000190734863,7.300000190734863,7.300000190734863,7.300000190734863,7.2226152420043945,0
2004-01-02,7.300000190734863,7.300000190734863,7.300000190734863,7.300000190734863,7.2226152420043945,0
2004-01-05,7.300000190734863,7.300000190734863,7.300000190734863,7.300000190734863,7.2226152420043945,0
2004-01-06,7.300000190734863,7.300000190734863,7.300000190734863,7.300000190734863,7.2226152420043945,0
2004-01-07,7.300000190734863,7.300000190734863,7.300000190734863,7.300000190734863,7.2226152420043945,0
2004-01-08,7.300000190734863,7.300000190734863,7.300000190734863,7.300000190734863,7.2226152420043945,0
2004-01-09,7.300000190734863,7.300000190734863,7.300000190734863,7.300000190734863,7.2226152420043945,0
2004-01-12,7.300000190734863,7.300000190734863,7.300000190734863,7.300000190734863,7.2226152420043945,0
2004-01-13,7.300000190734863,7.300000190734863,7.300000190734863,7.300000190734863,7.2226152420043945,0
2004-01-14,7.300000190734863,7.300000190734863,7.300000190734863,7.300000190734863,7.2226152420043945,0
2004-01-15,7.300000190734863,7.300000190734863,7.300000190734863,7.300000190734863,7.2226152420043945,0
2004-01-16,7.300000190734863,7.300000190734863,7.300000190734863,7.300000190734863,7.2226152420043945,0
2004-01-19,7.300000190734863,7.300000190734863,7.300000190734863,7.300000190734863,7.2226152420043945,0
2004-01-20,7.300000190734863,7.300000190734863,7.300000190734863,7.300000190734863,7.2226152420043945,0
2004-01-21,7.300000190734863,7.300000190734863,7.300000190734863,7.300000190734863,7.2226152420043945,0
2004-01-22,7.300000190734863,7.300000190734863,7.300000190734863,7.300000190734863,7.2226152420043945,0
2004-01-23,7.300000190734863,7.300000190734863,7.300000190734863,7.300000190734863,7.2226152420043945,0
2004-01-26,7.300000190734863,7.300000190734863,7.300000190734863,7.300000190734863,7.2226152420043945,0
2004-01-27,25.440000534057617,25.440000534057617,25.440000534057617,25.440000534057617,25.170318603515625,0
2004-01-28,7.300000190734863,7.300000190734863,7.300000190734863,7.300000190734863,7.2226152420043945,0
2004-01-29,7.300000190734863,7.300000190734863,7.300000190734863,7.300000190734863,7.2226152420043945,0
2004-01-30,7.300000190734863,7.300000190734863,7.300000190734863,7.300000190734863,7.2226152420043945,0
2004-02-02,7.300000190734863,7.300000190734863,7.300000190734863,7.300000190734863,7.2226152420043945,0
2004-02-03,7.300000190734863,7.300000190734863,7.300000190734863,7.300000190734863,7.2226152420043945,0
2004-02-04,7.300000190734863,7.300000190734863,7.300000190734863,7.300000190734863,7.2226152420043945,0
2004-02-05,7.300000190734863,7.300000190734863,7.300000190734863,7.300000190734863,7.2226152420043945,0
2004-02-06,7.300000190734863,7.300000190734863,7.300000190734863,7.300000190734863,7.2226152420043945,0
2004-02-09,7.300000190734863,7.300000190734863,7.300000190734863,7.300000190734863,7.2226152420043945,0
2004-02-10,7.300000190734863,7.300000190734863,7.300000190734863,7.300000190734863,7.2226152420043945,0
2004-02-11,7.300000190734863,7.300000190734863,7.300000190734863,7.300000190734863,7.2226152420043945,0
2004-02-12,7.300000190734863,7.300000190734863,7.300000190734863,7.300000190734863,7.2226152420043945,0
2004-02-13,7.300000190734863,7.300000190734863,7.300000190734863,7.300000190734863,7.2226152420043945,0
2004-02-16,7.300000190734863,7.300000190734863,7.300000190734863,7.300000190734863,7.2226152420043945,0
2004-02-17,7.300000190734863,7.300000190734863,7.300000190734863,7.300000190734863,7.2226152420043945,0
2004-02-18,7.300000190734863,7.300000190734863,7.300000190734863,7.300000190734863,7.2226152420043945,0
2004-02-19,7.300000190734863,7.300000190734863,7.300000190734863,7.300000190734863,7.2226152420043945,0
2004-02-20,7.300000190734863,7.300000190734863,7.300000190734863,7.300000190734863,7.2226152420043945,0
2004-02-23,7.300000190734863,7.300000190734863,7.300000190734863,7.300000190734863,7.2226152420043945,0
2004-02-24,7.300000190734863,7.300000190734863,7.300000190734863,7.300000190734863,7.2226152420043945,0
2004-02-25,7.300000190734863,7.300000190734863,7.300000190734863,7.300000190734863,7.2226152420043945,0
2004-02-26,7.300000190734863,7.300000190734863,7.300000190734863,7.300000190734863,7.2226152420043945,0
2004-02-27,7.300000190734863,7.300000190734863,7.300000190734863,7.300000190734863,7.2226152420043945,0
2004-03-01,7.300000190734863,7.300000190734863,7.300000190734863,7.300000190734863,7.2226152420043945,0
2004-03-02,7.300000190734863,7.300000190734863,7.300000190734863,7.300000190734863,7.2226152420043945,0
2004-03-03,7.300000190734863,7.300000190734863,7.300000190734863,7.300000190734863,7.2226152420043945,0
2004-03-04,7.300000190734863,7.300000190734863,7.300000190734863,7.300000190734863,7.2226152420043945,0
2004-03-05,7.300000190734863,7.300000190734863,7.300000190734863,7.300000190734863,7.2226152420043945,0
2004-03-08,7.300000190734863,7.300000190734863,7.300000190734863,7.300000190734863,7.2226152420043945,0
2004-03-09,7.300000190734863,7.300000190734863,7.300000190734863,7.300000190734863,7.2226152420043945,0
2004-03-10,7.300000190734863,7.300000190734863,7.300000190734863,7.300000190734863,7.2226152420043945,0
2004-03-11,7.300000190734863,7.300000190734863,7.300000190734863,7.300000190734863,7.2226152420043945,0
2004-03-12,7.300000190734863,7.300000190734863,7.300000190734863,7.300000190734863,7.2226152420043945,0
2004-03-15,7.300000190734863,7.300000190734863,7.300000190734863,7.300000190734863,7.2226152420043945,0
2004-03-16,7.300000190734863,7.300000190734863,7.300000190734863,7.300000190734863,7.2226152420043945,0
2004-03-17,7.300000190734863,7.300000190734863,7.300000190734863,7.300000190734863,7.2226152420043945,0
2004-03-18,7.300000190734863,7.300000190734863,7.300000190734863,7.300000190734863,7.2226152420043945,0
2004-03-19,7.300000190734863,7.300000190734863,7.300000190734863,7.300000190734863,7.2226152420043945,0
2004-03-22,7.300000190734863,7.300000190734863,7.300000190734863,7.300000190734863,7.2226152420043945,0
2004-03-23,7.300000190734863,7.300000190734863,7.300000190734863,7.300000190734863,7.2226152420043945,0
2004-03-24,7.300000190734863,7.300000190734863,7.300000190734863,7.300000190734863,7.2226152420043945,0
2004-03-25,7.300000190734863,7.300000190734863,7.300000190734863,7.300000190734863,7.2226152420043945,0
2004-03-26,7.300000190734863,7.300000190734863,7.300000190734863,7.300000190734863,7.2226152420043945,0
2004-03-29,7.300000190734863,7.300000190734863,7.300000190734863,7.300000190734863,7.2226152420043945,0
2004-03-30,7.300000190734863,7.300000190734863,7.300000190734863,7.300000190734863,7.2226152420043945,0
2004-03-31,7.300000190734863,7.300000190734863,7.300000190734863,7.300000190734863,7.2226152420043945,0
2004-04-01,7.300000190734863,7.300000190734863,7.300000190734863,7.300000190734863,7.2226152420043945,0
2004-04-02,7.300000190734863,7.300000190734863,7.300000190734863,7.300000190734863,7.2226152420043945,0
2004-04-05,7.300000190734863,7.300000190734863,7.300000190734863,7.300000190734863,7.2226152420043945,0
2004-04-06,7.300000190734863,7.300000190734863,7.300000190734863,7.300000190734863,7.2226152420043945,0
2004-04-07,7.300000190734863,7.300000190734863,7.300000190734863,7.300000190734863,7.2226152420043945,0
2004-04-08,7.300000190734863,7.300000190734863,7.300000190734863,7.300000190734863,7.2226152420043945,0
2004-04-09,7.300000190734863,7.300000190734863,7.300000190734863,7.300000190734863,7.2226152420043945,0
2004-04-12,7.300000190734863,7.300000190734863,7.300000190734863,7.300000190734863,7.2226152420043945,0
2004-04-13,7.300000190734863,7.300000190734863,7.300000190734863,7.300000190734863,7.2226152420043945,0
2004-04-14,7.300000190734863,7.300000190734863,7.300000190734863,7.300000190734863,7.2226152420043945,0
2004-04-15,7.300000190734863,7.300000190734863,7.300000190734863,7.300000190734863,7.2226152420043945,0
2004-04-16,7.300000190734863,7.300000190734863,7.300000190734863,7.300000190734863,7.2226152420043945,0
2004-04-19,7.300000190734863,7.300000190734863,7.300000190734863,7.300000190734863,7.2226152420043945,0
2004-04-20,7.300000190734863,7.300000190734863,7.300000190734863,7.300000190734863,7.2226152420043945,0
2004-04-21,7.300000190734863,7.300000190734863,7.300000190734863,7.300000190734863,7.2226152420043945,0
2004-04-22,7.300000190734863,7.300000190734863,7.300000190734863,7.300000190734863,7.2226152420043945,0
2004-04-23,7.300000190734863,7.300000190734863,7.300000190734863,7.300000190734863,7.2226152420043945,0
2004-04-26,7.300000190734863,7.300000190734863,7.300000190734863,7.300000190734863,7.2226152420043945,0
2004-04-27,7.300000190734863,7.300000190734863,7.300000190734863,7.300000190734863,7.2226152420043945,0
2004-04-28,7.300000190734863,7.300000190734863,7.300000190734863,7.300000190734863,7.2226152420043945,0
2004-04-29,524.0,524.0,524.0,524.0,518.4452514648438,0
2004-04-30,7.300000190734863,7.300000190734863,7.300000190734863,7.300000190734863,7.2226152420043945,0
2004-05-03,7.300000190734863,7.300000190734863,7.300000190734863,7.300000190734863,7.2226152420043945,0
2004-05-04,7.300000190734863,7.300000190734863,7.300000190734863,7.300000190734863,7.2226152420043945,0
2004-05-05,7.300000190734863,7.300000190734863,7.300000190734863,7.300000190734863,7.2226152420043945,0
2004-05-06,7.300000190734863,7.300000190734863,7.300000190734863,7.300000190734863,7.2226152420043945,0
2004-05-07,7.300000190734863,7.300000190734863,7.300000190734863,7.300000190734863,7.2226152420043945,0
2004-05-10,7.300000190734863,7.300000190734863,7.300000190734863,7.300000190734863,7.2226152420043945,0
2004-05-11,7.300000190734863,7.300000190734863,7.300000190734863,7.300000190734863,7.2226152420043945,0
2004-05-12,7.300000190734863,7.300000190734863,7.300000190734863,7.300000190734863,7.2226152420043945,0
2004-05-13,7.300000190734863,7.300000190734863,7.300000190734863,7.300000190734863,7.2226152420043945,0
2004-05-14,7.300000190734863,7.300000190734863,7.300000190734863,7.300000190734863,7.2226152420043945,0
2004-05-17,7.300000190734863,7.300000190734863,7.300000190734863,7.300000190734863,7.2226152420043945,0
2004-05-18,7.300000190734863,7.300000190734863,7.300000190734863,7.300000190734863,7.2226152420043945,0
2004-05-19,7.300000190734863,7.300000190734863,7.300000190734863,7.300000190734863,7.2226152420043945,0
2004-05-20,7.300000190734863,7.300000190734863,7.300000190734863,7.300000190734863,7.2226152420043945,0
2004-05-21,7.300000190734863,7.300000190734863,7.300000190734863,7.300000190734863,7.2226152420043945,0
2004-05-24,7.300000190734863,7.300000190734863,7.300000190734863,7.300000190734863,7.2226152420043945,0
2004-05-25,7.300000190734863,7.300000190734863,7.300000190734863,7.300000190734863,7.2226152420043945,0
2004-05-26,7.300000190734863,7.300000190734863,7.300000190734863,7.300000190734863,7.2226152420043945,0
2004-05-27,7.300000190734863,7.300000190734863,7.300000190734863,7.300000190734863,7.2226152420043945,0
2004-05-28,7.300000190734863,7.300000190734863,7.300000190734863,7.300000190734863,7.2226152420043945,0
2004-05-31,7.300000190734863,7.300000190734863,7.300000190734863,7.300000190734863,7.2226152420043945,0
2004-06-01,7.300000190734863,7.300000190734863,7.300000190734863,7.300000190734863,7.2226152420043945,0
2004-06-02,7.300000190734863,7.300000190734863,7.300000190734863,7.300000190734863,7.2226152420043945,0
2004-06-03,7.300000190734863,7.300000190734863,7.300000190734863,7.300000190734863,7.2226152420043945,0
2004-06-04,7.300000190734863,7.300000190734863,7.300000190734863,7.300000190734863,7.2226152420043945,0
2004-06-07,7.300000190734863,7.300000190734863,7.300000190734863,7.300000190734863,7.2226152420043945,0
2004-06-08,7.300000190734863,7.300000190734863,7.300000190734863,7.300000190734863,7.2226152420043945,0
2004-06-09,7.300000190734863,7.300000190734863,7.300000190734863,7.300000190734863,7.2226152420043945,0
2004-06-10,7.300000190734863,7.300000190734863,7.300000190734863,7.300000190734863,7.2226152420043945,0
2004-06-11,7.300000190734863,7.300000190734863,7.300000190734863,7.300000190734863,7.2226152420043945,0
2004-06-14,7.300000190734863,7.300000190734863,7.300000190734863,7.300000190734863,7.2226152420043945,0
2004-06-15,7.300000190734863,7.300000190734863,7.300000190734863,7.300000190734863,7.2226152420043945,0
2004-06-16,7.300000190734863,7.300000190734863,7.300000190734863,7.300000190734863,7.2226152420043945,0
2004-06-17,7.300000190734863,7.300000190734863,7.300000190734863,7.300000190734863,7.2226152420043945,0
2004-06-18,7.300000190734863,7.300000190734863,7.300000190734863,7.300000190734863,7.2226152420043945,0
2004-06-21,7.300000190734863,7.300000190734863,7.300000190734863,7.300000190734863,7.2226152420043945,0
2004-06-22,7.300000190734863,7.300000190734863,7.300000190734863,7.300000190734863,7.2226152420043945,0
2004-06-23,7.300000190734863,7.300000190734863,7.300000190734863,7.300000190734863,7.2226152420043945,0
2004-06-24,7.300000190734863,7.300000190734863,7.300000190734863,7.300000190734863,7.2226152420043945,0
2004-06-25,7.300000190734863,7.300000190734863,7.300000190734863,7.300000190734863,7.2226152420043945,0
2004-06-28,7.300000190734863,7.300000190734863,7.300000190734863,7.300000190734863,7.2226152420043945,0
2004-06-29,7.300000190734863,7.300000190734863,7.300000190734863,7.300000190734863,7.2226152420043945,0
2004-06-30,7.300000190734863,7.300000190734863,7.300000190734863,7.300000190734863,7.2226152420043945,0
2004-07-01,7.300000190734863,7.300000190734863,7.300000190734863,7.300000190734863,7.2226152420043945,0
2004-07-02,7.300000190734863,7.300000190734863,7.300000190734863,7.300000190734863,7.2226152420043945,0
2004-07-05,7.300000190734863,7.300000190734863,7.300000190734863,7.300000190734863,7.2226152420043945,0
2004-07-06,7.300000190734863,7.300000190734863,7.300000190734863,7.300000190734863,7.2226152420043945,0
2004-07-07,7.300000190734863,7.300000190734863,7.300000190734863,7.300000190734863,7.2226152420043945,0
2004-07-08,7.300000190734863,7.300000190734863,7.300000190734863,7.300000190734863,7.2226152420043945,0
2004-07-09,7.300000190734863,7.300000190734863,7.300000190734863,7.300000190734863,7.2226152420043945,0
2004-07-12,7.300000190734863,7.300000190734863,7.300000190734863,7.300000190734863,7.2226152420043945,0
2004-07-13,7.300000190734863,7.300000190734863,7.300000190734863,7.300000190734863,7.2226152420043945,0
2004-07-14,7.300000190734863,7.300000190734863,7.300000190734863,7.300000190734863,7.2226152420043945,0
2004-07-15,7.300000190734863,7.300000190734863,7.300000190734863,7.300000190734863,7.2226152420043945,0
2004-07-16,7.300000190734863,7.300000190734863,7.300000190734863,7.300000190734863,7.2226152420043945,0
2004-07-19,7.300000190734863,7.300000190734863,7.300000190734863,7.300000190734863,7.2226152420043945,0
2004-07-20,7.300000190734863,7.300000190734863,7.300000190734863,7.300000190734863,7.2226152420043945,0
2004-07-21,7.300000190734863,7.300000190734863,7.300000190734863,7.300000190734863,7.2226152420043945,0
2004-07-22,7.300000190734863,7.300000190734863,7.300000190734863,7.300000190734863,7.2226152420043945,0
2004-07-23,7.300000190734863,7.300000190734863,7.300000190734863,7.300000190734863,7.2226152420043945,0
2004-07-26,7.300000190734863,7.300000190734863,7.300000190734863,7.300000190734863,7.2226152420043945,0
2004-07-27,7.300000190734863,7.300000190734863,7.300000190734863,7.300000190734863,7.2226152420043945,0
2004-07-28,7.300000190734863,7.300000190734863,7.300000190734863,7.300000190734863,7.2226152420043945,0
2004-07-29,7.300000190734863,7.300000190734863,7.300000190734863,7.300000190734863,7.2226152420043945,0
2004-07-30,7.300000190734863,7.300000190734863,7.300000190734863,7.300000190734863,7.2226152420043945,0
2004-08-02,7.300000190734863,7.300000190734863,7.300000190734863,7.300000190734863,7.2226152420043945,0
2004-08-03,7.300000190734863,7.300000190734863,7.300000190734863,7.300000190734863,7.2226152420043945,0
2004-08-04,7.300000190734863,7.300000190734863,7.300000190734863,7.300000190734863,7.2226152420043945,0
2004-08-05,7.300000190734863,7.300000190734863,7.300000190734863,7.300000190734863,7.2226152420043945,0
2004-08-06,7.300000190734863,7.300000190734863,7.300000190734863,7.300000190734863,7.2226152420043945,0
2004-08-09,7.300000190734863,7.300000190734863,7.300000190734863,7.300000190734863,7.2226152420043945,0
2004-08-10,7.300000190734863,7.300000190734863,7.300000190734863,7.300000190734863,7.2226152420043945,0
2004-08-11,7.300000190734863,7.300000190734863,7.300000190734863,7.300000190734863,7.2226152420043945,0
2004-08-12,7.300000190734863,7.300000190734863,7.300000190734863,7.300000190734863,7.2226152420043945,0
2004-08-13,7.300000190734863,7.300000190734863,7.300000190734863,7.300000190734863,7.2226152420043945,0
2004-08-16,7.300000190734863,7.300000190734863,7.300000190734863,7.300000190734863,7.2226152420043945,0
2004-08-17,7.300000190734863,7.300000190734863,7.300000190734863,7.300000190734863,7.2226152420043945,0
2004-08-18,7.300000190734863,7.300000190734863,7.300000190734863,7.300000190734863,7.2226152420043945,0
2004-08-19,7.300000190734863,7.300000190734863,7.300000190734863,7.300000190734863,7.2226152420043945,0
2004-08-20,7.300000190734863,7.300000190734863,7.300000190734863,7.300000190734863,7.2226152420043945,0
2004-08-23,7.300000190734863,7.300000190734863,7.300000190734863,7.300000190734863,7.2226152420043945,0
2004-08-24,7.300000190734863,7.300000190734863,7.300000190734863,7.300000190734863,7.2226152420043945,0
2004-08-25,7.300000190734863,7.300000190734863,7.300000190734863,7.300000190734863,7.2226152420043945,0
2004-08-26,7.300000190734863,7.300000190734863,7.300000190734863,7.300000190734863,7.2226152420043945,0
2004-08-27,7.300000190734863,7.300000190734863,7.300000190734863,7.300000190734863,7.2226152420043945,0
2004-08-30,7.300000190734863,7.300000190734863,7.300000190734863,7.300000190734863,7.2226152420043945,0
2004-08-31,7.300000190734863,7.300000190734863,7.300000190734863,7.300000190734863,7.2226152420043945,0
2004-09-01,7.300000190734863,7.300000190734863,7.300000190734863,7.300000190734863,7.2226152420043945,0
2004-09-02,7.300000190734863,7.300000190734863,7.300000190734863,7.300000190734863,7.2226152420043945,0
2004-09-03,7.300000190734863,7.300000190734863,7.300000190734863,7.300000190734863,7.2226152420043945,0
2004-09-06,7.300000190734863,7.300000190734863,7.300000190734863,7.300000190734863,7.2226152420043945,0
2004-09-07,7.300000190734863,7.300000190734863,7.300000190734863,7.300000190734863,7.2226152420043945,0
2004-09-08,7.300000190734863,7.300000190734863,7.300000190734863,7.300000190734863,7.2226152420043945,0
2004-09-09,7.300000190734863,7.300000190734863,7.300000190734863,7.300000190734863,7.2226152420043945,0
2004-09-10,7.300000190734863,7.300000190734863,7.300000190734863,7.300000190734863,7.2226152420043945,0
2004-09-13,7.300000190734863,7.300000190734863,7.300000190734863,7.300000190734863,7.2226152420043945,0
2004-09-14,7.300000190734863,7.300000190734863,7.300000190734863,7.300000190734863,7.2226152420043945,0
2004-09-15,7.300000190734863,7.300000190734863,7.300000190734863,7.300000190734863,7.2226152420043945,0
2004-09-16,7.300000190734863,7.300000190734863,7.300000190734863,7.300000190734863,7.2226152420043945,0
2004-09-17,7.300000190734863,7.300000190734863,7.300000190734863,7.300000190734863,7.2226152420043945,0
2004-09-20,7.300000190734863,7.300000190734863,7.300000190734863,7.300000190734863,7.2226152420043945,0
2004-09-21,7.300000190734863,7.300000190734863,7.300000190734863,7.300000190734863,7.2226152420043945,0
2004-09-22,7.300000190734863,7.300000190734863,7.300000190734863,7.300000190734863,7.2226152420043945,0
2004-09-23,7.300000190734863,7.300000190734863,7.300000190734863,7.300000190734863,7.2226152420043945,0
2004-09-24,7.300000190734863,7.300000190734863,7.300000190734863,7.300000190734863,7.2226152420043945,0
2004-09-27,7.300000190734863,7.300000190734863,7.300000190734863,7.300000190734863,7.2226152420043945,0
2004-09-28,7.300000190734863,7.300000190734863,7.300000190734863,7.300000190734863,7.2226152420043945,0
2004-09-29,7.300000190734863,7.300000190734863,7.300000190734863,7.300000190734863,7.2226152420043945,0
2004-09-30,7.300000190734863,7.300000190734863,7.300000190734863,7.300000190734863,7.2226152420043945,0
2004-10-01,7.300000190734863,7.300000190734863,7.300000190734863,7.300000190734863,7.2226152420043945,0
2004-10-04,7.300000190734863,7.300000190734863,7.300000190734863,7.300000190734863,7.2226152420043945,0
2004-10-05,7.300000190734863,7.300000190734863,7.300000190734863,7.300000190734863,7.2226152420043945,0
2004-10-06,7.300000190734863,7.300000190734863,7.300000190734863,7.300000190734863,7.2226152420043945,0
2004-10-07,7.300000190734863,7.300000190734863,7.300000190734863,7.300000190734863,7.2226152420043945,0
2004-10-08,7.300000190734863,7.300000190734863,7.300000190734863,7.300000190734863,7.2226152420043945,0
2004-10-11,7.300000190734863,7.300000190734863,7.300000190734863,7.300000190734863,7.2226152420043945,0
2004-10-12,7.300000190734863,7.300000190734863,7.300000190734863,7.300000190734863,7.2226152420043945,0
2004-10-13,7.300000190734863,7.300000190734863,7.300000190734863,7.300000190734863,7.2226152420043945,0
2004-10-14,7.300000190734863,7.300000190734863,7.300000190734863,7.300000190734863,7.2226152420043945,0
2004-10-15,7.300000190734863,7.300000190734863,7.300000190734863,7.300000190734863,7.2226152420043945,0
2004-10-18,7.300000190734863,7.300000190734863,7.300000190734863,7.300000190734863,7.2226152420043945,0
2004-10-19,7.300000190734863,7.300000190734863,7.300000190734863,7.300000190734863,7.2226152420043945,0
2004-10-20,7.300000190734863,7.300000190734863,7.300000190734863,7.300000190734863,7.2226152420043945,0
2004-10-21,7.300000190734863,7.300000190734863,7.300000190734863,7.300000190734863,7.2226152420043945,0
2004-10-22,7.300000190734863,7.300000190734863,7.300000190734863,7.300000190734863,7.2226152420043945,0
2004-10-25,7.300000190734863,7.300000190734863,7.300000190734863,7.300000190734863,7.2226152420043945,0
2004-10-26,7.300000190734863,7.300000190734863,7.300000190734863,7.300000190734863,7.2226152420043945,0
2004-10-27,7.300000190734863,7.300000190734863,7.300000190734863,7.300000190734863,7.2226152420043945,0
2004-10-28,7.300000190734863,7.300000190734863,7.300000190734863,7.300000190734863,7.2226152420043945,0
2004-10-29,7.300000190734863,7.300000190734863,7.300000190734863,7.300000190734863,7.2226152420043945,0
2004-11-01,7.300000190734863,7.300000190734863,7.300000190734863,7.300000190734863,7.2226152420043945,0
2004-11-02,7.300000190734863,7.300000190734863,7.300000190734863,7.300000190734863,7.2226152420043945,0
2004-11-03,7.300000190734863,7.300000190734863,7.300000190734863,7.300000190734863,7.2226152420043945,0
2004-11-04,7.300000190734863,7.300000190734863,7.300000190734863,7.300000190734863,7.2226152420043945,0
2004-11-05,7.300000190734863,7.300000190734863,7.300000190734863,7.300000190734863,7.2226152420043945,0
2004-11-08,7.300000190734863,7.300000190734863,7.300000190734863,7.300000190734863,7.2226152420043945,0
2004-11-09,7.300000190734863,7.300000190734863,7.300000190734863,7.300000190734863,7.2226152420043945,0
2004-11-10,7.300000190734863,7.300000190734863,7.300000190734863,7.300000190734863,7.2226152420043945,0
2004-11-11,7.300000190734863,7.300000190734863,7.300000190734863,7.300000190734863,7.2226152420043945,0
2004-11-12,7.300000190734863,7.300000190734863,7.300000190734863,7.300000190734863,7.2226152420043945,0
2004-11-15,7.300000190734863,7.300000190734863,7.300000190734863,7.300000190734863,7.2226152420043945,0
2004-11-16,7.300000190734863,7.300000190734863,7.300000190734863,7.300000190734863,7.2226152420043945,0
2004-11-17,7.300000190734863,7.300000190734863,7.300000190734863,7.300000190734863,7.2226152420043945,0
2004-11-18,7.300000190734863,7.300000190734863,7.300000190734863,7.300000190734863,7.2226152420043945,0
2004-11-19,7.300000190734863,7.300000190734863,7.300000190734863,7.300000190734863,7.2226152420043945,0
2004-11-22,7.300000190734863,7.300000190734863,7.300000190734863,7.300000190734863,7.2226152420043945,0
2004-11-23,60.0,60.0,60.0,60.0,59.36396026611328,0
2004-11-24,7.300000190734863,7.300000190734863,7.300000190734863,7.300000190734863,7.2226152420043945,0
2004-11-25,7.300000190734863,7.300000190734863,7.300000190734863,7.300000190734863,7.2226152420043945,0
2004-11-26,7.300000190734863,7.300000190734863,7.300000190734863,7.300000190734863,7.2226152420043945,0
2004-11-29,7.300000190734863,7.300000190734863,7.300000190734863,7.300000190734863,7.2226152420043945,0
2004-11-30,7.300000190734863,7.300000190734863,7.300000190734863,7.300000190734863,7.2226152420043945,0
2004-12-01,7.300000190734863,7.300000190734863,7.300000190734863,7.300000190734863,7.2226152420043945,0
2004-12-02,7.300000190734863,7.300000190734863,7.300000190734863,7.300000190734863,7.2226152420043945,0
2004-12-03,7.300000190734863,7.300000190734863,7.300000190734863,7.300000190734863,7.2226152420043945,0
2004-12-06,7.300000190734863,7.300000190734863,7.300000190734863,7.300000190734863,7.2226152420043945,0
2004-12-07,7.300000190734863,7.300000190734863,7.300000190734863,7.300000190734863,7.2226152420043945,0
2004-12-08,7.300000190734863,7.300000190734863,7.300000190734863,7.300000190734863,7.2226152420043945,0
2004-12-09,7.300000190734863,7.300000190734863,7.300000190734863,7.300000190734863,7.2226152420043945,0
2004-12-10,7.300000190734863,7.300000190734863,7.300000190734863,7.300000190734863,7.2226152420043945,0
2004-12-13,7.300000190734863,7.300000190734863,7.300000190734863,7.300000190734863,7.2226152420043945,0
2004-12-14,7.300000190734863,7.300000190734863,7.300000190734863,7.300000190734863,7.2226152420043945,0
2004-12-15,7.300000190734863,7.300000190734863,7.300000190734863,7.300000190734863,7.2226152420043945,0
2004-12-16,7.300000190734863,7.300000190734863,7.300000190734863,7.300000190734863,7.2226152420043945,0
2004-12-20,7.300000190734863,7.300000190734863,7.300000190734863,7.300000190734863,7.2226152420043945,0
2004-12-21,7.300000190734863,7.300000190734863,7.300000190734863,7.300000190734863,7.2226152420043945,0
2004-12-22,7.300000190734863,7.300000190734863,7.300000190734863,7.300000190734863,7.2226152420043945,0
2004-12-23,7.300000190734863,7.300000190734863,7.300000190734863,7.300000190734863,7.2226152420043945,0
2004-12-24,7.300000190734863,7.300000190734863,7.300000190734863,7.300000190734863,7.2226152420043945,0
2004-12-27,7.300000190734863,7.300000190734863,7.300000190734863,7.300000190734863,7.2226152420043945,0
2004-12-28,7.300000190734863,7.300000190734863,7.300000190734863,7.300000190734863,7.2226152420043945,0
2004-12-29,3.559999942779541,3.559999942779541,3.559999942779541,3.559999942779541,3.522261619567871,0
2004-12-30,7.300000190734863,7.300000190734863,7.300000190734863,7.300000190734863,7.2226152420043945,0
2004-12-31,7.300000190734863,7.300000190734863,7.300000190734863,7.300000190734863,7.2226152420043945,0
2005-01-03,7.300000190734863,7.300000190734863,7.300000190734863,7.300000190734863,7.2226152420043945,0
2005-01-04,7.300000190734863,7.300000190734863,7.300000190734863,7.300000190734863,7.2226152420043945,0
2005-01-05,7.300000190734863,7.300000190734863,7.300000190734863,7.300000190734863,7.2226152420043945,0
2005-01-06,7.300000190734863,7.300000190734863,7.300000190734863,7.300000190734863,7.2226152420043945,0
2005-01-07,7.300000190734863,7.300000190734863,7.300000190734863,7.300000190734863,7.2226152420043945,0
2005-01-10,7.300000190734863,7.300000190734863,7.300000190734863,7.300000190734863,7.2226152420043945,0
2005-01-11,7.300000190734863,7.300000190734863,7.300000190734863,7.300000190734863,7.2226152420043945,0
2005-01-12,7.300000190734863,7.300000190734863,7.300000190734863,7.300000190734863,7.2226152420043945,0
2005-01-13,7.300000190734863,7.300000190734863,7.300000190734863,7.300000190734863,7.2226152420043945,0
2005-01-14,7.300000190734863,7.300000190734863,7.300000190734863,7.300000190734863,7.2226152420043945,0
2005-01-17,7.300000190734863,7.300000190734863,7.300000190734863,7.300000190734863,7.2226152420043945,0
2005-01-18,7.300000190734863,7.300000190734863,7.300000190734863,7.300000190734863,7.2226152420043945,0
2005-01-19,7.300000190734863,7.300000190734863,7.300000190734863,7.300000190734863,7.2226152420043945,0
2005-01-20,7.300000190734863,7.300000190734863,7.300000190734863,7.300000190734863,7.2226152420043945,0
2005-01-24,7.300000190734863,7.300000190734863,7.300000190734863,7.300000190734863,7.2226152420043945,0
2005-01-25,7.300000190734863,7.300000190734863,7.300000190734863,7.300000190734863,7.2226152420043945,0
2005-01-27,7.300000190734863,7.300000190734863,7.300000190734863,7.300000190734863,7.2226152420043945,0
2005-01-28,7.300000190734863,7.300000190734863,7.300000190734863,7.300000190734863,7.2226152420043945,0
2005-01-31,7.300000190734863,7.300000190734863,7.300000190734863,7.300000190734863,7.2226152420043945,0
2005-02-01,30.0,30.0,30.0,30.0,29.68198013305664,0
2005-02-02,7.300000190734863,7.300000190734863,7.300000190734863,7.300000190734863,7.2226152420043945,0
2005-02-03,7.300000190734863,7.300000190734863,7.300000190734863,7.300000190734863,7.2226152420043945,0
2005-02-04,7.300000190734863,7.300000190734863,7.300000190734863,7.300000190734863,7.2226152420043945,0
2005-02-07,7.300000190734863,7.300000190734863,7.300000190734863,7.300000190734863,7.2226152420043945,0
2005-02-08,9.710000038146973,9.710000038146973,9.710000038146973,9.710000038146973,9.607067108154297,0
2005-02-09,7.300000190734863,7.300000190734863,7.300000190734863,7.300000190734863,7.2226152420043945,0
2005-02-10,7.300000190734863,7.300000190734863,7.300000190734863,7.300000190734863,7.2226152420043945,0
2005-02-11,7.300000190734863,7.300000190734863,7.300000190734863,7.300000190734863,7.2226152420043945,0
2005-02-14,7.300000190734863,7.300000190734863,7.300000190734863,7.300000190734863,7.2226152420043945,0
2005-02-15,7.300000190734863,7.300000190734863,7.300000190734863,7.300000190734863,7.2226152420043945,0
2005-02-16,7.300000190734863,7.300000190734863,7.300000190734863,7.300000190734863,7.2226152420043945,0
2005-02-17,7.300000190734863,7.300000190734863,7.300000190734863,7.300000190734863,7.2226152420043945,0
2005-02-18,7.300000190734863,7.300000190734863,7.300000190734863,7.300000190734863,7.2226152420043945,0
2005-02-21,7.300000190734863,7.300000190734863,7.300000190734863,7.300000190734863,7.2226152420043945,0
2005-02-22,7.300000190734863,7.300000190734863,7.300000190734863,7.300000190734863,7.2226152420043945,0
2005-02-23,240.0,240.0,240.0,240.0,237.45584106445312,0
2005-02-24,7.300000190734863,7.300000190734863,7.300000190734863,7.300000190734863,7.2226152420043945,0
2005-02-25,7.300000190734863,7.300000190734863,7.300000190734863,7.300000190734863,7.2226152420043945,0
2005-02-28,7.300000190734863,7.300000190734863,7.300000190734863,7.300000190734863,7.2226152420043945,0
2005-03-01,7.300000190734863,7.300000190734863,7.300000190734863,7.300000190734863,7.2226152420043945,0
2005-03-02,7.300000190734863,7.300000190734863,7.300000190734863,7.300000190734863,7.2226152420043945,0
2005-03-03,7.300000190734863,7.300000190734863,7.300000190734863,7.300000190734863,7.2226152420043945,0
2005-03-04,7.300000190734863,7.300000190734863,7.300000190734863,7.300000190734863,7.2226152420043945,0
2005-03-07,7.300000190734863,7.300000190734863,7.300000190734863,7.300000190734863,7.2226152420043945,0
2005-03-08,7.300000190734863,7.300000190734863,7.300000190734863,7.300000190734863,7.2226152420043945,0
2005-03-09,7.300000190734863,7.300000190734863,7.300000190734863,7.300000190734863,7.2226152420043945,0
2005-03-10,7.300000190734863,7.300000190734863,7.300000190734863,7.300000190734863,7.2226152420043945,0
2005-03-11,7.300000190734863,7.300000190734863,7.300000190734863,7.300000190734863,7.2226152420043945,0
2005-03-14,7.300000190734863,7.300000190734863,7.300000190734863,7.300000190734863,7.2226152420043945,0
2005-03-15,7.300000190734863,7.300000190734863,7.300000190734863,7.300000190734863,7.2226152420043945,0
2005-03-16,7.300000190734863,7.300000190734863,7.300000190734863,7.300000190734863,7.2226152420043945,0
2005-03-17,7.300000190734863,7.300000190734863,7.300000190734863,7.300000190734863,7.2226152420043945,0
2005-03-18,7.300000190734863,7.300000190734863,7.300000190734863,7.300000190734863,7.2226152420043945,0
2005-03-21,7.300000190734863,7.300000190734863,7.300000190734863,7.300000190734863,7.2226152420043945,0
2005-03-22,7.300000190734863,7.300000190734863,7.300000190734863,7.300000190734863,7.2226152420043945,0
2005-03-23,7.300000190734863,7.300000190734863,7.300000190734863,7.300000190734863,7.2226152420043945,0
2005-03-24,7.300000190734863,7.300000190734863,7.300000190734863,7.300000190734863,7.2226152420043945,0
2005-03-28,7.300000190734863,7.300000190734863,7.300000190734863,7.300000190734863,7.2226152420043945,0
2005-03-29,7.300000190734863,7.300000190734863,7.300000190734863,7.300000190734863,7.2226152420043945,0
2005-03-30,7.300000190734863,7.300000190734863,7.300000190734863,7.300000190734863,7.2226152420043945,0
2005-03-31,7.300000190734863,7.300000190734863,7.300000190734863,7.300000190734863,7.2226152420043945,0
2005-04-01,7.300000190734863,7.300000190734863,7.300000190734863,7.300000190734863,7.2226152420043945,0
2005-04-04,7.300000190734863,7.300000190734863,7.300000190734863,7.300000190734863,7.2226152420043945,0
2005-04-05,7.300000190734863,7.300000190734863,7.300000190734863,7.300000190734863,7.2226152420043945,0
2005-04-06,7.300000190734863,7.300000190734863,7.300000190734863,7.300000190734863,7.2226152420043945,0
2005-04-07,7.300000190734863,7.300000190734863,7.300000190734863,7.300000190734863,7.2226152420043945,0
2005-04-08,7.300000190734863,7.300000190734863,7.300000190734863,7.300000190734863,7.2226152420043945,0
2005-04-11,7.300000190734863,7.300000190734863,7.300000190734863,7.300000190734863,7.2226152420043945,0
2005-04-12,7.300000190734863,7.300000190734863,7.300000190734863,7.300000190734863,7.2226152420043945,0
2005-04-13,7.300000190734863,7.300000190734863,7.300000190734863,7.300000190734863,7.2226152420043945,0
2005-04-15,7.300000190734863,7.300000190734863,7.300000190734863,7.300000190734863,7.2226152420043945,0
2005-04-18,7.300000190734863,7.300000190734863,7.300000190734863,7.300000190734863,7.2226152420043945,0
2005-04-19,7.300000190734863,7.300000190734863,7.300000190734863,7.300000190734863,7.2226152420043945,0
2005-04-20,7.300000190734863,7.300000190734863,7.300000190734863,7.300000190734863,7.2226152420043945,0
2005-04-21,7.300000190734863,7.300000190734863,7.300000190734863,7.300000190734863,7.2226152420043945,0
2005-04-22,7.300000190734863,7.300000190734863,7.300000190734863,7.300000190734863,7.2226152420043945,0
2005-04-25,7.300000190734863,7.300000190734863,7.300000190734863,7.300000190734863,7.2226152420043945,0
2005-04-26,7.300000190734863,7.300000190734863,7.300000190734863,7.300000190734863,7.2226152420043945,0
2005-04-27,7.300000190734863,7.300000190734863,7.300000190734863,7.300000190734863,7.2226152420043945,0
2005-04-28,7.300000190734863,7.300000190734863,7.300000190734863,7.300000190734863,7.2226152420043945,0
2005-04-29,7.300000190734863,7.300000190734863,7.300000190734863,7.300000190734863,7.2226152420043945,0
2005-05-02,7.300000190734863,7.300000190734863,7.300000190734863,7.300000190734863,7.2226152420043945,0
2005-05-03,7.300000190734863,7.300000190734863,7.300000190734863,7.300000190734863,7.2226152420043945,0
2005-05-04,7.300000190734863,7.300000190734863,7.300000190734863,7.300000190734863,7.2226152420043945,0
2005-05-05,7.300000190734863,7.300000190734863,7.300000190734863,7.300000190734863,7.2226152420043945,0
2005-05-06,7.300000190734863,7.300000190734863,7.300000190734863,7.300000190734863,7.2226152420043945,0
2005-05-09,7.300000190734863,7.300000190734863,7.300000190734863,7.300000190734863,7.2226152420043945,0
2005-05-10,7.300000190734863,7.300000190734863,7.300000190734863,7.300000190734863,7.2226152420043945,0
2005-05-11,7.300000190734863,7.300000190734863,7.300000190734863,7.300000190734863,7.2226152420043945,0
2005-05-12,7.300000190734863,7.300000190734863,7.300000190734863,7.300000190734863,7.2226152420043945,0
2005-05-13,7.300000190734863,7.300000190734863,7.300000190734863,7.300000190734863,7.2226152420043945,0
2005-05-16,7.300000190734863,7.300000190734863,7.300000190734863,7.300000190734863,7.2226152420043945,0
2005-05-17,17.450000762939453,17.450000762939453,17.450000762939453,17.450000762939453,17.265018463134766,0
2005-05-18,7.300000190734863,7.300000190734863,7.300000190734863,7.300000190734863,7.2226152420043945,0
2005-05-19,7.300000190734863,7.300000190734863,7.300000190734863,7.300000190734863,7.2226152420043945,0
2005-05-20,7.300000190734863,7.300000190734863,7.300000190734863,7.300000190734863,7.2226152420043945,0
2005-05-23,7.300000190734863,7.300000190734863,7.300000190734863,7.300000190734863,7.2226152420043945,0
2005-05-24,7.300000190734863,7.300000190734863,7.300000190734863,7.300000190734863,7.2226152420043945,0
2005-05-25,7.300000190734863,7.300000190734863,7.300000190734863,7.300000190734863,7.2226152420043945,0
2005-05-26,7.300000190734863,7.300000190734863,7.300000190734863,7.300000190734863,7.2226152420043945,0
2005-05-27,7.300000190734863,7.300000190734863,7.300000190734863,7.300000190734863,7.2226152420043945,0
2005-05-30,7.300000190734863,7.300000190734863,7.300000190734863,7.300000190734863,7.2226152420043945,0
2005-05-31,7.300000190734863,7.300000190734863,7.300000190734863,7.300000190734863,7.2226152420043945,0
2005-06-01,7.300000190734863,7.300000190734863,7.300000190734863,7.300000190734863,7.2226152420043945,0
2005-06-02,7.300000190734863,7.300000190734863,7.300000190734863,7.300000190734863,7.2226152420043945,0
2005-06-06,7.300000190734863,7.300000190734863,7.300000190734863,7.300000190734863,7.2226152420043945,0
2005-06-07,7.300000190734863,7.300000190734863,7.300000190734863,7.300000190734863,7.2226152420043945,0
2005-06-08,7.300000190734863,7.300000190734863,7.300000190734863,7.300000190734863,7.2226152420043945,0
2005-06-09,7.300000190734863,7.300000190734863,7.300000190734863,7.300000190734863,7.2226152420043945,0
2005-06-10,7.300000190734863,7.300000190734863,7.300000190734863,7.300000190734863,7.2226152420043945,0
2005-06-13,7.300000190734863,7.300000190734863,7.300000190734863,7.300000190734863,7.2226152420043945,0
2005-06-14,7.300000190734863,7.300000190734863,7.300000190734863,7.300000190734863,7.2226152420043945,0
2005-06-15,7.300000190734863,7.300000190734863,7.300000190734863,7.300000190734863,7.2226152420043945,0
2005-06-16,7.300000190734863,7.300000190734863,7.300000190734863,7.300000190734863,7.2226152420043945,0
2005-06-17,7.300000190734863,7.300000190734863,7.300000190734863,7.300000190734863,7.2226152420043945,0
2005-06-21,7.300000190734863,7.300000190734863,7.300000190734863,7.300000190734863,7.2226152420043945,0
2005-06-22,7.300000190734863,7.300000190734863,7.300000190734863,7.300000190734863,7.2226152420043945,0
2005-06-23,0.5799999833106995,0.5799999833106995,0.5799999833106995,0.5799999833106995,0.5738515853881836,0
2005-06-24,7.300000190734863,7.300000190734863,7.300000190734863,7.300000190734863,7.2226152420043945,0
2005-07-14,7.300000190734863,7.300000190734863,7.300000190734863,7.300000190734863,7.2226152420043945,0
2005-07-15,7.300000190734863,7.300000190734863,7.300000190734863,7.300000190734863,7.2226152420043945,0
2005-07-18,7.300000190734863,7.300000190734863,7.300000190734863,7.300000190734863,7.2226152420043945,0
2005-07-19,7.300000190734863,7.300000190734863,7.300000190734863,7.300000190734863,7.2226152420043945,0
2005-07-20,7.300000190734863,7.300000190734863,7.300000190734863,7.300000190734863,7.2226152420043945,0
2005-07-21,7.300000190734863,7.300000190734863,7.300000190734863,7.300000190734863,7.2226152420043945,0
2005-07-22,7.300000190734863,7.300000190734863,7.300000190734863,7.300000190734863,7.2226152420043945,0
2005-07-25,7.300000190734863,7.300000190734863,7.300000190734863,7.300000190734863,7.2226152420043945,0
2005-07-26,7.300000190734863,7.300000190734863,7.300000190734863,7.300000190734863,7.2226152420043945,0
2005-07-27,7.300000190734863,7.300000190734863,7.300000190734863,7.300000190734863,7.2226152420043945,0
2005-07-28,6.849999904632568,6.849999904632568,6.849999904632568,6.849999904632568,6.777385234832764,0
2005-07-29,6.210000038146973,6.210000038146973,6.210000038146973,6.210000038146973,6.144169807434082,0
2005-08-01,7.300000190734863,7.300000190734863,7.300000190734863,7.300000190734863,7.2226152420043945,0
2005-08-02,7.300000190734863,7.300000190734863,7.300000190734863,7.300000190734863,7.2226152420043945,0
2005-08-03,7.300000190734863,7.300000190734863,7.300000190734863,7.300000190734863,7.2226152420043945,0
2005-08-04,7.300000190734863,7.300000190734863,7.300000190734863,7.300000190734863,7.2226152420043945,0
2005-08-05,7.300000190734863,7.300000190734863,7.300000190734863,7.300000190734863,7.2226152420043945,0
2005-08-08,7.300000190734863,7.300000190734863,7.300000190734863,7.300000190734863,7.2226152420043945,0
2005-08-09,7.300000190734863,7.300000190734863,7.300000190734863,7.300000190734863,7.2226152420043945,0
2005-08-10,7.300000190734863,7.300000190734863,7.300000190734863,7.300000190734863,7.2226152420043945,0
2005-08-11,7.300000190734863,7.300000190734863,7.300000190734863,7.300000190734863,7.2226152420043945,0
2005-08-12,7.300000190734863,7.300000190734863,7.300000190734863,7.300000190734863,7.2226152420043945,0
2005-08-16,7.300000190734863,7.300000190734863,7.300000190734863,7.300000190734863,7.2226152420043945,0
2005-08-17,7.300000190734863,7.300000190734863,7.300000190734863,7.300000190734863,7.2226152420043945,0
2005-08-18,7.300000190734863,7.300000190734863,7.300000190734863,7.300000190734863,7.2226152420043945,0
2005-08-19,7.300000190734863,7.300000190734863,7.300000190734863,7.300000190734863,7.2226152420043945,0
2005-08-22,7.300000190734863,7.300000190734863,7.300000190734863,7.300000190734863,7.2226152420043945,0
2005-08-24,7.300000190734863,7.300000190734863,7.300000190734863,7.300000190734863,7.2226152420043945,0
2005-08-25,7.300000190734863,7.300000190734863,7.300000190734863,7.300000190734863,7.2226152420043945,0
2005-08-26,7.300000190734863,7.300000190734863,7.300000190734863,7.300000190734863,7.2226152420043945,0
2005-08-29,7.300000190734863,7.300000190734863,7.300000190734863,7.300000190734863,7.2226152420043945,0
2005-08-30,7.300000190734863,7.300000190734863,7.300000190734863,7.300000190734863,7.2226152420043945,0
2005-08-31,7.300000190734863,7.300000190734863,7.300000190734863,7.300000190734863,7.2226152420043945,0
2005-09-01,7.300000190734863,7.300000190734863,7.300000190734863,7.300000190734863,7.2226152420043945,0
2005-09-02,7.300000190734863,7.300000190734863,7.300000190734863,7.300000190734863,7.2226152420043945,0
2005-09-05,7.300000190734863,7.300000190734863,7.300000190734863,7.300000190734863,7.2226152420043945,0
2005-09-06,7.300000190734863,7.300000190734863,7.300000190734863,7.300000190734863,7.2226152420043945,0
2005-09-08,6.119999885559082,6.119999885559082,6.119999885559082,6.119999885559082,6.055123805999756,0
2005-09-09,7.300000190734863,7.300000190734863,7.300000190734863,7.300000190734863,7.2226152420043945,0
2005-09-12,7.300000190734863,7.300000190734863,7.300000190734863,7.300000190734863,7.2226152420043945,0
2005-09-13,7.300000190734863,7.300000190734863,7.300000190734863,7.300000190734863,7.2226152420043945,0
2005-09-14,7.300000190734863,7.300000190734863,7.300000190734863,7.300000190734863,7.2226152420043945,0
2005-09-15,7.300000190734863,7.300000190734863,7.300000190734863,7.300000190734863,7.2226152420043945,0
2005-09-16,7.300000190734863,7.300000190734863,7.300000190734863,7.300000190734863,7.2226152420043945,0
2005-09-19,7.300000190734863,7.300000190734863,7.300000190734863,7.300000190734863,7.2226152420043945,0
2005-09-20,7.300000190734863,7.300000190734863,7.300000190734863,7.300000190734863,7.2226152420043945,0
2005-09-21,6.659999847412109,6.659999847412109,6.659999847412109,6.659999847412109,6.589399337768555,0
2005-09-22,7.300000190734863,7.300000190734863,7.300000190734863,7.300000190734863,7.2226152420043945,0
2005-09-23,7.300000190734863,7.300000190734863,7.300000190734863,7.300000190734863,7.2226152420043945,0
2005-09-26,7.300000190734863,7.300000190734863,7.300000190734863,7.300000190734863,7.2226152420043945,0
2005-09-27,7.300000190734863,7.300000190734863,7.300000190734863,7.300000190734863,7.2226152420043945,0
2005-09-28,7.300000190734863,7.300000190734863,7.300000190734863,7.300000190734863,7.2226152420043945,0
2005-09-29,7.300000190734863,7.300000190734863,7.300000190734863,7.300000190734863,7.2226152420043945,0
2005-09-30,7.5,7.5,7.5,7.5,7.42049503326416,0
2005-10-03,7.300000190734863,7.300000190734863,7.300000190734863,7.300000190734863,7.2226152420043945,0
2005-10-04,7.300000190734863,7.300000190734863,7.300000190734863,7.300000190734863,7.2226152420043945,0
2005-10-05,7.300000190734863,7.300000190734863,7.300000190734863,7.300000190734863,7.2226152420043945,0
2005-10-06,7.300000190734863,7.300000190734863,7.300000190734863,7.300000190734863,7.2226152420043945,0
2005-10-07,7.300000190734863,7.300000190734863,7.300000190734863,7.300000190734863,7.2226152420043945,0
2005-10-10,7.300000190734863,7.300000190734863,7.300000190734863,7.300000190734863,7.2226152420043945,0
2005-10-11,7.300000190734863,7.300000190734863,7.300000190734863,7.300000190734863,7.2226152420043945,0
2005-10-13,7.300000190734863,7.300000190734863,7.300000190734863,7.300000190734863,7.2226152420043945,0
2005-10-14,7.300000190734863,7.300000190734863,7.300000190734863,7.300000190734863,7.2226152420043945,0
2005-10-17,7.300000190734863,7.300000190734863,7.300000190734863,7.300000190734863,7.2226152420043945,0
2005-10-18,7.300000190734863,7.300000190734863,7.300000190734863,7.300000190734863,7.2226152420043945,0
2005-10-19,7.300000190734863,7.300000190734863,7.300000190734863,7.300000190734863,7.2226152420043945,0
2005-10-20,7.300000190734863,7.300000190734863,7.300000190734863,7.300000190734863,7.2226152420043945,0
2005-10-21,7.300000190734863,7.300000190734863,7.300000190734863,7.300000190734863,7.2226152420043945,0
2005-10-24,7.300000190734863,7.300000190734863,7.300000190734863,7.300000190734863,7.2226152420043945,0
2005-10-25,7.300000190734863,7.300000190734863,7.300000190734863,7.300000190734863,7.2226152420043945,0
2005-10-26,7.300000190734863,7.300000190734863,7.300000190734863,7.300000190734863,7.2226152420043945,0
2005-10-27,7.300000190734863,7.300000190734863,7.300000190734863,7.300000190734863,7.2226152420043945,0
2005-10-28,7.300000190734863,7.300000190734863,7.300000190734863,7.300000190734863,7.2226152420043945,0
2005-10-31,7.300000190734863,7.300000190734863,7.300000190734863,7.300000190734863,7.2226152420043945,0
2005-11-02,7.300000190734863,7.300000190734863,7.300000190734863,7.300000190734863,7.2226152420043945,0
2005-11-04,7.300000190734863,7.300000190734863,7.300000190734863,7.300000190734863,7.2226152420043945,0
2005-11-07,7.300000190734863,7.300000190734863,7.300000190734863,7.300000190734863,7.2226152420043945,0
2005-11-08,7.300000190734863,7.300000190734863,7.300000190734863,7.300000190734863,7.2226152420043945,0
2005-11-09,7.300000190734863,7.300000190734863,7.300000190734863,7.300000190734863,7.2226152420043945,0
2005-11-10,7.300000190734863,7.300000190734863,7.300000190734863,7.300000190734863,7.2226152420043945,0
2005-11-11,7.300000190734863,7.300000190734863,7.300000190734863,7.300000190734863,7.2226152420043945,0
2005-11-14,7.300000190734863,7.300000190734863,7.300000190734863,7.300000190734863,7.2226152420043945,0
2005-11-16,7.300000190734863,7.300000190734863,7.300000190734863,7.300000190734863,7.2226152420043945,0
2005-11-17,7.300000190734863,7.300000190734863,7.300000190734863,7.300000190734863,7.2226152420043945,0
2005-11-18,7.300000190734863,7.300000190734863,7.300000190734863,7.300000190734863,7.2226152420043945,0
2005-11-21,7.300000190734863,7.300000190734863,7.300000190734863,7.300000190734863,7.2226152420043945,0
2005-11-22,7.300000190734863,7.300000190734863,7.300000190734863,7.300000190734863,7.2226152420043945,0
2005-11-23,7.300000190734863,7.300000190734863,7.300000190734863,7.300000190734863,7.2226152420043945,0
2005-11-24,7.300000190734863,7.300000190734863,7.300000190734863,7.300000190734863,7.2226152420043945,0
2005-11-25,7.300000190734863,7.300000190734863,7.300000190734863,7.300000190734863,7.2226152420043945,0
2005-11-28,7.300000190734863,7.300000190734863,7.300000190734863,7.300000190734863,7.2226152420043945,0
2005-11-29,7.300000190734863,7.300000190734863,7.300000190734863,7.300000190734863,7.2226152420043945,0
2005-11-30,7.300000190734863,7.300000190734863,7.300000190734863,7.300000190734863,7.2226152420043945,0
2005-12-01,7.300000190734863,7.300000190734863,7.300000190734863,7.300000190734863,7.2226152420043945,0
2005-12-02,7.300000190734863,7.300000190734863,7.300000190734863,7.300000190734863,7.2226152420043945,0
2005-12-05,7.300000190734863,7.300000190734863,7.300000190734863,7.300000190734863,7.2226152420043945,0
2005-12-06,7.300000190734863,7.300000190734863,7.300000190734863,7.300000190734863,7.2226152420043945,0
2005-12-07,7.300000190734863,7.300000190734863,7.300000190734863,7.300000190734863,7.2226152420043945,0
2005-12-08,7.300000190734863,7.300000190734863,7.300000190734863,7.300000190734863,7.2226152420043945,0
2005-12-09,7.300000190734863,7.300000190734863,7.300000190734863,7.300000190734863,7.2226152420043945,0
2005-12-12,7.300000190734863,7.300000190734863,7.300000190734863,7.300000190734863,7.2226152420043945,0
2005-12-13,7.300000190734863,7.300000190734863,7.300000190734863,7.300000190734863,7.2226152420043945,0
2005-12-14,7.300000190734863,7.300000190734863,7.300000190734863,7.300000190734863,7.2226152420043945,0
2005-12-15,7.300000190734863,7.300000190734863,7.300000190734863,7.300000190734863,7.2226152420043945,0
2005-12-16,7.300000190734863,7.300000190734863,7.300000190734863,7.300000190734863,7.2226152420043945,0
2005-12-19,7.300000190734863,7.300000190734863,7.300000190734863,7.300000190734863,7.2226152420043945,0
2005-12-20,7.300000190734863,7.300000190734863,7.300000190734863,7.300000190734863,7.2226152420043945,0
2005-12-21,7.300000190734863,7.300000190734863,7.300000190734863,7.300000190734863,7.2226152420043945,0
2005-12-22,7.300000190734863,7.300000190734863,7.300000190734863,7.300000190734863,7.2226152420043945,0
2005-12-23,7.300000190734863,7.300000190734863,7.300000190734863,7.300000190734863,7.2226152420043945,0
2005-12-26,7.300000190734863,7.300000190734863,7.300000190734863,7.300000190734863,7.2226152420043945,0
2005-12-27,7.300000190734863,7.300000190734863,7.300000190734863,7.300000190734863,7.2226152420043945,0
2005-12-28,7.300000190734863,7.300000190734863,7.300000190734863,7.300000190734863,7.2226152420043945,0
2005-12-29,6.610000133514404,6.610000133514404,6.610000133514404,6.610000133514404,6.539929389953613,0
2005-12-30,0.8899999856948853,0.8899999856948853,0.8899999856948853,0.8899999856948853,0.8805654048919678,0
2006-01-02,7.300000190734863,7.300000190734863,7.300000190734863,7.300000190734863,7.2226152420043945,0
2006-01-03,7.300000190734863,7.300000190734863,7.300000190734863,7.300000190734863,7.2226152420043945,0
2006-01-05,7.300000190734863,7.300000190734863,7.300000190734863,7.300000190734863,7.2226152420043945,0
2006-01-06,7.300000190734863,7.300000190734863,7.300000190734863,7.300000190734863,7.2226152420043945,0
2006-01-09,7.300000190734863,7.300000190734863,7.300000190734863,7.300000190734863,7.2226152420043945,0
2006-01-10,7.300000190734863,7.300000190734863,7.300000190734863,7.300000190734863,7.2226152420043945,0
2006-01-12,7.300000190734863,7.300000190734863,7.300000190734863,7.300000190734863,7.2226152420043945,0
2006-01-13,7.300000190734863,7.300000190734863,7.300000190734863,7.300000190734863,7.2226152420043945,0
2006-01-16,7.300000190734863,7.300000190734863,7.300000190734863,7.300000190734863,7.2226152420043945,0
2006-01-17,7.300000190734863,7.300000190734863,7.300000190734863,7.300000190734863,7.2226152420043945,0
2006-01-18,7.300000190734863,7.300000190734863,7.300000190734863,7.300000190734863,7.2226152420043945,0
2006-01-19,7.300000190734863,7.300000190734863,7.300000190734863,7.300000190734863,7.2226152420043945,0
2006-01-20,7.300000190734863,7.300000190734863,7.300000190734863,7.300000190734863,7.2226152420043945,0
2006-01-23,7.300000190734863,7.300000190734863,7.300000190734863,7.300000190734863,7.2226152420043945,0
2006-01-24,7.300000190734863,7.300000190734863,7.300000190734863,7.300000190734863,7.2226152420043945,0
2006-01-25,7.300000190734863,7.300000190734863,7.300000190734863,7.300000190734863,7.2226152420043945,0
2006-01-27,9.0,9.0,9.0,9.0,8.904593467712402,0
2006-01-30,7.300000190734863,7.300000190734863,7.300000190734863,7.300000190734863,7.2226152420043945,0
2006-01-31,7.300000190734863,7.300000190734863,7.300000190734863,7.300000190734863,7.2226152420043945,0
2006-02-01,7.300000190734863,7.300000190734863,7.300000190734863,7.300000190734863,7.2226152420043945,0
2006-02-02,7.300000190734863,7.300000190734863,7.300000190734863,7.300000190734863,7.2226152420043945,0
2006-02-03,15.789999961853027,15.789999961853027,15.789999961853027,15.789999961853027,15.622614860534668,0
2006-02-06,7.300000190734863,7.300000190734863,7.300000190734863,7.300000190734863,7.2226152420043945,0
2006-02-07,7.300000190734863,7.300000190734863,7.300000190734863,7.300000190734863,7.2226152420043945,0
2006-02-08,7.300000190734863,7.300000190734863,7.300000190734863,7.300000190734863,7.2226152420043945,0
2006-02-13,7.300000190734863,7.300000190734863,7.300000190734863,7.300000190734863,7.2226152420043945,0
2006-02-14,7.300000190734863,7.300000190734863,7.300000190734863,7.300000190734863,7.2226152420043945,0
2006-02-15,7.300000190734863,7.300000190734863,7.300000190734863,7.300000190734863,7.2226152420043945,0
2006-02-16,7.300000190734863,7.300000190734863,7.300000190734863,7.300000190734863,7.2226152420043945,0
2006-02-17,7.300000190734863,7.300000190734863,7.300000190734863,7.300000190734863,7.2226152420043945,0
2006-02-20,7.300000190734863,7.300000190734863,7.300000190734863,7.300000190734863,7.2226152420043945,0
2006-02-21,7.300000190734863,7.300000190734863,7.300000190734863,7.300000190734863,7.2226152420043945,0
2006-02-22,7.300000190734863,7.300000190734863,7.300000190734863,7.300000190734863,7.2226152420043945,0
2006-02-23,7.300000190734863,7.300000190734863,7.300000190734863,7.300000190734863,7.2226152420043945,0
2006-02-24,7.300000190734863,7.300000190734863,7.300000190734863,7.300000190734863,7.2226152420043945,0
2006-02-27,7.300000190734863,7.300000190734863,7.300000190734863,7.300000190734863,7.2226152420043945,0
2006-02-28,7.300000190734863,7.300000190734863,7.300000190734863,7.300000190734863,7.2226152420043945,0
2006-03-01,7.300000190734863,7.300000190734863,7.300000190734863,7.300000190734863,7.2226152420043945,0
2006-03-02,7.300000190734863,7.300000190734863,7.300000190734863,7.300000190734863,7.2226152420043945,0
2006-03-03,7.300000190734863,7.300000190734863,7.300000190734863,7.300000190734863,7.2226152420043945,0
2006-03-06,7.300000190734863,7.300000190734863,7.300000190734863,7.300000190734863,7.2226152420043945,0
2006-03-08,7.300000190734863,7.300000190734863,7.300000190734863,7.300000190734863,7.2226152420043945,0
2006-03-09,7.300000190734863,7.300000190734863,7.300000190734863,7.300000190734863,7.2226152420043945,0
2006-03-10,7.300000190734863,7.300000190734863,7.300000190734863,7.300000190734863,7.2226152420043945,0
2006-03-13,7.300000190734863,7.300000190734863,7.300000190734863,7.300000190734863,7.2226152420043945,0
2006-03-14,5.78000020980835,5.78000020980835,5.78000020980835,5.78000020980835,5.718728065490723,0
2006-03-16,7.300000190734863,7.300000190734863,7.300000190734863,7.300000190734863,7.2226152420043945,0
2006-03-17,7.300000190734863,7.300000190734863,7.300000190734863,7.300000190734863,7.2226152420043945,0
2006-03-20,7.300000190734863,7.300000190734863,7.300000190734863,7.300000190734863,7.2226152420043945,0
2006-03-21,7.300000190734863,7.300000190734863,7.300000190734863,7.300000190734863,7.2226152420043945,0
2006-03-22,7.300000190734863,7.300000190734863,7.300000190734863,7.300000190734863,7.2226152420043945,0
2006-03-23,7.300000190734863,7.300000190734863,7.300000190734863,7.300000190734863,7.2226152420043945,0
2006-03-24,7.300000190734863,7.300000190734863,7.300000190734863,7.300000190734863,7.2226152420043945,0
2006-03-27,7.300000190734863,7.300000190734863,7.300000190734863,7.300000190734863,7.2226152420043945,0
2006-03-28,9.670000076293945,9.670000076293945,9.670000076293945,9.670000076293945,9.56749153137207,0
2006-03-30,7.300000190734863,7.300000190734863,7.300000190734863,7.300000190734863,7.2226152420043945,0
2006-03-31,7.300000190734863,7.300000190734863,7.300000190734863,7.300000190734863,7.2226152420043945,0
2006-04-03,7.300000190734863,7.300000190734863,7.300000190734863,7.300000190734863,7.2226152420043945,0
2006-04-04,7.300000190734863,7.300000190734863,7.300000190734863,7.300000190734863,7.2226152420043945,0
2006-04-05,7.300000190734863,7.300000190734863,7.300000190734863,7.300000190734863,7.2226152420043945,0
2006-04-07,7.300000190734863,7.300000190734863,7.300000190734863,7.300000190734863,7.2226152420043945,0
2006-04-10,7.300000190734863,7.300000190734863,7.300000190734863,7.300000190734863,7.2226152420043945,0
2006-04-12,7.300000190734863,7.300000190734863,7.300000190734863,7.300000190734863,7.2226152420043945,0
2006-04-13,7.300000190734863,7.300000190734863,7.300000190734863,7.300000190734863,7.2226152420043945,0
2006-04-17,7.300000190734863,7.300000190734863,7.300000190734863,7.300000190734863,7.2226152420043945,0
2006-04-18,7.300000190734863,7.300000190734863,7.300000190734863,7.300000190734863,7.2226152420043945,0
2006-04-19,7.300000190734863,7.300000190734863,7.300000190734863,7.300000190734863,7.2226152420043945,0
2006-04-20,7.300000190734863,7.300000190734863,7.300000190734863,7.300000190734863,7.2226152420043945,0
2006-04-21,7.300000190734863,7.300000190734863,7.300000190734863,7.300000190734863,7.2226152420043945,0
2006-04-24,7.300000190734863,7.300000190734863,7.300000190734863,7.300000190734863,7.2226152420043945,0
2006-04-25,7.300000190734863,7.300000190734863,7.300000190734863,7.300000190734863,7.2226152420043945,0
2006-04-26,7.300000190734863,7.300000190734863,7.300000190734863,7.300000190734863,7.2226152420043945,0
2006-04-27,7.300000190734863,7.300000190734863,7.300000190734863,7.300000190734863,7.2226152420043945,0
2006-04-28,7.300000190734863,7.300000190734863,7.300000190734863,7.300000190734863,7.2226152420043945,0
2006-05-02,7.300000190734863,7.300000190734863,7.300000190734863,7.300000190734863,7.2226152420043945,0
2006-05-03,7.300000190734863,7.300000190734863,7.300000190734863,7.300000190734863,7.2226152420043945,0
2006-05-04,7.300000190734863,7.300000190734863,7.300000190734863,7.300000190734863,7.2226152420043945,0
2006-05-05,7.300000190734863,7.300000190734863,7.300000190734863,7.300000190734863,7.2226152420043945,0
2006-05-08,7.300000190734863,7.300000190734863,7.300000190734863,7.300000190734863,7.2226152420043945,0
2006-05-09,7.300000190734863,7.300000190734863,7.300000190734863,7.300000190734863,7.2226152420043945,0
2006-05-10,7.300000190734863,7.300000190734863,7.300000190734863,7.300000190734863,7.2226152420043945,0
2006-05-11,7.300000190734863,7.300000190734863,7.300000190734863,7.300000190734863,7.2226152420043945,0
2006-05-12,7.300000190734863,7.300000190734863,7.300000190734863,7.300000190734863,7.2226152420043945,0
2006-05-15,7.300000190734863,7.300000190734863,7.300000190734863,7.300000190734863,7.2226152420043945,0
2006-05-16,7.300000190734863,7.300000190734863,7.300000190734863,7.300000190734863,7.2226152420043945,0
2006-05-17,7.300000190734863,7.300000190734863,7.300000190734863,7.300000190734863,7.2226152420043945,0
2006-05-18,7.300000190734863,7.300000190734863,7.300000190734863,7.300000190734863,7.2226152420043945,0
2006-05-19,7.300000190734863,7.300000190734863,7.300000190734863,7.300000190734863,7.2226152420043945,0
2006-05-22,7.300000190734863,7.300000190734863,7.300000190734863,7.300000190734863,7.2226152420043945,0
2006-05-23,7.300000190734863,7.300000190734863,7.300000190734863,7.300000190734863,7.2226152420043945,0
2006-05-24,7.300000190734863,7.300000190734863,7.300000190734863,7.300000190734863,7.2226152420043945,0
2006-05-25,7.300000190734863,7.300000190734863,7.300000190734863,7.300000190734863,7.2226152420043945,0
2006-05-26,7.300000190734863,7.300000190734863,7.300000190734863,7.300000190734863,7.2226152420043945,0
2006-05-29,7.300000190734863,7.300000190734863,7.300000190734863,7.300000190734863,7.2226152420043945,0
2006-05-30,7.300000190734863,7.300000190734863,7.300000190734863,7.300000190734863,7.2226152420043945,0
2006-05-31,7.300000190734863,7.300000190734863,7.300000190734863,7.300000190734863,7.2226152420043945,0
2006-06-01,7.300000190734863,7.300000190734863,7.300000190734863,7.300000190734863,7.2226152420043945,0
2006-06-02,7.300000190734863,7.300000190734863,7.300000190734863,7.300000190734863,7.2226152420043945,0
2006-06-05,7.300000190734863,7.300000190734863,7.300000190734863,7.300000190734863,7.2226152420043945,0
2006-06-06,7.300000190734863,7.300000190734863,7.300000190734863,7.300000190734863,7.2226152420043945,0
2006-06-07,7.300000190734863,7.300000190734863,7.300000190734863,7.300000190734863,7.2226152420043945,0
2006-06-08,7.300000190734863,7.300000190734863,7.300000190734863,7.300000190734863,7.2226152420043945,0
2006-06-09,7.300000190734863,7.300000190734863,7.300000190734863,7.300000190734863,7.2226152420043945,0
2006-06-12,7.300000190734863,7.300000190734863,7.300000190734863,7.300000190734863,7.2226152420043945,0
2006-06-13,7.300000190734863,7.300000190734863,7.300000190734863,7.300000190734863,7.2226152420043945,0
2006-06-14,7.300000190734863,7.300000190734863,7.300000190734863,7.300000190734863,7.2226152420043945,0
2006-06-16,4.889999866485596,4.889999866485596,4.889999866485596,4.889999866485596,4.838162422180176,0
2006-07-25,7.300000190734863,7.300000190734863,7.300000190734863,7.300000190734863,7.2226152420043945,0
2006-07-26,7.300000190734863,7.300000190734863,7.300000190734863,7.300000190734863,7.2226152420043945,0
2006-07-27,7.300000190734863,7.300000190734863,7.300000190734863,7.300000190734863,7.2226152420043945,0
2006-07-28,7.300000190734863,7.300000190734863,7.300000190734863,7.300000190734863,7.2226152420043945,0
2006-07-31,7.300000190734863,7.300000190734863,7.300000190734863,7.300000190734863,7.2226152420043945,0
2006-08-01,7.300000190734863,7.300000190734863,7.300000190734863,7.300000190734863,7.2226152420043945,0
2006-08-02,7.300000190734863,7.300000190734863,7.300000190734863,7.300000190734863,7.2226152420043945,0
2006-08-03,7.300000190734863,7.300000190734863,7.300000190734863,7.300000190734863,7.2226152420043945,0
2006-08-04,7.300000190734863,7.300000190734863,7.300000190734863,7.300000190734863,7.2226152420043945,0
2006-08-07,7.300000190734863,7.300000190734863,7.300000190734863,7.300000190734863,7.2226152420043945,0
2006-08-08,7.300000190734863,7.300000190734863,7.300000190734863,7.300000190734863,7.2226152420043945,0
2006-08-09,7.300000190734863,7.300000190734863,7.300000190734863,7.300000190734863,7.2226152420043945,0
2006-08-10,7.300000190734863,7.300000190734863,7.300000190734863,7.300000190734863,7.2226152420043945,0
2006-08-11,7.300000190734863,7.300000190734863,7.300000190734863,7.300000190734863,7.2226152420043945,0
2006-08-14,7.300000190734863,7.300000190734863,7.300000190734863,7.300000190734863,7.2226152420043945,0
2006-08-16,7.300000190734863,7.300000190734863,7.300000190734863,7.300000190734863,7.2226152420043945,0
2006-08-17,7.300000190734863,7.300000190734863,7.300000190734863,7.300000190734863,7.2226152420043945,0
2006-08-18,7.300000190734863,7.300000190734863,7.300000190734863,7.300000190734863,7.2226152420043945,0
2006-08-21,7.300000190734863,7.300000190734863,7.300000190734863,7.300000190734863,7.2226152420043945,0
2006-08-22,7.300000190734863,7.300000190734863,7.300000190734863,7.300000190734863,7.2226152420043945,0
2006-08-23,7.300000190734863,7.300000190734863,7.300000190734863,7.300000190734863,7.2226152420043945,0
2006-08-24,7.300000190734863,7.300000190734863,7.300000190734863,7.300000190734863,7.2226152420043945,0
2006-08-25,7.300000190734863,7.300000190734863,7.300000190734863,7.300000190734863,7.2226152420043945,0
2006-08-28,7.300000190734863,7.300000190734863,7.300000190734863,7.300000190734863,7.2226152420043945,0
2006-08-29,7.300000190734863,7.300000190734863,7.300000190734863,7.300000190734863,7.2226152420043945,0
2006-08-30,7.300000190734863,7.300000190734863,7.300000190734863,7.300000190734863,7.2226152420043945,0
2006-08-31,7.300000190734863,7.300000190734863,7.300000190734863,7.300000190734863,7.2226152420043945,0
2006-09-01,7.300000190734863,7.300000190734863,7.300000190734863,7.300000190734863,7.2226152420043945,0
2006-09-04,7.300000190734863,7.300000190734863,7.300000190734863,7.300000190734863,7.2226152420043945,0
2006-09-05,7.300000190734863,7.300000190734863,7.300000190734863,7.300000190734863,7.2226152420043945,0
2006-09-06,7.300000190734863,7.300000190734863,7.300000190734863,7.300000190734863,7.2226152420043945,0
2006-09-07,7.300000190734863,7.300000190734863,7.300000190734863,7.300000190734863,7.2226152420043945,0
2006-09-08,7.300000190734863,7.300000190734863,7.300000190734863,7.300000190734863,7.2226152420043945,0
2006-09-11,7.300000190734863,7.300000190734863,7.300000190734863,7.300000190734863,7.2226152420043945,0
2006-09-12,7.300000190734863,7.300000190734863,7.300000190734863,7.300000190734863,7.2226152420043945,0
2006-09-13,7.300000190734863,7.300000190734863,7.300000190734863,7.300000190734863,7.2226152420043945,0
2006-09-14,7.300000190734863,7.300000190734863,7.300000190734863,7.300000190734863,7.2226152420043945,0
2006-09-15,7.300000190734863,7.300000190734863,7.300000190734863,7.300000190734863,7.2226152420043945,0
2006-09-18,6.980000019073486,6.980000019073486,6.980000019073486,6.980000019073486,6.906007289886475,0
2006-09-19,7.300000190734863,7.300000190734863,7.300000190734863,7.300000190734863,7.2226152420043945,0
2006-09-20,7.300000190734863,7.300000190734863,7.300000190734863,7.300000190734863,7.2226152420043945,0
2006-09-21,7.300000190734863,7.300000190734863,7.300000190734863,7.300000190734863,7.2226152420043945,0
2006-09-22,7.300000190734863,7.300000190734863,7.300000190734863,7.300000190734863,7.2226152420043945,0
2006-09-25,7.300000190734863,7.300000190734863,7.300000190734863,7.300000190734863,7.2226152420043945,0
2006-09-26,7.300000190734863,7.300000190734863,7.300000190734863,7.300000190734863,7.2226152420043945,0
2006-09-27,7.300000190734863,7.300000190734863,7.300000190734863,7.300000190734863,7.2226152420043945,0
2006-09-28,7.300000190734863,7.300000190734863,7.300000190734863,7.300000190734863,7.2226152420043945,0
2006-09-29,36.599998474121094,36.599998474121094,36.599998474121094,36.599998474121094,36.212013244628906,0
2006-10-03,7.300000190734863,7.300000190734863,7.300000190734863,7.300000190734863,7.2226152420043945,0
2006-10-04,7.300000190734863,7.300000190734863,7.300000190734863,7.300000190734863,7.2226152420043945,0
2006-10-05,7.300000190734863,7.300000190734863,7.300000190734863,7.300000190734863,7.2226152420043945,0
2006-10-06,7.300000190734863,7.300000190734863,7.300000190734863,7.300000190734863,7.2226152420043945,0
2006-10-09,7.300000190734863,7.300000190734863,7.300000190734863,7.300000190734863,7.2226152420043945,0
2006-10-11,7.300000190734863,7.300000190734863,7.300000190734863,7.300000190734863,7.2226152420043945,0
2006-10-12,7.300000190734863,7.300000190734863,7.300000190734863,7.300000190734863,7.2226152420043945,0
2006-10-13,7.300000190734863,7.300000190734863,7.300000190734863,7.300000190734863,7.2226152420043945,0
2006-10-16,7.300000190734863,7.300000190734863,7.300000190734863,7.300000190734863,7.2226152420043945,0
2006-10-17,7.300000190734863,7.300000190734863,7.300000190734863,7.300000190734863,7.2226152420043945,0
2006-10-18,7.300000190734863,7.300000190734863,7.300000190734863,7.300000190734863,7.2226152420043945,0
2006-10-19,7.300000190734863,7.300000190734863,7.300000190734863,7.300000190734863,7.2226152420043945,0
2006-10-20,7.300000190734863,7.300000190734863,7.300000190734863,7.300000190734863,7.2226152420043945,0
2006-10-23,7.300000190734863,7.300000190734863,7.300000190734863,7.300000190734863,7.2226152420043945,0
2006-10-26,7.300000190734863,7.300000190734863,7.300000190734863,7.300000190734863,7.2226152420043945,0
2006-10-27,7.300000190734863,7.300000190734863,7.300000190734863,7.300000190734863,7.2226152420043945,0
2006-10-30,7.300000190734863,7.300000190734863,7.300000190734863,7.300000190734863,7.2226152420043945,0
2006-10-31,7.300000190734863,7.300000190734863,7.300000190734863,7.300000190734863,7.2226152420043945,0
2006-11-01,7.300000190734863,7.300000190734863,7.300000190734863,7.300000190734863,7.2226152420043945,0
2006-11-02,7.300000190734863,7.300000190734863,7.300000190734863,7.300000190734863,7.2226152420043945,0
2006-11-03,7.300000190734863,7.300000190734863,7.300000190734863,7.300000190734863,7.2226152420043945,0
2006-11-06,7.300000190734863,7.300000190734863,7.300000190734863,7.300000190734863,7.2226152420043945,0
2006-11-07,7.300000190734863,7.300000190734863,7.300000190734863,7.300000190734863,7.2226152420043945,0
2006-11-08,7.300000190734863,7.300000190734863,7.300000190734863,7.300000190734863,7.2226152420043945,0
2006-11-09,7.300000190734863,7.300000190734863,7.300000190734863,7.300000190734863,7.2226152420043945,0
2006-11-10,7.300000190734863,7.300000190734863,7.300000190734863,7.300000190734863,7.2226152420043945,0
2006-11-13,7.300000190734863,7.300000190734863,7.300000190734863,7.300000190734863,7.2226152420043945,0
2006-11-14,7.300000190734863,7.300000190734863,7.300000190734863,7.300000190734863,7.2226152420043945,0
2006-11-15,7.300000190734863,7.300000190734863,7.300000190734863,7.300000190734863,7.2226152420043945,0
2006-11-16,7.300000190734863,7.300000190734863,7.300000190734863,7.300000190734863,7.2226152420043945,0
2006-11-17,7.300000190734863,7.300000190734863,7.300000190734863,7.300000190734863,7.2226152420043945,0
2006-11-20,7.300000190734863,7.300000190734863,7.300000190734863,7.300000190734863,7.2226152420043945,0
2006-11-21,7.300000190734863,7.300000190734863,7.300000190734863,7.300000190734863,7.2226152420043945,0
2006-11-22,7.300000190734863,7.300000190734863,7.300000190734863,7.300000190734863,7.2226152420043945,0
2006-11-23,7.300000190734863,7.300000190734863,7.300000190734863,7.300000190734863,7.2226152420043945,0
2006-11-24,7.300000190734863,7.300000190734863,7.300000190734863,7.300000190734863,7.2226152420043945,0
2006-11-27,7.300000190734863,7.300000190734863,7.300000190734863,7.300000190734863,7.2226152420043945,0
2006-11-28,7.300000190734863,7.300000190734863,7.300000190734863,7.300000190734863,7.2226152420043945,0
2006-11-29,24.0,24.0,24.0,24.0,23.745582580566406,100
2006-11-30,23.049999237060547,23.049999237060547,23.049999237060547,23.049999237060547,22.805652618408203,0
2006-12-01,6.300000190734863,6.300000190734863,6.300000190734863,6.300000190734863,6.233215808868408,0
2006-12-04,7.300000190734863,7.300000190734863,7.300000190734863,7.300000190734863,7.2226152420043945,0
2006-12-05,7.300000190734863,7.300000190734863,7.300000190734863,7.300000190734863,7.2226152420043945,0
2006-12-06,7.300000190734863,7.300000190734863,7.300000190734863,7.300000190734863,7.2226152420043945,0
2006-12-07,1.2000000476837158,1.2000000476837158,1.2000000476837158,1.2000000476837158,1.187279224395752,0
2006-12-08,7.300000190734863,7.300000190734863,7.300000190734863,7.300000190734863,7.2226152420043945,0
2006-12-11,2.5999999046325684,2.5999999046325684,2.5999999046325684,2.5999999046325684,2.5724382400512695,0
2006-12-12,7.300000190734863,7.300000190734863,7.300000190734863,7.300000190734863,7.2226152420043945,0
2006-12-13,7.300000190734863,7.300000190734863,7.300000190734863,7.300000190734863,7.2226152420043945,0
2006-12-14,7.300000190734863,7.300000190734863,7.300000190734863,7.300000190734863,7.2226152420043945,0
2006-12-15,7.300000190734863,7.300000190734863,7.300000190734863,7.300000190734863,7.2226152420043945,0
2006-12-18,7.300000190734863,7.300000190734863,7.300000190734863,7.300000190734863,7.2226152420043945,0
2006-12-19,7.300000190734863,7.300000190734863,7.300000190734863,7.300000190734863,7.2226152420043945,0
2006-12-20,7.300000190734863,7.300000190734863,7.300000190734863,7.300000190734863,7.2226152420043945,0
2006-12-21,7.300000190734863,7.300000190734863,7.300000190734863,7.300000190734863,7.2226152420043945,0
2006-12-22,12.680000305175781,12.680000305175781,12.680000305175781,12.680000305175781,12.545583724975586,0
2006-12-26,7.300000190734863,7.300000190734863,7.300000190734863,7.300000190734863,7.2226152420043945,0
2006-12-27,9.699999809265137,9.699999809265137,9.699999809265137,9.699999809265137,9.597172737121582,0
2006-12-29,7.300000190734863,7.300000190734863,7.300000190734863,7.300000190734863,7.2226152420043945,0
2007-01-02,10.720000267028809,10.720000267028809,10.720000267028809,10.720000267028809,10.60636043548584,0
2007-01-03,7.300000190734863,7.300000190734863,7.300000190734863,7.300000190734863,7.2226152420043945,0
2007-01-04,7.300000190734863,7.300000190734863,7.300000190734863,7.300000190734863,7.2226152420043945,0
2007-01-05,7.300000190734863,7.300000190734863,7.300000190734863,7.300000190734863,7.2226152420043945,0
2007-01-08,7.300000190734863,7.300000190734863,7.300000190734863,7.300000190734863,7.2226152420043945,0
2007-01-09,7.300000190734863,7.300000190734863,7.300000190734863,7.300000190734863,7.2226152420043945,0
2007-01-10,0.550000011920929,0.550000011920929,0.550000011920929,0.550000011920929,0.5441696047782898,0
2007-01-11,7.300000190734863,7.300000190734863,7.300000190734863,7.300000190734863,7.2226152420043945,0
2007-01-12,0.029999999329447746,0.029999999329447746,0.029999999329447746,0.029999999329447746,0.02968197874724865,0
2007-01-15,1.3600000143051147,1.3600000143051147,1.3600000143051147,1.3600000143051147,1.3455830812454224,0
2007-01-16,332.0,332.0,332.0,332.0,328.4805603027344,0
2007-01-17,6.400000095367432,6.400000095367432,6.400000095367432,6.400000095367432,6.332155704498291,0
2007-01-18,25.90999984741211,25.90999984741211,25.90999984741211,25.90999984741211,25.63533592224121,0
2007-01-19,9.229999542236328,9.229999542236328,9.229999542236328,9.229999542236328,9.132155418395996,0
2007-01-22,3.380000114440918,3.380000114440918,3.380000114440918,3.380000114440918,3.344169855117798,0
2007-01-23,315.0,315.0,315.0,315.0,311.6607971191406,0
2007-01-24,0.28999999165534973,0.28999999165534973,0.28999999165534973,0.28999999165534973,0.2869257926940918,0
2007-01-25,7.300000190734863,7.300000190734863,7.300000190734863,7.300000190734863,7.2226152420043945,0
2007-01-29,1.5,1.5,1.5,1.5,1.4840989112854004,0
2007-01-31,4.25,4.25,4.25,4.25,4.204946994781494,0
2007-02-01,0.009999999776482582,0.009999999776482582,0.009999999776482582,0.009999999776482582,0.00989399291574955,0
2007-02-02,0.004000000189989805,0.004000000189989805,0.004000000189989805,0.004000000189989805,0.00395759753882885,0
2007-02-05,7.300000190734863,7.300000190734863,7.300000190734863,7.300000190734863,7.2226152420043945,0
2007-02-06,6.849999904632568,6.849999904632568,6.849999904632568,6.849999904632568,6.777385234832764,0
2007-02-07,7.300000190734863,7.300000190734863,7.300000190734863,7.300000190734863,7.2226152420043945,0
2007-02-08,2.5,2.5,2.5,2.5,2.4734983444213867,0
2007-02-09,2.1500000953674316,2.1500000953674316,2.1500000953674316,2.1500000953674316,2.127208709716797,0
2007-02-12,3.609999895095825,3.609999895095825,3.609999895095825,3.609999895095825,3.5717313289642334,0
2007-02-13,7.300000190734863,7.300000190734863,7.300000190734863,7.300000190734863,7.2226152420043945,0
2007-02-14,39.70000076293945,39.70000076293945,39.70000076293945,39.70000076293945,39.279151916503906,0
2007-02-15,4.800000190734863,4.800000190734863,4.800000190734863,4.800000190734863,4.749116897583008,0
2007-02-19,7.300000190734863,7.300000190734863,7.300000190734863,7.300000190734863,7.2226152420043945,0
2007-02-20,1.9299999475479126,1.9299999475479126,1.9299999475479126,1.9299999475479126,1.9095406532287598,0
2007-02-21,7.300000190734863,7.300000190734863,7.300000190734863,7.300000190734863,7.2226152420043945,0
2007-02-22,0.03099999949336052,0.03099999949336052,0.03099999949336052,0.03099999949336052,0.03067137859761715,0
2007-02-23,0.05299999937415123,0.05299999937415123,0.05299999937415123,0.05299999937415123,0.0524381622672081,0
2007-02-26,0.05999999865889549,0.05999999865889549,0.05999999865889549,0.05999999865889549,0.0593639574944973,0
2007-02-27,7.300000190734863,7.300000190734863,7.300000190734863,7.300000190734863,7.2226152420043945,0
2007-02-28,0.25999999046325684,0.25999999046325684,0.25999999046325684,0.25999999046325684,0.257243812084198,0
2007-03-01,10.289999961853027,10.289999961853027,10.289999961853027,10.289999961853027,10.18091869354248,0
2007-03-02,8.680000305175781,8.680000305175781,8.680000305175781,8.680000305175781,8.58798599243164,0
2007-03-05,0.10999999940395355,0.10999999940395355,0.10999999940395355,0.10999999940395355,0.1088339239358902,0
2007-03-06,38.93000030517578,38.93000030517578,38.93000030517578,38.93000030517578,38.51731491088867,0
2007-03-08,7.300000190734863,7.300000190734863,7.300000190734863,7.300000190734863,7.2226152420043945,0
2007-03-09,7.300000190734863,7.300000190734863,7.300000190734863,7.300000190734863,7.2226152420043945,0
2007-03-12,7.300000190734863,7.300000190734863,7.300000190734863,7.300000190734863,7.2226152420043945,0
2007-03-13,5.820000171661377,5.820000171661377,5.820000171661377,5.820000171661377,5.758304119110107,0
2007-03-14,7.300000190734863,7.300000190734863,7.300000190734863,7.300000190734863,7.2226152420043945,0
2007-03-15,7.300000190734863,7.300000190734863,7.300000190734863,7.300000190734863,7.2226152420043945,0
2007-03-16,0.5299999713897705,0.5299999713897705,0.5299999713897705,0.5299999713897705,0.5243816375732422,0
2007-03-19,43.70000076293945,43.70000076293945,43.70000076293945,43.70000076293945,43.236751556396484,0
2007-03-20,2.609999895095825,2.609999895095825,2.609999895095825,2.609999895095825,2.582332134246826,0
2007-03-21,0.00800000037997961,0.00800000037997961,0.00800000037997961,0.00800000037997961,0.0079151950776577,0
2007-03-22,100.91999816894531,100.91999816894531,100.91999816894531,100.91999816894531,99.85017395019531,0
2007-03-23,60.5,60.5,60.5,60.5,59.85865783691406,0
2007-03-26,19.360000610351562,19.360000610351562,19.360000610351562,19.360000610351562,19.15477180480957,0
2007-03-28,8.0,8.0,8.0,8.0,7.915194511413574,1000
2007-03-29,7.300000190734863,7.300000190734863,7.300000190734863,7.300000190734863,7.2226152420043945,0
2007-03-30,0.6499999761581421,0.6499999761581421,0.6499999761581421,0.6499999761581421,0.6431095600128174,0
2007-04-04,11.470000267028809,11.470000267028809,11.470000267028809,11.470000267028809,11.348410606384277,0
2007-04-05,0.20000000298023224,0.20000000298023224,0.20000000298023224,0.20000000298023224,0.1978798657655716,0
2007-04-09,7.300000190734863,7.300000190734863,7.300000190734863,7.300000190734863,7.2226152420043945,0
2007-04-10,0.05700000002980232,0.05700000002980232,0.05700000002980232,0.05700000002980232,0.0563957616686821,0
2007-04-11,7.300000190734863,7.300000190734863,7.300000190734863,7.300000190734863,7.2226152420043945,0
2007-04-12,7.300000190734863,7.300000190734863,7.300000190734863,7.300000190734863,7.2226152420043945,0
2007-04-13,2.799999952316284,2.799999952316284,2.799999952316284,2.799999952316284,2.770318031311035,0
2007-04-16,0.18000000715255737,0.18000000715255737,0.18000000715255737,0.18000000715255737,0.1780918836593628,0
2007-04-17,7.300000190734863,7.300000190734863,7.300000190734863,7.300000190734863,7.2226152420043945,0
2007-04-18,4.670000076293945,4.670000076293945,4.670000076293945,4.670000076293945,4.620494842529297,0
2007-04-19,11.5,11.5,11.5,11.5,11.378091812133789,0
2007-04-20,0.25,0.25,0.25,0.25,0.2473498284816742,0
2007-04-23,0.6800000071525574,0.6800000071525574,0.6800000071525574,0.6800000071525574,0.6727915406227112,0
2007-04-24,7.300000190734863,7.300000190734863,7.300000190734863,7.300000190734863,7.2226152420043945,0
2007-04-25,0.024000000208616257,0.024000000208616257,0.024000000208616257,0.024000000208616257,0.02374558337032795,0
2007-04-26,18.0,18.0,18.0,18.0,17.809186935424805,0
2007-04-27,0.02500000037252903,0.02500000037252903,0.02500000037252903,0.02500000037252903,0.02473498322069645,0
2007-04-30,10.960000038146973,10.960000038146973,10.960000038146973,10.960000038146973,10.843816757202148,0
2007-05-03,0.003000000026077032,0.003000000026077032,0.003000000026077032,0.003000000026077032,0.0029681979212909937,0
2007-05-04,0.20000000298023224,0.20000000298023224,0.20000000298023224,0.20000000298023224,0.1978798657655716,0
2007-05-08,1.9299999475479126,1.9299999475479126,1.9299999475479126,1.9299999475479126,1.9095406532287598,0
2007-05-09,17.31999969482422,17.31999969482422,17.31999969482422,17.31999969482422,17.136396408081055,0
2007-05-10,0.009999999776482582,0.009999999776482582,0.009999999776482582,0.009999999776482582,0.00989399291574955,0
2007-05-11,0.03799999877810478,0.03799999877810478,0.03799999877810478,0.03799999877810478,0.0375971719622612,0
2007-05-14,0.47999998927116394,0.47999998927116394,0.47999998927116394,0.47999998927116394,0.4749116599559784,0
2007-05-15,0.03200000151991844,0.03200000151991844,0.03200000151991844,0.03200000151991844,0.0316607803106308,0
2007-05-16,4.309999942779541,4.309999942779541,4.309999942779541,4.309999942779541,4.264310836791992,0
2007-05-17,4.539999961853027,4.539999961853027,4.539999961853027,4.539999961853027,4.491872787475586,0
2007-05-18,26.5,26.5,26.5,26.5,26.21908187866211,0
2007-05-21,0.7739999890327454,0.7739999890327454,0.7739999890327454,0.7739999890327454,0.7657950520515442,0
2007-05-22,0.699999988079071,0.699999988079071,0.699999988079071,0.699999988079071,0.6925795078277588,0
2007-05-23,7.300000190734863,7.300000190734863,7.300000190734863,7.300000190734863,7.2226152420043945,0
2007-05-24,6.75,6.75,6.75,6.75,6.678445339202881,0
2007-05-25,0.14000000059604645,0.14000000059604645,0.14000000059604645,0.14000000059604645,0.138515904545784,0
2007-05-28,7.300000190734863,7.300000190734863,7.300000190734863,7.300000190734863,7.2226152420043945,0
2007-05-29,7.300000190734863,7.300000190734863,7.300000190734863,7.300000190734863,7.2226152420043945,0
2007-05-30,1.2300000190734863,1.2300000190734863,1.2300000190734863,1.2300000190734863,1.216961145401001,0
2007-05-31,3.5,3.5,3.5,3.5,3.462897539138794,0
2007-06-01,3.5299999713897705,3.5299999713897705,3.5299999713897705,3.5299999713897705,3.492579460144043,0
2007-06-04,7.300000190734863,7.300000190734863,7.300000190734863,7.300000190734863,7.2226152420043945,0
2007-06-05,36.0,36.0,36.0,36.0,35.61837387084961,0
2007-06-06,0.009999999776482582,0.009999999776482582,0.009999999776482582,0.009999999776482582,0.00989399291574955,135
2007-06-07,20.0,20.0,19.899999618530273,19.899999618530273,19.68904685974121,220854
2007-06-08,40.81999969482422,40.81999969482422,40.81999969482422,40.81999969482422,40.38727951049805,0
2007-06-11,7.300000190734863,7.300000190734863,7.300000190734863,7.300000190734863,7.2226152420043945,0
2007-06-12,1.2000000476837158,1.2000000476837158,1.2000000476837158,1.2000000476837158,1.187279224395752,1500
2007-06-13,17.459999084472656,17.459999084472656,17.459999084472656,17.459999084472656,17.274911880493164,30000
2007-06-14,0.13300000131130219,0.13300000131130219,0.13300000131130219,0.13300000131130219,0.1315901130437851,1000
2007-06-15,0.05000000074505806,0.05000000074505806,0.05000000074505806,0.05000000074505806,0.0494699664413929,7000
2007-06-18,3.9600000381469727,3.9600000381469727,3.9600000381469727,3.9600000381469727,3.9180212020874023,100
2007-06-19,17.450000762939453,17.450000762939453,17.450000762939453,17.450000762939453,17.265018463134766,50001
2007-06-20,3.809999942779541,4.900000095367432,3.809999942779541,4.900000095367432,4.848056793212891,9469
2007-06-21,7.300000190734863,7.300000190734863,7.300000190734863,7.300000190734863,7.2226152420043945,2007
2007-06-22,11.5,11.5,11.5,11.5,11.378091812133789,100
2007-06-25,100000.0,100000.0,100000.0,100000.0,98939.9296875,45154
2007-06-26,18.56999969482422,18.56999969482422,18.56999969482422,18.56999969482422,18.373144149780273,20
2007-06-27,11.5,11.5,11.5,11.5,11.378091812133789,17560
2007-06-28,0.03500000014901161,0.03500000014901161,0.03500000014901161,0.03500000014901161,0.034628976136446,0
2007-06-29,9.220000267028809,9.220000267028809,9.220000267028809,9.220000267028809,9.122262001037598,4667
2007-07-02,0.07000000029802322,0.07000000029802322,0.07000000029802322,0.07000000029802322,0.069257952272892,2500
2007-07-03,0.2840000092983246,0.2840000092983246,0.2840000092983246,0.2840000092983246,0.280989408493042,127999
2007-07-04,0.4000000059604645,0.4000000059604645,0.4000000059604645,0.4000000059604645,0.3957597315311432,0
2007-07-05,209.5,209.5,209.5,209.0,206.78445434570312,4
2007-07-06,15.40999984741211,15.479999542236328,15.40999984741211,15.420000076293945,15.256537437438965,864
2007-07-09,108.0,112.0,108.0,110.0,108.83392333984375,20850
2007-07-10,7.300000190734863,7.300000190734863,7.300000190734863,7.300000190734863,7.2226152420043945,21000
2007-07-11,7.75,7.309999942779541,7.309999942779541,7.309999942779541,7.232509136199951,0
2007-07-12,0.15000000596046448,0.15000000596046448,0.15000000596046448,0.15000000596046448,0.148409903049469,320
2007-07-13,0.20000000298023224,0.20000000298023224,0.20000000298023224,0.20000000298023224,0.1978798657655716,300
2007-07-16,7.300000190734863,7.300000190734863,7.300000190734863,7.300000190734863,7.2226152420043945,4010
2007-07-17,7.300000190734863,7.300000190734863,7.300000190734863,7.300000190734863,7.2226152420043945,1340
2007-07-18,0.4300000071525574,0.4300000071525574,0.4300000071525574,0.4300000071525574,0.425441712141037,162000
2007-07-19,13.25,13.25,13.25,13.25,13.109540939331055,0
2007-07-20,7.300000190734863,7.300000190734863,7.300000190734863,7.300000190734863,7.2226152420043945,0
2007-07-23,0.25,0.25,0.25,0.25,0.2473498284816742,0
2007-07-24,0.3529999852180481,0.3529999852180481,0.3529999852180481,0.3529999852180481,0.3492579460144043,0
2007-07-25,16.25,16.25,16.25,16.25,16.077739715576172,168857
2007-07-26,10.600000381469727,10.600000381469727,10.600000381469727,10.600000381469727,10.487632751464844,545
2007-07-27,19.780000686645508,19.780000686645508,19.780000686645508,19.780000686645508,19.5703182220459,607
2007-07-30,7.300000190734863,7.300000190734863,7.300000190734863,7.300000190734863,7.2226152420043945,0
2007-07-31,7.300000190734863,7.300000190734863,7.300000190734863,7.300000190734863,7.2226152420043945,0
2007-08-01,7.761000156402588,7.761000156402588,7.761000156402588,7.761000156402588,7.678728103637695,4400
2007-08-02,1.4199999570846558,1.4199999570846558,1.4199999570846558,1.4199999570846558,1.40494704246521,0
2007-08-03,7.300000190734863,7.300000190734863,7.300000190734863,7.300000190734863,7.2226152420043945,2000
2007-08-06,7.300000190734863,7.300000190734863,7.300000190734863,7.300000190734863,7.2226152420043945,10000
2007-08-07,7.300000190734863,7.300000190734863,7.300000190734863,7.300000190734863,7.2226152420043945,0
2007-08-08,12.710000038146973,12.75,12.710000038146973,12.75,12.61484146118164,26150
2007-08-09,7.300000190734863,7.300000190734863,7.300000190734863,7.300000190734863,7.2226152420043945,600
2007-08-10,17.200000762939453,17.209999084472656,17.200000762939453,17.209999084472656,17.02756118774414,1670100
2007-08-13,7.300000190734863,7.300000190734863,7.300000190734863,7.300000190734863,7.2226152420043945,300000
2007-08-16,25.219999313354492,28.639999389648438,28.600000381469727,28.17569923400879,27.877017974853516,16000
2007-08-17,25.149999618530273,25.149999618530273,25.149999618530273,25.149999618530273,24.883392333984375,1284
2007-08-20,9.600000381469727,9.600000381469727,9.600000381469727,9.600000381469727,9.498233795166016,20
2007-08-21,14.130000114440918,14.130000114440918,14.130000114440918,14.130000114440918,13.980212211608887,0
2007-08-22,7.300000190734863,7.300000190734863,7.300000190734863,7.300000190734863,7.2226152420043945,0
2007-08-23,7.300000190734863,7.300000190734863,7.300000190734863,7.300000190734863,7.2226152420043945,95000
2007-08-24,7.300000190734863,7.300000190734863,7.300000190734863,7.300000190734863,7.2226152420043945,0
2007-08-27,0.01899999938905239,0.01899999938905239,0.01899999938905239,0.01899999938905239,0.0187985859811306,0
2007-08-28,7.300000190734863,7.300000190734863,7.300000190734863,7.300000190734863,7.2226152420043945,0
2007-08-29,4.150000095367432,4.150000095367432,4.150000095367432,4.150000095367432,4.106007099151611,200
2007-08-30,0.7699999809265137,0.7699999809265137,0.7699999809265137,0.7699999809265137,0.7618374824523926,0
2007-08-31,7.300000190734863,7.300000190734863,7.300000190734863,7.300000190734863,7.2226152420043945,145000
2007-09-03,0.17000000178813934,0.17000000178813934,0.17000000178813934,0.17000000178813934,0.1681978851556778,5000
2007-09-04,0.057999998331069946,0.057999998331069946,0.057999998331069946,0.057999998331069946,0.0573851577937603,150
2007-09-05,0.05999999865889549,0.05999999865889549,0.05999999865889549,0.05999999865889549,0.0593639574944973,0
2007-09-06,13.630000114440918,13.630000114440918,13.630000114440918,13.630000114440918,13.485512733459473,0
2007-09-07,7.300000190734863,7.300000190734863,7.300000190734863,7.300000190734863,7.2226152420043945,0
2007-09-10,7.300000190734863,7.300000190734863,7.300000190734863,7.300000190734863,7.2226152420043945,0
2007-09-11,0.7379999756813049,0.7379999756813049,0.7379999756813049,0.7379999756813049,0.7301766872406006,10000
2007-09-12,7.300000190734863,7.300000190734863,7.300000190734863,7.300000190734863,7.2226152420043945,100000
2007-09-13,12.300000190734863,12.579999923706055,12.050000190734863,12.149999618530273,12.021201133728027,11350
2007-09-14,4.75,4.900000095367432,4.900000095367432,4.75,4.699646949768066,0
2007-09-17,0.0010000000474974513,0.0010000000474974513,0.0010000000474974513,0.0010000000474974513,0.0009893993847072124,0
2007-09-18,0.0010000000474974513,0.0010000000474974513,0.0010000000474974513,0.0020000000949949026,0.001978798769414425,125
2007-09-19,110.5,110.5,110.5,110.5,109.32862091064453,300
2007-09-20,0.7799999713897705,0.8399999737739563,0.7799999713897705,0.8299999833106995,0.8212014436721802,5151540
2007-09-21,0.13300000131130219,0.11999999731779099,0.11999999731779099,0.13300000131130219,0.1315901130437851,1000000
2007-09-24,7.300000190734863,7.300000190734863,7.300000190734863,7.300000190734863,7.2226152420043945,527
2007-09-25,7.300000190734863,7.300000190734863,7.300000190734863,7.300000190734863,7.2226152420043945,0
2007-09-26,72.08090209960938,72.08090209960938,72.08090209960938,72.08090209960938,71.3167953491211,0
2007-09-27,16.729999542236328,16.729999542236328,16.729999542236328,16.729999542236328,16.552650451660156,10000
2007-09-28,115.19999694824219,115.19999694824219,115.19999694824219,115.19999694824219,113.97879791259766,24000
2007-10-01,5.449999809265137,5.449999809265137,5.449999809265137,5.449999809265137,5.392226219177246,215728
2007-10-03,3.109999895095825,3.109999895095825,3.109999895095825,3.109999895095825,3.0770318508148193,100
2007-10-04,17.25,17.25,17.25,17.25,17.067138671875,8
2007-10-05,15.5,15.5,15.5,15.5,15.335689544677734,10937
2007-10-08,1.2000000476837158,1.2000000476837158,1.2000000476837158,1.2000000476837158,1.187279224395752,101
2007-10-09,7.300000190734863,7.300000190734863,7.300000190734863,7.300000190734863,7.2226152420043945,0
2007-10-10,0.2800000011920929,0.2800000011920929,0.2800000011920929,0.2800000011920929,0.277031809091568,12805
2007-10-11,7.300000190734863,7.300000190734863,7.300000190734863,7.300000190734863,7.2226152420043945,0
2007-10-12,7.300000190734863,7.300000190734863,7.300000190734863,7.300000190734863,7.2226152420043945,0
2007-10-15,7.300000190734863,7.300000190734863,7.300000190734863,7.300000190734863,7.2226152420043945,100
2007-10-16,1.4700000286102295,1.4700000286102295,1.4700000286102295,1.4700000286102295,1.4544169902801514,36750
2007-10-17,0.1379999965429306,0.1379999965429306,0.1379999965429306,0.1379999965429306,0.136537104845047,0
2007-10-18,75.5,75.5,75.5,75.5,74.69964599609375,27
2007-10-19,3.140000104904175,3.1700000762939453,3.0199999809265137,3.0299999713897705,2.997879981994629,130
2007-10-22,28.139999389648438,28.139999389648438,28.139999389648438,28.139999389648438,27.84169578552246,4000000
2007-10-23,0.009999999776482582,0.009999999776482582,0.009999999776482582,0.009999999776482582,0.00989399291574955,0
2007-10-24,7.300000190734863,7.300000190734863,7.300000190734863,7.300000190734863,7.2226152420043945,0
2007-10-25,7.300000190734863,7.300000190734863,7.300000190734863,7.300000190734863,7.2226152420043945,2038
2007-10-26,1.7799999713897705,1.7799999713897705,1.7799999713897705,1.7799999713897705,1.7611308097839355,100
2007-10-29,7.300000190734863,7.300000190734863,7.300000190734863,7.300000190734863,7.2226152420043945,310
2007-10-30,28.329999923706055,28.072999954223633,28.072999954223633,28.072999954223633,27.775407791137695,3000
2007-10-31,18.0,18.0,18.0,18.0,17.809186935424805,1000
2007-11-01,166.0,166.0,162.0,162.0,160.28268432617188,40
2007-11-02,7.300000190734863,7.300000190734863,7.300000190734863,7.300000190734863,7.2226152420043945,6380
2007-11-05,54.0,54.0,54.0,54.0,53.42756271362305,16
2007-11-06,14.899999618530273,14.90999984741211,14.899999618530273,14.90999984741211,14.751943588256836,2325
2007-11-07,7.300000190734863,7.300000190734863,7.300000190734863,7.300000190734863,7.2226152420043945,10000
2007-11-08,7.300000190734863,7.300000190734863,7.300000190734863,7.300000190734863,7.2226152420043945,0
2007-11-12,9.03499984741211,8.5,8.5,8.5,8.409893989562988,2000
2007-11-13,46.654998779296875,45.061500549316406,45.061500549316406,45.38959884643555,44.90843963623047,125000
2007-11-14,7.300000190734863,7.300000190734863,7.300000190734863,7.300000190734863,7.2226152420043945,17
2007-11-15,16.65999984741211,16.65999984741211,16.65999984741211,16.65999984741211,16.4833927154541,5000
2007-11-16,6.900000095367432,6.900000095367432,6.900000095367432,6.900000095367432,6.826855182647705,1200
2007-11-19,7.300000190734863,7.300000190734863,7.300000190734863,7.300000190734863,7.2226152420043945,6
2007-11-20,2.609999895095825,2.609999895095825,2.609999895095825,2.609999895095825,2.582332134246826,0
2007-11-21,8.699999809265137,8.699999809265137,8.699999809265137,8.699999809265137,8.607773780822754,0
2007-11-22,37.810001373291016,37.810001373291016,37.810001373291016,37.810001373291016,37.4091911315918,32438
2007-11-23,26.0,26.0,26.0,26.0,25.724382400512695,7000
2007-11-26,7.300000190734863,7.300000190734863,7.300000190734863,7.300000190734863,7.2226152420043945,1150
2007-11-27,7.300000190734863,7.300000190734863,7.300000190734863,7.300000190734863,7.2226152420043945,5000
2007-11-28,52.82500076293945,52.82500076293945,52.82500076293945,52.82500076293945,52.265018463134766,715230
2007-11-29,49.0,49.0,49.0,49.0,48.480567932128906,30000
2007-11-30,1.6299999952316284,1.6299999952316284,1.6299999952316284,1.6299999952316284,1.6127208471298218,330
2007-12-03,3.6500000953674316,3.0,3.0,3.0,2.968197822570801,211891
2007-12-04,9.75,9.75,9.75,9.75,9.64664363861084,0
2007-12-05,41.0,41.0,41.0,41.0,40.565372467041016,100
2007-12-06,7.300000190734863,7.300000190734863,7.300000190734863,7.300000190734863,7.2226152420043945,3000
2007-12-07,2.4100000858306885,2.4100000858306885,2.4100000858306885,2.4100000858306885,2.3844523429870605,0
2007-12-10,211.3000030517578,211.3000030517578,211.3000030517578,211.3000030517578,209.06007385253906,30000
2007-12-11,415.0,415.0,415.0,415.0,410.6007080078125,100
2007-12-12,11.449999809265137,11.5,11.449999809265137,11.449999809265137,11.328621864318848,3956322
2007-12-13,5.400000095367432,5.400000095367432,5.400000095367432,5.400000095367432,5.342756271362305,50
2007-12-14,95.6500015258789,95.6500015258789,95.6500015258789,95.6500015258789,94.63604736328125,2000
2007-12-17,11.699999809265137,11.699999809265137,11.699999809265137,11.699999809265137,11.575971603393555,2000
2007-12-18,34.51300048828125,34.51300048828125,34.51300048828125,34.51300048828125,34.14714050292969,3000
2007-12-19,2.1700000762939453,2.1700000762939453,2.1700000762939453,2.1700000762939453,2.14699649810791,0
2007-12-20,6.406400203704834,6.406400203704834,6.406400203704834,6.406400203704834,6.3384881019592285,4700
2007-12-24,7.300000190734863,7.300000190734863,7.300000190734863,7.300000190734863,7.2226152420043945,0
2007-12-26,7.300000190734863,7.300000190734863,7.300000190734863,7.300000190734863,7.2226152420043945,0
2007-12-27,0.0010000000474974513,0.0010000000474974513,0.0010000000474974513,0.0010000000474974513,0.0009893993847072124,100000
2007-12-28,0.05999999865889549,0.07000000029802322,0.05999999865889549,0.07000000029802322,0.069257952272892,1
2007-12-31,7.300000190734863,7.300000190734863,7.300000190734863,7.300000190734863,7.2226152420043945,0
2008-01-01,7.300000190734863,7.300000190734863,7.300000190734863,7.300000190734863,7.2226152420043945,0
2008-01-02,7.300000190734863,7.300000190734863,7.300000190734863,7.300000190734863,7.2226152420043945,200
2008-01-03,17.25,17.25,17.25,17.25,17.067138671875,1100
2008-01-04,0.05999999865889549,0.05999999865889549,0.05999999865889549,0.05999999865889549,0.0593639574944973,0
2008-01-07,2.7200000286102295,2.7200000286102295,2.7200000286102295,2.7200000286102295,2.6911661624908447,230
2008-01-08,7.300000190734863,7.300000190734863,7.300000190734863,7.300000190734863,7.2226152420043945,69875
2008-01-09,0.014999999664723873,0.014999999664723873,0.014999999664723873,0.014999999664723873,0.014840989373624325,45
2008-01-10,3.1500000953674316,3.1500000953674316,3.1500000953674316,3.1500000953674316,3.116607904434204,5000
2008-01-11,25.0,25.0,25.0,25.0,24.734983444213867,500
2008-01-14,0.6000000238418579,0.5,0.5,0.5,0.4946996569633484,115000
2008-01-15,0.07500000298023224,0.07500000298023224,0.07500000298023224,0.07500000298023224,0.0742049515247345,200
2008-01-16,1.3300000429153442,0.800000011920929,0.800000011920929,1.3300000429153442,1.3159011602401733,1600
2008-01-17,11.640000343322754,11.640000343322754,11.640000343322754,11.640000343322754,11.516608238220215,6000
2008-01-18,9.09000015258789,9.09000015258789,9.09000015258789,9.09000015258789,8.993639945983887,25000
2008-01-21,0.019999999552965164,0.019999999552965164,0.019999999552965164,0.019999999552965164,0.0197879858314991,145534
2008-01-22,0.746999979019165,0.746999979019165,0.746999979019165,0.746999979019165,0.7390812635421753,1000
2008-01-23,22.799999237060547,22.799999237060547,22.799999237060547,22.799999237060547,22.558303833007812,150
2008-01-24,0.003000000026077032,0.0010000000474974513,0.0010000000474974513,0.003000000026077032,0.0029681979212909937,500
2008-01-25,41.29999923706055,41.29999923706055,41.29999923706055,41.29999923706055,40.86219024658203,500
2008-01-28,7.210000038146973,7.210000038146973,7.210000038146973,7.210000038146973,7.133569240570068,600
2008-01-29,4.190000057220459,4.190000057220459,4.190000057220459,4.190000057220459,4.145583152770996,10000
2008-01-30,0.2919999957084656,0.2919999957084656,0.2919999957084656,0.2919999957084656,0.28890460729599,2000
2008-01-31,7.25,7.25,6.570000171661377,6.570000171661377,6.500353813171387,900
2008-02-01,10.949999809265137,11.0,10.949999809265137,10.970000267028809,10.853711128234863,1250
2008-02-04,15.479999542236328,15.479999542236328,15.479999542236328,15.479999542236328,15.315900802612305,2000
2008-02-05,0.08299999684095383,0.08299999684095383,0.08299999684095383,0.08299999684095383,0.0821201428771019,7000
2008-02-06,13.960000038146973,13.960000038146973,13.960000038146973,13.960000038146973,13.81201457977295,2000
2008-02-07,7.300000190734863,7.300000190734863,7.300000190734863,7.300000190734863,7.2226152420043945,30
2008-02-08,0.4259999990463257,0.4259999990463257,0.4259999990463257,0.4259999990463257,0.421484112739563,1061
2008-02-11,100.0,100.0,100.0,100.0,98.93993377685547,10000
2008-02-12,13.899999618530273,13.899999618530273,13.899999618530273,13.899999618530273,13.752650260925293,100
2008-02-13,0.07100000232458115,0.07100000232458115,0.07100000232458115,0.07100000232458115,0.0702473521232605,0
2008-02-14,72.19999694824219,72.19999694824219,72.19999694824219,72.19999694824219,71.43462371826172,75
2008-02-15,7.300000190734863,7.300000190734863,7.300000190734863,7.300000190734863,7.2226152420043945,0
2008-02-18,7.300000190734863,7.300000190734863,7.300000190734863,7.300000190734863,7.2226152420043945,0
2008-02-19,46.099998474121094,46.099998474121094,46.099998474121094,46.099998474121094,45.611305236816406,40
2008-02-20,0.0010000000474974513,0.0010000000474974513,0.0010000000474974513,0.0010000000474974513,0.0009893993847072124,27
2008-02-21,26.0,26.25,24.75,25.5,25.22968292236328,2024
2008-02-22,7.300000190734863,7.300000190734863,7.300000190734863,7.300000190734863,7.2226152420043945,0
2008-02-25,49.630001068115234,49.630001068115234,49.630001068115234,49.630001068115234,49.10388946533203,8800
2008-02-26,0.2240000069141388,0.2240000069141388,0.2240000069141388,0.2240000069141388,0.2216254472732544,2500
2008-02-27,0.019999999552965164,0.019999999552965164,0.019999999552965164,0.019999999552965164,0.0197879858314991,4000
2008-02-28,17.020000457763672,17.020000457763672,17.020000457763672,17.020000457763672,16.839576721191406,200
2008-02-29,6.800000190734863,6.800000190734863,6.800000190734863,6.800000190734863,6.727915287017822,50
2008-03-03,9.829999923706055,9.829999923706055,9.829999923706055,9.829999923706055,9.725794792175293,500
2008-03-04,11.133999824523926,11.133999824523926,11.133999824523926,11.133999824523926,11.015972137451172,10
2008-03-05,2.0,2.0,2.0,2.0,1.9787986278533936,20
2008-03-07,8.260000228881836,8.260000228881836,8.260000228881836,8.260000228881836,8.172438621520996,100
2008-03-10,7.300000190734863,7.300000190734863,7.300000190734863,7.300000190734863,7.2226152420043945,130000
2008-03-11,7.050000190734863,7.050000190734863,7.050000190734863,7.050000190734863,6.9752655029296875,16700
2008-03-12,68.52999877929688,68.52999877929688,68.52999877929688,68.52999877929688,67.80353546142578,500
2008-03-13,11.0,11.0,11.0,11.0,10.883392333984375,10350
2008-03-14,0.19300000369548798,0.19300000369548798,0.1889999955892563,0.1889999955892563,0.1869964599609375,468
2008-03-17,0.029999999329447746,0.029999999329447746,0.029999999329447746,0.029999999329447746,0.02968197874724865,75
2008-03-18,2.0999999046325684,2.0999999046325684,2.0999999046325684,2.0999999046325684,2.0777385234832764,170
2008-03-19,47.400001525878906,47.400001525878906,47.400001525878906,47.400001525878906,46.89752960205078,13096
2008-03-24,7.300000190734863,7.300000190734863,7.300000190734863,7.300000190734863,7.2226152420043945,0
2008-03-25,38.880001068115234,38.880001068115234,38.880001068115234,38.880001068115234,38.46784591674805,1000
2008-03-26,7.940000057220459,7.940000057220459,7.940000057220459,7.940000057220459,7.855830669403076,1000
2008-03-27,99.9000015258789,99.9000015258789,99.9000015258789,99.9000015258789,98.84099578857422,340
2008-03-28,2.130000114440918,2.130000114440918,2.130000114440918,2.130000114440918,2.1074206829071045,33705
2008-03-31,119.5999984741211,119.5999984741211,119.5999984741211,119.5999984741211,118.3321533203125,2200
2008-04-01,0.25200000405311584,0.25200000405311584,0.25200000405311584,0.25200000405311584,0.2493286281824112,1000
2008-04-02,7.079999923706055,7.079999923706055,7.079999923706055,7.079999923706055,7.004947185516357,3700
2008-04-03,0.01600000075995922,0.01600000075995922,0.01600000075995922,0.01600000075995922,0.0158303901553154,55000
2008-04-04,12.050000190734863,12.050000190734863,12.050000190734863,12.050000190734863,11.922262191772461,5400
2008-04-07,0.20000000298023224,0.14000000059604645,0.14000000059604645,0.20000000298023224,0.1978798657655716,0
2008-04-08,153.5,155.5,153.5,154.0,152.36749267578125,2
2008-04-09,55.0,55.0,55.0,55.0,54.416961669921875,0
2008-04-10,170.0,170.0,170.0,170.0,168.1978759765625,791
2008-04-11,1.690000057220459,1.690000057220459,1.690000057220459,1.690000057220459,1.672084927558899,15837
2008-04-15,7.300000190734863,7.300000190734863,7.300000190734863,7.300000190734863,7.2226152420043945,420
2008-04-16,0.039000000804662704,0.039000000804662704,0.039000000804662704,0.039000000804662704,0.03858657553792,10
2008-04-17,0.0010000000474974513,0.0010000000474974513,0.0010000000474974513,0.0010000000474974513,0.0009893993847072124,10
2008-04-21,60.099998474121094,60.099998474121094,60.099998474121094,60.099998474121094,59.46289825439453,2000
2008-04-22,25.0,25.0,25.0,25.0,24.734983444213867,800
2008-04-23,100.0,100.0,100.0,100.0,98.93993377685547,100
2008-04-24,2386.0,2386.0,2386.0,2386.0,2360.706787109375,5
2008-04-25,6.0,6.0,6.0,6.0,5.936395645141602,2500
2008-04-28,10.910699844360352,10.910699844360352,10.910699844360352,10.910699844360352,10.795039176940918,500
2008-04-29,17.0,17.0,17.0,17.0,16.819787979125977,3482
2008-04-30,7.139999866485596,7.139999866485596,7.139999866485596,7.139999866485596,7.0643110275268555,50
2008-05-02,262.3500061035156,262.3500061035156,262.3500061035156,262.3500061035156,259.56890869140625,50
2008-05-05,15.59000015258789,15.59000015258789,15.59000015258789,15.59000015258789,15.424735069274902,100
2008-05-06,122.1500015258789,122.1500015258789,122.1500015258789,122.1500015258789,120.8551254272461,307
2008-05-07,9.850000381469727,9.850000381469727,9.850000381469727,9.850000381469727,9.745583534240723,200
2008-05-08,5.510000228881836,5.510000228881836,5.510000228881836,5.510000228881836,5.451590538024902,50
2008-05-09,23.549999237060547,23.549999237060547,23.549999237060547,23.549999237060547,23.30035400390625,1329
2008-05-12,18.399999618530273,18.600000381469727,17.399999618530273,18.600000381469727,18.402828216552734,800
2008-05-13,6.699999809265137,6.699999809265137,6.699999809265137,6.699999809265137,6.6289753913879395,200
2008-05-14,5.116000175476074,5.297999858856201,5.297999858856201,5.116000175476074,5.061767101287842,318000
2008-05-15,92.0,92.0,92.0,92.0,91.02473449707031,50
2008-05-16,12.100000381469727,12.100000381469727,12.100000381469727,12.100000381469727,11.971732139587402,28120
2008-05-20,117.30000305175781,117.30000305175781,117.30000305175781,117.30000305175781,116.0565414428711,11200
2008-05-21,20.600000381469727,20.600000381469727,20.600000381469727,20.600000381469727,20.38162612915039,18
2008-05-22,9.699999809265137,9.699999809265137,9.699999809265137,9.699999809265137,9.597172737121582,200
2008-05-23,2064.0,2064.0,2064.0,2064.0,2042.1202392578125,146
2008-05-27,59.849998474121094,60.099998474121094,59.849998474121094,60.0,59.36396026611328,2001
2008-05-28,0.0010000000474974513,0.0010000000474974513,0.0010000000474974513,0.0010000000474974513,0.0009893993847072124,10000
2008-05-29,15.0,15.0,15.0,15.0,14.84099006652832,400
2008-05-30,1.0199999809265137,1.0199999809265137,1.0099999904632568,1.0099999904632568,0.999293327331543,10
2008-06-02,0.3100000023841858,0.3100000023841858,0.3100000023841858,0.3100000023841858,0.3067137897014618,97
2008-06-03,65.0,65.0,65.0,65.0,64.31095886230469,3301
2008-06-04,4.980000019073486,4.989999771118164,4.980000019073486,4.980000019073486,4.927208423614502,700
2008-06-05,14.449999809265137,14.449999809265137,14.449999809265137,14.449999809265137,14.296819686889648,23
2008-06-06,199.64999389648438,199.64999389648438,199.64999389648438,199.64999389648438,197.5335693359375,52605
2008-06-09,157.0,157.0,157.0,157.0,155.335693359375,100
2008-06-10,53.26499938964844,53.26499938964844,53.26499938964844,53.26499938964844,52.700355529785156,6020
2008-06-11,6.010000228881836,6.010000228881836,6.010000228881836,6.010000228881836,5.946290016174316,160
2008-06-12,11.34000015258789,11.34000015258789,11.34000015258789,11.34000015258789,11.219788551330566,7500
2008-06-13,90.0,90.0,90.0,90.0,89.04593658447266,122
2008-06-16,5.099999904632568,5.099999904632568,5.099999904632568,5.099999904632568,5.045936584472656,23
2008-06-17,3.009999990463257,3.009999990463257,3.009999990463257,3.009999990463257,2.9780919551849365,31810
2008-06-18,52.5,52.5,52.5,52.5,51.94346237182617,200
2008-06-19,21.950000762939453,22.549999237060547,21.950000762939453,21.950000762939453,21.717315673828125,100
2008-06-20,150.0,150.0,150.0,150.0,148.40989685058594,1900
2008-06-23,39.0,39.0,39.0,39.0,38.58657455444336,1000
2008-06-24,1450.0,1450.0,1490.0,1450.0,1434.6290283203125,2000
2008-06-25,4.5,4.5,4.5,4.5,4.452296733856201,25000
2008-06-26,12.0,12.0,12.0,12.0,11.872791290283203,100
2008-06-27,62.70000076293945,62.70000076293945,62.70000076293945,62.70000076293945,62.03533935546875,303
2008-06-30,1311.0,1311.0,1311.0,1311.0,1297.1025390625,5
2008-07-01,12.5,12.5,12.5,12.5,12.367491722106934,5000
2008-07-02,26.600000381469727,26.600000381469727,26.600000381469727,26.600000381469727,26.318021774291992,18306
2008-07-03,23.0,23.0,23.0,23.0,22.756183624267578,100
2008-07-04,6.869999885559082,6.869999885559082,6.869999885559082,6.869999885559082,6.797173023223877,400
2008-07-07,4.900000095367432,4.900000095367432,4.900000095367432,4.900000095367432,4.848056793212891,20633
2011-09-09,50.0,50.0,50.0,50.0,49.469966888427734,100
2011-09-14,47.54999923706055,47.54999923706055,47.54999923706055,47.54999923706055,47.045936584472656,200
2011-11-17,47.54999923706055,47.54999923706055,47.54999923706055,47.54999923706055,47.045936584472656,0
2011-11-18,47.54999923706055,47.54999923706055,47.54999923706055,47.54999923706055,47.045936584472656,0
2011-11-21,47.54999923706055,47.54999923706055,47.54999923706055,47.54999923706055,47.045936584472656,0
2011-11-22,47.54999923706055,47.54999923706055,47.54999923706055,47.54999923706055,47.045936584472656,0
2011-11-23,47.54999923706055,47.54999923706055,47.54999923706055,47.54999923706055,47.045936584472656,0
2011-11-24,47.54999923706055,47.54999923706055,47.54999923706055,47.54999923706055,47.045936584472656,0
2011-11-25,47.54999923706055,47.54999923706055,47.54999923706055,47.54999923706055,47.045936584472656,0
2011-11-28,47.54999923706055,47.54999923706055,47.54999923706055,47.54999923706055,47.045936584472656,0
2011-11-29,47.54999923706055,47.54999923706055,47.54999923706055,47.54999923706055,47.045936584472656,0
2011-11-30,47.54999923706055,47.54999923706055,47.54999923706055,47.54999923706055,47.045936584472656,0
2011-12-01,47.54999923706055,47.54999923706055,47.54999923706055,47.54999923706055,47.045936584472656,0
2011-12-02,47.54999923706055,47.54999923706055,47.54999923706055,47.54999923706055,47.045936584472656,0
2011-12-05,47.54999923706055,47.54999923706055,47.54999923706055,47.54999923706055,47.045936584472656,0
2011-12-07,47.54999923706055,47.54999923706055,47.54999923706055,47.54999923706055,47.045936584472656,0
2011-12-08,47.54999923706055,47.54999923706055,47.54999923706055,47.54999923706055,47.045936584472656,0
2011-12-09,47.54999923706055,47.54999923706055,47.54999923706055,47.54999923706055,47.045936584472656,0
2011-12-12,47.54999923706055,47.54999923706055,47.54999923706055,47.54999923706055,47.045936584472656,0
2011-12-13,47.54999923706055,47.54999923706055,47.54999923706055,47.54999923706055,47.045936584472656,0
2011-12-14,47.54999923706055,47.54999923706055,47.54999923706055,47.54999923706055,47.045936584472656,0
2011-12-15,47.54999923706055,47.54999923706055,47.54999923706055,47.54999923706055,47.045936584472656,0
2011-12-16,47.54999923706055,47.54999923706055,47.54999923706055,47.54999923706055,47.045936584472656,0
2011-12-19,47.54999923706055,47.54999923706055,47.54999923706055,47.54999923706055,47.045936584472656,0
2011-12-20,47.54999923706055,47.54999923706055,47.54999923706055,47.54999923706055,47.045936584472656,0
2011-12-21,47.54999923706055,47.54999923706055,47.54999923706055,47.54999923706055,47.045936584472656,0
2011-12-22,47.54999923706055,47.54999923706055,47.54999923706055,47.54999923706055,47.045936584472656,0
2011-12-23,47.54999923706055,47.54999923706055,47.54999923706055,47.54999923706055,47.045936584472656,0
2011-12-26,47.54999923706055,47.54999923706055,47.54999923706055,47.54999923706055,47.045936584472656,0
2011-12-27,47.54999923706055,47.54999923706055,47.54999923706055,47.54999923706055,47.045936584472656,0
2011-12-28,47.54999923706055,47.54999923706055,47.54999923706055,47.54999923706055,47.045936584472656,0
2011-12-29,47.54999923706055,47.54999923706055,47.54999923706055,47.54999923706055,47.045936584472656,0
2011-12-30,47.54999923706055,47.54999923706055,47.54999923706055,47.54999923706055,47.045936584472656,0
2012-01-02,47.54999923706055,47.54999923706055,47.54999923706055,47.54999923706055,47.045936584472656,0
2012-01-03,47.54999923706055,47.54999923706055,47.54999923706055,47.54999923706055,47.045936584472656,0
2012-01-04,47.54999923706055,47.54999923706055,47.54999923706055,47.54999923706055,47.045936584472656,0
2012-01-05,47.54999923706055,47.54999923706055,47.54999923706055,47.54999923706055,47.045936584472656,0
2012-01-06,47.54999923706055,47.54999923706055,47.54999923706055,47.54999923706055,47.045936584472656,0
2012-01-09,47.54999923706055,47.54999923706055,47.54999923706055,47.54999923706055,47.045936584472656,0
2012-01-10,47.54999923706055,47.54999923706055,47.54999923706055,47.54999923706055,47.045936584472656,0
2012-01-11,47.54999923706055,47.54999923706055,47.54999923706055,47.54999923706055,47.045936584472656,0
2012-01-12,47.54999923706055,47.54999923706055,47.54999923706055,47.54999923706055,47.045936584472656,0
2012-01-13,47.54999923706055,47.54999923706055,47.54999923706055,47.54999923706055,47.045936584472656,0
2012-01-16,47.54999923706055,47.54999923706055,47.54999923706055,47.54999923706055,47.045936584472656,0
2012-01-17,47.54999923706055,47.54999923706055,47.54999923706055,47.54999923706055,47.045936584472656,0
2012-01-18,47.54999923706055,47.54999923706055,47.54999923706055,47.54999923706055,47.045936584472656,0
2012-01-19,47.54999923706055,47.54999923706055,47.54999923706055,47.54999923706055,47.045936584472656,0
2012-01-20,47.54999923706055,47.54999923706055,47.54999923706055,47.54999923706055,47.045936584472656,0
2012-01-23,47.54999923706055,47.54999923706055,47.54999923706055,47.54999923706055,47.045936584472656,0
2012-01-25,47.54999923706055,47.54999923706055,47.54999923706055,47.54999923706055,47.045936584472656,0
2012-01-27,47.54999923706055,47.54999923706055,47.54999923706055,47.54999923706055,47.045936584472656,0
2012-01-30,47.54999923706055,47.54999923706055,47.54999923706055,47.54999923706055,47.045936584472656,0
2012-01-31,47.54999923706055,47.54999923706055,47.54999923706055,47.54999923706055,47.045936584472656,0
2012-02-01,47.54999923706055,47.54999923706055,47.54999923706055,47.54999923706055,47.045936584472656,0
2012-02-02,47.54999923706055,47.54999923706055,47.54999923706055,47.54999923706055,47.045936584472656,0
2012-02-03,47.54999923706055,47.54999923706055,47.54999923706055,47.54999923706055,47.045936584472656,0
2012-02-06,47.54999923706055,47.54999923706055,47.54999923706055,47.54999923706055,47.045936584472656,0
2012-02-07,47.54999923706055,47.54999923706055,47.54999923706055,47.54999923706055,47.045936584472656,0
2012-02-08,47.54999923706055,47.54999923706055,47.54999923706055,47.54999923706055,47.045936584472656,0
2012-02-09,47.54999923706055,47.54999923706055,47.54999923706055,47.54999923706055,47.045936584472656,0
2012-02-10,47.54999923706055,47.54999923706055,47.54999923706055,47.54999923706055,47.045936584472656,0
2012-02-13,47.54999923706055,47.54999923706055,47.54999923706055,47.54999923706055,47.045936584472656,0
2012-02-14,47.54999923706055,47.54999923706055,47.54999923706055,47.54999923706055,47.045936584472656,0
2012-02-15,47.54999923706055,47.54999923706055,47.54999923706055,47.54999923706055,47.045936584472656,0
2012-02-16,47.54999923706055,47.54999923706055,47.54999923706055,47.54999923706055,47.045936584472656,0
2012-02-17,47.54999923706055,47.54999923706055,47.54999923706055,47.54999923706055,47.045936584472656,0
2012-02-21,47.54999923706055,47.54999923706055,47.54999923706055,47.54999923706055,47.045936584472656,0
2012-02-22,47.54999923706055,47.54999923706055,47.54999923706055,47.54999923706055,47.045936584472656,0
2012-02-23,47.54999923706055,47.54999923706055,47.54999923706055,47.54999923706055,47.045936584472656,0
2012-02-24,47.54999923706055,47.54999923706055,47.54999923706055,47.54999923706055,47.045936584472656,0
2012-02-27,47.54999923706055,47.54999923706055,47.54999923706055,47.54999923706055,47.045936584472656,0
2012-02-28,47.54999923706055,47.54999923706055,47.54999923706055,47.54999923706055,47.045936584472656,0
2012-02-29,47.54999923706055,47.54999923706055,47.54999923706055,47.54999923706055,47.045936584472656,0
2012-03-01,47.54999923706055,47.54999923706055,47.54999923706055,47.54999923706055,47.045936584472656,0
2012-03-02,47.54999923706055,47.54999923706055,47.54999923706055,47.54999923706055,47.045936584472656,0
2012-03-05,47.54999923706055,47.54999923706055,47.54999923706055,47.54999923706055,47.045936584472656,0
2012-03-06,47.54999923706055,47.54999923706055,47.54999923706055,47.54999923706055,47.045936584472656,0
2012-03-07,47.54999923706055,47.54999923706055,47.54999923706055,47.54999923706055,47.045936584472656,0
2012-03-09,47.54999923706055,47.54999923706055,47.54999923706055,47.54999923706055,47.045936584472656,0
2012-03-12,47.54999923706055,47.54999923706055,47.54999923706055,47.54999923706055,47.045936584472656,0
2012-03-13,47.54999923706055,47.54999923706055,47.54999923706055,47.54999923706055,47.045936584472656,0
2012-03-14,47.54999923706055,47.54999923706055,47.54999923706055,47.54999923706055,47.045936584472656,0
2012-03-15,47.54999923706055,47.54999923706055,47.54999923706055,47.54999923706055,47.045936584472656,0
2012-03-16,47.54999923706055,47.54999923706055,47.54999923706055,47.54999923706055,47.045936584472656,0
2012-03-19,47.54999923706055,47.54999923706055,47.54999923706055,47.54999923706055,47.045936584472656,0
2012-03-20,47.54999923706055,47.54999923706055,47.54999923706055,47.54999923706055,47.045936584472656,0
2012-03-21,47.54999923706055,47.54999923706055,47.54999923706055,47.54999923706055,47.045936584472656,0
2012-03-22,45.20000076293945,49.0,45.20000076293945,48.849998474121094,48.3321533203125,20700
2012-03-23,46.45000076293945,51.0,46.45000076293945,51.0,50.45936584472656,24700
2012-03-26,52.95000076293945,52.95000076293945,52.95000076293945,52.95000076293945,52.388694763183594,39500
2012-03-27,50.349998474121094,50.349998474121094,50.349998474121094,50.349998474121094,49.816253662109375,1500
2012-03-28,47.849998474121094,47.849998474121094,47.849998474121094,47.849998474121094,47.34275436401367,59600
2012-03-29,47.849998474121094,47.849998474121094,47.849998474121094,47.849998474121094,47.34275436401367,0
2012-03-30,47.849998474121094,47.849998474121094,47.849998474121094,47.849998474121094,47.34275436401367,0
2012-04-02,47.849998474121094,47.849998474121094,47.849998474121094,47.849998474121094,47.34275436401367,0
2012-04-03,47.849998474121094,47.849998474121094,47.849998474121094,47.849998474121094,47.34275436401367,0
2012-04-04,47.849998474121094,47.849998474121094,47.849998474121094,47.849998474121094,47.34275436401367,0
2012-04-09,47.849998474121094,47.849998474121094,47.849998474121094,47.849998474121094,47.34275436401367,0
2012-04-10,47.849998474121094,47.849998474121094,47.849998474121094,47.849998474121094,47.34275436401367,0
2012-04-11,47.849998474121094,47.849998474121094,47.849998474121094,47.849998474121094,47.34275436401367,0
2012-04-12,47.849998474121094,47.849998474121094,47.849998474121094,47.849998474121094,47.34275436401367,0
2012-04-13,47.849998474121094,47.849998474121094,47.849998474121094,47.849998474121094,47.34275436401367,0
2012-04-16,47.849998474121094,47.849998474121094,47.849998474121094,47.849998474121094,47.34275436401367,0
2012-04-17,47.849998474121094,47.849998474121094,47.849998474121094,47.849998474121094,47.34275436401367,0
2012-04-18,47.849998474121094,47.849998474121094,47.849998474121094,47.849998474121094,47.34275436401367,0
2012-04-19,47.849998474121094,47.849998474121094,47.849998474121094,47.849998474121094,47.34275436401367,0
2012-04-20,48.0,48.0,48.0,48.0,47.49116516113281,100
2012-04-23,45.95000076293945,45.95000076293945,45.95000076293945,45.95000076293945,45.46289825439453,100
2012-04-24,43.70000076293945,43.70000076293945,43.70000076293945,43.70000076293945,43.236751556396484,100
2012-04-25,41.70000076293945,41.70000076293945,41.70000076293945,41.70000076293945,41.25795364379883,100
2012-04-26,39.650001525878906,39.650001525878906,39.650001525878906,39.650001525878906,39.22968292236328,100
2012-04-27,37.75,37.75,37.75,37.75,37.349822998046875,100
2012-04-30,34.5,34.5,34.5,34.5,34.13427734375,100
2012-05-02,32.79999923706055,32.79999923706055,32.79999923706055,32.79999923706055,32.45229721069336,100
2012-05-03,31.200000762939453,31.200000762939453,31.200000762939453,31.200000762939453,30.869258880615234,100
2012-05-04,29.700000762939453,29.700000762939453,29.700000762939453,29.700000762939453,29.385160446166992,200
2012-05-07,28.25,28.25,28.25,28.25,27.950531005859375,100
2012-05-08,26.899999618530273,26.899999618530273,26.899999618530273,26.899999618530273,26.61484146118164,100
2012-05-09,25.600000381469727,25.600000381469727,25.600000381469727,25.600000381469727,25.328622817993164,100
2012-05-10,24.350000381469727,24.350000381469727,24.350000381469727,24.350000381469727,24.091873168945312,100
2012-05-11,23.25,23.25,23.25,23.25,23.0035343170166,100
2012-05-14,22.799999237060547,22.799999237060547,22.799999237060547,22.799999237060547,22.558303833007812,100
2012-05-15,22.350000381469727,22.350000381469727,22.350000381469727,22.350000381469727,22.113075256347656,100
2012-05-16,21.950000762939453,21.950000762939453,21.950000762939453,21.950000762939453,21.717315673828125,100
2012-05-17,21.549999237060547,21.549999237060547,21.549999237060547,21.549999237060547,21.32155418395996,300
2012-05-18,21.549999237060547,21.549999237060547,21.549999237060547,21.549999237060547,21.32155418395996,0
2012-05-21,21.149999618530273,21.149999618530273,21.149999618530273,21.149999618530273,20.92579460144043,100
2012-05-22,20.75,21.149999618530273,20.75,20.75,20.5300350189209,300
2012-05-23,20.399999618530273,20.399999618530273,20.399999618530273,20.399999618530273,20.183746337890625,100
2012-05-24,20.0,20.0,20.0,20.0,19.787986755371094,200
2012-05-25,20.0,20.0,20.0,20.0,19.787986755371094,0
2012-05-28,19.649999618530273,19.649999618530273,19.649999618530273,19.649999618530273,19.441696166992188,100
2012-05-29,19.299999237060547,19.299999237060547,19.299999237060547,19.299999237060547,19.09540557861328,100
2012-05-30,19.299999237060547,19.299999237060547,19.299999237060547,19.299999237060547,19.09540557861328,0
2012-05-31,18.950000762939453,18.950000762939453,18.950000762939453,18.950000762939453,18.749116897583008,100
2012-06-01,18.600000381469727,18.600000381469727,18.600000381469727,18.600000381469727,18.402828216552734,100
2012-06-04,18.600000381469727,18.600000381469727,18.600000381469727,18.600000381469727,18.402828216552734,0
2012-06-05,18.25,18.25,18.25,18.25,18.056537628173828,100
2012-06-06,17.899999618530273,17.899999618530273,17.899999618530273,17.899999618530273,17.710247039794922,200
2012-06-07,17.899999618530273,17.899999618530273,17.899999618530273,17.899999618530273,17.710247039794922,0
2012-06-08,18.25,18.25,17.549999237060547,17.549999237060547,17.363956451416016,300
2012-06-11,17.200000762939453,17.200000762939453,17.200000762939453,17.200000762939453,17.017669677734375,100
2012-06-12,17.200000762939453,17.200000762939453,17.200000762939453,17.200000762939453,17.017669677734375,0
2012-06-13,16.899999618530273,16.899999618530273,16.899999618530273,16.899999618530273,16.720848083496094,100
2012-06-14,16.899999618530273,16.899999618530273,16.899999618530273,16.899999618530273,16.720848083496094,0
2012-06-15,16.600000381469727,16.600000381469727,16.600000381469727,16.600000381469727,16.424028396606445,100
2012-06-18,16.299999237060547,16.299999237060547,16.299999237060547,16.299999237060547,16.127208709716797,100
2012-06-19,16.0,16.0,16.0,16.0,15.830389022827148,100
2012-06-20,16.0,16.0,16.0,16.0,15.830389022827148,0
2012-06-21,15.699999809265137,15.699999809265137,15.699999809265137,15.699999809265137,15.5335693359375,100
2012-06-22,15.699999809265137,15.699999809265137,15.699999809265137,15.699999809265137,15.5335693359375,0
2012-06-25,15.699999809265137,15.699999809265137,15.699999809265137,15.699999809265137,15.5335693359375,0
2012-06-26,15.399999618530273,15.399999618530273,15.399999618530273,15.399999618530273,15.236748695373535,501
2012-06-27,15.399999618530273,15.399999618530273,15.399999618530273,15.399999618530273,15.236748695373535,0
2012-06-28,15.100000381469727,15.100000381469727,15.100000381469727,15.100000381469727,14.939929962158203,1
2012-06-29,14.800000190734863,14.800000190734863,14.800000190734863,14.800000190734863,14.643110275268555,50
2012-07-02,14.510000228881836,14.510000228881836,14.510000228881836,14.510000228881836,14.356184005737305,500
2012-07-03,14.220000267028809,14.220000267028809,14.220000267028809,14.220000267028809,14.069258689880371,500
2012-07-04,13.9399995803833,13.9399995803833,13.9399995803833,13.9399995803833,13.79222583770752,1000
2012-07-05,13.699999809265137,13.699999809265137,13.699999809265137,13.699999809265137,13.554770469665527,5000
2012-07-06,13.699999809265137,13.699999809265137,13.699999809265137,13.699999809265137,13.554770469665527,0
2012-07-09,13.050000190734863,13.050000190734863,13.050000190734863,13.050000190734863,12.911661148071289,5200
2012-07-10,12.399999618530273,12.399999618530273,12.399999618530273,12.399999618530273,12.268550872802734,5000
2012-07-11,12.399999618530273,12.399999618530273,12.399999618530273,12.399999618530273,12.268550872802734,0
2012-07-12,12.399999618530273,12.399999618530273,12.399999618530273,12.399999618530273,12.268550872802734,0
2012-07-13,12.399999618530273,12.399999618530273,12.399999618530273,12.399999618530273,12.268550872802734,0
2012-07-16,13.020000457763672,13.020000457763672,11.800000190734863,11.800000190734863,11.674912452697754,2800
2012-07-17,11.800000190734863,11.800000190734863,11.800000190734863,11.800000190734863,11.674912452697754,0
2012-07-18,11.800000190734863,11.800000190734863,11.800000190734863,11.800000190734863,11.674912452697754,0
2012-07-19,11.800000190734863,11.800000190734863,11.800000190734863,11.800000190734863,11.674912452697754,0
2012-07-20,11.800000190734863,11.800000190734863,11.800000190734863,11.800000190734863,11.674912452697754,0
2012-07-23,12.390000343322754,12.390000343322754,12.390000343322754,12.390000343322754,12.258657455444336,2000
2012-07-24,13.0,13.0,11.800000190734863,13.0,12.862191200256348,5300
2012-07-25,13.649999618530273,13.649999618530273,13.649999618530273,13.649999618530273,13.505300521850586,1
2012-07-26,14.329999923706055,14.329999923706055,14.329999923706055,14.329999923706055,14.178092002868652,1
2012-07-27,14.329999923706055,14.329999923706055,14.329999923706055,14.329999923706055,14.178092002868652,0
2012-07-30,15.039999961853027,15.039999961853027,15.039999961853027,15.039999961853027,14.880565643310547,24649
2012-07-31,15.789999961853027,15.789999961853027,15.789999961853027,15.789999961853027,15.622614860534668,62500
2012-08-01,16.549999237060547,16.549999237060547,16.549999237060547,16.549999237060547,16.374557495117188,33199
2012-08-02,17.350000381469727,17.350000381469727,17.350000381469727,17.350000381469727,17.166078567504883,5
2012-08-03,18.200000762939453,18.200000762939453,18.200000762939453,18.200000762939453,18.007068634033203,1
2012-08-06,19.100000381469727,19.100000381469727,19.100000381469727,19.100000381469727,18.89752769470215,600
2012-08-07,20.049999237060547,20.049999237060547,20.049999237060547,20.049999237060547,19.83745574951172,5
2012-08-08,21.049999237060547,21.049999237060547,21.049999237060547,21.049999237060547,20.826854705810547,150
2012-08-09,22.100000381469727,22.100000381469727,22.100000381469727,22.100000381469727,21.865724563598633,45
2012-08-10,23.200000762939453,23.200000762939453,23.200000762939453,23.200000762939453,22.954065322875977,231
2012-08-13,24.350000381469727,24.350000381469727,24.350000381469727,24.350000381469727,24.091873168945312,625
2012-08-14,24.799999237060547,24.799999237060547,24.5,24.799999237060547,24.53710174560547,800
2012-08-16,25.25,25.25,25.0,25.200000762939453,24.932863235473633,475
2012-08-17,25.700000762939453,25.700000762939453,25.700000762939453,25.700000762939453,25.427562713623047,10
2012-08-21,26.200000762939453,26.200000762939453,25.200000762939453,25.200000762939453,24.932863235473633,20
2012-08-22,25.200000762939453,25.200000762939453,25.200000762939453,25.200000762939453,24.932863235473633,0
2012-08-23,25.700000762939453,25.700000762939453,25.700000762939453,25.700000762939453,25.427562713623047,1
2012-08-24,25.700000762939453,25.700000762939453,25.700000762939453,25.700000762939453,25.427562713623047,0
2012-08-27,26.200000762939453,26.200000762939453,26.200000762939453,26.200000762939453,25.92226219177246,1
2012-08-28,26.700000762939453,26.700000762939453,26.700000762939453,26.700000762939453,26.416961669921875,4
2012-08-29,26.950000762939453,26.950000762939453,26.950000762939453,26.950000762939453,26.6643123626709,2
2012-08-30,27.450000762939453,27.450000762939453,27.399999618530273,27.399999618530273,27.109540939331055,324
2012-08-31,27.799999237060547,27.799999237060547,27.799999237060547,27.799999237060547,27.505300521850586,1
2012-09-03,28.299999237060547,28.299999237060547,27.25,27.25,26.961132049560547,1001
2012-09-04,27.25,27.25,27.25,27.25,26.961132049560547,0
2012-09-05,27.600000381469727,27.600000381469727,26.75,26.75,26.466432571411133,201
2012-09-06,26.75,26.75,26.75,26.75,26.466432571411133,0
2012-09-07,26.75,26.75,26.75,26.75,26.466432571411133,0
2012-09-10,26.75,26.75,26.75,26.75,26.466432571411133,0
2012-09-11,26.75,26.75,26.75,26.75,26.466432571411133,0
2012-09-12,26.75,26.75,26.75,26.75,26.466432571411133,0
2012-09-13,26.75,26.75,26.75,26.75,26.466432571411133,0
2012-09-14,27.25,27.25,27.25,27.25,26.961132049560547,1
2012-09-17,27.25,27.25,27.25,27.25,26.961132049560547,0
2012-09-18,27.25,27.25,27.25,27.25,26.961132049560547,0
2012-09-20,27.75,27.75,27.75,27.75,27.45583152770996,1
2012-09-21,27.75,27.75,27.75,27.75,27.45583152770996,0
2012-09-24,28.299999237060547,28.299999237060547,28.299999237060547,28.299999237060547,28.0,1
2012-09-25,28.850000381469727,28.850000381469727,28.850000381469727,28.850000381469727,28.850000381469727,2
2012-09-26,28.850000381469727,28.850000381469727,28.850000381469727,28.850000381469727,28.850000381469727,10
2012-09-27,29.399999618530273,29.399999618530273,29.399999618530273,29.399999618530273,29.399999618530273,1
2012-09-28,29.399999618530273,29.399999618530273,29.399999618530273,29.399999618530273,29.399999618530273,0
2012-10-01,29.950000762939453,29.950000762939453,29.950000762939453,29.950000762939453,29.950000762939453,1
2012-10-03,29.950000762939453,29.950000762939453,29.950000762939453,29.950000762939453,29.950000762939453,0
2012-10-04,29.950000762939453,29.950000762939453,29.950000762939453,29.950000762939453,29.950000762939453,0
2012-10-05,29.950000762939453,29.950000762939453,29.950000762939453,29.950000762939453,29.950000762939453,0
2012-10-08,29.950000762939453,29.950000762939453,29.950000762939453,29.950000762939453,29.950000762939453,0
2012-10-09,29.950000762939453,29.950000762939453,29.950000762939453,29.950000762939453,29.950000762939453,0
2012-10-10,29.950000762939453,29.950000762939453,29.950000762939453,29.950000762939453,29.950000762939453,0
2012-10-11,30.5,30.5,30.5,30.5,30.5,1
2012-10-12,30.5,30.5,30.5,30.5,30.5,0
2012-10-15,30.5,30.5,30.5,30.5,30.5,0
2012-10-16,30.5,30.5,30.5,30.5,30.5,0
2012-10-17,30.5,30.5,30.5,30.5,30.5,0
2012-10-18,30.5,30.5,30.5,30.5,30.5,0
2012-10-19,30.5,30.5,30.5,30.5,30.5,0
2012-10-22,29.899999618530273,29.899999618530273,29.899999618530273,29.899999618530273,29.899999618530273,1
2012-10-23,29.899999618530273,29.899999618530273,29.899999618530273,29.899999618530273,29.899999618530273,0
2012-10-25,30.450000762939453,30.450000762939453,29.350000381469727,29.350000381469727,29.350000381469727,12
2012-10-29,28.799999237060547,28.799999237060547,28.799999237060547,28.799999237060547,28.799999237060547,0
2012-10-30,28.799999237060547,28.799999237060547,28.799999237060547,28.799999237060547,28.799999237060547,0
2012-10-31,28.799999237060547,28.799999237060547,28.799999237060547,28.799999237060547,28.799999237060547,0
2012-11-01,28.25,28.25,28.25,28.25,28.25,880
2012-11-02,27.700000762939453,28.25,27.700000762939453,27.700000762939453,27.700000762939453,2460
2012-11-05,27.149999618530273,27.149999618530273,27.149999618530273,27.149999618530273,27.149999618530273,3360
2012-11-06,27.649999618530273,27.649999618530273,27.649999618530273,27.649999618530273,27.649999618530273,100
2012-11-07,29.0,29.0,29.0,29.0,29.0,150
2012-11-08,30.450000762939453,30.450000762939453,29.950000762939453,29.950000762939453,29.950000762939453,100
2012-11-09,29.950000762939453,29.950000762939453,29.950000762939453,29.950000762939453,29.950000762939453,0
2012-11-12,29.950000762939453,29.950000762939453,29.950000762939453,29.950000762939453,29.950000762939453,0
2012-11-15,30.0,30.0,30.0,30.0,30.0,100
2012-11-16,28.549999237060547,28.549999237060547,28.549999237060547,28.549999237060547,28.549999237060547,25
2012-11-19,28.549999237060547,28.549999237060547,28.549999237060547,28.549999237060547,28.549999237060547,0
2012-11-20,27.149999618530273,27.149999618530273,27.149999618530273,27.149999618530273,27.149999618530273,25
2012-11-21,25.799999237060547,28.5,25.799999237060547,28.450000762939453,28.450000762939453,225
2012-11-22,28.450000762939453,28.450000762939453,28.450000762939453,28.450000762939453,28.450000762939453,0
2012-11-23,28.450000762939453,28.450000762939453,28.450000762939453,28.450000762939453,28.450000762939453,0
2012-11-26,28.450000762939453,28.450000762939453,28.450000762939453,28.450000762939453,28.450000762939453,0
2012-11-27,28.450000762939453,28.450000762939453,28.450000762939453,28.450000762939453,28.450000762939453,0
2012-11-29,28.450000762939453,28.450000762939453,28.450000762939453,28.450000762939453,28.450000762939453,0
2012-11-30,28.450000762939453,28.450000762939453,28.450000762939453,28.450000762939453,28.450000762939453,0
2012-12-03,28.75,28.75,28.75,28.75,28.75,1
2012-12-04,30.0,30.0,30.0,30.0,30.0,5
2012-12-05,30.0,30.0,30.0,30.0,30.0,0
2012-12-06,31.5,31.5,31.5,31.5,31.5,100
2012-12-07,29.950000762939453,29.950000762939453,29.950000762939453,29.950000762939453,29.950000762939453,25
2012-12-10,29.950000762939453,29.950000762939453,29.950000762939453,29.950000762939453,29.950000762939453,0
2012-12-11,29.950000762939453,29.950000762939453,29.950000762939453,29.950000762939453,29.950000762939453,0
2012-12-12,29.950000762939453,29.950000762939453,29.950000762939453,29.950000762939453,29.950000762939453,0
2012-12-13,29.950000762939453,29.950000762939453,29.950000762939453,29.950000762939453,29.950000762939453,0
2012-12-14,29.950000762939453,29.950000762939453,29.950000762939453,29.950000762939453,29.950000762939453,0
2012-12-17,28.5,28.5,28.5,28.5,28.5,5
2012-12-18,28.5,28.5,28.5,28.5,28.5,0
2012-12-19,28.5,28.5,28.5,28.5,28.5,0
2012-12-20,27.100000381469727,27.100000381469727,27.100000381469727,27.100000381469727,27.100000381469727,265
2012-12-21,25.75,25.75,25.75,25.75,25.75,100
2012-12-24,27.0,27.0,27.0,27.0,27.0,136
2012-12-26,27.0,27.0,27.0,27.0,27.0,0
2012-12-27,27.0,27.0,27.0,27.0,27.0,0
2012-12-28,27.0,27.0,27.0,27.0,27.0,0
2012-12-31,27.0,27.0,27.0,27.0,27.0,0
2013-01-01,27.0,27.0,27.0,27.0,27.0,0
2013-01-02,27.0,27.0,27.0,27.0,27.0,0
2013-01-03,27.0,27.0,27.0,27.0,27.0,0
2013-01-04,27.0,27.0,27.0,27.0,27.0,0
2013-01-07,27.0,27.0,27.0,27.0,27.0,0
2013-01-08,25.700000762939453,27.25,25.700000762939453,27.25,27.25,200
2013-01-09,27.25,27.25,27.25,27.25,27.25,0
2013-01-10,27.25,27.25,27.25,27.25,27.25,0
2013-01-11,27.25,27.25,27.25,27.25,27.25,0
2013-01-14,27.25,27.25,27.25,27.25,27.25,0
2013-01-15,27.25,27.25,27.25,27.25,27.25,0
2013-01-16,28.600000381469727,28.600000381469727,28.600000381469727,28.600000381469727,28.600000381469727,500
2013-01-17,30.0,30.0,30.0,30.0,30.0,4727
2013-01-18,31.5,31.5,31.5,31.5,31.5,1500
2013-01-21,33.04999923706055,33.04999923706055,32.5,33.04999923706055,33.04999923706055,850
2013-01-22,34.70000076293945,34.70000076293945,34.70000076293945,34.70000076293945,34.70000076293945,650
2013-01-23,36.400001525878906,36.400001525878906,36.400001525878906,36.400001525878906,36.400001525878906,550
2013-01-24,38.20000076293945,38.20000076293945,38.20000076293945,38.20000076293945,38.20000076293945,650
2013-01-25,40.099998474121094,40.099998474121094,40.099998474121094,40.099998474121094,40.099998474121094,1060
2013-01-28,42.099998474121094,42.099998474121094,42.099998474121094,42.099998474121094,42.099998474121094,663
2013-01-29,42.099998474121094,42.099998474121094,42.099998474121094,42.099998474121094,42.099998474121094,0
2013-01-30,44.099998474121094,44.20000076293945,44.0,44.099998474121094,44.099998474121094,487
2013-01-31,46.0,46.29999923706055,46.0,46.29999923706055,46.29999923706055,200
2013-02-01,48.54999923706055,48.599998474121094,48.54999923706055,48.599998474121094,48.599998474121094,314
2013-02-04,51.0,51.0,50.79999923706055,51.0,51.0,380
2013-02-05,53.54999923706055,53.54999923706055,53.54999923706055,53.54999923706055,53.54999923706055,1
2013-02-06,53.54999923706055,53.54999923706055,53.54999923706055,53.54999923706055,53.54999923706055,0
2013-02-07,53.849998474121094,53.849998474121094,53.849998474121094,53.849998474121094,53.849998474121094,500
2013-02-08,53.849998474121094,53.849998474121094,53.849998474121094,53.849998474121094,53.849998474121094,0
2013-02-11,56.5,56.5,56.5,56.5,56.5,20
2013-02-12,56.5,56.5,56.5,56.5,56.5,0
2013-02-13,56.5,56.5,56.5,56.5,56.5,0
2013-02-14,56.5,56.5,56.5,56.5,56.5,0
2013-02-15,56.5,56.5,56.5,56.5,56.5,0
2013-02-18,59.29999923706055,59.29999923706055,53.70000076293945,53.70000076293945,53.70000076293945,302
2013-02-19,54.0,54.0,54.0,54.0,54.0,200
2013-02-20,54.0,54.0,54.0,54.0,54.0,0
2013-02-21,53.900001525878906,56.45000076293945,51.349998474121094,51.349998474121094,51.349998474121094,2715
2013-02-22,53.25,53.75,53.25,53.349998474121094,53.349998474121094,1820
2013-02-25,53.25,56.0,53.25,56.0,56.0,1628
2013-02-26,56.0,56.0,56.0,56.0,56.0,0
2013-02-27,58.70000076293945,58.75,58.70000076293945,58.75,58.75,695
2013-02-28,61.650001525878906,61.650001525878906,56.25,56.25,56.25,493
2013-03-01,59.0,59.0,53.45000076293945,53.45000076293945,53.45000076293945,244
2013-03-04,55.95000076293945,55.95000076293945,50.79999923706055,50.79999923706055,50.79999923706055,400
2013-03-05,48.54999923706055,48.54999923706055,48.54999923706055,48.54999923706055,48.54999923706055,55
2013-03-06,48.54999923706055,48.54999923706055,48.54999923706055,48.54999923706055,48.54999923706055,0
2013-03-07,48.54999923706055,48.54999923706055,48.54999923706055,48.54999923706055,48.54999923706055,0
2013-03-08,47.0,47.0,46.20000076293945,46.54999923706055,46.54999923706055,190
2013-03-11,48.849998474121094,48.849998474121094,44.25,44.25,44.25,50
2013-03-12,42.25,46.45000076293945,42.25,46.45000076293945,46.45000076293945,66
2013-03-13,46.45000076293945,46.45000076293945,46.45000076293945,46.45000076293945,46.45000076293945,0
2013-03-14,46.45000076293945,46.45000076293945,46.45000076293945,46.45000076293945,46.45000076293945,0
2013-03-15,46.45000076293945,46.45000076293945,46.45000076293945,46.45000076293945,46.45000076293945,0
2013-03-18,46.45000076293945,46.45000076293945,46.45000076293945,46.45000076293945,46.45000076293945,0
2013-03-19,44.150001525878906,44.150001525878906,44.150001525878906,44.150001525878906,44.150001525878906,100
2013-03-20,42.0,42.0,42.0,42.0,42.0,124
2013-03-21,42.0,42.0,42.0,42.0,42.0,0
2013-03-22,40.0,40.0,40.0,40.0,40.0,100
2013-03-25,40.0,40.0,40.0,40.0,40.0,0
2013-03-26,40.0,40.0,40.0,40.0,40.0,0
2013-03-28,42.0,42.0,42.0,42.0,42.0,1
2013-04-01,42.0,42.0,42.0,42.0,42.0,0
2013-04-02,42.0,42.0,42.0,42.0,42.0,0
2013-04-03,42.0,42.0,42.0,42.0,42.0,0
2013-04-04,42.0,42.0,42.0,42.0,42.0,0
2013-04-05,42.0,42.0,42.0,42.0,42.0,0
2013-04-08,42.0,42.0,42.0,42.0,42.0,0
2013-04-09,42.0,42.0,42.0,42.0,42.0,0
2013-04-10,42.0,42.0,42.0,42.0,42.0,0
2013-04-11,42.0,42.0,42.0,42.0,42.0,0
2013-04-12,42.0,42.0,42.0,42.0,42.0,0
2013-04-15,42.0,42.0,42.0,42.0,42.0,0
2013-04-16,39.95000076293945,39.95000076293945,39.95000076293945,39.95000076293945,39.95000076293945,156
2013-04-17,38.0,38.0,38.0,38.0,38.0,100
2013-04-18,38.0,38.0,38.0,38.0,38.0,0
2013-04-22,38.0,38.0,38.0,38.0,38.0,0
2013-04-23,38.0,38.0,38.0,38.0,38.0,0
2013-04-25,38.0,38.0,38.0,38.0,38.0,0
2013-04-26,38.0,38.0,38.0,38.0,38.0,0
2013-04-29,38.0,38.0,38.0,38.0,38.0,0
2013-04-30,38.0,38.0,38.0,38.0,38.0,0
2013-05-02,38.0,38.0,38.0,38.0,38.0,0
2013-05-03,38.0,38.0,38.0,38.0,38.0,0
2013-05-06,38.0,38.0,38.0,38.0,38.0,0
2013-05-07,38.0,38.0,38.0,38.0,38.0,0
2013-05-08,38.0,38.0,38.0,38.0,38.0,0
2013-05-09,38.0,38.0,38.0,38.0,38.0,0
2013-05-10,36.150001525878906,36.150001525878906,36.150001525878906,36.150001525878906,36.150001525878906,100
2013-05-13,36.150001525878906,36.150001525878906,36.150001525878906,36.150001525878906,36.150001525878906,0
2013-05-14,36.150001525878906,36.150001525878906,36.150001525878906,36.150001525878906,36.150001525878906,0
2013-05-15,36.150001525878906,36.150001525878906,36.150001525878906,36.150001525878906,36.150001525878906,0
2013-05-16,36.150001525878906,36.150001525878906,36.150001525878906,36.150001525878906,36.150001525878906,0
2013-05-17,36.150001525878906,36.150001525878906,36.150001525878906,36.150001525878906,36.150001525878906,0
2013-05-20,36.150001525878906,36.150001525878906,36.150001525878906,36.150001525878906,36.150001525878906,0
2013-05-21,36.150001525878906,36.150001525878906,36.150001525878906,36.150001525878906,36.150001525878906,0
2013-05-22,36.150001525878906,36.150001525878906,36.150001525878906,36.150001525878906,36.150001525878906,0
2013-05-23,36.150001525878906,36.150001525878906,36.150001525878906,36.150001525878906,36.150001525878906,0
2013-05-24,36.150001525878906,36.150001525878906,36.150001525878906,36.150001525878906,36.150001525878906,0
2013-05-27,36.150001525878906,36.150001525878906,36.150001525878906,36.150001525878906,36.150001525878906,0
2013-05-28,36.150001525878906,36.150001525878906,36.150001525878906,36.150001525878906,36.150001525878906,0
2013-05-29,36.150001525878906,36.150001525878906,36.150001525878906,36.150001525878906,36.150001525878906,0
2013-05-30,36.150001525878906,36.150001525878906,36.150001525878906,36.150001525878906,36.150001525878906,0
2013-05-31,36.150001525878906,36.150001525878906,36.150001525878906,36.150001525878906,36.150001525878906,0
2013-06-03,36.150001525878906,36.150001525878906,36.150001525878906,36.150001525878906,36.150001525878906,0
2013-06-04,36.150001525878906,36.150001525878906,36.150001525878906,36.150001525878906,36.150001525878906,0
2013-06-05,36.150001525878906,36.150001525878906,36.150001525878906,36.150001525878906,36.150001525878906,0
2013-06-06,36.150001525878906,36.150001525878906,36.150001525878906,36.150001525878906,36.150001525878906,0
2013-06-07,36.150001525878906,36.150001525878906,36.150001525878906,36.150001525878906,36.150001525878906,0
2013-06-10,36.150001525878906,36.150001525878906,36.150001525878906,36.150001525878906,36.150001525878906,0
2013-06-11,36.150001525878906,36.150001525878906,36.150001525878906,36.150001525878906,36.150001525878906,0
2013-06-12,36.150001525878906,36.150001525878906,36.150001525878906,36.150001525878906,36.150001525878906,0
2013-06-13,36.150001525878906,36.150001525878906,36.150001525878906,36.150001525878906,36.150001525878906,0
2013-06-14,36.150001525878906,36.150001525878906,36.150001525878906,36.150001525878906,36.150001525878906,0
2013-06-17,36.150001525878906,36.150001525878906,36.150001525878906,36.150001525878906,36.150001525878906,0
2013-06-18,36.150001525878906,36.150001525878906,36.150001525878906,36.150001525878906,36.150001525878906,0
2013-06-19,36.150001525878906,36.150001525878906,36.150001525878906,36.150001525878906,36.150001525878906,0
2013-06-20,37.79999923706055,37.79999923706055,37.79999923706055,37.79999923706055,37.79999923706055,400
2013-06-21,39.650001525878906,39.650001525878906,39.650001525878906,39.650001525878906,39.650001525878906,151
2013-06-24,37.70000076293945,37.70000076293945,37.70000076293945,37.70000076293945,37.70000076293945,290
2013-06-25,37.70000076293945,37.70000076293945,37.70000076293945,37.70000076293945,37.70000076293945,0
2013-06-26,39.54999923706055,39.54999923706055,39.54999923706055,39.54999923706055,39.54999923706055,200
2013-06-27,39.54999923706055,39.54999923706055,39.54999923706055,39.54999923706055,39.54999923706055,0
2013-06-28,39.54999923706055,39.54999923706055,39.54999923706055,39.54999923706055,39.54999923706055,0
2013-07-01,41.5,41.5,41.5,41.5,41.5,430
2013-07-02,43.54999923706055,43.54999923706055,43.54999923706055,43.54999923706055,43.54999923706055,25
2013-07-03,43.54999923706055,43.54999923706055,43.54999923706055,43.54999923706055,43.54999923706055,0
2013-07-04,41.400001525878906,41.400001525878906,41.400001525878906,41.400001525878906,41.400001525878906,200
2013-07-05,41.0,41.0,41.0,41.0,41.0,300
2013-07-08,39.0,39.0,39.0,39.0,39.0,50
2013-07-09,37.099998474121094,37.099998474121094,37.099998474121094,37.099998474121094,37.099998474121094,50
2013-07-10,35.25,35.25,35.25,35.25,35.25,50
2013-07-11,33.5,33.5,33.5,33.5,33.5,50
2013-07-12,31.850000381469727,31.850000381469727,31.850000381469727,31.850000381469727,31.850000381469727,50
2013-07-15,30.299999237060547,30.299999237060547,30.299999237060547,30.299999237060547,30.299999237060547,50
2013-07-16,28.799999237060547,28.799999237060547,28.799999237060547,28.799999237060547,28.799999237060547,200
2013-07-17,27.399999618530273,27.399999618530273,27.399999618530273,27.399999618530273,27.399999618530273,100
2013-07-18,27.399999618530273,27.399999618530273,27.399999618530273,27.399999618530273,27.399999618530273,0
2013-07-19,26.049999237060547,26.049999237060547,26.049999237060547,26.049999237060547,26.049999237060547,100
2013-07-22,26.049999237060547,26.049999237060547,26.049999237060547,26.049999237060547,26.049999237060547,0
2013-07-23,26.049999237060547,26.049999237060547,26.049999237060547,26.049999237060547,26.049999237060547,0
2013-07-24,26.049999237060547,26.049999237060547,26.049999237060547,26.049999237060547,26.049999237060547,0
2013-07-25,26.049999237060547,26.049999237060547,26.049999237060547,26.049999237060547,26.049999237060547,0
2013-07-26,26.049999237060547,26.049999237060547,26.049999237060547,26.049999237060547,26.049999237060547,0
2013-07-29,26.049999237060547,26.049999237060547,26.049999237060547,26.049999237060547,26.049999237060547,0
2013-07-30,26.049999237060547,26.049999237060547,26.049999237060547,26.049999237060547,26.049999237060547,0
2013-07-31,26.049999237060547,26.049999237060547,26.049999237060547,26.049999237060547,26.049999237060547,100
2013-08-01,26.049999237060547,26.049999237060547,26.049999237060547,26.049999237060547,26.049999237060547,0
2013-08-02,26.049999237060547,26.049999237060547,26.049999237060547,26.049999237060547,26.049999237060547,0
2013-08-05,26.049999237060547,26.049999237060547,26.049999237060547,26.049999237060547,26.049999237060547,0
2013-08-06,26.049999237060547,26.049999237060547,26.049999237060547,26.049999237060547,26.049999237060547,0
2013-08-07,26.049999237060547,26.049999237060547,26.049999237060547,26.049999237060547,26.049999237060547,0
2013-08-08,26.049999237060547,26.049999237060547,26.049999237060547,26.049999237060547,26.049999237060547,0
2013-08-12,25.0,25.0,25.0,25.0,25.0,16500
2013-08-13,26.25,26.25,26.25,26.25,26.25,12000
2013-08-14,27.0,27.0,27.0,27.0,27.0,15000
2013-08-16,27.0,27.0,27.0,27.0,27.0,0
2013-08-19,27.0,27.0,27.0,27.0,27.0,0
2013-08-20,27.0,27.0,27.0,27.0,27.0,0
2013-08-21,28.0,28.0,28.0,28.0,28.0,15000
2013-08-22,28.0,28.0,28.0,28.0,28.0,0
2013-08-23,28.0,28.0,28.0,28.0,28.0,0
2013-08-26,29.399999618530273,29.399999618530273,29.399999618530273,29.399999618530273,29.399999618530273,9000
2013-08-27,30.850000381469727,30.850000381469727,30.850000381469727,30.850000381469727,30.850000381469727,8600
2013-08-28,30.850000381469727,30.850000381469727,30.850000381469727,30.850000381469727,30.850000381469727,0
2013-08-29,30.850000381469727,30.850000381469727,30.850000381469727,30.850000381469727,30.850000381469727,0
2013-08-30,30.850000381469727,30.850000381469727,30.850000381469727,30.850000381469727,30.850000381469727,0
2013-09-02,32.349998474121094,32.349998474121094,32.349998474121094,32.349998474121094,32.349998474121094,10
2013-09-03,33.95000076293945,33.95000076293945,33.95000076293945,33.95000076293945,33.95000076293945,20
2013-09-04,35.599998474121094,35.599998474121094,35.599998474121094,35.599998474121094,35.599998474121094,10
2013-09-05,37.349998474121094,37.349998474121094,37.349998474121094,37.349998474121094,37.349998474121094,6710
2013-09-06,39.20000076293945,39.20000076293945,39.20000076293945,39.20000076293945,39.20000076293945,100
2013-09-10,41.150001525878906,41.150001525878906,41.150001525878906,41.150001525878906,41.150001525878906,2550
2013-09-11,43.20000076293945,43.20000076293945,41.0,43.20000076293945,43.20000076293945,545
2013-09-12,44.75,44.75,41.04999923706055,41.04999923706055,41.04999923706055,300
2013-09-13,39.0,39.0,39.0,39.0,39.0,150
2013-09-16,39.0,39.0,39.0,39.0,39.0,0
2013-09-17,39.0,39.0,39.0,39.0,39.0,0
2013-09-18,37.5,37.5,37.099998474121094,37.099998474121094,37.099998474121094,110
2013-09-19,38.95000076293945,38.95000076293945,38.95000076293945,38.95000076293945,38.95000076293945,20000
2013-09-20,40.5,40.5,40.5,40.5,40.5,200
2013-09-23,42.5,42.5,42.5,42.5,42.5,15395
2013-09-24,40.400001525878906,44.599998474121094,40.400001525878906,44.599998474121094,44.599998474121094,6100
2013-09-25,42.400001525878906,46.400001525878906,42.400001525878906,46.400001525878906,46.400001525878906,3150
2013-09-26,48.70000076293945,48.70000076293945,48.70000076293945,48.70000076293945,48.70000076293945,200
2013-09-27,46.29999923706055,51.04999923706055,46.29999923706055,50.95000076293945,50.95000076293945,600
2013-09-30,48.45000076293945,53.349998474121094,48.45000076293945,53.349998474121094,53.349998474121094,500
2013-10-01,50.70000076293945,50.70000076293945,50.70000076293945,50.70000076293945,50.70000076293945,310
2013-10-03,48.20000076293945,52.5,48.20000076293945,52.5,52.5,2300
2013-10-04,49.900001525878906,55.0,49.900001525878906,49.900001525878906,49.900001525878906,28049
2013-10-07,47.45000076293945,51.5,47.45000076293945,51.5,51.5,4775
2013-10-08,48.95000076293945,54.0,48.95000076293945,54.0,54.0,1900
2013-10-09,51.400001525878906,56.0,51.400001525878906,56.0,56.0,3500
2013-10-10,53.25,58.0,53.25,58.0,58.0,1350
2013-10-11,55.150001525878906,59.900001525878906,55.150001525878906,59.900001525878906,59.900001525878906,1900
2013-10-14,59.900001525878906,59.900001525878906,59.900001525878906,59.900001525878906,59.900001525878906,0
2013-10-15,59.900001525878906,59.900001525878906,59.900001525878906,59.900001525878906,59.900001525878906,0
2013-10-17,62.849998474121094,62.849998474121094,62.849998474121094,62.849998474121094,62.849998474121094,200
2013-10-18,65.94999694824219,65.94999694824219,65.0,65.0,65.0,650
2013-10-21,68.25,68.25,68.25,68.25,68.25,200
2013-10-22,71.6500015258789,71.6500015258789,71.6500015258789,71.6500015258789,71.6500015258789,1000
2013-10-23,75.19999694824219,75.19999694824219,75.19999694824219,75.19999694824219,75.19999694824219,610
2013-10-24,78.9000015258789,78.9000015258789,78.0,78.0,78.0,800
2013-10-25,81.0,81.0,81.0,81.0,81.0,100
2013-10-28,85.0,85.05000305175781,85.0,85.05000305175781,85.05000305175781,706
2013-10-29,89.30000305175781,89.30000305175781,89.30000305175781,89.30000305175781,89.30000305175781,258
2013-10-30,93.75,93.75,93.75,93.75,93.75,201
2013-10-31,98.4000015258789,98.4000015258789,98.4000015258789,98.4000015258789,98.4000015258789,25
2013-11-01,98.0,103.30000305175781,98.0,98.0,98.0,651
2013-11-05,98.0,98.0,98.0,98.0,98.0,0
2013-11-06,98.0,98.0,98.0,98.0,98.0,0
2013-11-07,98.0,98.0,98.0,98.0,98.0,0
2013-11-08,97.5,97.5,96.05000305175781,96.05000305175781,96.05000305175781,201
2013-11-11,96.05000305175781,96.05000305175781,96.05000305175781,96.05000305175781,96.05000305175781,0
2013-11-12,97.0,97.0,97.0,97.0,97.0,100
2013-11-13,95.0999984741211,95.0999984741211,95.0999984741211,95.0999984741211,95.0999984741211,520
2013-11-14,95.0999984741211,95.0999984741211,95.0999984741211,95.0999984741211,95.0999984741211,0
2013-11-18,93.19999694824219,93.19999694824219,93.19999694824219,93.19999694824219,93.19999694824219,20
2013-11-19,93.19999694824219,93.19999694824219,93.19999694824219,93.19999694824219,93.19999694824219,0
2013-11-20,93.19999694824219,93.19999694824219,93.19999694824219,93.19999694824219,93.19999694824219,0
2013-11-21,93.19999694824219,93.19999694824219,93.19999694824219,93.19999694824219,93.19999694824219,0
2013-11-22,91.3499984741211,91.3499984741211,91.3499984741211,91.3499984741211,91.3499984741211,5
2013-11-25,89.55000305175781,93.1500015258789,89.55000305175781,93.1500015258789,93.1500015258789,305
2013-11-26,91.30000305175781,91.30000305175781,91.30000305175781,91.30000305175781,91.30000305175781,17
2013-11-27,89.5,89.5,89.5,89.5,89.5,10
2013-11-28,89.5,89.5,89.5,89.5,89.5,0
2013-11-29,89.5,89.5,89.5,89.5,89.5,0
2013-12-02,89.5,89.5,89.5,89.5,89.5,0
2013-12-03,89.5,89.5,89.5,89.5,89.5,0
2013-12-04,87.75,87.75,87.75,87.75,87.75,15
2013-12-05,89.5,89.5,89.5,89.5,89.5,24
2013-12-06,89.5,89.5,89.5,89.5,89.5,0
2013-12-09,89.5,89.5,89.5,89.5,89.5,0
2013-12-10,89.5,89.5,89.5,89.5,89.5,0
2013-12-11,91.25,91.25,87.75,87.75,87.75,140
2013-12-12,87.75,87.75,87.75,87.75,87.75,0
2013-12-13,87.75,87.75,87.75,87.75,87.75,0
2013-12-16,87.75,87.75,87.75,87.75,87.75,0
2013-12-17,87.75,87.75,87.75,87.75,87.75,0
2013-12-18,86.0,86.0,86.0,86.0,86.0,60
2013-12-19,86.0,86.0,86.0,86.0,86.0,0
2013-12-20,86.0,86.0,86.0,86.0,86.0,0
2013-12-23,86.0,86.0,86.0,86.0,86.0,0
2013-12-24,85.0,85.0,85.0,85.0,85.0,400
2013-12-26,83.5,83.5,83.5,83.5,83.5,10
2013-12-27,82.0,82.0,82.0,82.0,82.0,90
2013-12-30,80.4000015258789,80.4000015258789,80.4000015258789,80.4000015258789,80.4000015258789,2844
2013-12-31,82.0,82.0,82.0,82.0,82.0,100
2014-01-01,83.5999984741211,83.5999984741211,83.5999984741211,83.5999984741211,83.5999984741211,100
2014-01-02,83.5999984741211,83.5999984741211,83.5999984741211,83.5999984741211,83.5999984741211,0
2014-01-03,85.25,85.25,85.25,85.25,85.25,100
2014-01-06,86.94999694824219,86.94999694824219,86.94999694824219,86.94999694824219,86.94999694824219,50
2014-01-07,90.0,90.0,90.0,90.0,90.0,140
2014-01-08,94.5,94.5,94.5,94.5,94.5,135
2014-01-09,99.0,99.19999694824219,89.80000305175781,99.19999694824219,99.19999694824219,2175
2014-01-10,104.1500015258789,104.1500015258789,104.1500015258789,104.1500015258789,104.1500015258789,1765
2014-01-13,104.5,109.3499984741211,104.5,109.3499984741211,109.3499984741211,131
2014-01-14,107.0,107.0,107.0,107.0,107.0,1
2014-01-15,106.30000305175781,106.30000305175781,101.75,101.75,101.75,690
2014-01-16,97.05000305175781,106.80000305175781,97.05000305175781,105.55000305175781,105.55000305175781,1558
2014-01-17,110.80000305175781,110.80000305175781,108.0,110.80000305175781,110.80000305175781,337
2014-01-20,116.25,116.30000305175781,116.25,116.30000305175781,116.30000305175781,42856
2014-01-21,122.0999984741211,122.0999984741211,122.0999984741211,122.0999984741211,122.0999984741211,100
2014-01-22,128.1999969482422,128.1999969482422,128.1999969482422,128.1999969482422,128.1999969482422,230
2014-01-23,134.0,134.0,123.0,134.0,134.0,615
2014-01-24,134.0,134.0,131.0,131.75,131.75,225
2014-01-27,125.19999694824219,135.0,125.19999694824219,133.4499969482422,133.4499969482422,905
2014-01-28,135.0,140.0,135.0,140.0,140.0,11885
2014-01-29,146.5,147.0,133.25,137.8000030517578,137.8000030517578,1391
2014-01-30,143.0,144.64999389648438,136.0,144.5,144.5,385
2014-01-31,150.0,150.0,150.0,150.0,150.0,515
2014-02-03,148.0,155.0,148.0,155.0,155.0,401
2014-02-04,155.0,162.75,155.0,160.0,160.0,11240
2014-02-05,162.0,162.0,160.0,161.9499969482422,161.9499969482422,11525
2014-02-06,160.0,160.0,159.0,159.0,159.0,200
2014-02-07,166.0,166.0,166.0,166.0,166.0,96
2014-02-10,158.0,170.0,158.0,166.0,166.0,4430
2014-02-11,166.0,166.0,158.0,158.0,158.0,6520
2014-02-12,151.0,165.0,150.14999389648438,165.0,165.0,11381
2014-02-13,173.0,173.0,157.0,166.0,166.0,1265
2014-02-14,164.89999389648438,165.0,164.89999389648438,165.0,165.0,12100
2014-02-17,157.0,165.0,157.0,165.0,165.0,865
2014-02-18,165.0,165.0,163.0,163.0,163.0,1820
2014-02-19,155.0,165.0,155.0,165.0,165.0,125
2014-02-20,165.0,165.0,157.0,160.0,160.0,9085
2014-02-21,152.5,165.0,152.5,165.0,165.0,6015
2014-02-24,164.0,164.5,163.9499969482422,164.0,164.0,6200
2014-02-25,164.0,164.0,164.0,164.0,164.0,0
2014-02-26,162.89999389648438,163.0,160.0,161.0,161.0,20000
2014-02-28,160.0,160.0,158.0,159.89999389648438,159.89999389648438,8200
2014-03-03,159.89999389648438,159.89999389648438,159.89999389648438,159.89999389648438,159.89999389648438,0
2014-03-04,159.89999389648438,163.0,159.89999389648438,162.0,162.0,11300
2014-03-05,162.0,162.0,162.0,162.0,162.0,0
2014-03-06,160.0,160.89999389648438,160.0,160.0,160.0,6000
2014-03-07,157.9499969482422,158.0,157.9499969482422,157.9499969482422,157.9499969482422,5870
2014-03-10,155.0,160.0,155.0,160.0,160.0,16000
2014-03-11,164.0,164.0,152.5,155.0,155.0,850
2014-03-12,147.5,147.5,147.3000030517578,147.3000030517578,147.3000030517578,27835
2014-03-13,140.0,140.0,140.0,140.0,140.0,25
2014-03-14,133.25,147.0,133.0500030517578,147.0,147.0,30035
2014-03-18,147.0,147.0,140.0,140.0,140.0,99
2014-03-19,144.0,147.0,144.0,147.0,147.0,13020
2014-03-20,140.0,140.0,139.6999969482422,139.6999969482422,139.6999969482422,6671
2014-03-21,139.6999969482422,139.6999969482422,139.6999969482422,139.6999969482422,139.6999969482422,0
2014-03-24,133.0,133.0,133.0,133.0,133.0,25
2014-03-25,126.5,139.60000610351562,126.4000015258789,139.60000610351562,139.60000610351562,600
2014-03-26,139.60000610351562,139.60000610351562,139.60000610351562,139.60000610351562,139.60000610351562,0
2014-03-27,139.60000610351562,139.60000610351562,139.60000610351562,139.60000610351562,139.60000610351562,0
2014-03-28,139.60000610351562,139.60000610351562,139.60000610351562,139.60000610351562,139.60000610351562,0
2014-03-31,132.6999969482422,132.6999969482422,132.64999389648438,132.64999389648438,132.64999389648438,60
2014-04-01,132.64999389648438,132.64999389648438,132.64999389648438,132.64999389648438,132.64999389648438,0
2014-04-02,126.05000305175781,126.05000305175781,126.05000305175781,126.05000305175781,126.05000305175781,25
2014-04-03,119.80000305175781,119.80000305175781,119.75,119.75,119.75,27
2014-04-04,113.80000305175781,125.69999694824219,113.80000305175781,125.69999694824219,125.69999694824219,973
2014-04-07,130.0,131.9499969482422,130.0,130.35000610351562,130.35000610351562,250
2014-04-09,131.0,136.85000610351562,131.0,136.0,136.0,96
2014-04-10,138.0,142.8000030517578,138.0,142.0500030517578,142.0500030517578,293
2014-04-11,143.89999389648438,149.0,143.89999389648438,145.64999389648438,145.64999389648438,650
2014-04-15,151.5,152.0,151.5,151.5500030517578,151.5500030517578,220
2014-04-16,155.0,159.0,155.0,159.0,159.0,500
2014-04-17,165.0,166.5,165.0,166.0,166.0,1189
2014-04-21,158.0,174.0,158.0,174.0,174.0,300
2014-04-22,166.0,182.0,166.0,182.0,182.0,496
2014-04-23,190.0,190.0,190.0,190.0,190.0,26800
2014-04-24,190.0,190.0,190.0,190.0,190.0,0
2014-04-25,199.0,199.0,199.0,199.0,199.0,1
2014-04-28,208.0,208.0,205.0,208.0,208.0,74301
2014-04-29,200.0,218.0,200.0,218.0,218.0,69300
2014-04-30,214.0,228.0,214.0,228.0,228.0,200200
2014-05-02,232.0,232.0,223.4499969482422,223.4499969482422,223.4499969482422,83246
2014-05-05,223.4499969482422,223.4499969482422,223.4499969482422,223.4499969482422,223.4499969482422,0
2014-05-06,219.0,227.5,219.0,219.0,219.0,7500
2014-05-07,214.64999389648438,223.0,214.64999389648438,223.0,223.0,3210
2014-05-08,223.0,223.0,223.0,223.0,223.0,0
2014-05-09,223.0,223.0,223.0,223.0,223.0,0
2014-05-12,223.0,223.0,223.0,223.0,223.0,0
2014-05-13,218.5500030517578,218.5500030517578,218.5500030517578,218.5500030517578,218.5500030517578,5
2014-05-14,215.0,221.0,214.1999969482422,214.1999969482422,214.1999969482422,48455
2014-05-15,209.9499969482422,215.0,209.9499969482422,215.0,215.0,89760
2014-05-16,210.6999969482422,219.0,210.6999969482422,218.1999969482422,218.1999969482422,94550
2014-05-19,213.85000610351562,219.9499969482422,213.85000610351562,219.0,219.0,90910
2014-05-20,219.0,219.0,219.0,219.0,219.0,0
2014-05-21,219.0,219.0,219.0,219.0,219.0,0
2014-05-22,219.0,219.0,219.0,219.0,219.0,0
2014-05-23,214.64999389648438,218.0,214.64999389648438,218.0,218.0,7501
2014-05-26,213.64999389648438,220.0,213.64999389648438,218.0,218.0,35870
2014-05-27,215.0,215.0,214.0,214.0,214.0,26870
2014-05-28,209.89999389648438,209.89999389648438,209.75,209.75,209.75,26245
2014-05-29,205.60000610351562,205.60000610351562,205.60000610351562,205.60000610351562,205.60000610351562,25
2014-05-30,201.5,209.6999969482422,201.5,209.6999969482422,209.6999969482422,19055
2014-06-02,205.60000610351562,211.0,205.5500030517578,210.5,210.5,51951
2014-06-03,210.0,213.0,210.0,213.0,213.0,108900
2014-06-04,208.75,217.0,208.75,217.0,217.0,25400
2014-06-05,212.6999969482422,212.6999969482422,212.6999969482422,212.6999969482422,212.6999969482422,40
2014-06-06,208.4499969482422,208.4499969482422,208.4499969482422,208.4499969482422,208.4499969482422,30
2014-06-09,204.3000030517578,204.3000030517578,204.3000030517578,204.3000030517578,204.3000030517578,25
2014-06-10,200.25,208.0,200.25,200.9499969482422,200.9499969482422,16450
2014-06-11,197.0,197.0,197.0,197.0,197.0,10
2014-06-12,193.14999389648438,193.14999389648438,193.14999389648438,193.14999389648438,193.14999389648438,10
2014-06-13,189.3000030517578,197.0,189.3000030517578,196.85000610351562,196.85000610351562,56248
2014-06-16,196.85000610351562,196.85000610351562,196.85000610351562,196.85000610351562,196.85000610351562,0
2014-06-17,192.9499969482422,200.5,192.9499969482422,199.0,199.0,104825
2014-06-18,199.0,199.0,199.0,199.0,199.0,0
2014-06-19,195.0500030517578,200.0,195.0500030517578,195.0500030517578,195.0500030517578,512
2014-06-20,191.14999389648438,191.14999389648438,191.14999389648438,191.14999389648438,191.14999389648438,1
2014-06-23,187.35000610351562,187.35000610351562,187.35000610351562,187.35000610351562,187.35000610351562,115
2014-06-24,187.35000610351562,187.35000610351562,187.35000610351562,187.35000610351562,187.35000610351562,0
2014-06-25,183.64999389648438,191.0,183.64999389648438,191.0,191.0,57129
2014-06-26,194.25,194.25,194.25,194.25,194.25,50
2014-06-27,194.25,194.25,194.25,194.25,194.25,0
2014-06-30,197.0,197.0,190.4499969482422,190.4499969482422,190.4499969482422,12535
2014-07-01,186.75,194.25,186.6999969482422,194.25,194.25,25766
2014-07-02,198.0,198.0,198.0,198.0,198.0,20000
2014-07-03,200.0,201.0,200.0,201.0,201.0,35000
2014-07-04,201.0,201.0,201.0,201.0,201.0,0
2014-07-07,191.0,209.0,191.0,208.9499969482422,208.9499969482422,10179
2014-07-08,218.0,218.0,199.0,200.0,200.0,55241
2014-07-09,202.0,202.0,202.0,202.0,202.0,19500
2014-07-10,206.0,206.0,201.89999389648438,202.0,202.0,36500
2014-07-11,204.0,204.0,192.0,200.0,200.0,60063
2014-07-14,190.0,190.0,190.0,190.0,190.0,10
2014-07-15,180.5,180.5,180.5,180.5,180.5,15
2014-07-16,171.5,171.5,171.5,171.5,171.5,15
2014-07-17,162.9499969482422,162.9499969482422,162.9499969482422,162.9499969482422,162.9499969482422,15
2014-07-18,154.85000610351562,154.85000610351562,154.85000610351562,154.85000610351562,154.85000610351562,15
2014-07-21,147.14999389648438,147.14999389648438,147.14999389648438,147.14999389648438,147.14999389648438,530
2014-07-22,139.8000030517578,154.5,139.8000030517578,154.5,154.5,2700
2014-07-23,161.89999389648438,161.89999389648438,160.0,160.0,160.0,51
2014-07-24,152.0,165.0,152.0,152.5,152.5,340
2014-07-25,145.0,145.0,145.0,145.0,145.0,5
2014-07-28,138.0,152.0,138.0,152.0,152.0,55
2014-07-30,152.0,152.0,152.0,152.0,152.0,0
2014-07-31,144.39999389648438,144.39999389648438,144.39999389648438,144.39999389648438,144.39999389648438,15
2014-08-01,137.1999969482422,137.1999969482422,137.1999969482422,137.1999969482422,137.1999969482422,15
2014-08-04,130.35000610351562,140.0,130.35000610351562,131.0,131.0,1073
2014-08-05,127.0,130.0,125.30000305175781,130.0,130.0,322
2014-08-06,123.5999984741211,123.5999984741211,123.5999984741211,123.5999984741211,123.5999984741211,16
2014-08-07,117.44999694824219,129.75,117.44999694824219,124.5,124.5,900
2014-08-08,118.30000305175781,130.5,118.30000305175781,125.94999694824219,125.94999694824219,4258
2014-08-11,120.0,131.0,120.0,130.5500030517578,130.5500030517578,1138
2014-08-12,124.25,134.0,124.05000305175781,134.0,134.0,19402
2014-08-13,128.0,140.5,127.5,140.0500030517578,140.0500030517578,55130
2014-08-14,133.25,145.0,133.0500030517578,143.0,143.0,34345
2014-08-18,137.1999969482422,137.1999969482422,137.1999969482422,137.1999969482422,137.1999969482422,50
2014-08-19,140.0,142.0,137.0,140.10000610351562,140.10000610351562,68120
2014-08-20,133.5,138.0,133.10000610351562,137.25,137.25,36000
2014-08-21,132.0,132.0,131.9499969482422,132.0,132.0,8008
2014-08-22,125.4000015258789,127.0,125.4000015258789,126.6500015258789,126.6500015258789,113501
2014-08-25,125.0,125.0,124.9000015258789,125.0,125.0,48700
2014-08-26,125.0,125.0,125.0,125.0,125.0,0
2014-08-27,125.0,125.0,125.0,125.0,125.0,0
2014-08-28,125.0,125.0,125.0,125.0,125.0,0
2014-09-01,118.75,118.75,118.75,118.75,118.75,1
2014-09-02,119.9000015258789,122.5,119.8499984741211,122.5,122.5,25000
2014-09-03,122.5,122.5,122.5,122.5,122.5,0
2014-09-04,122.5,122.5,122.5,122.5,122.5,0
2014-09-05,116.4000015258789,117.5,116.4000015258789,117.5,117.5,20000
2014-09-08,117.5,117.5,117.5,117.5,117.5,0
2014-09-09,117.5,117.5,117.5,117.5,117.5,0
2014-09-10,111.6500015258789,111.6500015258789,111.6500015258789,111.6500015258789,111.6500015258789,14
2014-09-11,111.6500015258789,111.6500015258789,111.6500015258789,111.6500015258789,111.6500015258789,0
2014-09-12,111.6500015258789,111.6500015258789,111.6500015258789,111.6500015258789,111.6500015258789,0
2014-09-15,106.0999984741211,106.0999984741211,106.0999984741211,106.0999984741211,106.0999984741211,20
2014-09-16,106.0999984741211,106.0999984741211,106.0999984741211,106.0999984741211,106.0999984741211,0
2014-09-17,100.80000305175781,100.80000305175781,100.80000305175781,100.80000305175781,100.80000305175781,1
2014-09-18,95.80000305175781,95.80000305175781,95.80000305175781,95.80000305175781,95.80000305175781,1
2014-09-19,91.05000305175781,91.05000305175781,91.05000305175781,91.05000305175781,91.05000305175781,1
2014-09-22,86.5,86.5,86.5,86.5,86.5,1
2014-09-23,82.19999694824219,82.19999694824219,82.19999694824219,82.19999694824219,82.19999694824219,1
2014-09-24,78.30000305175781,78.30000305175781,78.30000305175781,78.30000305175781,78.30000305175781,20
2014-09-25,74.4000015258789,74.4000015258789,74.4000015258789,74.4000015258789,74.4000015258789,5
2014-09-26,70.69999694824219,70.69999694824219,70.69999694824219,70.69999694824219,70.69999694824219,10
2014-09-29,67.19999694824219,67.19999694824219,67.19999694824219,67.19999694824219,67.19999694824219,6
2014-09-30,63.849998474121094,63.849998474121094,63.849998474121094,63.849998474121094,63.849998474121094,11
2014-10-01,62.599998474121094,62.599998474121094,62.599998474121094,62.599998474121094,62.599998474121094,1
2014-10-07,61.349998474121094,61.349998474121094,61.349998474121094,61.349998474121094,61.349998474121094,1500
2014-10-08,60.150001525878906,60.150001525878906,60.150001525878906,60.150001525878906,60.150001525878906,200
2014-10-09,58.95000076293945,58.95000076293945,58.95000076293945,58.95000076293945,58.95000076293945,10
2014-10-10,57.79999923706055,57.79999923706055,57.79999923706055,57.79999923706055,57.79999923706055,2
2014-10-13,56.650001525878906,56.650001525878906,56.650001525878906,56.650001525878906,56.650001525878906,5
2014-10-14,55.54999923706055,55.54999923706055,55.54999923706055,55.54999923706055,55.54999923706055,5
2014-10-15,55.54999923706055,55.54999923706055,55.54999923706055,55.54999923706055,55.54999923706055,0
2014-10-16,54.45000076293945,54.45000076293945,54.45000076293945,54.45000076293945,54.45000076293945,17
2014-10-17,53.400001525878906,53.400001525878906,53.400001525878906,53.400001525878906,53.400001525878906,2
2014-10-20,52.349998474121094,52.349998474121094,52.349998474121094,52.349998474121094,52.349998474121094,2
2014-10-21,51.349998474121094,51.349998474121094,51.349998474121094,51.349998474121094,51.349998474121094,2
2014-10-22,50.349998474121094,50.349998474121094,50.349998474121094,50.349998474121094,50.349998474121094,2
2014-10-27,48.400001525878906,48.400001525878906,48.400001525878906,48.400001525878906,48.400001525878906,1
2014-10-28,47.45000076293945,47.45000076293945,47.45000076293945,47.45000076293945,47.45000076293945,110
2014-10-29,46.54999923706055,46.54999923706055,46.54999923706055,46.54999923706055,46.54999923706055,29
2014-10-30,45.650001525878906,45.650001525878906,45.650001525878906,45.650001525878906,45.650001525878906,11
2014-10-31,44.75,44.75,44.75,44.75,44.75,26
2014-11-03,43.900001525878906,43.900001525878906,43.900001525878906,43.900001525878906,43.900001525878906,190
2014-11-05,43.04999923706055,43.04999923706055,43.04999923706055,43.04999923706055,43.04999923706055,1
2014-11-07,42.20000076293945,42.20000076293945,42.20000076293945,42.20000076293945,42.20000076293945,2
2014-11-10,41.400001525878906,41.400001525878906,41.400001525878906,41.400001525878906,41.400001525878906,1
2014-11-11,40.599998474121094,40.599998474121094,40.599998474121094,40.599998474121094,40.599998474121094,1
2014-11-12,39.79999923706055,39.79999923706055,39.79999923706055,39.79999923706055,39.79999923706055,22
2014-11-13,39.04999923706055,39.04999923706055,39.04999923706055,39.04999923706055,39.04999923706055,1
2014-11-14,38.29999923706055,38.29999923706055,38.29999923706055,38.29999923706055,38.29999923706055,2
2014-11-17,37.54999923706055,37.54999923706055,37.54999923706055,37.54999923706055,37.54999923706055,7
2014-11-18,36.79999923706055,36.79999923706055,36.79999923706055,36.79999923706055,36.79999923706055,2
2014-11-19,36.099998474121094,36.099998474121094,36.099998474121094,36.099998474121094,36.099998474121094,9
2014-11-20,35.400001525878906,35.400001525878906,35.400001525878906,35.400001525878906,35.400001525878906,147
2014-11-21,34.70000076293945,34.70000076293945,34.70000076293945,34.70000076293945,34.70000076293945,20
2014-11-24,34.04999923706055,34.04999923706055,34.04999923706055,34.04999923706055,34.04999923706055,223
2014-11-25,33.400001525878906,33.400001525878906,33.400001525878906,33.400001525878906,33.400001525878906,100
2014-11-26,32.75,32.75,32.75,32.75,32.75,56
2014-11-27,32.099998474121094,32.099998474121094,32.099998474121094,32.099998474121094,32.099998474121094,5
2014-11-28,31.5,31.5,31.5,31.5,31.5,26
2014-12-01,30.899999618530273,30.899999618530273,30.899999618530273,30.899999618530273,30.899999618530273,1
2014-12-02,30.299999237060547,30.299999237060547,30.299999237060547,30.299999237060547,30.299999237060547,1
2014-12-03,29.700000762939453,29.700000762939453,29.700000762939453,29.700000762939453,29.700000762939453,85
2014-12-04,29.149999618530273,29.149999618530273,29.149999618530273,29.149999618530273,29.149999618530273,32
2014-12-05,28.600000381469727,28.600000381469727,28.600000381469727,28.600000381469727,28.600000381469727,517
2014-12-08,28.049999237060547,28.049999237060547,28.049999237060547,28.049999237060547,28.049999237060547,35
2014-12-09,27.5,27.5,27.5,27.5,27.5,2
2014-12-10,26.950000762939453,26.950000762939453,26.950000762939453,26.950000762939453,26.950000762939453,1000
2014-12-11,26.450000762939453,26.450000762939453,26.450000762939453,26.450000762939453,26.450000762939453,970
2014-12-12,25.950000762939453,26.950000762939453,25.950000762939453,25.950000762939453,25.950000762939453,2669
2014-12-15,25.450000762939453,25.450000762939453,25.450000762939453,25.450000762939453,25.450000762939453,100
2014-12-16,25.450000762939453,25.450000762939453,24.950000762939453,24.950000762939453,24.950000762939453,4
2014-12-17,24.5,24.5,24.5,24.5,24.5,25
2014-12-18,24.950000762939453,24.950000762939453,24.049999237060547,24.049999237060547,24.049999237060547,50011
2014-12-19,24.049999237060547,24.5,23.600000381469727,24.5,24.5,76094
2014-12-22,24.5,24.5,24.5,24.5,24.5,0
2014-12-23,24.5,24.5,24.5,24.5,24.5,0
2014-12-24,24.049999237060547,24.200000762939453,24.049999237060547,24.049999237060547,24.049999237060547,1992
2014-12-26,23.799999237060547,23.799999237060547,23.799999237060547,23.799999237060547,23.799999237060547,1
2014-12-29,23.799999237060547,23.799999237060547,23.799999237060547,23.799999237060547,23.799999237060547,0
2014-12-30,23.350000381469727,23.350000381469727,23.350000381469727,23.350000381469727,23.350000381469727,1
2014-12-31,23.799999237060547,23.799999237060547,23.0,23.100000381469727,23.100000381469727,15
2015-01-01,23.549999237060547,23.549999237060547,23.0,23.0,23.0,100
2015-01-02,21.850000381469727,21.850000381469727,21.850000381469727,21.850000381469727,21.850000381469727,3
2015-01-05,20.799999237060547,20.799999237060547,20.799999237060547,20.799999237060547,20.799999237060547,1
2015-01-06,19.799999237060547,19.799999237060547,19.799999237060547,19.799999237060547,19.799999237060547,1
2015-01-07,18.850000381469727,18.850000381469727,18.850000381469727,18.850000381469727,18.850000381469727,1
2015-01-08,17.950000762939453,17.950000762939453,17.950000762939453,17.950000762939453,17.950000762939453,1
2015-01-09,17.100000381469727,17.100000381469727,17.100000381469727,17.100000381469727,17.100000381469727,1
2015-01-12,17.100000381469727,17.100000381469727,17.100000381469727,17.100000381469727,17.100000381469727,0
2015-01-13,17.950000762939453,17.950000762939453,16.25,16.25,16.25,25747
2015-01-14,15.449999809265137,17.0,15.449999809265137,16.649999618530273,16.649999618530273,52620
2015-01-15,17.0,17.450000762939453,17.0,17.350000381469727,17.350000381469727,50501
2015-01-16,18.200000762939453,18.200000762939453,18.200000762939453,18.200000762939453,18.200000762939453,10
2015-01-19,19.100000381469727,19.100000381469727,19.100000381469727,19.100000381469727,19.100000381469727,2170
2015-01-20,19.399999618530273,20.049999237060547,18.149999618530273,18.350000381469727,18.350000381469727,50604
2015-01-21,17.450000762939453,18.5,17.450000762939453,17.5,17.5,50004
2015-01-22,16.799999237060547,17.899999618530273,16.799999237060547,17.899999618530273,17.899999618530273,104
2015-01-23,17.5,17.5,17.5,17.5,17.5,1
2015-01-27,17.5,17.5,17.5,17.5,17.5,0
2015-01-28,17.5,17.5,17.5,17.5,17.5,0
2015-01-29,17.5,17.5,17.5,17.5,17.5,0
2015-01-30,18.549999237060547,18.549999237060547,17.100000381469727,18.549999237060547,18.549999237060547,50201
2015-02-02,17.649999618530273,17.649999618530273,17.649999618530273,17.649999618530273,17.649999618530273,1
2015-02-03,18.0,18.5,18.0,18.5,18.5,100002
2015-02-04,18.850000381469727,18.850000381469727,18.850000381469727,18.850000381469727,18.850000381469727,1
2015-02-05,19.0,19.75,17.950000762939453,17.950000762939453,17.950000762939453,20508
2015-02-06,17.549999237060547,17.549999237060547,17.549999237060547,17.549999237060547,17.549999237060547,1
2015-02-09,16.700000762939453,18.0,16.700000762939453,18.0,18.0,60003
2015-02-10,17.100000381469727,17.100000381469727,17.100000381469727,17.100000381469727,17.100000381469727,100
2015-02-11,16.25,17.950000762939453,16.25,17.950000762939453,17.950000762939453,75208
2015-02-12,18.799999237060547,18.799999237060547,17.200000762939453,17.200000762939453,17.200000762939453,153605
2015-02-13,18.049999237060547,18.049999237060547,18.049999237060547,18.049999237060547,18.049999237060547,108
2015-02-16,18.049999237060547,18.049999237060547,18.049999237060547,18.049999237060547,18.049999237060547,0
2015-02-18,17.25,17.5,17.25,17.5,17.5,78051
2015-02-19,16.700000762939453,16.700000762939453,16.700000762939453,16.700000762939453,16.700000762939453,75050
2015-02-20,17.0,17.5,17.0,17.5,17.5,106425
2015-02-23,18.350000381469727,18.350000381469727,17.5,17.5,17.5,100100
2015-02-24,17.0,17.549999237060547,17.0,17.549999237060547,17.549999237060547,136853
2015-02-25,17.0,18.399999618530273,17.0,18.399999618530273,18.399999618530273,600
2015-02-26,19.299999237060547,19.299999237060547,17.5,19.25,19.25,1503
2015-02-27,18.299999237060547,20.0,18.299999237060547,20.0,20.0,61275
2015-03-02,20.0,20.0,20.0,20.0,20.0,0
2015-03-03,20.0,20.0,20.0,20.0,20.0,0
2015-03-04,19.450000762939453,19.450000762939453,19.450000762939453,19.450000762939453,19.450000762939453,1100
2015-03-05,19.450000762939453,19.450000762939453,19.450000762939453,19.450000762939453,19.450000762939453,0
2015-03-09,20.399999618530273,20.399999618530273,20.25,20.25,20.25,2100
2015-03-10,20.25,20.25,20.25,20.25,20.25,0
2015-03-11,20.25,20.25,20.25,20.25,20.25,0
2015-03-12,20.950000762939453,20.950000762939453,20.950000762939453,20.950000762939453,20.950000762939453,100
2015-03-13,20.0,20.0,20.0,20.0,20.0,58
2015-03-16,19.0,19.700000762939453,19.0,19.600000381469727,19.600000381469727,6
2015-03-17,19.600000381469727,19.600000381469727,19.600000381469727,19.600000381469727,19.600000381469727,0
2015-03-18,20.399999618530273,20.399999618530273,18.649999618530273,18.649999618530273,18.649999618530273,11
2015-03-19,19.549999237060547,19.549999237060547,19.549999237060547,19.549999237060547,19.549999237060547,143000
2015-03-20,20.450000762939453,20.450000762939453,20.450000762939453,20.450000762939453,20.450000762939453,403
2015-03-23,21.399999618530273,21.399999618530273,19.950000762939453,19.950000762939453,19.950000762939453,8305
2015-03-24,19.950000762939453,20.0,19.950000762939453,20.0,20.0,15000
2015-03-25,21.0,21.0,21.0,21.0,21.0,50
2015-03-26,21.950000762939453,21.950000762939453,19.950000762939453,19.950000762939453,19.950000762939453,11
2015-03-27,20.799999237060547,20.799999237060547,19.0,19.0,19.0,25372
2015-03-30,18.049999237060547,18.049999237060547,18.049999237060547,18.049999237060547,18.049999237060547,58150
2015-03-31,18.049999237060547,18.049999237060547,18.049999237060547,18.049999237060547,18.049999237060547,0
2015-04-01,18.049999237060547,18.049999237060547,18.049999237060547,18.049999237060547,18.049999237060547,0
2015-04-06,18.049999237060547,18.049999237060547,18.049999237060547,18.049999237060547,18.049999237060547,0
2015-04-07,18.049999237060547,18.049999237060547,18.049999237060547,18.049999237060547,18.049999237060547,0
2015-04-08,18.049999237060547,18.049999237060547,18.049999237060547,18.049999237060547,18.049999237060547,0
2015-04-09,18.049999237060547,18.049999237060547,18.049999237060547,18.049999237060547,18.049999237060547,0
2015-04-10,18.049999237060547,18.049999237060547,18.049999237060547,18.049999237060547,18.049999237060547,0
2015-04-13,18.049999237060547,18.049999237060547,18.049999237060547,18.049999237060547,18.049999237060547,0
2015-04-15,17.25,17.25,17.25,17.25,17.25,102
2015-04-16,17.25,17.25,17.25,17.25,17.25,0
2015-04-17,16.5,16.5,16.5,16.5,16.5,198
2015-04-20,16.5,16.5,16.5,16.5,16.5,0
2015-04-21,16.5,16.5,16.5,16.5,16.5,0
2015-04-22,17.299999237060547,17.299999237060547,17.299999237060547,17.299999237060547,17.299999237060547,1000
2015-04-23,17.299999237060547,17.299999237060547,17.299999237060547,17.299999237060547,17.299999237060547,0
2015-04-24,17.299999237060547,17.299999237060547,17.299999237060547,17.299999237060547,17.299999237060547,0
2015-04-27,17.299999237060547,17.299999237060547,17.299999237060547,17.299999237060547,17.299999237060547,0
2015-04-28,17.299999237060547,17.299999237060547,17.299999237060547,17.299999237060547,17.299999237060547,0
2015-04-29,17.299999237060547,17.299999237060547,17.299999237060547,17.299999237060547,17.299999237060547,0
2015-04-30,17.299999237060547,17.299999237060547,17.299999237060547,17.299999237060547,17.299999237060547,0
2015-05-04,17.299999237060547,17.299999237060547,17.299999237060547,17.299999237060547,17.299999237060547,0
2015-05-05,17.299999237060547,17.299999237060547,17.299999237060547,17.299999237060547,17.299999237060547,0
2015-05-06,17.299999237060547,17.299999237060547,17.299999237060547,17.299999237060547,17.299999237060547,0
2015-05-07,17.299999237060547,17.299999237060547,17.299999237060547,17.299999237060547,17.299999237060547,0
2015-05-08,17.299999237060547,17.299999237060547,17.299999237060547,17.299999237060547,17.299999237060547,0
2015-05-11,17.299999237060547,17.299999237060547,17.299999237060547,17.299999237060547,17.299999237060547,0
2015-05-12,17.299999237060547,17.299999237060547,17.299999237060547,17.299999237060547,17.299999237060547,0
2015-05-13,17.299999237060547,17.299999237060547,17.299999237060547,17.299999237060547,17.299999237060547,0
2015-05-14,17.299999237060547,17.299999237060547,17.299999237060547,17.299999237060547,17.299999237060547,0
2015-05-15,17.299999237060547,17.299999237060547,17.299999237060547,17.299999237060547,17.299999237060547,0
2015-05-18,16.450000762939453,16.450000762939453,16.450000762939453,18.0,18.0,100
2015-05-19,17.100000381469727,17.100000381469727,17.100000381469727,17.100000381469727,17.100000381469727,12700
2015-05-20,17.100000381469727,17.100000381469727,17.100000381469727,17.100000381469727,17.100000381469727,0
2015-05-21,17.100000381469727,17.100000381469727,17.100000381469727,17.100000381469727,17.100000381469727,0
2015-05-22,17.100000381469727,17.100000381469727,17.100000381469727,17.100000381469727,17.100000381469727,0
2015-05-25,17.100000381469727,17.100000381469727,17.100000381469727,17.100000381469727,17.100000381469727,0
2015-05-26,17.100000381469727,17.100000381469727,17.100000381469727,17.100000381469727,17.100000381469727,0
2015-05-27,17.100000381469727,17.100000381469727,17.100000381469727,17.100000381469727,17.100000381469727,0
2015-05-28,17.100000381469727,17.100000381469727,17.100000381469727,17.100000381469727,17.100000381469727,0
2015-05-29,17.899999618530273,17.950000762939453,17.899999618530273,17.950000762939453,17.950000762939453,10
2015-06-01,18.75,18.799999237060547,18.75,18.799999237060547,18.799999237060547,10
2015-06-02,18.799999237060547,18.799999237060547,18.799999237060547,18.799999237060547,18.799999237060547,0
2015-06-03,18.799999237060547,18.799999237060547,18.799999237060547,18.799999237060547,18.799999237060547,0
2015-06-04,18.799999237060547,18.799999237060547,18.799999237060547,18.799999237060547,18.799999237060547,0
2015-06-05,18.799999237060547,18.799999237060547,18.799999237060547,18.799999237060547,18.799999237060547,0
2015-06-08,18.799999237060547,18.799999237060547,18.799999237060547,18.799999237060547,18.799999237060547,0
2015-06-09,18.799999237060547,18.799999237060547,18.799999237060547,18.799999237060547,18.799999237060547,0
2015-06-10,18.799999237060547,18.799999237060547,18.799999237060547,18.799999237060547,18.799999237060547,0
2015-06-11,18.799999237060547,18.799999237060547,18.799999237060547,18.799999237060547,18.799999237060547,0
2015-06-12,18.799999237060547,18.799999237060547,18.799999237060547,18.799999237060547,18.799999237060547,0
2015-06-15,18.799999237060547,18.799999237060547,18.799999237060547,18.799999237060547,18.799999237060547,0
2015-06-16,18.799999237060547,18.799999237060547,18.799999237060547,18.799999237060547,18.799999237060547,0
2015-06-17,18.799999237060547,18.799999237060547,18.799999237060547,18.799999237060547,18.799999237060547,0
2015-06-18,18.799999237060547,18.799999237060547,18.799999237060547,18.799999237060547,18.799999237060547,0
2015-06-19,18.799999237060547,18.799999237060547,18.799999237060547,18.799999237060547,18.799999237060547,0
2015-06-22,19.5,19.5,19.5,19.5,19.5,10
2015-06-23,19.5,19.5,19.5,19.5,19.5,0
2015-06-24,20.399999618530273,20.399999618530273,20.399999618530273,20.399999618530273,20.399999618530273,10
2015-06-25,21.399999618530273,21.399999618530273,21.0,21.0,21.0,20
2015-06-26,21.0,21.0,21.0,21.0,21.0,0
2015-06-29,21.0,21.0,21.0,21.0,21.0,0
2015-06-30,21.950000762939453,21.950000762939453,21.950000762939453,21.950000762939453,21.950000762939453,2
2015-07-01,21.950000762939453,21.950000762939453,21.950000762939453,21.950000762939453,21.950000762939453,0
2015-07-02,21.899999618530273,21.899999618530273,21.899999618530273,21.899999618530273,21.899999618530273,2
2015-07-03,21.0,21.0,21.0,21.0,21.0,3
2015-07-06,22.049999237060547,22.049999237060547,22.049999237060547,22.049999237060547,22.049999237060547,100
2015-07-07,22.049999237060547,22.049999237060547,22.049999237060547,22.049999237060547,22.049999237060547,0
2015-07-08,20.950000762939453,20.950000762939453,20.950000762939453,20.950000762939453,20.950000762939453,3
2015-07-09,19.950000762939453,19.950000762939453,19.950000762939453,19.950000762939453,19.950000762939453,1
2015-07-10,19.950000762939453,19.950000762939453,19.950000762939453,19.950000762939453,19.950000762939453,0
2015-07-13,19.950000762939453,19.950000762939453,19.950000762939453,19.950000762939453,19.950000762939453,0
2015-07-14,19.25,19.25,19.0,19.0,19.0,5050
2015-07-15,19.0,19.0,19.0,19.0,19.0,0
2015-07-16,19.0,19.0,19.0,19.0,19.0,11
2015-07-17,19.0,19.0,18.100000381469727,19.0,19.0,311
2015-07-20,19.0,19.0,19.0,19.0,19.0,0
2015-07-21,19.0,19.0,19.0,19.0,19.0,0
2015-07-22,19.0,19.0,19.0,19.0,19.0,0
2015-07-23,19.0,19.0,19.0,19.0,19.0,0
2015-07-24,18.100000381469727,18.100000381469727,18.100000381469727,18.100000381469727,18.100000381469727,221
2015-07-27,18.100000381469727,18.100000381469727,18.100000381469727,18.100000381469727,18.100000381469727,0
2015-07-28,18.100000381469727,18.100000381469727,18.100000381469727,18.100000381469727,18.100000381469727,0
2015-07-29,18.100000381469727,18.100000381469727,18.100000381469727,18.100000381469727,18.100000381469727,0
2015-07-30,18.100000381469727,18.100000381469727,18.100000381469727,18.100000381469727,18.100000381469727,0
2015-07-31,18.100000381469727,18.100000381469727,18.100000381469727,18.100000381469727,18.100000381469727,0
2015-08-03,18.100000381469727,18.100000381469727,18.100000381469727,18.100000381469727,18.100000381469727,0
2015-08-04,18.100000381469727,18.100000381469727,18.100000381469727,18.100000381469727,18.100000381469727,0
2015-08-05,18.100000381469727,18.100000381469727,18.100000381469727,18.100000381469727,18.100000381469727,0
2015-08-06,18.100000381469727,18.100000381469727,18.100000381469727,18.100000381469727,18.100000381469727,0
2015-08-07,18.5,18.5,17.200000762939453,17.200000762939453,17.200000762939453,80
2015-08-10,17.200000762939453,17.200000762939453,17.200000762939453,17.200000762939453,17.200000762939453,0
2015-08-11,18.049999237060547,18.049999237060547,18.049999237060547,18.049999237060547,18.049999237060547,11
2015-08-12,18.5,18.5,18.5,18.5,18.5,300
2015-08-13,18.5,18.5,18.5,18.5,18.5,0
2015-08-14,18.5,18.5,18.5,18.5,18.5,0
2015-08-17,18.5,18.5,18.5,18.5,18.5,0
2015-08-18,17.600000381469727,17.600000381469727,17.600000381469727,17.600000381469727,17.600000381469727,21
2015-08-19,18.450000762939453,18.450000762939453,18.450000762939453,18.450000762939453,18.450000762939453,89
2015-08-20,18.0,18.0,18.0,18.0,18.0,200
2015-08-21,18.0,18.0,18.0,18.0,18.0,0
2015-08-24,17.100000381469727,17.100000381469727,17.100000381469727,17.100000381469727,17.100000381469727,200
2015-08-25,17.100000381469727,17.100000381469727,17.100000381469727,17.100000381469727,17.100000381469727,0
2015-08-26,17.950000762939453,17.950000762939453,16.25,16.25,16.25,22
2015-08-27,17.049999237060547,17.049999237060547,15.550000190734863,15.550000190734863,15.550000190734863,380
2015-08-28,15.550000190734863,15.550000190734863,15.550000190734863,15.550000190734863,15.550000190734863,0
2015-08-31,15.550000190734863,15.550000190734863,15.550000190734863,15.550000190734863,15.550000190734863,0
2015-09-01,15.550000190734863,15.550000190734863,15.550000190734863,15.550000190734863,15.550000190734863,0
2015-09-02,16.299999237060547,16.299999237060547,14.800000190734863,14.800000190734863,14.800000190734863,202
2015-09-03,14.100000381469727,14.100000381469727,14.100000381469727,14.100000381469727,14.100000381469727,766
2015-09-04,13.399999618530273,14.699999809265137,13.399999618530273,14.699999809265137,14.699999809265137,1002
2015-09-07,15.399999618530273,15.399999618530273,15.399999618530273,15.399999618530273,15.399999618530273,50
2015-09-08,16.100000381469727,16.100000381469727,14.649999618530273,14.899999618530273,14.899999618530273,571
2015-09-09,14.199999809265137,15.550000190734863,14.199999809265137,15.550000190734863,15.550000190734863,400
2015-09-10,16.299999237060547,16.299999237060547,16.299999237060547,16.299999237060547,16.299999237060547,11
2015-09-11,17.049999237060547,17.049999237060547,17.049999237060547,17.049999237060547,17.049999237060547,50
2015-09-14,17.049999237060547,17.049999237060547,17.049999237060547,17.049999237060547,17.049999237060547,0
2015-09-15,17.049999237060547,17.049999237060547,17.049999237060547,17.049999237060547,17.049999237060547,0
2015-09-16,17.049999237060547,17.049999237060547,17.049999237060547,17.049999237060547,17.049999237060547,0
2015-09-18,17.049999237060547,17.049999237060547,17.049999237060547,17.049999237060547,17.049999237060547,0
2015-09-21,16.200000762939453,16.200000762939453,16.200000762939453,16.200000762939453,16.200000762939453,12
2015-09-22,15.449999809265137,15.449999809265137,15.449999809265137,15.449999809265137,15.449999809265137,77
2015-09-23,14.699999809265137,14.699999809265137,14.699999809265137,14.699999809265137,14.699999809265137,501
2015-09-24,14.699999809265137,14.699999809265137,14.699999809265137,14.699999809265137,14.699999809265137,0
2015-09-28,14.699999809265137,14.699999809265137,14.699999809265137,14.699999809265137,14.699999809265137,0
2015-09-29,14.699999809265137,14.699999809265137,14.699999809265137,14.699999809265137,14.699999809265137,0
2015-09-30,14.0,14.0,14.0,14.0,14.0,50
2015-10-01,14.649999618530273,14.699999809265137,13.300000190734863,13.300000190734863,13.300000190734863,221
2015-10-05,13.300000190734863,13.300000190734863,13.300000190734863,13.300000190734863,13.300000190734863,0
2015-10-06,13.300000190734863,13.300000190734863,13.300000190734863,13.300000190734863,13.300000190734863,0
2015-10-07,12.65999984741211,12.65999984741211,12.65999984741211,12.65999984741211,12.65999984741211,11
2015-10-08,12.65999984741211,12.65999984741211,12.65999984741211,12.65999984741211,12.65999984741211,0
2015-10-09,13.289999961853027,13.289999961853027,13.289999961853027,13.289999961853027,13.289999961853027,100
2015-10-12,13.289999961853027,13.289999961853027,13.0,13.0,13.0,60000
2015-10-13,13.649999618530273,13.649999618530273,13.649999618530273,13.649999618530273,13.649999618530273,54744
2015-10-14,14.329999923706055,14.329999923706055,14.329999923706055,14.329999923706055,14.329999923706055,21
2015-10-15,15.039999961853027,15.039999961853027,15.039999961853027,15.039999961853027,15.039999961853027,1010
2015-10-16,15.789999961853027,15.789999961853027,15.789999961853027,15.789999961853027,15.789999961853027,90
2015-10-19,15.020000457763672,16.559999465942383,15.020000457763672,15.020000457763672,15.020000457763672,507
2015-10-20,15.770000457763672,15.770000457763672,15.770000457763672,15.770000457763672,15.770000457763672,22
2015-10-21,14.989999771118164,14.989999771118164,14.989999771118164,14.989999771118164,14.989999771118164,511
2015-10-23,15.699999809265137,15.699999809265137,14.25,14.619999885559082,14.619999885559082,1162
2015-10-26,14.619999885559082,14.619999885559082,14.619999885559082,14.619999885559082,14.619999885559082,0
2015-10-27,13.890000343322754,15.34000015258789,13.890000343322754,15.34000015258789,15.34000015258789,511
2015-10-28,16.049999237060547,16.049999237060547,14.600000381469727,14.600000381469727,14.600000381469727,206
2015-10-29,13.869999885559082,13.880000114440918,13.869999885559082,13.880000114440918,13.880000114440918,312
2015-10-30,13.25,13.25,13.25,13.25,13.25,500
2015-11-02,13.25,13.25,13.25,13.25,13.25,0
2015-11-03,13.25,13.25,13.25,13.25,13.25,0
2015-11-04,13.25,13.25,13.25,13.25,13.25,0
2015-11-05,12.609999656677246,12.609999656677246,12.609999656677246,12.609999656677246,12.609999656677246,100
2015-11-06,11.979999542236328,11.979999542236328,11.979999542236328,11.979999542236328,11.979999542236328,11
2015-11-09,11.979999542236328,11.979999542236328,11.979999542236328,11.979999542236328,11.979999542236328,0
2015-11-10,11.390000343322754,11.390000343322754,11.390000343322754,11.390000343322754,11.390000343322754,401
2015-11-13,11.390000343322754,11.390000343322754,11.390000343322754,11.390000343322754,11.390000343322754,0
2015-11-16,11.390000343322754,11.390000343322754,11.390000343322754,11.390000343322754,11.390000343322754,0
2015-11-17,11.0,11.949999809265137,11.0,11.949999809265137,11.949999809265137,85151
2015-11-18,11.949999809265137,11.949999809265137,11.949999809265137,11.949999809265137,11.949999809265137,0
2015-11-19,12.539999961853027,12.539999961853027,12.539999961853027,12.539999961853027,12.539999961853027,200
2015-11-20,12.539999961853027,12.539999961853027,12.539999961853027,12.539999961853027,12.539999961853027,0
2015-11-23,13.15999984741211,13.15999984741211,13.15999984741211,13.15999984741211,13.15999984741211,1
2015-11-24,13.8100004196167,13.8100004196167,13.8100004196167,13.8100004196167,13.8100004196167,1
2015-11-26,14.5,14.5,14.5,14.5,14.5,62
2015-11-27,15.039999961853027,15.039999961853027,15.039999961853027,15.039999961853027,15.039999961853027,20
2015-11-30,15.789999961853027,15.789999961853027,15.789999961853027,15.789999961853027,15.789999961853027,10
2015-12-01,16.549999237060547,16.549999237060547,16.549999237060547,16.549999237060547,16.549999237060547,240
2015-12-02,17.350000381469727,17.350000381469727,17.350000381469727,17.350000381469727,17.350000381469727,1
2015-12-03,18.0,18.0,18.0,18.0,18.0,100
2015-12-04,18.0,18.0,18.0,18.0,18.0,50
2015-12-07,18.899999618530273,18.899999618530273,18.899999618530273,18.899999618530273,18.899999618530273,200
2015-12-08,19.799999237060547,19.799999237060547,18.899999618530273,19.799999237060547,19.799999237060547,86605
2015-12-09,19.899999618530273,20.5,19.899999618530273,20.5,20.5,21307
2015-12-10,20.5,20.5,20.5,20.5,20.5,50
2015-12-11,20.5,20.5,19.5,20.399999618530273,20.399999618530273,3000
2015-12-14,19.899999618530273,20.450000762939453,19.600000381469727,20.450000762939453,20.450000762939453,2672
2015-12-15,20.0,20.0,19.5,19.5,19.5,620
2015-12-16,19.5,19.5,19.5,19.5,19.5,0
2015-12-17,19.049999237060547,19.049999237060547,19.0,19.0,19.0,240
2015-12-18,19.0,19.0,19.0,19.0,19.0,0
2015-12-21,19.0,19.0,19.0,19.0,19.0,0
2015-12-22,19.0,19.0,19.0,19.0,19.0,150
2015-12-23,18.049999237060547,19.950000762939453,18.049999237060547,18.700000762939453,18.700000762939453,3874
2015-12-24,18.649999618530273,19.600000381469727,18.600000381469727,19.350000381469727,19.350000381469727,10050
2015-12-28,20.299999237060547,20.299999237060547,19.299999237060547,20.299999237060547,20.299999237060547,2205
2015-12-29,20.5,20.5,20.5,20.5,20.5,500
2015-12-30,19.5,19.5,19.5,19.5,19.5,6
2015-12-31,19.5,19.5,19.5,19.5,19.5,0
2016-01-01,19.5,19.5,19.5,19.5,19.5,100
2016-01-04,19.450000762939453,20.450000762939453,19.450000762939453,19.549999237060547,19.549999237060547,4233
2016-01-05,19.5,19.5,18.600000381469727,19.5,19.5,424
2016-01-06,18.549999237060547,19.450000762939453,18.549999237060547,18.75,18.75,1002
2016-01-07,18.799999237060547,19.649999618530273,18.799999237060547,19.649999618530273,19.649999618530273,406
2016-01-08,20.600000381469727,20.600000381469727,20.600000381469727,20.600000381469727,20.600000381469727,49024
2016-01-11,21.600000381469727,21.600000381469727,21.600000381469727,21.600000381469727,21.600000381469727,128
2016-01-12,20.799999237060547,21.600000381469727,20.799999237060547,21.0,21.0,36160
2016-01-13,22.049999237060547,22.049999237060547,21.049999237060547,21.200000762939453,21.200000762939453,330
2016-01-14,21.049999237060547,22.25,21.0,22.25,22.25,615
2016-01-15,23.350000381469727,23.350000381469727,21.700000762939453,23.200000762939453,23.200000762939453,1695
2016-01-18,22.049999237060547,24.200000762939453,22.049999237060547,22.049999237060547,22.049999237060547,56375
2016-01-19,21.0,22.049999237060547,20.950000762939453,20.950000762939453,20.950000762939453,8136
2016-01-20,19.950000762939453,20.299999237060547,19.950000762939453,19.950000762939453,19.950000762939453,1320
2016-01-21,19.049999237060547,19.25,19.049999237060547,19.25,19.25,205
2016-01-22,19.25,19.549999237060547,19.25,19.399999618530273,19.399999618530273,630
2016-01-25,20.0,20.0,18.450000762939453,18.5,18.5,100
2016-01-27,18.700000762939453,19.399999618530273,17.75,17.850000381469727,17.850000381469727,753
2016-01-28,18.700000762939453,18.700000762939453,17.850000381469727,17.850000381469727,17.850000381469727,128
2016-01-29,17.850000381469727,17.850000381469727,17.850000381469727,17.850000381469727,17.850000381469727,0
2016-02-01,17.850000381469727,17.850000381469727,17.850000381469727,17.850000381469727,17.850000381469727,0
2016-02-02,18.700000762939453,18.700000762939453,18.700000762939453,18.700000762939453,18.700000762939453,11
2016-02-03,18.700000762939453,18.700000762939453,18.700000762939453,18.700000762939453,18.700000762939453,0
2016-02-04,18.0,18.0,18.0,18.0,18.0,500
2016-02-05,18.0,18.0,18.0,18.0,18.0,0
2016-02-08,18.799999237060547,18.799999237060547,18.799999237060547,18.799999237060547,18.799999237060547,100
2016-02-09,18.799999237060547,18.799999237060547,17.899999618530273,17.899999618530273,17.899999618530273,111
2016-02-10,18.75,18.75,17.100000381469727,17.100000381469727,17.100000381469727,254
2016-02-11,17.200000762939453,17.5,17.200000762939453,17.5,17.5,20
2016-02-12,17.5,17.5,17.5,17.5,17.5,0
2016-02-15,17.5,17.5,17.049999237060547,17.049999237060547,17.049999237060547,115
2016-02-16,16.200000762939453,17.899999618530273,16.200000762939453,16.25,16.25,163
2016-02-17,15.449999809265137,15.449999809265137,15.449999809265137,15.449999809265137,15.449999809265137,217
2016-02-18,14.800000190734863,14.800000190734863,14.699999809265137,14.699999809265137,14.699999809265137,1500
2016-02-19,14.699999809265137,14.699999809265137,14.699999809265137,14.699999809265137,14.699999809265137,0
2016-02-22,14.699999809265137,14.699999809265137,14.699999809265137,14.699999809265137,14.699999809265137,0
2016-02-23,14.100000381469727,15.100000381469727,14.0,14.050000190734863,14.050000190734863,2226
2016-02-24,13.350000381469727,14.75,13.350000381469727,13.350000381469727,13.350000381469727,237
2016-02-25,12.75,14.0,12.699999809265137,12.75,12.75,2695
2016-02-26,12.350000381469727,13.100000381469727,12.149999618530273,12.300000190734863,12.300000190734863,2212
2016-02-29,11.699999809265137,12.899999618530273,11.699999809265137,11.75,11.75,617
2016-03-01,11.210000038146973,12.329999923706055,11.170000076293945,11.1899995803833,11.1899995803833,3442
2016-03-02,11.739999771118164,11.739999771118164,11.25,11.25,11.25,1211
2016-03-03,11.8100004196167,11.8100004196167,10.710000038146973,11.800000190734863,11.800000190734863,2004
2016-03-04,12.0,12.390000343322754,11.25,11.430000305175781,11.430000305175781,3110
2016-03-08,12.0,12.0,11.25,11.460000038146973,11.460000038146973,3176
2016-03-09,12.029999732971191,12.029999732971191,11.989999771118164,12.029999732971191,12.029999732971191,30655
2016-03-10,12.09000015258789,12.09000015258789,12.0,12.0,12.0,13000
2016-03-11,12.0,12.0,12.0,12.0,12.0,0
2016-03-14,12.0,12.0,11.449999809265137,11.449999809265137,11.449999809265137,22091
2016-03-15,11.0,11.0,11.0,11.0,11.0,11
2016-03-16,11.0,11.0,10.649999618530273,10.65999984741211,10.65999984741211,15137
2016-03-17,10.65999984741211,10.65999984741211,10.65999984741211,10.65999984741211,10.65999984741211,0
2016-03-18,11.1899995803833,11.1899995803833,11.0,11.1899995803833,11.1899995803833,87520
2016-03-21,11.739999771118164,11.739999771118164,11.739999771118164,11.739999771118164,11.739999771118164,500
2016-03-22,11.739999771118164,11.739999771118164,11.739999771118164,11.739999771118164,11.739999771118164,0
2016-03-23,11.15999984741211,11.15999984741211,11.15999984741211,11.15999984741211,11.15999984741211,10
2016-03-28,11.15999984741211,11.15999984741211,11.15999984741211,11.15999984741211,11.15999984741211,0
2016-03-29,10.609999656677246,11.699999809265137,10.609999656677246,10.609999656677246,10.609999656677246,7076
2016-03-30,10.079999923706055,11.140000343322754,10.079999923706055,10.079999923706055,10.079999923706055,100823
2016-03-31,10.079999923706055,10.079999923706055,10.079999923706055,10.079999923706055,10.079999923706055,0
2016-04-01,10.079999923706055,10.079999923706055,10.079999923706055,10.079999923706055,10.079999923706055,0
2016-04-04,10.079999923706055,10.079999923706055,10.079999923706055,10.079999923706055,10.079999923706055,0
2016-04-05,10.079999923706055,10.079999923706055,10.079999923706055,10.079999923706055,10.079999923706055,0
2016-04-06,10.079999923706055,10.079999923706055,10.079999923706055,10.079999923706055,10.079999923706055,0
2016-04-07,10.079999923706055,10.079999923706055,10.079999923706055,10.079999923706055,10.079999923706055,0
2016-04-08,10.079999923706055,10.079999923706055,10.079999923706055,10.079999923706055,10.079999923706055,0
2016-04-11,10.079999923706055,10.079999923706055,10.079999923706055,10.079999923706055,10.079999923706055,0
2016-04-12,10.079999923706055,10.079999923706055,10.079999923706055,10.079999923706055,10.079999923706055,0
2016-04-13,10.079999923706055,10.079999923706055,10.079999923706055,10.079999923706055,10.079999923706055,0
2016-04-18,10.079999923706055,10.079999923706055,10.079999923706055,10.079999923706055,10.079999923706055,0
2016-04-20,10.079999923706055,10.079999923706055,10.079999923706055,10.079999923706055,10.079999923706055,0
2016-04-21,10.079999923706055,10.079999923706055,10.079999923706055,10.079999923706055,10.079999923706055,0
2016-04-22,10.079999923706055,10.079999923706055,10.079999923706055,10.079999923706055,10.079999923706055,0
2016-04-25,10.079999923706055,10.079999923706055,10.079999923706055,10.079999923706055,10.079999923706055,0
2016-04-26,10.079999923706055,10.079999923706055,10.079999923706055,10.079999923706055,10.079999923706055,0
2016-04-27,10.079999923706055,10.079999923706055,10.079999923706055,10.079999923706055,10.079999923706055,0
2016-04-28,10.079999923706055,10.079999923706055,10.079999923706055,10.079999923706055,10.079999923706055,0
2016-04-29,10.079999923706055,10.079999923706055,10.079999923706055,10.079999923706055,10.079999923706055,0
2016-05-02,10.079999923706055,10.079999923706055,10.079999923706055,10.079999923706055,10.079999923706055,0
2016-05-03,10.079999923706055,10.079999923706055,10.079999923706055,10.079999923706055,10.079999923706055,0
2016-05-04,10.079999923706055,10.079999923706055,10.079999923706055,10.079999923706055,10.079999923706055,0
2016-05-05,10.079999923706055,10.079999923706055,10.079999923706055,10.079999923706055,10.079999923706055,0
2016-05-06,10.079999923706055,10.079999923706055,10.079999923706055,10.079999923706055,10.079999923706055,0
2016-05-09,10.079999923706055,10.079999923706055,10.079999923706055,10.079999923706055,10.079999923706055,0
2016-05-10,10.079999923706055,10.079999923706055,10.079999923706055,10.079999923706055,10.079999923706055,0
2016-05-11,10.079999923706055,10.079999923706055,10.079999923706055,10.079999923706055,10.079999923706055,0
2016-05-12,10.079999923706055,10.079999923706055,10.079999923706055,10.079999923706055,10.079999923706055,0
2016-05-13,10.079999923706055,10.079999923706055,10.079999923706055,10.079999923706055,10.079999923706055,0
2016-05-16,10.079999923706055,10.079999923706055,10.079999923706055,10.079999923706055,10.079999923706055,0
2016-05-17,10.079999923706055,10.079999923706055,10.079999923706055,10.079999923706055,10.079999923706055,0
2016-05-18,10.079999923706055,10.079999923706055,10.079999923706055,10.079999923706055,10.079999923706055,0
2016-05-19,10.079999923706055,10.079999923706055,10.079999923706055,10.079999923706055,10.079999923706055,0
2016-05-20,10.079999923706055,10.079999923706055,10.079999923706055,10.079999923706055,10.079999923706055,0
2016-05-23,10.079999923706055,10.079999923706055,10.079999923706055,10.079999923706055,10.079999923706055,0
2016-05-24,10.079999923706055,10.079999923706055,10.079999923706055,10.079999923706055,10.079999923706055,0
2016-05-25,10.079999923706055,10.079999923706055,10.079999923706055,10.079999923706055,10.079999923706055,0
2016-05-26,10.079999923706055,10.079999923706055,10.079999923706055,10.079999923706055,10.079999923706055,0
2016-05-27,10.079999923706055,10.079999923706055,10.079999923706055,10.079999923706055,10.079999923706055,0
2016-05-30,10.079999923706055,10.079999923706055,10.079999923706055,10.079999923706055,10.079999923706055,0
2016-05-31,10.079999923706055,10.079999923706055,10.079999923706055,10.079999923706055,10.079999923706055,0
2016-06-01,10.079999923706055,10.079999923706055,10.079999923706055,10.079999923706055,10.079999923706055,0
2016-06-02,10.079999923706055,10.079999923706055,10.079999923706055,10.079999923706055,10.079999923706055,0
2016-06-03,10.079999923706055,10.079999923706055,10.079999923706055,10.079999923706055,10.079999923706055,0
2016-06-06,10.079999923706055,10.079999923706055,10.079999923706055,10.079999923706055,10.079999923706055,0
2016-06-07,10.079999923706055,10.079999923706055,10.079999923706055,10.079999923706055,10.079999923706055,0
2016-06-08,10.079999923706055,10.079999923706055,10.079999923706055,10.079999923706055,10.079999923706055,0
2016-06-09,10.079999923706055,10.079999923706055,10.079999923706055,10.079999923706055,10.079999923706055,0
2016-06-10,10.079999923706055,10.079999923706055,10.079999923706055,10.079999923706055,10.079999923706055,0
2016-06-13,10.079999923706055,10.079999923706055,10.079999923706055,10.079999923706055,10.079999923706055,0
2016-06-14,10.079999923706055,10.079999923706055,10.079999923706055,10.079999923706055,10.079999923706055,0
2016-06-15,10.079999923706055,10.079999923706055,10.079999923706055,10.079999923706055,10.079999923706055,0
2016-06-16,10.079999923706055,10.079999923706055,10.079999923706055,10.079999923706055,10.079999923706055,0
2016-06-17,10.079999923706055,10.079999923706055,10.079999923706055,10.079999923706055,10.079999923706055,0
2016-06-20,10.079999923706055,10.079999923706055,10.079999923706055,10.079999923706055,10.079999923706055,0
2016-06-21,10.079999923706055,10.079999923706055,10.079999923706055,10.079999923706055,10.079999923706055,0
2016-06-22,10.079999923706055,10.079999923706055,10.079999923706055,10.079999923706055,10.079999923706055,0
2016-06-23,10.079999923706055,10.079999923706055,10.079999923706055,10.079999923706055,10.079999923706055,0
2016-06-24,10.079999923706055,10.079999923706055,10.079999923706055,10.079999923706055,10.079999923706055,0
2016-06-27,10.079999923706055,10.079999923706055,10.079999923706055,10.079999923706055,10.079999923706055,0
2016-06-28,10.079999923706055,10.079999923706055,10.079999923706055,10.079999923706055,10.079999923706055,0
2016-06-29,10.079999923706055,10.079999923706055,10.079999923706055,10.079999923706055,10.079999923706055,0
2016-06-30,10.079999923706055,10.079999923706055,10.079999923706055,10.079999923706055,10.079999923706055,0
2016-07-01,10.079999923706055,10.079999923706055,10.079999923706055,10.079999923706055,10.079999923706055,0
2016-07-04,10.079999923706055,10.079999923706055,10.079999923706055,10.079999923706055,10.079999923706055,0
2016-07-05,10.079999923706055,10.079999923706055,10.079999923706055,10.079999923706055,10.079999923706055,0
2016-07-07,10.079999923706055,10.079999923706055,10.079999923706055,10.079999923706055,10.079999923706055,0
2016-07-08,10.079999923706055,10.079999923706055,10.079999923706055,10.079999923706055,10.079999923706055,0
2016-07-11,10.079999923706055,10.079999923706055,10.079999923706055,10.079999923706055,10.079999923706055,0
2016-07-12,10.079999923706055,10.079999923706055,10.079999923706055,10.079999923706055,10.079999923706055,0
2016-07-13,10.079999923706055,10.079999923706055,10.079999923706055,10.079999923706055,10.079999923706055,0
2016-07-14,10.079999923706055,10.079999923706055,10.079999923706055,10.079999923706055,10.079999923706055,0
2016-07-15,10.079999923706055,10.079999923706055,10.079999923706055,10.079999923706055,10.079999923706055,0
2016-07-18,10.079999923706055,10.079999923706055,10.079999923706055,10.079999923706055,10.079999923706055,0
2016-07-19,10.079999923706055,10.079999923706055,10.079999923706055,10.079999923706055,10.079999923706055,0
2016-07-20,10.079999923706055,10.079999923706055,10.079999923706055,10.079999923706055,10.079999923706055,0
2016-07-21,10.079999923706055,10.079999923706055,10.079999923706055,10.079999923706055,10.079999923706055,0
2016-07-22,10.079999923706055,10.079999923706055,10.079999923706055,10.079999923706055,10.079999923706055,0
2016-07-25,10.079999923706055,10.079999923706055,10.079999923706055,10.079999923706055,10.079999923706055,0
2016-07-26,10.079999923706055,10.079999923706055,10.079999923706055,10.079999923706055,10.079999923706055,0
2016-07-27,10.079999923706055,10.079999923706055,10.079999923706055,10.079999923706055,10.079999923706055,0
2016-07-28,10.079999923706055,10.079999923706055,10.079999923706055,10.079999923706055,10.079999923706055,0
2016-07-29,10.079999923706055,10.079999923706055,10.079999923706055,10.079999923706055,10.079999923706055,0
2016-08-01,10.079999923706055,10.079999923706055,10.079999923706055,10.079999923706055,10.079999923706055,0
2016-08-02,10.079999923706055,10.079999923706055,10.079999923706055,10.079999923706055,10.079999923706055,0
2016-08-03,10.079999923706055,10.079999923706055,10.079999923706055,10.079999923706055,10.079999923706055,0
2016-08-04,10.079999923706055,10.079999923706055,10.079999923706055,10.079999923706055,10.079999923706055,0
2016-08-05,10.079999923706055,10.079999923706055,10.079999923706055,10.079999923706055,10.079999923706055,0
2016-08-08,10.079999923706055,10.079999923706055,10.079999923706055,10.079999923706055,10.079999923706055,0
2016-08-09,10.079999923706055,10.079999923706055,10.079999923706055,10.079999923706055,10.079999923706055,0
2016-08-10,10.079999923706055,10.079999923706055,10.079999923706055,10.079999923706055,10.079999923706055,0
2016-08-11,10.079999923706055,10.079999923706055,10.079999923706055,10.079999923706055,10.079999923706055,0
2016-08-12,10.079999923706055,10.079999923706055,10.079999923706055,10.079999923706055,10.079999923706055,0
2016-08-16,10.079999923706055,10.079999923706055,10.079999923706055,10.079999923706055,10.079999923706055,0
2016-08-17,10.079999923706055,10.079999923706055,10.079999923706055,10.079999923706055,10.079999923706055,0
2016-08-18,10.079999923706055,10.079999923706055,10.079999923706055,10.079999923706055,10.079999923706055,0
2016-08-19,10.079999923706055,10.079999923706055,10.079999923706055,10.079999923706055,10.079999923706055,0
2016-08-22,10.079999923706055,10.079999923706055,10.079999923706055,10.079999923706055,10.079999923706055,0
2016-08-23,10.079999923706055,10.079999923706055,10.079999923706055,10.079999923706055,10.079999923706055,0
2016-08-24,10.079999923706055,10.079999923706055,10.079999923706055,10.079999923706055,10.079999923706055,0
2016-08-25,10.079999923706055,10.079999923706055,10.079999923706055,10.079999923706055,10.079999923706055,0
2016-08-26,10.079999923706055,10.079999923706055,10.079999923706055,10.079999923706055,10.079999923706055,0
2016-08-29,10.079999923706055,10.079999923706055,10.079999923706055,10.079999923706055,10.079999923706055,0
2016-08-30,10.079999923706055,10.079999923706055,10.079999923706055,10.079999923706055,10.079999923706055,0
2016-08-31,10.079999923706055,10.079999923706055,10.079999923706055,10.079999923706055,10.079999923706055,0
2016-09-01,10.079999923706055,10.079999923706055,10.079999923706055,10.079999923706055,10.079999923706055,0
2016-09-02,10.079999923706055,10.079999923706055,10.079999923706055,10.079999923706055,10.079999923706055,0
2016-09-06,10.079999923706055,10.079999923706055,10.079999923706055,10.079999923706055,10.079999923706055,0
2016-09-07,10.079999923706055,10.079999923706055,10.079999923706055,10.079999923706055,10.079999923706055,0
2016-09-08,10.079999923706055,10.079999923706055,10.079999923706055,10.079999923706055,10.079999923706055,0
2016-09-09,10.079999923706055,10.079999923706055,10.079999923706055,10.079999923706055,10.079999923706055,0
2016-09-12,10.079999923706055,10.079999923706055,10.079999923706055,10.079999923706055,10.079999923706055,0
2016-09-14,10.079999923706055,10.079999923706055,10.079999923706055,10.079999923706055,10.079999923706055,0
2016-09-15,10.079999923706055,10.079999923706055,10.079999923706055,10.079999923706055,10.079999923706055,0
2016-09-16,10.079999923706055,10.079999923706055,10.079999923706055,10.079999923706055,10.079999923706055,0
2016-09-19,10.079999923706055,10.079999923706055,10.079999923706055,10.079999923706055,10.079999923706055,0
2016-09-20,10.079999923706055,10.079999923706055,10.079999923706055,10.079999923706055,10.079999923706055,0
2016-09-21,10.079999923706055,10.079999923706055,10.079999923706055,10.079999923706055,10.079999923706055,0
2016-09-22,10.079999923706055,10.079999923706055,10.079999923706055,10.079999923706055,10.079999923706055,0
2016-09-23,10.079999923706055,10.079999923706055,10.079999923706055,10.079999923706055,10.079999923706055,0
2016-09-26,10.079999923706055,10.079999923706055,10.079999923706055,10.079999923706055,10.079999923706055,0
2016-09-27,10.079999923706055,10.079999923706055,10.079999923706055,10.079999923706055,10.079999923706055,0
2016-09-28,10.079999923706055,10.079999923706055,10.079999923706055,10.079999923706055,10.079999923706055,0
2016-09-29,10.079999923706055,10.079999923706055,10.079999923706055,10.079999923706055,10.079999923706055,0
2016-09-30,10.079999923706055,10.079999923706055,10.079999923706055,10.079999923706055,10.079999923706055,0
2016-10-03,10.079999923706055,10.079999923706055,10.079999923706055,10.079999923706055,10.079999923706055,0
2016-10-04,10.079999923706055,10.079999923706055,10.079999923706055,10.079999923706055,10.079999923706055,0
2016-10-05,10.079999923706055,10.079999923706055,10.079999923706055,10.079999923706055,10.079999923706055,0
2016-10-06,10.079999923706055,10.079999923706055,10.079999923706055,10.079999923706055,10.079999923706055,0
2016-10-07,10.079999923706055,10.079999923706055,10.079999923706055,10.079999923706055,10.079999923706055,0
2016-10-10,10.079999923706055,10.079999923706055,10.079999923706055,10.079999923706055,10.079999923706055,0
2016-10-13,10.079999923706055,10.079999923706055,10.079999923706055,10.079999923706055,10.079999923706055,0
2016-10-14,10.079999923706055,10.079999923706055,10.079999923706055,10.079999923706055,10.079999923706055,0
2016-10-17,10.079999923706055,10.079999923706055,10.079999923706055,10.079999923706055,10.079999923706055,0
2016-10-18,10.079999923706055,10.079999923706055,10.079999923706055,10.079999923706055,10.079999923706055,0
2016-10-19,10.079999923706055,10.079999923706055,10.079999923706055,10.079999923706055,10.079999923706055,0
2016-10-20,10.079999923706055,10.079999923706055,10.079999923706055,10.079999923706055,10.079999923706055,0
2016-10-21,10.079999923706055,10.079999923706055,10.079999923706055,10.079999923706055,10.079999923706055,0
2016-10-24,10.079999923706055,10.079999923706055,10.079999923706055,10.079999923706055,10.079999923706055,0
2016-10-25,10.079999923706055,10.079999923706055,10.079999923706055,10.079999923706055,10.079999923706055,0
2016-10-26,10.079999923706055,10.079999923706055,10.079999923706055,10.079999923706055,10.079999923706055,0
2016-10-27,10.079999923706055,10.079999923706055,10.079999923706055,10.079999923706055,10.079999923706055,0
2016-10-28,10.079999923706055,10.079999923706055,10.079999923706055,10.079999923706055,10.079999923706055,0
2016-11-01,10.079999923706055,10.079999923706055,10.079999923706055,10.079999923706055,10.079999923706055,0
2016-11-02,10.079999923706055,10.079999923706055,10.079999923706055,10.079999923706055,10.079999923706055,0
2016-11-03,10.079999923706055,10.079999923706055,10.079999923706055,10.079999923706055,10.079999923706055,0
2016-11-04,10.079999923706055,10.079999923706055,10.079999923706055,10.079999923706055,10.079999923706055,0
2016-11-07,10.079999923706055,10.079999923706055,10.079999923706055,10.079999923706055,10.079999923706055,0
2016-11-08,10.079999923706055,10.079999923706055,10.079999923706055,10.079999923706055,10.079999923706055,0
2016-11-09,10.079999923706055,10.079999923706055,10.079999923706055,10.079999923706055,10.079999923706055,0
2016-11-10,10.079999923706055,10.079999923706055,10.079999923706055,10.079999923706055,10.079999923706055,0
2016-11-11,10.079999923706055,10.079999923706055,10.079999923706055,10.079999923706055,10.079999923706055,0
2016-11-15,10.079999923706055,10.079999923706055,10.079999923706055,10.079999923706055,10.079999923706055,0
2016-11-16,10.079999923706055,10.079999923706055,10.079999923706055,10.079999923706055,10.079999923706055,0
2016-11-17,10.079999923706055,10.079999923706055,10.079999923706055,10.079999923706055,10.079999923706055,0
2016-11-18,10.079999923706055,10.079999923706055,10.079999923706055,10.079999923706055,10.079999923706055,0
2016-11-21,10.079999923706055,10.079999923706055,10.079999923706055,10.079999923706055,10.079999923706055,0
2016-11-22,10.079999923706055,10.079999923706055,10.079999923706055,10.079999923706055,10.079999923706055,0
2016-11-23,10.079999923706055,10.079999923706055,10.079999923706055,10.079999923706055,10.079999923706055,0
2016-11-24,10.079999923706055,10.079999923706055,10.079999923706055,10.079999923706055,10.079999923706055,0
2016-11-25,10.079999923706055,10.079999923706055,10.079999923706055,10.079999923706055,10.079999923706055,0
2016-11-28,10.079999923706055,10.079999923706055,10.079999923706055,10.079999923706055,10.079999923706055,0
2016-11-29,10.079999923706055,10.079999923706055,10.079999923706055,10.079999923706055,10.079999923706055,0
2016-11-30,10.079999923706055,10.079999923706055,10.079999923706055,10.079999923706055,10.079999923706055,0
2016-12-01,10.079999923706055,10.079999923706055,10.079999923706055,10.079999923706055,10.079999923706055,0
2016-12-02,10.079999923706055,10.079999923706055,10.079999923706055,10.079999923706055,10.079999923706055,0
2016-12-05,10.079999923706055,10.079999923706055,10.079999923706055,10.079999923706055,10.079999923706055,0
2016-12-06,10.079999923706055,10.079999923706055,10.079999923706055,10.079999923706055,10.079999923706055,0
2016-12-07,10.079999923706055,10.079999923706055,10.079999923706055,10.079999923706055,10.079999923706055,0
2016-12-08,10.079999923706055,10.079999923706055,10.079999923706055,10.079999923706055,10.079999923706055,0
2016-12-09,10.079999923706055,10.079999923706055,10.079999923706055,10.079999923706055,10.079999923706055,0
2016-12-12,10.079999923706055,10.079999923706055,10.079999923706055,10.079999923706055,10.079999923706055,0
2016-12-13,10.079999923706055,10.079999923706055,10.079999923706055,10.079999923706055,10.079999923706055,0
2016-12-14,10.079999923706055,10.079999923706055,10.079999923706055,10.079999923706055,10.079999923706055,0
2016-12-15,10.079999923706055,10.079999923706055,10.079999923706055,10.079999923706055,10.079999923706055,0
2016-12-16,10.079999923706055,10.079999923706055,10.079999923706055,10.079999923706055,10.079999923706055,0
2016-12-19,10.079999923706055,10.079999923706055,10.079999923706055,10.079999923706055,10.079999923706055,0
2016-12-20,10.079999923706055,10.079999923706055,10.079999923706055,10.079999923706055,10.079999923706055,0
2016-12-21,10.079999923706055,10.079999923706055,10.079999923706055,10.079999923706055,10.079999923706055,0
2016-12-22,10.079999923706055,10.079999923706055,10.079999923706055,10.079999923706055,10.079999923706055,0
2016-12-23,10.079999923706055,10.079999923706055,10.079999923706055,10.079999923706055,10.079999923706055,0
2016-12-26,10.079999923706055,10.079999923706055,10.079999923706055,10.079999923706055,10.079999923706055,0
2016-12-27,10.079999923706055,10.079999923706055,10.079999923706055,10.079999923706055,10.079999923706055,0
2016-12-28,10.079999923706055,10.079999923706055,10.079999923706055,10.079999923706055,10.079999923706055,0
2016-12-29,10.079999923706055,10.079999923706055,10.079999923706055,10.079999923706055,10.079999923706055,0
2016-12-30,10.079999923706055,10.079999923706055,10.079999923706055,10.079999923706055,10.079999923706055,0
2017-01-02,10.079999923706055,10.079999923706055,10.079999923706055,10.079999923706055,10.079999923706055,0
2017-01-03,10.079999923706055,10.079999923706055,10.079999923706055,10.079999923706055,10.079999923706055,0
2017-01-04,10.079999923706055,10.079999923706055,10.079999923706055,10.079999923706055,10.079999923706055,0
2017-01-05,10.079999923706055,10.079999923706055,10.079999923706055,10.079999923706055,10.079999923706055,0
2017-01-06,10.079999923706055,10.079999923706055,10.079999923706055,10.079999923706055,10.079999923706055,0
2017-01-09,10.079999923706055,10.079999923706055,10.079999923706055,10.079999923706055,10.079999923706055,0
2017-01-10,10.079999923706055,10.079999923706055,10.079999923706055,10.079999923706055,10.079999923706055,0
2017-01-11,10.079999923706055,10.079999923706055,10.079999923706055,10.079999923706055,10.079999923706055,0
2017-01-12,10.079999923706055,10.079999923706055,10.079999923706055,10.079999923706055,10.079999923706055,0
2017-01-13,10.079999923706055,10.079999923706055,10.079999923706055,10.079999923706055,10.079999923706055,0
2017-01-16,10.079999923706055,10.079999923706055,10.079999923706055,10.079999923706055,10.079999923706055,0
2017-01-17,10.079999923706055,10.079999923706055,10.079999923706055,10.079999923706055,10.079999923706055,0
2017-01-18,10.079999923706055,10.079999923706055,10.079999923706055,10.079999923706055,10.079999923706055,0
2017-01-19,10.079999923706055,10.079999923706055,10.079999923706055,10.079999923706055,10.079999923706055,0
2017-01-20,10.079999923706055,10.079999923706055,10.079999923706055,10.079999923706055,10.079999923706055,0
2017-01-23,10.079999923706055,10.079999923706055,10.079999923706055,10.079999923706055,10.079999923706055,0
2017-01-24,10.079999923706055,10.079999923706055,10.079999923706055,10.079999923706055,10.079999923706055,0
2017-01-25,10.079999923706055,10.079999923706055,10.079999923706055,10.079999923706055,10.079999923706055,0
2017-01-27,10.079999923706055,10.079999923706055,10.079999923706055,10.079999923706055,10.079999923706055,0
2017-01-30,10.079999923706055,10.079999923706055,10.079999923706055,10.079999923706055,10.079999923706055,0
2017-01-31,10.079999923706055,10.079999923706055,10.079999923706055,10.079999923706055,10.079999923706055,0
2017-02-01,10.079999923706055,10.079999923706055,10.079999923706055,10.079999923706055,10.079999923706055,0
2017-02-02,10.079999923706055,10.079999923706055,10.079999923706055,10.079999923706055,10.079999923706055,0
2017-02-03,10.079999923706055,10.079999923706055,10.079999923706055,10.079999923706055,10.079999923706055,0
2017-02-06,10.079999923706055,10.079999923706055,10.079999923706055,10.079999923706055,10.079999923706055,0
2017-02-07,10.079999923706055,10.079999923706055,10.079999923706055,10.079999923706055,10.079999923706055,0
2017-02-08,10.079999923706055,10.079999923706055,10.079999923706055,10.079999923706055,10.079999923706055,0
2017-02-09,10.079999923706055,10.079999923706055,10.079999923706055,10.079999923706055,10.079999923706055,0
2017-02-10,10.079999923706055,10.079999923706055,10.079999923706055,10.079999923706055,10.079999923706055,0
2017-02-13,10.079999923706055,10.079999923706055,10.079999923706055,10.079999923706055,10.079999923706055,0
2017-02-14,10.079999923706055,10.079999923706055,10.079999923706055,10.079999923706055,10.079999923706055,0
2017-02-15,10.079999923706055,10.079999923706055,10.079999923706055,10.079999923706055,10.079999923706055,0
2017-02-16,10.079999923706055,10.079999923706055,10.079999923706055,10.079999923706055,10.079999923706055,0
2017-02-17,10.079999923706055,10.079999923706055,10.079999923706055,10.079999923706055,10.079999923706055,0
2017-02-20,10.079999923706055,10.079999923706055,10.079999923706055,10.079999923706055,10.079999923706055,0
2017-02-21,10.079999923706055,10.079999923706055,10.079999923706055,10.079999923706055,10.079999923706055,0
2017-02-22,10.079999923706055,10.079999923706055,10.079999923706055,10.079999923706055,10.079999923706055,0
2017-02-23,10.079999923706055,10.079999923706055,10.079999923706055,10.079999923706055,10.079999923706055,0
2017-02-27,10.079999923706055,10.079999923706055,10.079999923706055,10.079999923706055,10.079999923706055,0
2017-02-28,10.079999923706055,10.079999923706055,10.079999923706055,10.079999923706055,10.079999923706055,0
2017-03-01,10.079999923706055,10.079999923706055,10.079999923706055,10.079999923706055,10.079999923706055,0
2017-03-02,10.079999923706055,10.079999923706055,10.079999923706055,10.079999923706055,10.079999923706055,0
2017-03-03,10.079999923706055,10.079999923706055,10.079999923706055,10.079999923706055,10.079999923706055,0
2017-03-06,10.079999923706055,10.079999923706055,10.079999923706055,10.079999923706055,10.079999923706055,0
2017-03-07,10.079999923706055,10.079999923706055,10.079999923706055,10.079999923706055,10.079999923706055,0
2017-03-08,10.079999923706055,10.079999923706055,10.079999923706055,10.079999923706055,10.079999923706055,0
2017-03-09,10.079999923706055,10.079999923706055,10.079999923706055,10.079999923706055,10.079999923706055,0
2017-03-10,10.079999923706055,10.079999923706055,10.079999923706055,10.079999923706055,10.079999923706055,0
2017-03-14,10.079999923706055,10.079999923706055,10.079999923706055,10.079999923706055,10.079999923706055,0
2017-03-15,10.079999923706055,10.079999923706055,10.079999923706055,10.079999923706055,10.079999923706055,0
2017-03-16,10.079999923706055,10.079999923706055,10.079999923706055,10.079999923706055,10.079999923706055,0
2017-03-17,10.079999923706055,10.079999923706055,10.079999923706055,10.079999923706055,10.079999923706055,0
2017-03-20,10.079999923706055,10.079999923706055,10.079999923706055,10.079999923706055,10.079999923706055,0
2017-03-21,10.079999923706055,10.079999923706055,10.079999923706055,10.079999923706055,10.079999923706055,0
2017-03-22,10.079999923706055,10.079999923706055,10.079999923706055,10.079999923706055,10.079999923706055,0
2017-03-23,10.079999923706055,10.079999923706055,10.079999923706055,10.079999923706055,10.079999923706055,0
2017-03-24,10.079999923706055,10.079999923706055,10.079999923706055,10.079999923706055,10.079999923706055,0
2017-03-27,10.079999923706055,10.079999923706055,10.079999923706055,10.079999923706055,10.079999923706055,0
2017-03-28,10.079999923706055,10.079999923706055,10.079999923706055,10.079999923706055,10.079999923706055,0
2017-03-29,10.079999923706055,10.079999923706055,10.079999923706055,10.079999923706055,10.079999923706055,0
2017-03-30,10.079999923706055,10.079999923706055,10.079999923706055,10.079999923706055,10.079999923706055,0
2017-03-31,10.079999923706055,10.079999923706055,10.079999923706055,10.079999923706055,10.079999923706055,0
2017-04-03,10.079999923706055,10.079999923706055,10.079999923706055,10.079999923706055,10.079999923706055,0
2017-04-05,10.079999923706055,10.079999923706055,10.079999923706055,10.079999923706055,10.079999923706055,0
2017-04-06,10.079999923706055,10.079999923706055,10.079999923706055,10.079999923706055,10.079999923706055,0
2017-04-07,10.079999923706055,10.079999923706055,10.079999923706055,10.079999923706055,10.079999923706055,0
2017-04-10,10.079999923706055,10.079999923706055,10.079999923706055,10.079999923706055,10.079999923706055,0
2017-04-11,10.079999923706055,10.079999923706055,10.079999923706055,10.079999923706055,10.079999923706055,0
2017-04-12,10.079999923706055,10.079999923706055,10.079999923706055,10.079999923706055,10.079999923706055,0
2017-04-13,10.079999923706055,10.079999923706055,10.079999923706055,10.079999923706055,10.079999923706055,0
2017-04-17,10.079999923706055,10.079999923706055,10.079999923706055,10.079999923706055,10.079999923706055,0
2017-04-18,10.079999923706055,10.079999923706055,10.079999923706055,10.079999923706055,10.079999923706055,0
2017-04-19,10.079999923706055,10.079999923706055,10.079999923706055,10.079999923706055,10.079999923706055,0
2017-04-20,10.079999923706055,10.079999923706055,10.079999923706055,10.079999923706055,10.079999923706055,0
2017-04-21,10.079999923706055,10.079999923706055,10.079999923706055,10.079999923706055,10.079999923706055,0
2017-04-24,10.079999923706055,10.079999923706055,10.079999923706055,10.079999923706055,10.079999923706055,0
2017-04-25,10.079999923706055,10.079999923706055,10.079999923706055,10.079999923706055,10.079999923706055,0
2017-04-26,10.079999923706055,10.079999923706055,10.079999923706055,10.079999923706055,10.079999923706055,0
2017-04-27,10.079999923706055,10.079999923706055,10.079999923706055,10.079999923706055,10.079999923706055,0
2017-04-28,10.079999923706055,10.079999923706055,10.079999923706055,10.079999923706055,10.079999923706055,0
2017-05-02,10.079999923706055,10.079999923706055,10.079999923706055,10.079999923706055,10.079999923706055,0
2017-05-03,10.079999923706055,10.079999923706055,10.079999923706055,10.079999923706055,10.079999923706055,0
2017-05-04,10.079999923706055,10.079999923706055,10.079999923706055,10.079999923706055,10.079999923706055,0
2017-05-05,10.079999923706055,10.079999923706055,10.079999923706055,10.079999923706055,10.079999923706055,0
2017-05-08,10.079999923706055,10.079999923706055,10.079999923706055,10.079999923706055,10.079999923706055,0
2017-05-09,10.079999923706055,10.079999923706055,10.079999923706055,10.079999923706055,10.079999923706055,0
2017-05-10,10.079999923706055,10.079999923706055,10.079999923706055,10.079999923706055,10.079999923706055,0
2017-05-11,10.079999923706055,10.079999923706055,10.079999923706055,10.079999923706055,10.079999923706055,0
2017-05-12,10.079999923706055,10.079999923706055,10.079999923706055,10.079999923706055,10.079999923706055,0
2017-05-15,10.079999923706055,10.079999923706055,10.079999923706055,10.079999923706055,10.079999923706055,0
2017-05-16,10.079999923706055,10.079999923706055,10.079999923706055,10.079999923706055,10.079999923706055,0
2017-05-17,10.079999923706055,10.079999923706055,10.079999923706055,10.079999923706055,10.079999923706055,0
2017-05-18,10.079999923706055,10.079999923706055,10.079999923706055,10.079999923706055,10.079999923706055,0
2017-05-19,10.079999923706055,10.079999923706055,10.079999923706055,10.079999923706055,10.079999923706055,0
2017-05-22,10.079999923706055,10.079999923706055,10.079999923706055,10.079999923706055,10.079999923706055,0
2017-05-23,10.079999923706055,10.079999923706055,10.079999923706055,10.079999923706055,10.079999923706055,0
2017-05-24,10.079999923706055,10.079999923706055,10.079999923706055,10.079999923706055,10.079999923706055,0
2017-05-25,10.079999923706055,10.079999923706055,10.079999923706055,10.079999923706055,10.079999923706055,0
2017-05-26,10.079999923706055,10.079999923706055,10.079999923706055,10.079999923706055,10.079999923706055,0
2017-05-29,10.079999923706055,10.079999923706055,10.079999923706055,10.079999923706055,10.079999923706055,0
2017-05-30,10.079999923706055,10.079999923706055,10.079999923706055,10.079999923706055,10.079999923706055,0
2017-05-31,10.079999923706055,10.079999923706055,10.079999923706055,10.079999923706055,10.079999923706055,0
2017-06-01,10.079999923706055,10.079999923706055,10.079999923706055,10.079999923706055,10.079999923706055,0
2017-06-02,10.079999923706055,10.079999923706055,10.079999923706055,10.079999923706055,10.079999923706055,0
2017-06-05,10.079999923706055,10.079999923706055,10.079999923706055,10.079999923706055,10.079999923706055,0
2017-06-06,10.079999923706055,10.079999923706055,10.079999923706055,10.079999923706055,10.079999923706055,0
2017-06-07,10.079999923706055,10.079999923706055,10.079999923706055,10.079999923706055,10.079999923706055,0
2017-06-08,10.079999923706055,10.079999923706055,10.079999923706055,10.079999923706055,10.079999923706055,0
2017-06-09,10.079999923706055,10.079999923706055,10.079999923706055,10.079999923706055,10.079999923706055,0
2017-06-12,10.079999923706055,10.079999923706055,10.079999923706055,10.079999923706055,10.079999923706055,0
2017-06-13,10.079999923706055,10.079999923706055,10.079999923706055,10.079999923706055,10.079999923706055,0
2017-06-14,10.079999923706055,10.079999923706055,10.079999923706055,10.079999923706055,10.079999923706055,0
2017-06-15,10.079999923706055,10.079999923706055,10.079999923706055,10.079999923706055,10.079999923706055,0
2017-06-16,10.079999923706055,10.079999923706055,10.079999923706055,10.079999923706055,10.079999923706055,0
2017-06-19,10.079999923706055,10.079999923706055,10.079999923706055,10.079999923706055,10.079999923706055,0
2017-06-20,10.079999923706055,10.079999923706055,10.079999923706055,10.079999923706055,10.079999923706055,0
2017-06-21,10.079999923706055,10.079999923706055,10.079999923706055,10.079999923706055,10.079999923706055,0
2017-06-22,10.079999923706055,10.079999923706055,10.079999923706055,10.079999923706055,10.079999923706055,0
2017-06-23,10.079999923706055,10.079999923706055,10.079999923706055,10.079999923706055,10.079999923706055,0
2017-06-27,10.079999923706055,10.079999923706055,10.079999923706055,10.079999923706055,10.079999923706055,0
2017-06-28,10.079999923706055,10.079999923706055,10.079999923706055,10.079999923706055,10.079999923706055,0
2017-06-29,10.079999923706055,10.079999923706055,10.079999923706055,10.079999923706055,10.079999923706055,0
2017-06-30,10.079999923706055,10.079999923706055,10.079999923706055,10.079999923706055,10.079999923706055,0
2017-07-03,10.079999923706055,10.079999923706055,10.079999923706055,10.079999923706055,10.079999923706055,0
2017-07-04,10.079999923706055,10.079999923706055,10.079999923706055,10.079999923706055,10.079999923706055,0
2017-07-05,10.079999923706055,10.079999923706055,10.079999923706055,10.079999923706055,10.079999923706055,0
2017-07-06,10.079999923706055,10.079999923706055,10.079999923706055,10.079999923706055,10.079999923706055,0
2017-07-07,10.079999923706055,10.079999923706055,10.079999923706055,10.079999923706055,10.079999923706055,0
2017-07-10,10.079999923706055,10.079999923706055,10.079999923706055,10.079999923706055,10.079999923706055,0
2017-07-11,10.079999923706055,10.079999923706055,10.079999923706055,10.079999923706055,10.079999923706055,0
2017-07-12,10.079999923706055,10.079999923706055,10.079999923706055,10.079999923706055,10.079999923706055,0
2017-07-13,10.079999923706055,10.079999923706055,10.079999923706055,10.079999923706055,10.079999923706055,0
2017-07-14,10.079999923706055,10.079999923706055,10.079999923706055,10.079999923706055,10.079999923706055,0
2017-07-17,10.079999923706055,10.079999923706055,10.079999923706055,10.079999923706055,10.079999923706055,0
2017-07-18,10.079999923706055,10.079999923706055,10.079999923706055,10.079999923706055,10.079999923706055,0
2017-07-19,10.079999923706055,10.079999923706055,10.079999923706055,10.079999923706055,10.079999923706055,0
2017-07-20,10.079999923706055,10.079999923706055,10.079999923706055,10.079999923706055,10.079999923706055,0
2017-07-21,10.079999923706055,10.079999923706055,10.079999923706055,10.079999923706055,10.079999923706055,0
2017-07-24,10.079999923706055,10.079999923706055,10.079999923706055,10.079999923706055,10.079999923706055,0
2017-07-25,10.079999923706055,10.079999923706055,10.079999923706055,10.079999923706055,10.079999923706055,0
2017-07-26,10.079999923706055,10.079999923706055,10.079999923706055,10.079999923706055,10.079999923706055,0
2017-07-27,10.079999923706055,10.079999923706055,10.079999923706055,10.079999923706055,10.079999923706055,0
2017-07-28,10.079999923706055,10.079999923706055,10.079999923706055,10.079999923706055,10.079999923706055,0
2017-07-31,10.079999923706055,10.079999923706055,10.079999923706055,10.079999923706055,10.079999923706055,0
2017-08-01,10.079999923706055,10.079999923706055,10.079999923706055,10.079999923706055,10.079999923706055,0
2017-08-02,10.079999923706055,10.079999923706055,10.079999923706055,10.079999923706055,10.079999923706055,0
2017-08-03,10.079999923706055,10.079999923706055,10.079999923706055,10.079999923706055,10.079999923706055,0
2017-08-04,10.079999923706055,10.079999923706055,10.079999923706055,10.079999923706055,10.079999923706055,0
2017-08-07,10.079999923706055,10.079999923706055,10.079999923706055,10.079999923706055,10.079999923706055,0
2017-08-08,10.079999923706055,10.079999923706055,10.079999923706055,10.079999923706055,10.079999923706055,0
2017-08-09,10.079999923706055,10.079999923706055,10.079999923706055,10.079999923706055,10.079999923706055,0
2017-08-10,10.079999923706055,10.079999923706055,10.079999923706055,10.079999923706055,10.079999923706055,0
2017-08-11,10.079999923706055,10.079999923706055,10.079999923706055,10.079999923706055,10.079999923706055,0
2017-08-14,10.079999923706055,10.079999923706055,10.079999923706055,10.079999923706055,10.079999923706055,0
2017-08-16,10.079999923706055,10.079999923706055,10.079999923706055,10.079999923706055,10.079999923706055,0
2017-08-17,10.079999923706055,10.079999923706055,10.079999923706055,10.079999923706055,10.079999923706055,0
2017-08-18,10.079999923706055,10.079999923706055,10.079999923706055,10.079999923706055,10.079999923706055,0
2017-08-21,10.079999923706055,10.079999923706055,10.079999923706055,10.079999923706055,10.079999923706055,0
2017-08-22,10.079999923706055,10.079999923706055,10.079999923706055,10.079999923706055,10.079999923706055,0
2017-08-23,10.079999923706055,10.079999923706055,10.079999923706055,10.079999923706055,10.079999923706055,0
2017-08-24,10.079999923706055,10.079999923706055,10.079999923706055,10.079999923706055,10.079999923706055,0
2017-08-28,10.079999923706055,10.079999923706055,10.079999923706055,10.079999923706055,10.079999923706055,0
2017-08-29,10.079999923706055,10.079999923706055,10.079999923706055,10.079999923706055,10.079999923706055,0
2017-08-30,10.079999923706055,10.079999923706055,10.079999923706055,10.079999923706055,10.079999923706055,0
2017-08-31,10.079999923706055,10.079999923706055,10.079999923706055,10.079999923706055,10.079999923706055,0
2017-09-01,10.079999923706055,10.079999923706055,10.079999923706055,10.079999923706055,10.079999923706055,0
2017-09-04,10.079999923706055,10.079999923706055,10.079999923706055,10.079999923706055,10.079999923706055,0
2017-09-05,10.079999923706055,10.079999923706055,10.079999923706055,10.079999923706055,10.079999923706055,0
2017-09-06,10.079999923706055,10.079999923706055,10.079999923706055,10.079999923706055,10.079999923706055,0
2017-09-07,10.079999923706055,10.079999923706055,10.079999923706055,10.079999923706055,10.079999923706055,0
2017-09-08,10.079999923706055,10.079999923706055,10.079999923706055,10.079999923706055,10.079999923706055,0
2017-09-11,10.079999923706055,10.079999923706055,10.079999923706055,10.079999923706055,10.079999923706055,0
2017-09-12,10.079999923706055,10.079999923706055,10.079999923706055,10.079999923706055,10.079999923706055,0
2017-09-13,10.079999923706055,10.079999923706055,10.079999923706055,10.079999923706055,10.079999923706055,0
2017-09-14,10.079999923706055,10.079999923706055,10.079999923706055,10.079999923706055,10.079999923706055,0
2017-09-15,10.079999923706055,10.079999923706055,10.079999923706055,10.079999923706055,10.079999923706055,0
2017-09-18,10.079999923706055,10.079999923706055,10.079999923706055,10.079999923706055,10.079999923706055,0
2017-09-19,10.079999923706055,10.079999923706055,10.079999923706055,10.079999923706055,10.079999923706055,0
2017-09-20,10.079999923706055,10.079999923706055,10.079999923706055,10.079999923706055,10.079999923706055,0
2017-09-21,10.079999923706055,10.079999923706055,10.079999923706055,10.079999923706055,10.079999923706055,0
2017-09-22,10.079999923706055,10.079999923706055,10.079999923706055,10.079999923706055,10.079999923706055,0
2017-09-25,10.079999923706055,10.079999923706055,10.079999923706055,10.079999923706055,10.079999923706055,0
2017-09-26,10.079999923706055,10.079999923706055,10.079999923706055,10.079999923706055,10.079999923706055,0
2017-09-27,10.079999923706055,10.079999923706055,10.079999923706055,10.079999923706055,10.079999923706055,0
2017-09-28,10.079999923706055,10.079999923706055,10.079999923706055,10.079999923706055,10.079999923706055,0
2017-09-29,10.079999923706055,10.079999923706055,10.079999923706055,10.079999923706055,10.079999923706055,0
2017-10-03,10.079999923706055,10.079999923706055,10.079999923706055,10.079999923706055,10.079999923706055,0
2017-10-04,10.079999923706055,10.079999923706055,10.079999923706055,10.079999923706055,10.079999923706055,0
2017-10-05,10.079999923706055,10.079999923706055,10.079999923706055,10.079999923706055,10.079999923706055,0
2017-10-06,10.079999923706055,10.079999923706055,10.079999923706055,10.079999923706055,10.079999923706055,0
2017-10-09,10.079999923706055,10.079999923706055,10.079999923706055,10.079999923706055,10.079999923706055,0
2017-10-10,10.079999923706055,10.079999923706055,10.079999923706055,10.079999923706055,10.079999923706055,0
2017-10-11,10.079999923706055,10.079999923706055,10.079999923706055,10.079999923706055,10.079999923706055,0
2017-10-12,10.079999923706055,10.079999923706055,10.079999923706055,10.079999923706055,10.079999923706055,0
2017-10-13,10.079999923706055,10.079999923706055,10.079999923706055,10.079999923706055,10.079999923706055,0
2017-10-16,10.079999923706055,10.079999923706055,10.079999923706055,10.079999923706055,10.079999923706055,0
2017-10-17,10.079999923706055,10.079999923706055,10.079999923706055,10.079999923706055,10.079999923706055,0
2017-10-18,10.079999923706055,10.079999923706055,10.079999923706055,10.079999923706055,10.079999923706055,0
2017-10-19,10.079999923706055,10.079999923706055,10.079999923706055,10.079999923706055,10.079999923706055,0
2017-10-23,10.079999923706055,10.079999923706055,10.079999923706055,10.079999923706055,10.079999923706055,0
2017-10-24,10.079999923706055,10.079999923706055,10.079999923706055,10.079999923706055,10.079999923706055,0
2017-10-25,10.079999923706055,10.079999923706055,10.079999923706055,10.079999923706055,10.079999923706055,0
2017-10-26,10.079999923706055,10.079999923706055,10.079999923706055,10.079999923706055,10.079999923706055,0
2017-10-27,10.079999923706055,10.079999923706055,10.079999923706055,10.079999923706055,10.079999923706055,0
2017-10-30,10.079999923706055,10.079999923706055,10.079999923706055,10.079999923706055,10.079999923706055,0
2017-10-31,10.079999923706055,10.079999923706055,10.079999923706055,10.079999923706055,10.079999923706055,0
2017-11-01,10.079999923706055,10.079999923706055,10.079999923706055,10.079999923706055,10.079999923706055,0
2017-11-02,10.079999923706055,10.079999923706055,10.079999923706055,10.079999923706055,10.079999923706055,0
2017-11-03,10.079999923706055,10.079999923706055,10.079999923706055,10.079999923706055,10.079999923706055,0
2017-11-06,10.079999923706055,10.079999923706055,10.079999923706055,10.079999923706055,10.079999923706055,0
2017-11-07,10.079999923706055,10.079999923706055,10.079999923706055,10.079999923706055,10.079999923706055,0
2017-11-08,10.079999923706055,10.079999923706055,10.079999923706055,10.079999923706055,10.079999923706055,0
2017-11-09,10.079999923706055,10.079999923706055,10.079999923706055,10.079999923706055,10.079999923706055,0
2017-11-10,10.079999923706055,10.079999923706055,10.079999923706055,10.079999923706055,10.079999923706055,0
2017-11-13,10.079999923706055,10.079999923706055,10.079999923706055,10.079999923706055,10.079999923706055,0
2017-11-14,10.079999923706055,10.079999923706055,10.079999923706055,10.079999923706055,10.079999923706055,0
2017-11-15,10.079999923706055,10.079999923706055,10.079999923706055,10.079999923706055,10.079999923706055,0
2017-11-16,10.079999923706055,10.079999923706055,10.079999923706055,10.079999923706055,10.079999923706055,0
2017-11-17,10.079999923706055,10.079999923706055,10.079999923706055,10.079999923706055,10.079999923706055,0
2017-11-20,10.079999923706055,10.079999923706055,10.079999923706055,10.079999923706055,10.079999923706055,0
2017-11-21,10.079999923706055,10.079999923706055,10.079999923706055,10.079999923706055,10.079999923706055,0
2017-11-22,10.079999923706055,10.079999923706055,10.079999923706055,10.079999923706055,10.079999923706055,0
2017-11-23,10.079999923706055,10.079999923706055,10.079999923706055,10.079999923706055,10.079999923706055,0
2017-11-24,10.079999923706055,10.079999923706055,10.079999923706055,10.079999923706055,10.079999923706055,0
2017-11-27,10.079999923706055,10.079999923706055,10.079999923706055,10.079999923706055,10.079999923706055,0
2017-11-28,10.079999923706055,10.079999923706055,10.079999923706055,10.079999923706055,10.079999923706055,0
2017-11-29,10.079999923706055,10.079999923706055,10.079999923706055,10.079999923706055,10.079999923706055,0
2017-11-30,10.079999923706055,10.079999923706055,10.079999923706055,10.079999923706055,10.079999923706055,0
2017-12-01,10.079999923706055,10.079999923706055,10.079999923706055,10.079999923706055,10.079999923706055,0
2017-12-04,10.079999923706055,10.079999923706055,10.079999923706055,10.079999923706055,10.079999923706055,0
2017-12-05,10.079999923706055,10.079999923706055,10.079999923706055,10.079999923706055,10.079999923706055,0
2017-12-06,10.079999923706055,10.079999923706055,10.079999923706055,10.079999923706055,10.079999923706055,0
2017-12-07,10.079999923706055,10.079999923706055,10.079999923706055,10.079999923706055,10.079999923706055,0
2017-12-08,10.079999923706055,10.079999923706055,10.079999923706055,10.079999923706055,10.079999923706055,0
2017-12-11,10.079999923706055,10.079999923706055,10.079999923706055,10.079999923706055,10.079999923706055,0
2017-12-12,10.079999923706055,10.079999923706055,10.079999923706055,10.079999923706055,10.079999923706055,0
2017-12-13,10.079999923706055,10.079999923706055,10.079999923706055,10.079999923706055,10.079999923706055,0
2017-12-14,10.079999923706055,10.079999923706055,10.079999923706055,10.079999923706055,10.079999923706055,0
2017-12-15,10.079999923706055,10.079999923706055,10.079999923706055,10.079999923706055,10.079999923706055,0
2017-12-18,10.079999923706055,10.079999923706055,10.079999923706055,10.079999923706055,10.079999923706055,0
2017-12-19,10.079999923706055,10.079999923706055,10.079999923706055,10.079999923706055,10.079999923706055,0
2017-12-20,10.079999923706055,10.079999923706055,10.079999923706055,10.079999923706055,10.079999923706055,0
2017-12-21,10.079999923706055,10.079999923706055,10.079999923706055,10.079999923706055,10.079999923706055,0
2017-12-22,10.079999923706055,10.079999923706055,10.079999923706055,10.079999923706055,10.079999923706055,0
2017-12-26,10.079999923706055,10.079999923706055,10.079999923706055,10.079999923706055,10.079999923706055,0
2017-12-27,10.079999923706055,10.079999923706055,10.079999923706055,10.079999923706055,10.079999923706055,0
2017-12-28,10.079999923706055,10.079999923706055,10.079999923706055,10.079999923706055,10.079999923706055,0
2017-12-29,10.079999923706055,10.079999923706055,10.079999923706055,10.079999923706055,10.079999923706055,0
2018-01-01,10.079999923706055,10.079999923706055,10.079999923706055,10.079999923706055,10.079999923706055,0
2018-01-02,10.079999923706055,10.079999923706055,10.079999923706055,10.079999923706055,10.079999923706055,0
2018-01-03,10.079999923706055,10.079999923706055,10.079999923706055,10.079999923706055,10.079999923706055,0
2018-01-04,10.079999923706055,10.079999923706055,10.079999923706055,10.079999923706055,10.079999923706055,0
2018-01-05,10.079999923706055,10.079999923706055,10.079999923706055,10.079999923706055,10.079999923706055,0
2018-01-08,10.079999923706055,10.079999923706055,10.079999923706055,10.079999923706055,10.079999923706055,0
2018-01-09,10.079999923706055,10.079999923706055,10.079999923706055,10.079999923706055,10.079999923706055,0
2018-01-10,10.079999923706055,10.079999923706055,10.079999923706055,10.079999923706055,10.079999923706055,0
2018-01-11,10.079999923706055,10.079999923706055,10.079999923706055,10.079999923706055,10.079999923706055,0
2018-01-12,10.079999923706055,10.079999923706055,10.079999923706055,10.079999923706055,10.079999923706055,0
2018-01-15,10.079999923706055,10.079999923706055,10.079999923706055,10.079999923706055,10.079999923706055,0
2018-01-16,10.079999923706055,10.079999923706055,10.079999923706055,10.079999923706055,10.079999923706055,0
2018-01-17,10.079999923706055,10.079999923706055,10.079999923706055,10.079999923706055,10.079999923706055,0
2018-01-18,10.079999923706055,10.079999923706055,10.079999923706055,10.079999923706055,10.079999923706055,0
2018-01-19,10.079999923706055,10.079999923706055,10.079999923706055,10.079999923706055,10.079999923706055,0
2018-01-22,10.079999923706055,10.079999923706055,10.079999923706055,10.079999923706055,10.079999923706055,0
2018-01-23,10.079999923706055,10.079999923706055,10.079999923706055,10.079999923706055,10.079999923706055,0
2018-01-24,10.079999923706055,10.079999923706055,10.079999923706055,10.079999923706055,10.079999923706055,0
2018-01-25,10.079999923706055,10.079999923706055,10.079999923706055,10.079999923706055,10.079999923706055,0
2018-01-29,10.079999923706055,10.079999923706055,10.079999923706055,10.079999923706055,10.079999923706055,0
2018-01-30,10.079999923706055,10.079999923706055,10.079999923706055,10.079999923706055,10.079999923706055,0
2018-01-31,10.079999923706055,10.079999923706055,10.079999923706055,10.079999923706055,10.079999923706055,0
2018-02-01,10.079999923706055,10.079999923706055,10.079999923706055,10.079999923706055,10.079999923706055,0
2018-02-02,10.079999923706055,10.079999923706055,10.079999923706055,10.079999923706055,10.079999923706055,0
2018-02-05,10.079999923706055,10.079999923706055,10.079999923706055,10.079999923706055,10.079999923706055,0
2018-02-06,10.079999923706055,10.079999923706055,10.079999923706055,10.079999923706055,10.079999923706055,0
2018-02-07,10.079999923706055,10.079999923706055,10.079999923706055,10.079999923706055,10.079999923706055,0
2018-02-08,10.079999923706055,10.079999923706055,10.079999923706055,10.079999923706055,10.079999923706055,0
2018-02-09,10.079999923706055,10.079999923706055,10.079999923706055,10.079999923706055,10.079999923706055,0
2018-02-12,10.079999923706055,10.079999923706055,10.079999923706055,10.079999923706055,10.079999923706055,0
2018-02-14,10.079999923706055,10.079999923706055,10.079999923706055,10.079999923706055,10.079999923706055,0
2018-02-15,10.079999923706055,10.079999923706055,10.079999923706055,10.079999923706055,10.079999923706055,0
2018-02-16,10.079999923706055,10.079999923706055,10.079999923706055,10.079999923706055,10.079999923706055,0
2018-02-19,10.079999923706055,10.079999923706055,10.079999923706055,10.079999923706055,10.079999923706055,0
2018-02-20,10.079999923706055,10.079999923706055,10.079999923706055,10.079999923706055,10.079999923706055,0
2018-02-21,10.079999923706055,10.079999923706055,10.079999923706055,10.079999923706055,10.079999923706055,0
2018-02-22,10.079999923706055,10.079999923706055,10.079999923706055,10.079999923706055,10.079999923706055,0
2018-02-23,10.079999923706055,10.079999923706055,10.079999923706055,10.079999923706055,10.079999923706055,0
2018-02-26,10.079999923706055,10.079999923706055,10.079999923706055,10.079999923706055,10.079999923706055,0
2018-02-27,10.079999923706055,10.079999923706055,10.079999923706055,10.079999923706055,10.079999923706055,0
2018-02-28,10.079999923706055,10.079999923706055,10.079999923706055,10.079999923706055,10.079999923706055,0
2018-03-01,10.079999923706055,10.079999923706055,10.079999923706055,10.079999923706055,10.079999923706055,0
2018-03-05,10.079999923706055,10.079999923706055,10.079999923706055,10.079999923706055,10.079999923706055,0
2018-03-06,10.079999923706055,10.079999923706055,10.079999923706055,10.079999923706055,10.079999923706055,0
2018-03-07,10.079999923706055,10.079999923706055,10.079999923706055,10.079999923706055,10.079999923706055,0
2018-03-08,10.079999923706055,10.079999923706055,10.079999923706055,10.079999923706055,10.079999923706055,0
2018-03-09,10.079999923706055,10.079999923706055,10.079999923706055,10.079999923706055,10.079999923706055,0
2018-03-12,10.079999923706055,10.079999923706055,10.079999923706055,10.079999923706055,10.079999923706055,0
2018-03-13,10.079999923706055,10.079999923706055,10.079999923706055,10.079999923706055,10.079999923706055,0
2018-03-14,10.079999923706055,10.079999923706055,10.079999923706055,10.079999923706055,10.079999923706055,0
2018-03-15,10.079999923706055,10.079999923706055,10.079999923706055,10.079999923706055,10.079999923706055,0
2018-03-16,10.079999923706055,10.079999923706055,10.079999923706055,10.079999923706055,10.079999923706055,0
2018-03-19,10.079999923706055,10.079999923706055,10.079999923706055,10.079999923706055,10.079999923706055,0
2018-03-20,10.079999923706055,10.079999923706055,10.079999923706055,10.079999923706055,10.079999923706055,0
2018-03-21,10.079999923706055,10.079999923706055,10.079999923706055,10.079999923706055,10.079999923706055,0
2018-03-22,10.079999923706055,10.079999923706055,10.079999923706055,10.079999923706055,10.079999923706055,0
2018-03-23,10.079999923706055,10.079999923706055,10.079999923706055,10.079999923706055,10.079999923706055,0
2018-03-26,10.079999923706055,10.079999923706055,10.079999923706055,10.079999923706055,10.079999923706055,0
2018-03-27,10.079999923706055,10.079999923706055,10.079999923706055,10.079999923706055,10.079999923706055,0
2018-03-28,10.079999923706055,10.079999923706055,10.079999923706055,10.079999923706055,10.079999923706055,0
2018-04-02,10.079999923706055,10.079999923706055,10.079999923706055,10.079999923706055,10.079999923706055,0
2018-04-03,10.079999923706055,10.079999923706055,10.079999923706055,10.079999923706055,10.079999923706055,0
2018-04-04,10.079999923706055,10.079999923706055,10.079999923706055,10.079999923706055,10.079999923706055,0
2018-04-05,10.079999923706055,10.079999923706055,10.079999923706055,10.079999923706055,10.079999923706055,0
2018-04-06,10.079999923706055,10.079999923706055,10.079999923706055,10.079999923706055,10.079999923706055,0
2018-04-09,10.079999923706055,10.079999923706055,10.079999923706055,10.079999923706055,10.079999923706055,0
2018-04-10,10.079999923706055,10.079999923706055,10.079999923706055,10.079999923706055,10.079999923706055,0
2018-04-11,10.079999923706055,10.079999923706055,10.079999923706055,10.079999923706055,10.079999923706055,0
2018-04-12,10.079999923706055,10.079999923706055,10.079999923706055,10.079999923706055,10.079999923706055,0
2018-04-13,10.079999923706055,10.079999923706055,10.079999923706055,10.079999923706055,10.079999923706055,0
2018-04-16,10.079999923706055,10.079999923706055,10.079999923706055,10.079999923706055,10.079999923706055,0
2018-04-17,10.079999923706055,10.079999923706055,10.079999923706055,10.079999923706055,10.079999923706055,0
2018-04-18,10.079999923706055,10.079999923706055,10.079999923706055,10.079999923706055,10.079999923706055,0
2018-04-19,10.079999923706055,10.079999923706055,10.079999923706055,10.079999923706055,10.079999923706055,0
2018-04-20,10.079999923706055,10.079999923706055,10.079999923706055,10.079999923706055,10.079999923706055,0
2018-04-23,10.079999923706055,10.079999923706055,10.079999923706055,10.079999923706055,10.079999923706055,0
2018-04-24,10.079999923706055,10.079999923706055,10.079999923706055,10.079999923706055,10.079999923706055,0
2018-04-25,10.079999923706055,10.079999923706055,10.079999923706055,10.079999923706055,10.079999923706055,0
2018-04-26,10.079999923706055,10.079999923706055,10.079999923706055,10.079999923706055,10.079999923706055,0
2018-04-27,10.079999923706055,10.079999923706055,10.079999923706055,10.079999923706055,10.079999923706055,0
2018-04-30,10.079999923706055,10.079999923706055,10.079999923706055,10.079999923706055,10.079999923706055,0
2018-05-02,10.079999923706055,10.079999923706055,10.079999923706055,10.079999923706055,10.079999923706055,0
2018-05-03,10.079999923706055,10.079999923706055,10.079999923706055,10.079999923706055,10.079999923706055,0
2018-05-04,10.079999923706055,10.079999923706055,10.079999923706055,10.079999923706055,10.079999923706055,0
2018-05-07,10.079999923706055,10.079999923706055,10.079999923706055,10.079999923706055,10.079999923706055,0
2018-05-08,10.079999923706055,10.079999923706055,10.079999923706055,10.079999923706055,10.079999923706055,0
2018-05-09,10.079999923706055,10.079999923706055,10.079999923706055,10.079999923706055,10.079999923706055,0
2018-05-10,10.079999923706055,10.079999923706055,10.079999923706055,10.079999923706055,10.079999923706055,0
2018-05-11,10.079999923706055,10.079999923706055,10.079999923706055,10.079999923706055,10.079999923706055,0
2018-05-14,10.079999923706055,10.079999923706055,10.079999923706055,10.079999923706055,10.079999923706055,0
2018-05-15,10.079999923706055,10.079999923706055,10.079999923706055,10.079999923706055,10.079999923706055,0
2018-05-16,10.079999923706055,10.079999923706055,10.079999923706055,10.079999923706055,10.079999923706055,0
2018-05-17,10.079999923706055,10.079999923706055,10.079999923706055,10.079999923706055,10.079999923706055,0
2018-05-18,10.079999923706055,10.079999923706055,10.079999923706055,10.079999923706055,10.079999923706055,0
2018-05-21,10.079999923706055,10.079999923706055,10.079999923706055,10.079999923706055,10.079999923706055,0
2018-05-22,10.079999923706055,10.079999923706055,10.079999923706055,10.079999923706055,10.079999923706055,0
2018-05-23,10.079999923706055,10.079999923706055,10.079999923706055,10.079999923706055,10.079999923706055,0
2018-05-24,10.079999923706055,10.079999923706055,10.079999923706055,10.079999923706055,10.079999923706055,0
2018-05-25,10.079999923706055,10.079999923706055,10.079999923706055,10.079999923706055,10.079999923706055,0
2018-05-28,10.079999923706055,10.079999923706055,10.079999923706055,10.079999923706055,10.079999923706055,0
2018-05-29,10.079999923706055,10.079999923706055,10.079999923706055,10.079999923706055,10.079999923706055,0
2018-05-30,10.079999923706055,10.079999923706055,10.079999923706055,10.079999923706055,10.079999923706055,0
2018-05-31,10.079999923706055,10.079999923706055,10.079999923706055,10.079999923706055,10.079999923706055,0
2018-06-01,10.079999923706055,10.079999923706055,10.079999923706055,10.079999923706055,10.079999923706055,0
2018-06-04,10.079999923706055,10.079999923706055,10.079999923706055,10.079999923706055,10.079999923706055,0
2018-06-05,10.079999923706055,10.079999923706055,10.079999923706055,10.079999923706055,10.079999923706055,0
2018-06-06,10.079999923706055,10.079999923706055,10.079999923706055,10.079999923706055,10.079999923706055,0
2018-06-07,10.079999923706055,10.079999923706055,10.079999923706055,10.079999923706055,10.079999923706055,0
2018-06-08,10.079999923706055,10.079999923706055,10.079999923706055,10.079999923706055,10.079999923706055,0
2018-06-11,10.079999923706055,10.079999923706055,10.079999923706055,10.079999923706055,10.079999923706055,0
2018-06-12,10.079999923706055,10.079999923706055,10.079999923706055,10.079999923706055,10.079999923706055,0
2018-06-13,10.079999923706055,10.079999923706055,10.079999923706055,10.079999923706055,10.079999923706055,0
2018-06-14,10.079999923706055,10.079999923706055,10.079999923706055,10.079999923706055,10.079999923706055,0
2018-06-15,10.079999923706055,10.079999923706055,10.079999923706055,10.079999923706055,10.079999923706055,0
2018-06-18,10.079999923706055,10.079999923706055,10.079999923706055,10.079999923706055,10.079999923706055,0
2018-06-19,10.079999923706055,10.079999923706055,10.079999923706055,10.079999923706055,10.079999923706055,0
2018-06-20,10.079999923706055,10.079999923706055,10.079999923706055,10.079999923706055,10.079999923706055,0
2018-06-21,10.079999923706055,10.079999923706055,10.079999923706055,10.079999923706055,10.079999923706055,0
2018-06-22,10.079999923706055,10.079999923706055,10.079999923706055,10.079999923706055,10.079999923706055,0
2018-06-25,10.079999923706055,10.079999923706055,10.079999923706055,10.079999923706055,10.079999923706055,0
2018-06-26,10.079999923706055,10.079999923706055,10.079999923706055,10.079999923706055,10.079999923706055,0
2018-06-27,10.079999923706055,10.079999923706055,10.079999923706055,10.079999923706055,10.079999923706055,0
2018-06-28,10.079999923706055,10.079999923706055,10.079999923706055,10.079999923706055,10.079999923706055,0
2018-06-29,10.079999923706055,10.079999923706055,10.079999923706055,10.079999923706055,10.079999923706055,0
2018-07-02,10.079999923706055,10.079999923706055,10.079999923706055,10.079999923706055,10.079999923706055,0
2018-07-03,10.079999923706055,10.079999923706055,10.079999923706055,10.079999923706055,10.079999923706055,0
2018-07-04,10.079999923706055,10.079999923706055,10.079999923706055,10.079999923706055,10.079999923706055,0
2018-07-05,10.079999923706055,10.079999923706055,10.079999923706055,10.079999923706055,10.079999923706055,0
2018-07-06,10.079999923706055,10.079999923706055,10.079999923706055,10.079999923706055,10.079999923706055,0
2018-07-09,10.079999923706055,10.079999923706055,10.079999923706055,10.079999923706055,10.079999923706055,0
2018-07-10,10.079999923706055,10.079999923706055,10.079999923706055,10.079999923706055,10.079999923706055,0
2018-07-11,10.079999923706055,10.079999923706055,10.079999923706055,10.079999923706055,10.079999923706055,0
2018-07-12,10.079999923706055,10.079999923706055,10.079999923706055,10.079999923706055,10.079999923706055,0
2018-07-13,10.079999923706055,10.079999923706055,10.079999923706055,10.079999923706055,10.079999923706055,0
2018-07-16,10.079999923706055,10.079999923706055,10.079999923706055,10.079999923706055,10.079999923706055,0
2018-07-17,10.079999923706055,10.079999923706055,10.079999923706055,10.079999923706055,10.079999923706055,0
2018-07-18,10.079999923706055,10.079999923706055,10.079999923706055,10.079999923706055,10.079999923706055,0
2018-07-19,10.079999923706055,10.079999923706055,10.079999923706055,10.079999923706055,10.079999923706055,0
2018-07-20,10.079999923706055,10.079999923706055,10.079999923706055,10.079999923706055,10.079999923706055,0
2018-07-23,10.079999923706055,10.079999923706055,10.079999923706055,10.079999923706055,10.079999923706055,0
2018-07-24,10.079999923706055,10.079999923706055,10.079999923706055,10.079999923706055,10.079999923706055,0
2018-07-25,10.079999923706055,10.079999923706055,10.079999923706055,10.079999923706055,10.079999923706055,0
2018-07-26,10.079999923706055,10.079999923706055,10.079999923706055,10.079999923706055,10.079999923706055,0
2018-07-27,10.079999923706055,10.079999923706055,10.079999923706055,10.079999923706055,10.079999923706055,0
2018-07-30,10.079999923706055,10.079999923706055,10.079999923706055,10.079999923706055,10.079999923706055,0
2018-07-31,10.079999923706055,10.079999923706055,10.079999923706055,10.079999923706055,10.079999923706055,0
2018-08-01,10.079999923706055,10.079999923706055,10.079999923706055,10.079999923706055,10.079999923706055,0
2018-08-02,10.079999923706055,10.079999923706055,10.079999923706055,10.079999923706055,10.079999923706055,0
2018-08-03,10.079999923706055,10.079999923706055,10.079999923706055,10.079999923706055,10.079999923706055,0
2018-08-06,10.079999923706055,10.079999923706055,10.079999923706055,10.079999923706055,10.079999923706055,0
2018-08-07,10.079999923706055,10.079999923706055,10.079999923706055,10.079999923706055,10.079999923706055,0
2018-08-08,10.079999923706055,10.079999923706055,10.079999923706055,10.079999923706055,10.079999923706055,0
2018-08-09,10.079999923706055,10.079999923706055,10.079999923706055,10.079999923706055,10.079999923706055,0
2018-08-10,10.079999923706055,10.079999923706055,10.079999923706055,10.079999923706055,10.079999923706055,0
2018-08-13,10.079999923706055,10.079999923706055,10.079999923706055,10.079999923706055,10.079999923706055,0
2018-08-14,10.079999923706055,10.079999923706055,10.079999923706055,10.079999923706055,10.079999923706055,0
2018-08-16,10.079999923706055,10.079999923706055,10.079999923706055,10.079999923706055,10.079999923706055,0
2018-08-17,10.079999923706055,10.079999923706055,10.079999923706055,10.079999923706055,10.079999923706055,0
2018-08-20,10.079999923706055,10.079999923706055,10.079999923706055,10.079999923706055,10.079999923706055,0
2018-08-21,10.079999923706055,10.079999923706055,10.079999923706055,10.079999923706055,10.079999923706055,0
2018-08-23,10.079999923706055,10.079999923706055,10.079999923706055,10.079999923706055,10.079999923706055,0
2018-08-24,10.079999923706055,10.079999923706055,10.079999923706055,10.079999923706055,10.079999923706055,0
2018-08-27,10.079999923706055,10.079999923706055,10.079999923706055,10.079999923706055,10.079999923706055,0
2018-08-28,10.079999923706055,10.079999923706055,10.079999923706055,10.079999923706055,10.079999923706055,0
2018-08-29,10.079999923706055,10.079999923706055,10.079999923706055,10.079999923706055,10.079999923706055,0
2018-08-30,10.079999923706055,10.079999923706055,10.079999923706055,10.079999923706055,10.079999923706055,0
2018-08-31,10.079999923706055,10.079999923706055,10.079999923706055,10.079999923706055,10.079999923706055,0
2018-09-03,10.079999923706055,10.079999923706055,10.079999923706055,10.079999923706055,10.079999923706055,0
2018-09-04,10.079999923706055,10.079999923706055,10.079999923706055,10.079999923706055,10.079999923706055,0
2018-09-05,10.079999923706055,10.079999923706055,10.079999923706055,10.079999923706055,10.079999923706055,0
2018-09-06,10.079999923706055,10.079999923706055,10.079999923706055,10.079999923706055,10.079999923706055,0
2018-09-07,10.079999923706055,10.079999923706055,10.079999923706055,10.079999923706055,10.079999923706055,0
2018-09-10,10.079999923706055,10.079999923706055,10.079999923706055,10.079999923706055,10.079999923706055,0
2018-09-11,10.079999923706055,10.079999923706055,10.079999923706055,10.079999923706055,10.079999923706055,0
2018-09-12,10.079999923706055,10.079999923706055,10.079999923706055,10.079999923706055,10.079999923706055,0
2018-09-14,10.079999923706055,10.079999923706055,10.079999923706055,10.079999923706055,10.079999923706055,0
2018-09-17,10.079999923706055,10.079999923706055,10.079999923706055,10.079999923706055,10.079999923706055,0
2018-09-18,10.079999923706055,10.079999923706055,10.079999923706055,10.079999923706055,10.079999923706055,0
2018-09-19,10.079999923706055,10.079999923706055,10.079999923706055,10.079999923706055,10.079999923706055,0
2018-09-21,10.079999923706055,10.079999923706055,10.079999923706055,10.079999923706055,10.079999923706055,0
2018-09-24,10.079999923706055,10.079999923706055,10.079999923706055,10.079999923706055,10.079999923706055,0
2018-09-25,10.079999923706055,10.079999923706055,10.079999923706055,10.079999923706055,10.079999923706055,0
2018-09-26,10.079999923706055,10.079999923706055,10.079999923706055,10.079999923706055,10.079999923706055,0
2018-09-27,10.079999923706055,10.079999923706055,10.079999923706055,10.079999923706055,10.079999923706055,0
2018-09-28,10.079999923706055,10.079999923706055,10.079999923706055,10.079999923706055,10.079999923706055,0
2018-10-01,10.079999923706055,10.079999923706055,10.079999923706055,10.079999923706055,10.079999923706055,0
2018-10-03,10.079999923706055,10.079999923706055,10.079999923706055,10.079999923706055,10.079999923706055,0
2018-10-04,10.079999923706055,10.079999923706055,10.079999923706055,10.079999923706055,10.079999923706055,0
2018-10-05,10.079999923706055,10.079999923706055,10.079999923706055,10.079999923706055,10.079999923706055,0
2018-10-08,10.079999923706055,10.079999923706055,10.079999923706055,10.079999923706055,10.079999923706055,0
2018-10-09,10.079999923706055,10.079999923706055,10.079999923706055,10.079999923706055,10.079999923706055,0
2018-10-10,10.079999923706055,10.079999923706055,10.079999923706055,10.079999923706055,10.079999923706055,0
2018-10-11,10.079999923706055,10.079999923706055,10.079999923706055,10.079999923706055,10.079999923706055,0
2018-10-12,10.079999923706055,10.079999923706055,10.079999923706055,10.079999923706055,10.079999923706055,0
2018-10-15,10.079999923706055,10.079999923706055,10.079999923706055,10.079999923706055,10.079999923706055,0
2018-10-16,10.079999923706055,10.079999923706055,10.079999923706055,10.079999923706055,10.079999923706055,0
2018-10-17,10.079999923706055,10.079999923706055,10.079999923706055,10.079999923706055,10.079999923706055,0
2018-10-19,10.079999923706055,10.079999923706055,10.079999923706055,10.079999923706055,10.079999923706055,0
2018-10-22,10.079999923706055,10.079999923706055,10.079999923706055,10.079999923706055,10.079999923706055,0
2018-10-23,10.079999923706055,10.079999923706055,10.079999923706055,10.079999923706055,10.079999923706055,0
2018-10-24,10.079999923706055,10.079999923706055,10.079999923706055,10.079999923706055,10.079999923706055,0
2018-10-25,10.079999923706055,10.079999923706055,10.079999923706055,10.079999923706055,10.079999923706055,0
2018-10-26,10.079999923706055,10.079999923706055,10.079999923706055,10.079999923706055,10.079999923706055,0
2018-10-29,10.079999923706055,10.079999923706055,10.079999923706055,10.079999923706055,10.079999923706055,0
2018-10-30,10.079999923706055,10.079999923706055,10.079999923706055,10.079999923706055,10.079999923706055,0
2018-10-31,10.079999923706055,10.079999923706055,10.079999923706055,10.079999923706055,10.079999923706055,0
2018-11-01,10.079999923706055,10.079999923706055,10.079999923706055,10.079999923706055,10.079999923706055,0
2018-11-02,10.079999923706055,10.079999923706055,10.079999923706055,10.079999923706055,10.079999923706055,0
2018-11-05,10.079999923706055,10.079999923706055,10.079999923706055,10.079999923706055,10.079999923706055,0
2018-11-06,10.079999923706055,10.079999923706055,10.079999923706055,10.079999923706055,10.079999923706055,0
2018-11-07,10.079999923706055,10.079999923706055,10.079999923706055,10.079999923706055,10.079999923706055,0
2018-11-09,10.079999923706055,10.079999923706055,10.079999923706055,10.079999923706055,10.079999923706055,0
2018-11-12,10.079999923706055,10.079999923706055,10.079999923706055,10.079999923706055,10.079999923706055,0
2018-11-13,10.079999923706055,10.079999923706055,10.079999923706055,10.079999923706055,10.079999923706055,0
2018-11-14,10.079999923706055,10.079999923706055,10.079999923706055,10.079999923706055,10.079999923706055,0
2018-11-15,10.079999923706055,10.079999923706055,10.079999923706055,10.079999923706055,10.079999923706055,0
2018-11-16,10.079999923706055,10.079999923706055,10.079999923706055,10.079999923706055,10.079999923706055,0
2018-11-19,10.079999923706055,10.079999923706055,10.079999923706055,10.079999923706055,10.079999923706055,0
2018-11-20,10.079999923706055,10.079999923706055,10.079999923706055,10.079999923706055,10.079999923706055,0
2018-11-21,10.079999923706055,10.079999923706055,10.079999923706055,10.079999923706055,10.079999923706055,0
2018-11-22,10.079999923706055,10.079999923706055,10.079999923706055,10.079999923706055,10.079999923706055,0
2018-11-26,10.079999923706055,10.079999923706055,10.079999923706055,10.079999923706055,10.079999923706055,0
2018-11-27,10.079999923706055,10.079999923706055,10.079999923706055,10.079999923706055,10.079999923706055,0
2018-11-28,10.079999923706055,10.079999923706055,10.079999923706055,10.079999923706055,10.079999923706055,0
2018-11-29,10.079999923706055,10.079999923706055,10.079999923706055,10.079999923706055,10.079999923706055,0
2018-11-30,10.079999923706055,10.079999923706055,10.079999923706055,10.079999923706055,10.079999923706055,0
2018-12-03,10.079999923706055,10.079999923706055,10.079999923706055,10.079999923706055,10.079999923706055,0
2018-12-04,10.079999923706055,10.079999923706055,10.079999923706055,10.079999923706055,10.079999923706055,0
2018-12-05,10.079999923706055,10.079999923706055,10.079999923706055,10.079999923706055,10.079999923706055,0
2018-12-06,10.079999923706055,10.079999923706055,10.079999923706055,10.079999923706055,10.079999923706055,0
2018-12-07,10.079999923706055,10.079999923706055,10.079999923706055,10.079999923706055,10.079999923706055,0
2018-12-10,10.079999923706055,10.079999923706055,10.079999923706055,10.079999923706055,10.079999923706055,0
2018-12-11,10.079999923706055,10.079999923706055,10.079999923706055,10.079999923706055,10.079999923706055,0
2018-12-12,10.079999923706055,10.079999923706055,10.079999923706055,10.079999923706055,10.079999923706055,0
2018-12-13,10.079999923706055,10.079999923706055,10.079999923706055,10.079999923706055,10.079999923706055,0
2018-12-14,10.079999923706055,10.079999923706055,10.079999923706055,10.079999923706055,10.079999923706055,0
2018-12-17,10.079999923706055,10.079999923706055,10.079999923706055,10.079999923706055,10.079999923706055,0
2018-12-18,10.079999923706055,10.079999923706055,10.079999923706055,10.079999923706055,10.079999923706055,0
2018-12-19,10.079999923706055,10.079999923706055,10.079999923706055,10.079999923706055,10.079999923706055,0
2018-12-20,10.079999923706055,10.079999923706055,10.079999923706055,10.079999923706055,10.079999923706055,0
2018-12-21,10.079999923706055,10.079999923706055,10.079999923706055,10.079999923706055,10.079999923706055,0
2018-12-24,10.079999923706055,10.079999923706055,10.079999923706055,10.079999923706055,10.079999923706055,0
2018-12-26,10.079999923706055,10.079999923706055,10.079999923706055,10.079999923706055,10.079999923706055,0
2018-12-27,10.079999923706055,10.079999923706055,10.079999923706055,10.079999923706055,10.079999923706055,0
2018-12-28,10.079999923706055,10.079999923706055,10.079999923706055,10.079999923706055,10.079999923706055,0
2018-12-31,10.079999923706055,10.079999923706055,10.079999923706055,10.079999923706055,10.079999923706055,0
2019-01-01,10.079999923706055,10.079999923706055,10.079999923706055,10.079999923706055,10.079999923706055,0
2019-01-02,10.079999923706055,10.079999923706055,10.079999923706055,10.079999923706055,10.079999923706055,0
2019-01-03,10.079999923706055,10.079999923706055,10.079999923706055,10.079999923706055,10.079999923706055,0
2019-01-04,10.079999923706055,10.079999923706055,10.079999923706055,10.079999923706055,10.079999923706055,0
2019-01-07,10.079999923706055,10.079999923706055,10.079999923706055,10.079999923706055,10.079999923706055,0
2019-01-08,10.079999923706055,10.079999923706055,10.079999923706055,10.079999923706055,10.079999923706055,0
2019-01-09,10.079999923706055,10.079999923706055,10.079999923706055,10.079999923706055,10.079999923706055,0
2019-01-10,10.079999923706055,10.079999923706055,10.079999923706055,10.079999923706055,10.079999923706055,0
2019-01-11,10.079999923706055,10.079999923706055,10.079999923706055,10.079999923706055,10.079999923706055,0
2019-01-14,10.079999923706055,10.079999923706055,10.079999923706055,10.079999923706055,10.079999923706055,0
2019-01-15,10.079999923706055,10.079999923706055,10.079999923706055,10.079999923706055,10.079999923706055,0
2019-01-16,10.079999923706055,10.079999923706055,10.079999923706055,10.079999923706055,10.079999923706055,0
2019-01-17,10.079999923706055,10.079999923706055,10.079999923706055,10.079999923706055,10.079999923706055,0
2019-01-18,10.079999923706055,10.079999923706055,10.079999923706055,10.079999923706055,10.079999923706055,0
2019-01-21,10.079999923706055,10.079999923706055,10.079999923706055,10.079999923706055,10.079999923706055,0
2019-01-22,10.079999923706055,10.079999923706055,10.079999923706055,10.079999923706055,10.079999923706055,0
2019-01-23,10.079999923706055,10.079999923706055,10.079999923706055,10.079999923706055,10.079999923706055,0
2019-01-24,10.079999923706055,10.079999923706055,10.079999923706055,10.079999923706055,10.079999923706055,0
2019-01-25,10.079999923706055,10.079999923706055,10.079999923706055,10.079999923706055,10.079999923706055,0
2019-01-28,10.079999923706055,10.079999923706055,10.079999923706055,10.079999923706055,10.079999923706055,0
2019-01-29,10.079999923706055,10.079999923706055,10.079999923706055,10.079999923706055,10.079999923706055,0
2019-01-30,10.079999923706055,10.079999923706055,10.079999923706055,10.079999923706055,10.079999923706055,0
2019-01-31,10.079999923706055,10.079999923706055,10.079999923706055,10.079999923706055,10.079999923706055,0
2019-02-01,10.079999923706055,10.079999923706055,10.079999923706055,10.079999923706055,10.079999923706055,0
2019-02-04,10.079999923706055,10.079999923706055,10.079999923706055,10.079999923706055,10.079999923706055,0
2019-02-05,10.079999923706055,10.079999923706055,10.079999923706055,10.079999923706055,10.079999923706055,0
2019-02-06,10.079999923706055,10.079999923706055,10.079999923706055,10.079999923706055,10.079999923706055,0
2019-02-07,10.079999923706055,10.079999923706055,10.079999923706055,10.079999923706055,10.079999923706055,0
2019-02-08,10.079999923706055,10.079999923706055,10.079999923706055,10.079999923706055,10.079999923706055,0
2019-02-11,10.079999923706055,10.079999923706055,10.079999923706055,10.079999923706055,10.079999923706055,0
2019-02-12,10.079999923706055,10.079999923706055,10.079999923706055,10.079999923706055,10.079999923706055,0
2019-02-14,10.079999923706055,10.079999923706055,10.079999923706055,10.079999923706055,10.079999923706055,0
2019-02-15,10.079999923706055,10.079999923706055,10.079999923706055,10.079999923706055,10.079999923706055,0
2019-02-18,10.079999923706055,10.079999923706055,10.079999923706055,10.079999923706055,10.079999923706055,0
2019-02-19,10.079999923706055,10.079999923706055,10.079999923706055,10.079999923706055,10.079999923706055,0
2019-02-20,10.079999923706055,10.079999923706055,10.079999923706055,10.079999923706055,10.079999923706055,0
2019-02-21,10.079999923706055,10.079999923706055,10.079999923706055,10.079999923706055,10.079999923706055,0
2019-02-22,10.079999923706055,10.079999923706055,10.079999923706055,10.079999923706055,10.079999923706055,0
2019-02-25,10.079999923706055,10.079999923706055,10.079999923706055,10.079999923706055,10.079999923706055,0
2019-02-26,10.079999923706055,10.079999923706055,10.079999923706055,10.079999923706055,10.079999923706055,0
2019-02-27,10.079999923706055,10.079999923706055,10.079999923706055,10.079999923706055,10.079999923706055,0
2019-02-28,10.079999923706055,10.079999923706055,10.079999923706055,10.079999923706055,10.079999923706055,0
2019-03-01,10.079999923706055,10.079999923706055,10.079999923706055,10.079999923706055,10.079999923706055,0
2019-03-05,10.079999923706055,10.079999923706055,10.079999923706055,10.079999923706055,10.079999923706055,0
2019-03-06,10.079999923706055,10.079999923706055,10.079999923706055,10.079999923706055,10.079999923706055,0
2019-03-07,10.079999923706055,10.079999923706055,10.079999923706055,10.079999923706055,10.079999923706055,0
2019-03-08,10.079999923706055,10.079999923706055,10.079999923706055,10.079999923706055,10.079999923706055,0
2019-03-11,10.079999923706055,10.079999923706055,10.079999923706055,10.079999923706055,10.079999923706055,0
2019-03-12,10.079999923706055,10.079999923706055,10.079999923706055,10.079999923706055,10.079999923706055,0
2019-03-13,10.079999923706055,10.079999923706055,10.079999923706055,10.079999923706055,10.079999923706055,0
2019-03-14,10.079999923706055,10.079999923706055,10.079999923706055,10.079999923706055,10.079999923706055,0
2019-03-15,10.079999923706055,10.079999923706055,10.079999923706055,10.079999923706055,10.079999923706055,0
2019-03-18,10.079999923706055,10.079999923706055,10.079999923706055,10.079999923706055,10.079999923706055,0
2019-03-19,10.079999923706055,10.079999923706055,10.079999923706055,10.079999923706055,10.079999923706055,0
2019-03-20,10.079999923706055,10.079999923706055,10.079999923706055,10.079999923706055,10.079999923706055,0
2019-03-22,10.079999923706055,10.079999923706055,10.079999923706055,10.079999923706055,10.079999923706055,0
2019-03-25,10.079999923706055,10.079999923706055,10.079999923706055,10.079999923706055,10.079999923706055,0
2019-03-26,10.079999923706055,10.079999923706055,10.079999923706055,10.079999923706055,10.079999923706055,0
2019-03-27,10.079999923706055,10.079999923706055,10.079999923706055,10.079999923706055,10.079999923706055,0
2019-03-28,10.079999923706055,10.079999923706055,10.079999923706055,10.079999923706055,10.079999923706055,0
2019-04-01,10.079999923706055,10.079999923706055,10.079999923706055,10.079999923706055,10.079999923706055,0
2019-04-02,10.079999923706055,10.079999923706055,10.079999923706055,10.079999923706055,10.079999923706055,0
2019-04-03,10.079999923706055,10.079999923706055,10.079999923706055,10.079999923706055,10.079999923706055,0
2019-04-04,10.079999923706055,10.079999923706055,10.079999923706055,10.079999923706055,10.079999923706055,0
2019-04-05,10.079999923706055,10.079999923706055,10.079999923706055,10.079999923706055,10.079999923706055,0
2019-04-08,10.079999923706055,10.079999923706055,10.079999923706055,10.079999923706055,10.079999923706055,0
2019-04-09,10.079999923706055,10.079999923706055,10.079999923706055,10.079999923706055,10.079999923706055,0
2019-04-10,10.079999923706055,10.079999923706055,10.079999923706055,10.079999923706055,10.079999923706055,0
2019-04-11,10.079999923706055,10.079999923706055,10.079999923706055,10.079999923706055,10.079999923706055,0
2019-04-12,10.079999923706055,10.079999923706055,10.079999923706055,10.079999923706055,10.079999923706055,0
2019-04-15,10.079999923706055,10.079999923706055,10.079999923706055,10.079999923706055,10.079999923706055,0
2019-04-16,10.079999923706055,10.079999923706055,10.079999923706055,10.079999923706055,10.079999923706055,0
2019-04-18,10.079999923706055,10.079999923706055,10.079999923706055,10.079999923706055,10.079999923706055,0
2019-04-22,10.079999923706055,10.079999923706055,10.079999923706055,10.079999923706055,10.079999923706055,0
2019-04-23,10.079999923706055,10.079999923706055,10.079999923706055,10.079999923706055,10.079999923706055,0
2019-04-24,10.079999923706055,10.079999923706055,10.079999923706055,10.079999923706055,10.079999923706055,0
2019-04-25,10.079999923706055,10.079999923706055,10.079999923706055,10.079999923706055,10.079999923706055,0
2019-04-26,10.079999923706055,10.079999923706055,10.079999923706055,10.079999923706055,10.079999923706055,0
2019-04-30,10.079999923706055,10.079999923706055,10.079999923706055,10.079999923706055,10.079999923706055,0
2019-05-02,10.079999923706055,10.079999923706055,10.079999923706055,10.079999923706055,10.079999923706055,0
2019-05-03,10.079999923706055,10.079999923706055,10.079999923706055,10.079999923706055,10.079999923706055,0
2019-05-06,10.079999923706055,10.079999923706055,10.079999923706055,10.079999923706055,10.079999923706055,0
2019-05-07,10.079999923706055,10.079999923706055,10.079999923706055,10.079999923706055,10.079999923706055,0
2019-05-08,10.079999923706055,10.079999923706055,10.079999923706055,10.079999923706055,10.079999923706055,0
2019-05-09,10.079999923706055,10.079999923706055,10.079999923706055,10.079999923706055,10.079999923706055,0
2019-05-10,10.079999923706055,10.079999923706055,10.079999923706055,10.079999923706055,10.079999923706055,0
2019-05-13,10.079999923706055,10.079999923706055,10.079999923706055,10.079999923706055,10.079999923706055,0
2019-05-14,10.079999923706055,10.079999923706055,10.079999923706055,10.079999923706055,10.079999923706055,0
2019-05-15,10.079999923706055,10.079999923706055,10.079999923706055,10.079999923706055,10.079999923706055,0
2019-05-16,10.079999923706055,10.079999923706055,10.079999923706055,10.079999923706055,10.079999923706055,0
2019-05-17,10.079999923706055,10.079999923706055,10.079999923706055,10.079999923706055,10.079999923706055,0
2019-05-20,10.079999923706055,10.079999923706055,10.079999923706055,10.079999923706055,10.079999923706055,0
2019-05-21,10.079999923706055,10.079999923706055,10.079999923706055,10.079999923706055,10.079999923706055,0
2019-05-22,10.079999923706055,10.079999923706055,10.079999923706055,10.079999923706055,10.079999923706055,0
2019-05-23,10.079999923706055,10.079999923706055,10.079999923706055,10.079999923706055,10.079999923706055,0
2019-05-24,10.079999923706055,10.079999923706055,10.079999923706055,10.079999923706055,10.079999923706055,0
2019-05-27,10.079999923706055,10.079999923706055,10.079999923706055,10.079999923706055,10.079999923706055,0
2019-05-28,10.079999923706055,10.079999923706055,10.079999923706055,10.079999923706055,10.079999923706055,0
2019-05-29,10.079999923706055,10.079999923706055,10.079999923706055,10.079999923706055,10.079999923706055,0
2019-05-30,10.079999923706055,10.079999923706055,10.079999923706055,10.079999923706055,10.079999923706055,0
2019-05-31,10.079999923706055,10.079999923706055,10.079999923706055,10.079999923706055,10.079999923706055,0
2019-06-03,10.079999923706055,10.079999923706055,10.079999923706055,10.079999923706055,10.079999923706055,0
2019-06-04,10.079999923706055,10.079999923706055,10.079999923706055,10.079999923706055,10.079999923706055,0
2019-06-06,10.079999923706055,10.079999923706055,10.079999923706055,10.079999923706055,10.079999923706055,0
2019-06-07,10.079999923706055,10.079999923706055,10.079999923706055,10.079999923706055,10.079999923706055,0
2019-06-10,10.079999923706055,10.079999923706055,10.079999923706055,10.079999923706055,10.079999923706055,0
2019-06-11,10.079999923706055,10.079999923706055,10.079999923706055,10.079999923706055,10.079999923706055,0
2019-06-12,10.079999923706055,10.079999923706055,10.079999923706055,10.079999923706055,10.079999923706055,0
2019-06-13,10.079999923706055,10.079999923706055,10.079999923706055,10.079999923706055,10.079999923706055,0
2019-06-14,10.079999923706055,10.079999923706055,10.079999923706055,10.079999923706055,10.079999923706055,0
2019-06-17,10.079999923706055,10.079999923706055,10.079999923706055,10.079999923706055,10.079999923706055,0
2019-06-18,10.079999923706055,10.079999923706055,10.079999923706055,10.079999923706055,10.079999923706055,0
2019-06-19,10.079999923706055,10.079999923706055,10.079999923706055,10.079999923706055,10.079999923706055,0
2019-06-20,10.079999923706055,10.079999923706055,10.079999923706055,10.079999923706055,10.079999923706055,0
2019-06-21,10.079999923706055,10.079999923706055,10.079999923706055,10.079999923706055,10.079999923706055,0
2019-06-24,10.079999923706055,10.079999923706055,10.079999923706055,10.079999923706055,10.079999923706055,0
2019-06-25,10.079999923706055,10.079999923706055,10.079999923706055,10.079999923706055,10.079999923706055,0
2019-06-26,10.079999923706055,10.079999923706055,10.079999923706055,10.079999923706055,10.079999923706055,0
2019-06-27,10.079999923706055,10.079999923706055,10.079999923706055,10.079999923706055,10.079999923706055,0
2019-06-28,10.079999923706055,10.079999923706055,10.079999923706055,10.079999923706055,10.079999923706055,0
2019-07-01,10.079999923706055,10.079999923706055,10.079999923706055,10.079999923706055,10.079999923706055,0
2019-07-02,10.079999923706055,10.079999923706055,10.079999923706055,10.079999923706055,10.079999923706055,0
2019-07-03,10.079999923706055,10.079999923706055,10.079999923706055,10.079999923706055,10.079999923706055,0
2019-07-04,10.079999923706055,10.079999923706055,10.079999923706055,10.079999923706055,10.079999923706055,0
2019-07-05,10.079999923706055,10.079999923706055,10.079999923706055,10.079999923706055,10.079999923706055,0
2019-07-08,10.079999923706055,10.079999923706055,10.079999923706055,10.079999923706055,10.079999923706055,0
2019-07-09,10.079999923706055,10.079999923706055,10.079999923706055,10.079999923706055,10.079999923706055,0
2019-07-10,10.079999923706055,10.079999923706055,10.079999923706055,10.079999923706055,10.079999923706055,0
2019-07-11,10.079999923706055,10.079999923706055,10.079999923706055,10.079999923706055,10.079999923706055,0
2019-07-12,10.079999923706055,10.079999923706055,10.079999923706055,10.079999923706055,10.079999923706055,0
2019-07-15,10.079999923706055,10.079999923706055,10.079999923706055,10.079999923706055,10.079999923706055,0
2019-07-16,10.079999923706055,10.079999923706055,10.079999923706055,10.079999923706055,10.079999923706055,0
2019-07-17,10.079999923706055,10.079999923706055,10.079999923706055,10.079999923706055,10.079999923706055,0
2019-07-18,10.079999923706055,10.079999923706055,10.079999923706055,10.079999923706055,10.079999923706055,0
2019-07-19,10.079999923706055,10.079999923706055,10.079999923706055,10.079999923706055,10.079999923706055,0
2019-07-22,10.079999923706055,10.079999923706055,10.079999923706055,10.079999923706055,10.079999923706055,0
2019-07-23,10.079999923706055,10.079999923706055,10.079999923706055,10.079999923706055,10.079999923706055,0
2019-07-24,10.079999923706055,10.079999923706055,10.079999923706055,10.079999923706055,10.079999923706055,0
2019-07-25,10.079999923706055,10.079999923706055,10.079999923706055,10.079999923706055,10.079999923706055,0
2019-07-26,10.079999923706055,10.079999923706055,10.079999923706055,10.079999923706055,10.079999923706055,0
2019-07-29,10.079999923706055,10.079999923706055,10.079999923706055,10.079999923706055,10.079999923706055,0
2019-07-30,10.079999923706055,10.079999923706055,10.079999923706055,10.079999923706055,10.079999923706055,0
2019-07-31,10.079999923706055,10.079999923706055,10.079999923706055,10.079999923706055,10.079999923706055,0
2019-08-01,10.079999923706055,10.079999923706055,10.079999923706055,10.079999923706055,10.079999923706055,0
2019-08-02,10.079999923706055,10.079999923706055,10.079999923706055,10.079999923706055,10.079999923706055,0
2019-08-05,10.079999923706055,10.079999923706055,10.079999923706055,10.079999923706055,10.079999923706055,0
2019-08-06,10.079999923706055,10.079999923706055,10.079999923706055,10.079999923706055,10.079999923706055,0
2019-08-07,10.079999923706055,10.079999923706055,10.079999923706055,10.079999923706055,10.079999923706055,0
2019-08-08,10.079999923706055,10.079999923706055,10.079999923706055,10.079999923706055,10.079999923706055,0
2019-08-09,10.079999923706055,10.079999923706055,10.079999923706055,10.079999923706055,10.079999923706055,0
2019-08-13,10.079999923706055,10.079999923706055,10.079999923706055,10.079999923706055,10.079999923706055,0
2019-08-14,10.079999923706055,10.079999923706055,10.079999923706055,10.079999923706055,10.079999923706055,0
2019-08-16,10.079999923706055,10.079999923706055,10.079999923706055,10.079999923706055,10.079999923706055,0
2019-08-19,10.079999923706055,10.079999923706055,10.079999923706055,10.079999923706055,10.079999923706055,0
2019-08-20,10.079999923706055,10.079999923706055,10.079999923706055,10.079999923706055,10.079999923706055,0
2019-08-21,10.079999923706055,10.079999923706055,10.079999923706055,10.079999923706055,10.079999923706055,0
2019-08-22,10.079999923706055,10.079999923706055,10.079999923706055,10.079999923706055,10.079999923706055,0
2019-08-23,10.079999923706055,10.079999923706055,10.079999923706055,10.079999923706055,10.079999923706055,0
2019-08-26,10.079999923706055,10.079999923706055,10.079999923706055,10.079999923706055,10.079999923706055,0
2019-08-27,10.079999923706055,10.079999923706055,10.079999923706055,10.079999923706055,10.079999923706055,0
2019-08-28,10.079999923706055,10.079999923706055,10.079999923706055,10.079999923706055,10.079999923706055,0
2019-08-29,10.079999923706055,10.079999923706055,10.079999923706055,10.079999923706055,10.079999923706055,0
2019-08-30,10.079999923706055,10.079999923706055,10.079999923706055,10.079999923706055,10.079999923706055,0
2019-09-03,10.079999923706055,10.079999923706055,10.079999923706055,10.079999923706055,10.079999923706055,0
2019-09-04,10.079999923706055,10.079999923706055,10.079999923706055,10.079999923706055,10.079999923706055,0
2019-09-05,10.079999923706055,10.079999923706055,10.079999923706055,10.079999923706055,10.079999923706055,0
2019-09-06,10.079999923706055,10.079999923706055,10.079999923706055,10.079999923706055,10.079999923706055,0
2019-09-09,10.079999923706055,10.079999923706055,10.079999923706055,10.079999923706055,10.079999923706055,0
2019-09-11,10.079999923706055,10.079999923706055,10.079999923706055,10.079999923706055,10.079999923706055,0
2019-09-12,10.079999923706055,10.079999923706055,10.079999923706055,10.079999923706055,10.079999923706055,0
2019-09-13,10.079999923706055,10.079999923706055,10.079999923706055,10.079999923706055,10.079999923706055,0
2019-09-16,10.079999923706055,10.079999923706055,10.079999923706055,10.079999923706055,10.079999923706055,0
2019-09-17,10.079999923706055,10.079999923706055,10.079999923706055,10.079999923706055,10.079999923706055,0
2019-09-18,10.079999923706055,10.079999923706055,10.079999923706055,10.079999923706055,10.079999923706055,0
2019-09-19,10.079999923706055,10.079999923706055,10.079999923706055,10.079999923706055,10.079999923706055,0
2019-09-20,10.079999923706055,10.079999923706055,10.079999923706055,10.079999923706055,10.079999923706055,0
2019-09-23,10.079999923706055,10.079999923706055,10.079999923706055,10.079999923706055,10.079999923706055,0
2019-09-24,10.079999923706055,10.079999923706055,10.079999923706055,10.079999923706055,10.079999923706055,0
2019-09-25,10.079999923706055,10.079999923706055,10.079999923706055,10.079999923706055,10.079999923706055,0
2019-09-26,10.079999923706055,10.079999923706055,10.079999923706055,10.079999923706055,10.079999923706055,0
2019-09-27,10.079999923706055,10.079999923706055,10.079999923706055,10.079999923706055,10.079999923706055,0
2019-09-30,10.079999923706055,10.079999923706055,10.079999923706055,10.079999923706055,10.079999923706055,0
2019-10-01,10.079999923706055,10.079999923706055,10.079999923706055,10.079999923706055,10.079999923706055,0
2019-10-03,10.079999923706055,10.079999923706055,10.079999923706055,10.079999923706055,10.079999923706055,0
2019-10-04,10.079999923706055,10.079999923706055,10.079999923706055,10.079999923706055,10.079999923706055,0
2019-10-07,10.079999923706055,10.079999923706055,10.079999923706055,10.079999923706055,10.079999923706055,0
2019-10-09,10.079999923706055,10.079999923706055,10.079999923706055,10.079999923706055,10.079999923706055,0
2019-10-10,10.079999923706055,10.079999923706055,10.079999923706055,10.079999923706055,10.079999923706055,0
2019-10-11,10.079999923706055,10.079999923706055,10.079999923706055,10.079999923706055,10.079999923706055,0
2019-10-14,10.079999923706055,10.079999923706055,10.079999923706055,10.079999923706055,10.079999923706055,0
2019-10-15,10.079999923706055,10.079999923706055,10.079999923706055,10.079999923706055,10.079999923706055,0
2019-10-16,10.079999923706055,10.079999923706055,10.079999923706055,10.079999923706055,10.079999923706055,0
2019-10-17,10.079999923706055,10.079999923706055,10.079999923706055,10.079999923706055,10.079999923706055,0
2019-10-18,10.079999923706055,10.079999923706055,10.079999923706055,10.079999923706055,10.079999923706055,0
2019-10-22,10.079999923706055,10.079999923706055,10.079999923706055,10.079999923706055,10.079999923706055,0
2019-10-23,10.079999923706055,10.079999923706055,10.079999923706055,10.079999923706055,10.079999923706055,0
2019-10-24,10.079999923706055,10.079999923706055,10.079999923706055,10.079999923706055,10.079999923706055,0
2019-10-25,10.079999923706055,10.079999923706055,10.079999923706055,10.079999923706055,10.079999923706055,0
2019-10-29,10.079999923706055,10.079999923706055,10.079999923706055,10.079999923706055,10.079999923706055,0
2019-10-30,10.079999923706055,10.079999923706055,10.079999923706055,10.079999923706055,10.079999923706055,0
2019-10-31,10.079999923706055,10.079999923706055,10.079999923706055,10.079999923706055,10.079999923706055,0
2019-11-01,10.079999923706055,10.079999923706055,10.079999923706055,10.079999923706055,10.079999923706055,0
2019-11-04,10.079999923706055,10.079999923706055,10.079999923706055,10.079999923706055,10.079999923706055,0
2019-11-05,10.079999923706055,10.079999923706055,10.079999923706055,10.079999923706055,10.079999923706055,0
2019-11-06,10.079999923706055,10.079999923706055,10.079999923706055,10.079999923706055,10.079999923706055,0
2019-11-07,10.079999923706055,10.079999923706055,10.079999923706055,10.079999923706055,10.079999923706055,0
2019-11-08,10.079999923706055,10.079999923706055,10.079999923706055,10.079999923706055,10.079999923706055,0
2019-11-11,10.079999923706055,10.079999923706055,10.079999923706055,10.079999923706055,10.079999923706055,0
2019-11-13,10.079999923706055,10.079999923706055,10.079999923706055,10.079999923706055,10.079999923706055,0
2019-11-14,10.079999923706055,10.079999923706055,10.079999923706055,10.079999923706055,10.079999923706055,0
2019-11-15,10.079999923706055,10.079999923706055,10.079999923706055,10.079999923706055,10.079999923706055,0
2019-11-18,10.079999923706055,10.079999923706055,10.079999923706055,10.079999923706055,10.079999923706055,0
2019-11-19,10.079999923706055,10.079999923706055,10.079999923706055,10.079999923706055,10.079999923706055,0
2019-11-20,10.079999923706055,10.079999923706055,10.079999923706055,10.079999923706055,10.079999923706055,0
2019-11-21,10.079999923706055,10.079999923706055,10.079999923706055,10.079999923706055,10.079999923706055,0
2019-11-22,10.079999923706055,10.079999923706055,10.079999923706055,10.079999923706055,10.079999923706055,0
2019-11-25,10.079999923706055,10.079999923706055,10.079999923706055,10.079999923706055,10.079999923706055,0
2019-11-26,10.079999923706055,10.079999923706055,10.079999923706055,10.079999923706055,10.079999923706055,0
2019-11-27,10.079999923706055,10.079999923706055,10.079999923706055,10.079999923706055,10.079999923706055,0
2019-11-28,10.079999923706055,10.079999923706055,10.079999923706055,10.079999923706055,10.079999923706055,0
2019-11-29,10.079999923706055,10.079999923706055,10.079999923706055,10.079999923706055,10.079999923706055,0
2019-12-02,10.079999923706055,10.079999923706055,10.079999923706055,10.079999923706055,10.079999923706055,0
2019-12-03,10.079999923706055,10.079999923706055,10.079999923706055,10.079999923706055,10.079999923706055,0
2019-12-04,10.079999923706055,10.079999923706055,10.079999923706055,10.079999923706055,10.079999923706055,0
2019-12-05,10.079999923706055,10.079999923706055,10.079999923706055,10.079999923706055,10.079999923706055,0
2019-12-06,10.079999923706055,10.079999923706055,10.079999923706055,10.079999923706055,10.079999923706055,0
2019-12-09,10.079999923706055,10.079999923706055,10.079999923706055,10.079999923706055,10.079999923706055,0
2019-12-10,10.079999923706055,10.079999923706055,10.079999923706055,10.079999923706055,10.079999923706055,0
2019-12-11,10.079999923706055,10.079999923706055,10.079999923706055,10.079999923706055,10.079999923706055,0
2019-12-12,10.079999923706055,10.079999923706055,10.079999923706055,10.079999923706055,10.079999923706055,0
2019-12-13,10.079999923706055,10.079999923706055,10.079999923706055,10.079999923706055,10.079999923706055,0
2019-12-16,10.079999923706055,10.079999923706055,10.079999923706055,10.079999923706055,10.079999923706055,0
2019-12-17,10.079999923706055,10.079999923706055,10.079999923706055,10.079999923706055,10.079999923706055,0
2019-12-18,10.079999923706055,10.079999923706055,10.079999923706055,10.079999923706055,10.079999923706055,0
2019-12-19,10.079999923706055,10.079999923706055,10.079999923706055,10.079999923706055,10.079999923706055,0
2019-12-20,10.079999923706055,10.079999923706055,10.079999923706055,10.079999923706055,10.079999923706055,0
2019-12-23,10.079999923706055,10.079999923706055,10.079999923706055,10.079999923706055,10.079999923706055,0
2019-12-24,10.079999923706055,10.079999923706055,10.079999923706055,10.079999923706055,10.079999923706055,0
2019-12-26,10.079999923706055,10.079999923706055,10.079999923706055,10.079999923706055,10.079999923706055,0
2019-12-27,10.079999923706055,10.079999923706055,10.079999923706055,10.079999923706055,10.079999923706055,0
2019-12-30,10.079999923706055,10.079999923706055,10.079999923706055,10.079999923706055,10.079999923706055,0
2019-12-31,10.079999923706055,10.079999923706055,10.079999923706055,10.079999923706055,10.079999923706055,0
2020-01-01,10.079999923706055,10.079999923706055,10.079999923706055,10.079999923706055,10.079999923706055,0
2020-01-02,10.079999923706055,10.079999923706055,10.079999923706055,10.079999923706055,10.079999923706055,0
2020-01-03,10.079999923706055,10.079999923706055,10.079999923706055,10.079999923706055,10.079999923706055,0
2020-01-06,10.079999923706055,10.079999923706055,10.079999923706055,10.079999923706055,10.079999923706055,0
2020-01-07,10.079999923706055,10.079999923706055,10.079999923706055,10.079999923706055,10.079999923706055,0
2020-01-08,10.079999923706055,10.079999923706055,10.079999923706055,10.079999923706055,10.079999923706055,0
2020-01-09,10.079999923706055,10.079999923706055,10.079999923706055,10.079999923706055,10.079999923706055,0
2020-01-10,10.079999923706055,10.079999923706055,10.079999923706055,10.079999923706055,10.079999923706055,0
2020-01-13,10.079999923706055,10.079999923706055,10.079999923706055,10.079999923706055,10.079999923706055,0
2020-01-14,10.079999923706055,10.079999923706055,10.079999923706055,10.079999923706055,10.079999923706055,0
2020-01-15,10.079999923706055,10.079999923706055,10.079999923706055,10.079999923706055,10.079999923706055,0
2020-01-16,10.079999923706055,10.079999923706055,10.079999923706055,10.079999923706055,10.079999923706055,0
2020-01-17,10.079999923706055,10.079999923706055,10.079999923706055,10.079999923706055,10.079999923706055,0
2020-01-20,10.079999923706055,10.079999923706055,10.079999923706055,10.079999923706055,10.079999923706055,0
2020-01-21,10.079999923706055,10.079999923706055,10.079999923706055,10.079999923706055,10.079999923706055,0
2020-01-22,10.079999923706055,10.079999923706055,10.079999923706055,10.079999923706055,10.079999923706055,0
2020-01-23,10.079999923706055,10.079999923706055,10.079999923706055,10.079999923706055,10.079999923706055,0
2020-01-24,10.079999923706055,10.079999923706055,10.079999923706055,10.079999923706055,10.079999923706055,0
2020-01-27,10.079999923706055,10.079999923706055,10.079999923706055,10.079999923706055,10.079999923706055,0
2020-01-28,10.079999923706055,10.079999923706055,10.079999923706055,10.079999923706055,10.079999923706055,0
2020-01-29,10.079999923706055,10.079999923706055,10.079999923706055,10.079999923706055,10.079999923706055,0
2020-01-30,10.079999923706055,10.079999923706055,10.079999923706055,10.079999923706055,10.079999923706055,0
2020-01-31,10.079999923706055,10.079999923706055,10.079999923706055,10.079999923706055,10.079999923706055,0
2020-02-03,10.079999923706055,10.079999923706055,10.079999923706055,10.079999923706055,10.079999923706055,0
2020-02-04,10.079999923706055,10.079999923706055,10.079999923706055,10.079999923706055,10.079999923706055,0
2020-02-05,10.079999923706055,10.079999923706055,10.079999923706055,10.079999923706055,10.079999923706055,0
2020-02-06,10.079999923706055,10.079999923706055,10.079999923706055,10.079999923706055,10.079999923706055,0
2020-02-07,10.079999923706055,10.079999923706055,10.079999923706055,10.079999923706055,10.079999923706055,0
2020-02-10,10.079999923706055,10.079999923706055,10.079999923706055,10.079999923706055,10.079999923706055,0
2020-02-11,10.079999923706055,10.079999923706055,10.079999923706055,10.079999923706055,10.079999923706055,0
2020-02-12,12.600000381469727,12.850000381469727,12.600000381469727,12.850000381469727,12.850000381469727,12061
2020-02-13,12.850000381469727,12.850000381469727,12.850000381469727,12.850000381469727,12.850000381469727,0
2020-02-14,13.359999656677246,13.359999656677246,13.359999656677246,13.359999656677246,13.359999656677246,50
2020-02-17,13.619999885559082,13.619999885559082,13.619999885559082,13.619999885559082,13.619999885559082,300
2020-02-18,13.619999885559082,13.619999885559082,13.619999885559082,13.619999885559082,13.619999885559082,0
2020-02-19,13.619999885559082,13.619999885559082,13.619999885559082,13.619999885559082,13.619999885559082,0
2020-02-20,13.619999885559082,13.619999885559082,13.619999885559082,13.619999885559082,13.619999885559082,0
2020-02-24,13.890000343322754,13.890000343322754,13.890000343322754,13.890000343322754,13.890000343322754,50
2020-02-25,14.15999984741211,14.15999984741211,14.15999984741211,14.15999984741211,14.15999984741211,1
2020-02-26,14.4399995803833,14.4399995803833,14.4399995803833,14.4399995803833,14.4399995803833,350
2020-02-27,14.720000267028809,14.720000267028809,14.720000267028809,14.720000267028809,14.720000267028809,50
2020-02-28,15.010000228881836,15.010000228881836,15.010000228881836,15.010000228881836,15.010000228881836,50
2020-03-02,15.010000228881836,15.010000228881836,15.010000228881836,15.010000228881836,15.010000228881836,0
2020-03-03,15.010000228881836,15.010000228881836,15.010000228881836,15.010000228881836,15.010000228881836,0
2020-03-04,15.010000228881836,15.010000228881836,15.010000228881836,15.010000228881836,15.010000228881836,0
2020-03-05,15.010000228881836,15.010000228881836,15.010000228881836,15.010000228881836,15.010000228881836,0
2020-03-06,15.010000228881836,15.010000228881836,15.010000228881836,15.010000228881836,15.010000228881836,0
2020-03-09,15.600000381469727,15.600000381469727,15.600000381469727,15.600000381469727,15.600000381469727,3677
2020-03-11,15.899999618530273,15.899999618530273,15.899999618530273,15.899999618530273,15.899999618530273,1000
2020-03-12,15.899999618530273,15.899999618530273,15.899999618530273,15.899999618530273,15.899999618530273,0
2020-03-13,15.899999618530273,15.899999618530273,15.899999618530273,15.899999618530273,15.899999618530273,0
2020-03-16,15.899999618530273,15.899999618530273,15.899999618530273,15.899999618530273,15.899999618530273,0
2020-03-17,15.899999618530273,15.899999618530273,15.899999618530273,15.899999618530273,15.899999618530273,0
2020-03-18,15.899999618530273,15.899999618530273,15.899999618530273,15.899999618530273,15.899999618530273,0
2020-03-19,15.899999618530273,15.899999618530273,15.899999618530273,15.899999618530273,15.899999618530273,0
2020-03-20,16.200000762939453,16.200000762939453,16.200000762939453,16.200000762939453,16.200000762939453,200
2020-03-23,16.200000762939453,16.200000762939453,16.200000762939453,16.200000762939453,16.200000762939453,0
2020-03-24,16.200000762939453,16.200000762939453,16.200000762939453,16.200000762939453,16.200000762939453,0
2020-03-25,16.200000762939453,16.200000762939453,16.200000762939453,16.200000762939453,16.200000762939453,0
2020-03-26,16.200000762939453,16.200000762939453,16.200000762939453,16.200000762939453,16.200000762939453,0
2020-03-27,16.200000762939453,16.200000762939453,16.200000762939453,16.200000762939453,16.200000762939453,0
2020-03-30,16.200000762939453,16.200000762939453,16.200000762939453,16.200000762939453,16.200000762939453,0
2020-03-31,16.200000762939453,16.200000762939453,16.200000762939453,16.200000762939453,16.200000762939453,0
2020-04-01,16.200000762939453,16.200000762939453,16.200000762939453,16.200000762939453,16.200000762939453,0
2020-04-03,16.200000762939453,16.200000762939453,16.200000762939453,16.200000762939453,16.200000762939453,0
2020-04-07,15.899999618530273,15.899999618530273,15.899999618530273,15.899999618530273,15.899999618530273,4
2020-04-08,15.899999618530273,15.899999618530273,15.899999618530273,15.899999618530273,15.899999618530273,0
2020-04-09,15.899999618530273,15.899999618530273,15.899999618530273,15.899999618530273,15.899999618530273,0
2020-04-13,15.899999618530273,15.899999618530273,15.899999618530273,15.899999618530273,15.899999618530273,0
2020-04-15,15.899999618530273,15.899999618530273,15.899999618530273,15.899999618530273,15.899999618530273,0
2020-04-16,15.899999618530273,15.899999618530273,15.899999618530273,15.899999618530273,15.899999618530273,0
2020-04-17,15.899999618530273,15.899999618530273,15.899999618530273,15.899999618530273,15.899999618530273,0
2020-04-20,15.899999618530273,15.899999618530273,15.899999618530273,15.899999618530273,15.899999618530273,100
2020-04-21,15.899999618530273,15.899999618530273,15.899999618530273,15.899999618530273,15.899999618530273,0
2020-04-22,15.899999618530273,15.899999618530273,15.899999618530273,15.899999618530273,15.899999618530273,0
2020-04-23,15.899999618530273,15.899999618530273,15.899999618530273,15.899999618530273,15.899999618530273,0
2020-04-24,15.899999618530273,15.899999618530273,15.899999618530273,15.899999618530273,15.899999618530273,0
2020-04-27,15.899999618530273,15.899999618530273,15.899999618530273,15.899999618530273,15.899999618530273,0
2020-04-28,15.899999618530273,15.899999618530273,15.899999618530273,15.899999618530273,15.899999618530273,0
2020-04-29,15.899999618530273,15.899999618530273,15.899999618530273,15.899999618530273,15.899999618530273,0
2020-04-30,15.899999618530273,15.899999618530273,15.899999618530273,15.899999618530273,15.899999618530273,140
2020-05-04,15.899999618530273,15.899999618530273,15.899999618530273,15.899999618530273,15.899999618530273,0
2020-05-05,15.899999618530273,15.899999618530273,15.899999618530273,15.899999618530273,15.899999618530273,0
2020-05-06,15.899999618530273,15.899999618530273,15.899999618530273,15.899999618530273,15.899999618530273,0
2020-05-07,15.899999618530273,15.899999618530273,15.899999618530273,15.899999618530273,15.899999618530273,0
2020-05-08,15.899999618530273,15.899999618530273,15.899999618530273,15.899999618530273,15.899999618530273,0
2020-05-11,15.899999618530273,15.899999618530273,15.899999618530273,15.899999618530273,15.899999618530273,0
2020-05-12,15.899999618530273,15.899999618530273,15.899999618530273,15.899999618530273,15.899999618530273,0
2020-05-13,15.899999618530273,16.200000762939453,15.899999618530273,16.200000762939453,16.200000762939453,7410
2020-05-14,16.5,16.5,16.5,16.5,16.5,82
2020-05-15,16.399999618530273,16.399999618530273,16.399999618530273,16.399999618530273,16.399999618530273,171
2020-05-18,16.399999618530273,16.399999618530273,16.399999618530273,16.399999618530273,16.399999618530273,0
2020-05-19,16.399999618530273,16.399999618530273,16.399999618530273,16.399999618530273,16.399999618530273,0
2020-05-20,16.399999618530273,16.399999618530273,16.399999618530273,16.399999618530273,16.399999618530273,0
2020-05-21,16.100000381469727,16.100000381469727,16.100000381469727,16.100000381469727,16.100000381469727,30
2020-05-22,16.100000381469727,16.100000381469727,16.100000381469727,16.100000381469727,16.100000381469727,0
2020-05-26,15.800000190734863,15.800000190734863,15.800000190734863,15.800000190734863,15.800000190734863,1
2020-05-27,15.800000190734863,15.800000190734863,15.800000190734863,15.800000190734863,15.800000190734863,0
2020-05-28,15.800000190734863,15.800000190734863,15.800000190734863,15.800000190734863,15.800000190734863,0
2020-05-29,15.800000190734863,15.800000190734863,15.800000190734863,15.800000190734863,15.800000190734863,0
2020-06-01,15.800000190734863,15.800000190734863,15.800000190734863,15.800000190734863,15.800000190734863,0
2020-06-02,15.800000190734863,15.800000190734863,15.800000190734863,15.800000190734863,15.800000190734863,0
2020-06-03,15.800000190734863,15.800000190734863,15.800000190734863,15.800000190734863,15.800000190734863,0
2020-06-04,15.800000190734863,15.800000190734863,15.800000190734863,15.800000190734863,15.800000190734863,0
2020-06-05,15.800000190734863,15.800000190734863,15.800000190734863,15.800000190734863,15.800000190734863,0
