Date,Open,High,Low,Close,Adj Close,Volume
2008-09-23,,,,,,
2009-09-17,,,,,,
2010-09-21,,,,,,
2011-09-21,,,,,,
2012-06-18,332.45001220703125,332.45001220703125,332.45001220703125,332.45001220703125,322.8003845214844,0.0
2012-06-19,332.45001220703125,332.45001220703125,332.45001220703125,332.45001220703125,322.8003845214844,0.0
2012-06-20,332.45001220703125,332.45001220703125,332.45001220703125,332.45001220703125,322.8003845214844,0.0
2012-06-21,332.45001220703125,332.45001220703125,332.45001220703125,332.45001220703125,322.8003845214844,0.0
2012-06-22,332.45001220703125,332.45001220703125,332.45001220703125,332.45001220703125,322.8003845214844,0.0
2012-06-25,332.45001220703125,332.45001220703125,332.45001220703125,332.45001220703125,322.8003845214844,0.0
2012-06-26,332.45001220703125,332.45001220703125,332.45001220703125,332.45001220703125,322.8003845214844,0.0
2012-06-27,332.45001220703125,332.45001220703125,332.45001220703125,332.45001220703125,322.8003845214844,0.0
2012-06-28,332.45001220703125,332.45001220703125,332.45001220703125,332.45001220703125,322.8003845214844,0.0
2012-06-29,332.45001220703125,332.45001220703125,332.45001220703125,332.45001220703125,322.8003845214844,0.0
2012-07-02,332.45001220703125,332.45001220703125,332.45001220703125,332.45001220703125,322.8003845214844,0.0
2012-07-03,332.45001220703125,332.45001220703125,332.45001220703125,332.45001220703125,322.8003845214844,0.0
2012-07-04,332.45001220703125,332.45001220703125,332.45001220703125,332.45001220703125,322.8003845214844,0.0
2012-07-05,332.45001220703125,332.45001220703125,332.45001220703125,332.45001220703125,322.8003845214844,0.0
2012-07-06,332.45001220703125,332.45001220703125,332.45001220703125,332.45001220703125,322.8003845214844,0.0
2012-07-09,332.45001220703125,332.45001220703125,332.45001220703125,332.45001220703125,322.8003845214844,0.0
2012-07-10,332.45001220703125,332.45001220703125,332.45001220703125,332.45001220703125,322.8003845214844,0.0
2012-07-11,332.45001220703125,332.45001220703125,332.45001220703125,332.45001220703125,322.8003845214844,0.0
2012-07-12,332.45001220703125,332.45001220703125,332.45001220703125,332.45001220703125,322.8003845214844,0.0
2012-07-13,332.45001220703125,332.45001220703125,332.45001220703125,332.45001220703125,322.8003845214844,0.0
2012-07-16,332.45001220703125,332.45001220703125,332.45001220703125,332.45001220703125,322.8003845214844,0.0
2012-07-17,332.45001220703125,332.45001220703125,332.45001220703125,332.45001220703125,322.8003845214844,0.0
2012-07-18,332.45001220703125,332.45001220703125,332.45001220703125,332.45001220703125,322.8003845214844,0.0
2012-07-19,332.45001220703125,332.45001220703125,332.45001220703125,332.45001220703125,322.8003845214844,0.0
2012-07-20,332.45001220703125,332.45001220703125,332.45001220703125,332.45001220703125,322.8003845214844,0.0
2012-07-23,332.45001220703125,332.45001220703125,332.45001220703125,332.45001220703125,322.8003845214844,0.0
2012-07-24,332.45001220703125,332.45001220703125,332.45001220703125,332.45001220703125,322.8003845214844,0.0
2012-07-25,332.45001220703125,332.45001220703125,332.45001220703125,332.45001220703125,322.8003845214844,0.0
2012-07-26,332.45001220703125,332.45001220703125,332.45001220703125,332.45001220703125,322.8003845214844,0.0
2012-07-27,332.45001220703125,332.45001220703125,332.45001220703125,332.45001220703125,322.8003845214844,0.0
2012-07-30,332.45001220703125,332.45001220703125,332.45001220703125,332.45001220703125,322.8003845214844,0.0
2012-07-31,332.45001220703125,332.45001220703125,332.45001220703125,332.45001220703125,322.8003845214844,0.0
2012-08-01,332.45001220703125,332.45001220703125,332.45001220703125,332.45001220703125,322.8003845214844,0.0
2012-08-02,332.45001220703125,332.45001220703125,332.45001220703125,332.45001220703125,322.8003845214844,0.0
2012-08-03,332.45001220703125,332.45001220703125,332.45001220703125,332.45001220703125,322.8003845214844,0.0
2012-08-06,332.45001220703125,332.45001220703125,332.45001220703125,332.45001220703125,322.8003845214844,0.0
2012-08-07,332.45001220703125,332.45001220703125,332.45001220703125,332.45001220703125,322.8003845214844,0.0
2012-08-08,332.45001220703125,332.45001220703125,332.45001220703125,332.45001220703125,322.8003845214844,0.0
2012-08-09,332.45001220703125,332.45001220703125,332.45001220703125,332.45001220703125,322.8003845214844,0.0
2012-08-10,332.45001220703125,332.45001220703125,332.45001220703125,332.45001220703125,322.8003845214844,0.0
2012-08-13,332.45001220703125,332.45001220703125,332.45001220703125,332.45001220703125,322.8003845214844,0.0
2012-08-14,332.45001220703125,332.45001220703125,332.45001220703125,332.45001220703125,322.8003845214844,0.0
2012-08-16,332.45001220703125,332.45001220703125,332.45001220703125,332.45001220703125,322.8003845214844,0.0
2012-08-17,332.45001220703125,332.45001220703125,332.45001220703125,332.45001220703125,322.8003845214844,0.0
2012-08-21,332.45001220703125,332.45001220703125,332.45001220703125,332.45001220703125,322.8003845214844,0.0
2012-08-22,332.45001220703125,332.45001220703125,332.45001220703125,332.45001220703125,322.8003845214844,0.0
2012-08-23,332.45001220703125,332.45001220703125,332.45001220703125,332.45001220703125,322.8003845214844,0.0
2012-08-24,332.45001220703125,332.45001220703125,332.45001220703125,332.45001220703125,322.8003845214844,0.0
2012-08-27,332.45001220703125,332.45001220703125,332.45001220703125,332.45001220703125,322.8003845214844,0.0
2012-08-28,332.45001220703125,332.45001220703125,332.45001220703125,332.45001220703125,322.8003845214844,0.0
2012-08-29,332.45001220703125,332.45001220703125,332.45001220703125,332.45001220703125,322.8003845214844,0.0
2012-08-30,332.45001220703125,332.45001220703125,332.45001220703125,332.45001220703125,322.8003845214844,0.0
2012-08-31,349.04998779296875,349.04998779296875,349.04998779296875,349.04998779296875,338.9185485839844,70.0
2012-09-03,349.04998779296875,349.04998779296875,349.04998779296875,349.04998779296875,338.9185485839844,0.0
2012-09-04,349.04998779296875,349.04998779296875,349.04998779296875,349.04998779296875,338.9185485839844,0.0
2012-09-05,349.04998779296875,349.04998779296875,349.04998779296875,349.04998779296875,338.9185485839844,0.0
2012-09-06,349.04998779296875,349.04998779296875,349.04998779296875,349.04998779296875,338.9185485839844,0.0
2012-09-07,349.04998779296875,349.04998779296875,349.04998779296875,349.04998779296875,338.9185485839844,0.0
2012-09-10,349.04998779296875,349.04998779296875,349.04998779296875,349.04998779296875,338.9185485839844,0.0
2012-09-11,349.04998779296875,349.04998779296875,349.04998779296875,349.04998779296875,338.9185485839844,0.0
2012-09-12,349.04998779296875,349.04998779296875,349.04998779296875,349.04998779296875,338.9185485839844,0.0
2012-09-13,349.04998779296875,349.04998779296875,349.04998779296875,349.04998779296875,338.9185485839844,0.0
2012-09-14,349.04998779296875,349.04998779296875,349.04998779296875,349.04998779296875,338.9185485839844,0.0
2012-09-17,366.0,366.0,366.0,366.0,355.3765563964844,8.0
2012-09-18,366.0,366.0,366.0,366.0,355.3765563964844,0.0
2012-09-20,366.0,366.0,366.0,366.0,357.32916259765625,0.0
2012-09-21,366.0,366.0,366.0,366.0,357.32916259765625,0.0
2012-09-24,366.0,366.0,366.0,366.0,357.32916259765625,0.0
2012-09-25,366.0,366.0,366.0,366.0,357.32916259765625,0.0
2012-09-26,366.0,366.0,366.0,366.0,357.32916259765625,0.0
2012-09-27,366.0,366.0,366.0,366.0,357.32916259765625,0.0
2012-09-28,366.0,366.0,366.0,366.0,357.32916259765625,0.0
2012-10-01,366.0,366.0,366.0,366.0,357.32916259765625,0.0
2012-10-03,366.0,366.0,366.0,366.0,357.32916259765625,0.0
2012-10-04,366.0,366.0,366.0,366.0,357.32916259765625,0.0
2012-10-05,366.0,366.0,366.0,366.0,357.32916259765625,0.0
2012-10-08,366.0,366.0,366.0,366.0,357.32916259765625,0.0
2012-10-09,366.0,366.0,366.0,366.0,357.32916259765625,0.0
2012-10-10,366.0,366.0,366.0,366.0,357.32916259765625,0.0
2012-10-11,366.0,366.0,366.0,366.0,357.32916259765625,0.0
2012-10-12,366.0,366.0,366.0,366.0,357.32916259765625,0.0
2012-10-15,366.0,366.0,366.0,366.0,357.32916259765625,0.0
2012-10-16,366.0,366.0,366.0,366.0,357.32916259765625,0.0
2012-10-17,350.0,350.0,350.0,350.0,341.708251953125,5000.0
2012-10-18,350.0,350.0,350.0,350.0,341.708251953125,0.0
2012-10-19,350.0,350.0,350.0,350.0,341.708251953125,0.0
2012-10-22,350.0,350.0,350.0,350.0,341.708251953125,0.0
2012-10-23,350.0,350.0,350.0,350.0,341.708251953125,0.0
2012-10-25,350.0,350.0,350.0,350.0,341.708251953125,0.0
2012-10-29,350.0,350.0,350.0,350.0,341.708251953125,0.0
2012-10-30,350.0,350.0,350.0,350.0,341.708251953125,0.0
2012-10-31,350.0,350.0,350.0,350.0,341.708251953125,0.0
2012-11-01,350.0,350.0,350.0,350.0,341.708251953125,0.0
2012-11-02,350.0,350.0,350.0,350.0,341.708251953125,0.0
2012-11-05,350.0,350.0,350.0,350.0,341.708251953125,0.0
2012-11-06,350.0,350.0,350.0,350.0,341.708251953125,0.0
2012-11-07,350.0,350.0,350.0,350.0,341.708251953125,0.0
2012-11-08,350.0,350.0,350.0,350.0,341.708251953125,0.0
2012-11-09,350.0,350.0,350.0,350.0,341.708251953125,0.0
2012-11-12,350.0,350.0,350.0,350.0,341.708251953125,0.0
2012-11-15,350.0,350.0,350.0,350.0,341.708251953125,0.0
2012-11-16,350.0,350.0,350.0,350.0,341.708251953125,0.0
2012-11-19,350.0,350.0,350.0,350.0,341.708251953125,0.0
2012-11-20,350.0,350.0,350.0,350.0,341.708251953125,0.0
2012-11-21,350.0,350.0,350.0,350.0,341.708251953125,0.0
2012-11-22,350.0,350.0,350.0,350.0,341.708251953125,0.0
2012-11-23,350.0,350.0,350.0,350.0,341.708251953125,0.0
2012-11-26,350.0,350.0,350.0,350.0,341.708251953125,0.0
2012-11-27,350.0,350.0,350.0,350.0,341.708251953125,0.0
2012-11-29,350.0,350.0,350.0,350.0,341.708251953125,0.0
2012-11-30,350.0,350.0,350.0,350.0,341.708251953125,0.0
2012-12-03,350.0,350.0,350.0,350.0,341.708251953125,0.0
2012-12-04,350.0,350.0,350.0,350.0,341.708251953125,0.0
2012-12-05,350.0,350.0,350.0,350.0,341.708251953125,0.0
2012-12-06,350.0,350.0,350.0,350.0,341.708251953125,0.0
2012-12-07,350.0,350.0,350.0,350.0,341.708251953125,0.0
2012-12-10,350.0,350.0,350.0,350.0,341.708251953125,0.0
2012-12-11,350.0,350.0,350.0,350.0,341.708251953125,0.0
2012-12-12,350.0,350.0,350.0,350.0,341.708251953125,0.0
2012-12-13,350.0,350.0,350.0,350.0,341.708251953125,0.0
2012-12-14,350.0,350.0,350.0,350.0,341.708251953125,0.0
2012-12-17,350.0,350.0,350.0,350.0,341.708251953125,0.0
2012-12-18,350.0,350.0,350.0,350.0,341.708251953125,0.0
2012-12-19,332.54998779296875,332.54998779296875,332.54998779296875,332.54998779296875,324.671630859375,5.0
2012-12-20,332.54998779296875,332.54998779296875,332.54998779296875,332.54998779296875,324.671630859375,0.0
2012-12-21,315.95001220703125,315.95001220703125,315.95001220703125,315.95001220703125,308.46490478515625,5.0
2012-12-24,300.20001220703125,300.20001220703125,300.20001220703125,300.20001220703125,293.0880432128906,5.0
2012-12-26,300.20001220703125,300.20001220703125,300.20001220703125,300.20001220703125,293.0880432128906,0.0
2012-12-27,301.3999938964844,315.20001220703125,301.3999938964844,315.20001220703125,307.73272705078125,100.0
2012-12-28,315.20001220703125,315.20001220703125,315.20001220703125,315.20001220703125,307.73272705078125,0.0
2012-12-31,315.20001220703125,315.20001220703125,315.20001220703125,315.20001220703125,307.73272705078125,0.0
2013-01-01,315.20001220703125,315.20001220703125,315.20001220703125,315.20001220703125,307.73272705078125,0.0
2013-01-02,315.20001220703125,315.20001220703125,315.20001220703125,315.20001220703125,307.73272705078125,0.0
2013-01-03,315.20001220703125,315.20001220703125,315.20001220703125,315.20001220703125,307.73272705078125,0.0
2013-01-04,315.20001220703125,315.20001220703125,315.20001220703125,315.20001220703125,307.73272705078125,0.0
2013-01-07,315.20001220703125,315.20001220703125,315.20001220703125,315.20001220703125,307.73272705078125,0.0
2013-01-08,315.20001220703125,315.20001220703125,315.20001220703125,315.20001220703125,307.73272705078125,0.0
2013-01-09,315.20001220703125,315.20001220703125,315.20001220703125,315.20001220703125,307.73272705078125,0.0
2013-01-10,315.20001220703125,315.20001220703125,315.20001220703125,315.20001220703125,307.73272705078125,0.0
2013-01-11,315.20001220703125,315.20001220703125,315.20001220703125,315.20001220703125,307.73272705078125,0.0
2013-01-14,315.20001220703125,315.20001220703125,315.20001220703125,315.20001220703125,307.73272705078125,0.0
2013-01-15,315.20001220703125,315.20001220703125,315.20001220703125,315.20001220703125,307.73272705078125,0.0
2013-01-16,315.20001220703125,315.20001220703125,315.20001220703125,315.20001220703125,307.73272705078125,0.0
2013-01-17,315.20001220703125,315.20001220703125,315.20001220703125,315.20001220703125,307.73272705078125,0.0
2013-01-18,299.45001220703125,299.45001220703125,299.45001220703125,299.45001220703125,292.3558349609375,5.0
2013-01-21,299.45001220703125,299.45001220703125,299.45001220703125,299.45001220703125,292.3558349609375,0.0
2013-01-22,299.45001220703125,299.45001220703125,299.45001220703125,299.45001220703125,292.3558349609375,0.0
2013-01-23,299.45001220703125,299.45001220703125,299.45001220703125,299.45001220703125,292.3558349609375,0.0
2013-01-24,299.45001220703125,299.45001220703125,299.45001220703125,299.45001220703125,292.3558349609375,0.0
2013-01-25,299.45001220703125,299.45001220703125,299.45001220703125,299.45001220703125,292.3558349609375,0.0
2013-01-28,299.45001220703125,299.45001220703125,299.45001220703125,299.45001220703125,292.3558349609375,0.0
2013-01-29,299.45001220703125,299.45001220703125,299.45001220703125,299.45001220703125,292.3558349609375,0.0
2013-01-30,299.45001220703125,299.45001220703125,299.45001220703125,299.45001220703125,292.3558349609375,0.0
2013-01-31,299.45001220703125,299.45001220703125,299.45001220703125,299.45001220703125,292.3558349609375,0.0
2013-02-01,299.45001220703125,299.45001220703125,299.45001220703125,299.45001220703125,292.3558349609375,0.0
2013-02-04,299.45001220703125,299.45001220703125,299.45001220703125,299.45001220703125,292.3558349609375,0.0
2013-02-05,299.45001220703125,299.45001220703125,299.45001220703125,299.45001220703125,292.3558349609375,0.0
2013-02-06,299.45001220703125,299.45001220703125,299.45001220703125,299.45001220703125,292.3558349609375,0.0
2013-02-07,299.45001220703125,299.45001220703125,299.45001220703125,299.45001220703125,292.3558349609375,0.0
2013-02-08,299.45001220703125,299.45001220703125,299.45001220703125,299.45001220703125,292.3558349609375,0.0
2013-02-11,299.45001220703125,299.45001220703125,299.45001220703125,299.45001220703125,292.3558349609375,0.0
2013-02-12,299.45001220703125,299.45001220703125,299.45001220703125,299.45001220703125,292.3558349609375,0.0
2013-02-13,299.45001220703125,299.45001220703125,299.45001220703125,299.45001220703125,292.3558349609375,0.0
2013-02-14,299.45001220703125,299.45001220703125,299.45001220703125,299.45001220703125,292.3558349609375,0.0
2013-02-15,299.45001220703125,299.45001220703125,299.45001220703125,299.45001220703125,292.3558349609375,0.0
2013-02-18,299.45001220703125,299.45001220703125,299.45001220703125,299.45001220703125,292.3558349609375,0.0
2013-02-19,299.45001220703125,299.45001220703125,299.45001220703125,299.45001220703125,292.3558349609375,0.0
2013-02-20,299.45001220703125,299.45001220703125,299.45001220703125,299.45001220703125,292.3558349609375,0.0
2013-02-21,299.45001220703125,299.45001220703125,299.45001220703125,299.45001220703125,292.3558349609375,0.0
2013-02-22,299.45001220703125,299.45001220703125,299.45001220703125,299.45001220703125,292.3558349609375,0.0
2013-02-25,299.45001220703125,299.45001220703125,299.45001220703125,299.45001220703125,292.3558349609375,0.0
2013-02-26,299.45001220703125,299.45001220703125,299.45001220703125,299.45001220703125,292.3558349609375,0.0
2013-02-27,299.45001220703125,299.45001220703125,299.45001220703125,299.45001220703125,292.3558349609375,0.0
2013-02-28,299.45001220703125,299.45001220703125,299.45001220703125,299.45001220703125,292.3558349609375,0.0
2013-03-01,299.45001220703125,299.45001220703125,299.45001220703125,299.45001220703125,292.3558349609375,0.0
2013-03-04,299.45001220703125,299.45001220703125,299.45001220703125,299.45001220703125,292.3558349609375,0.0
2013-03-05,299.45001220703125,299.45001220703125,299.45001220703125,299.45001220703125,292.3558349609375,0.0
2013-03-06,299.45001220703125,299.45001220703125,299.45001220703125,299.45001220703125,292.3558349609375,0.0
2013-03-07,299.45001220703125,299.45001220703125,299.45001220703125,299.45001220703125,292.3558349609375,0.0
2013-03-08,299.45001220703125,299.45001220703125,299.45001220703125,299.45001220703125,292.3558349609375,0.0
2013-03-11,299.45001220703125,299.45001220703125,299.45001220703125,299.45001220703125,292.3558349609375,0.0
2013-03-12,299.45001220703125,299.45001220703125,299.45001220703125,299.45001220703125,292.3558349609375,0.0
2013-03-13,299.45001220703125,299.45001220703125,299.45001220703125,299.45001220703125,292.3558349609375,0.0
2013-03-14,299.45001220703125,299.45001220703125,299.45001220703125,299.45001220703125,292.3558349609375,0.0
2013-03-15,299.45001220703125,299.45001220703125,299.45001220703125,299.45001220703125,292.3558349609375,0.0
2013-03-18,299.45001220703125,299.45001220703125,299.45001220703125,299.45001220703125,292.3558349609375,0.0
2013-03-19,299.45001220703125,299.45001220703125,299.45001220703125,299.45001220703125,292.3558349609375,0.0
2013-03-20,299.45001220703125,299.45001220703125,299.45001220703125,299.45001220703125,292.3558349609375,0.0
2013-03-21,299.45001220703125,299.45001220703125,299.45001220703125,299.45001220703125,292.3558349609375,0.0
2013-03-22,299.45001220703125,299.45001220703125,299.45001220703125,299.45001220703125,292.3558349609375,0.0
2013-03-25,299.45001220703125,299.45001220703125,299.45001220703125,299.45001220703125,292.3558349609375,0.0
2013-03-26,299.45001220703125,299.45001220703125,299.45001220703125,299.45001220703125,292.3558349609375,0.0
2013-03-28,299.45001220703125,299.45001220703125,299.45001220703125,299.45001220703125,292.3558349609375,0.0
2013-04-01,299.45001220703125,299.45001220703125,299.45001220703125,299.45001220703125,292.3558349609375,15.0
2013-04-02,299.45001220703125,299.45001220703125,299.45001220703125,299.45001220703125,292.3558349609375,0.0
2013-04-03,299.45001220703125,299.45001220703125,299.45001220703125,299.45001220703125,292.3558349609375,0.0
2013-04-04,299.45001220703125,299.45001220703125,299.45001220703125,299.45001220703125,292.3558349609375,5000.0
2013-04-05,299.45001220703125,299.45001220703125,299.45001220703125,299.45001220703125,292.3558349609375,0.0
2013-04-08,299.45001220703125,299.45001220703125,299.45001220703125,299.45001220703125,292.3558349609375,0.0
2013-04-09,299.45001220703125,299.45001220703125,299.45001220703125,299.45001220703125,292.3558349609375,0.0
2013-04-10,299.45001220703125,299.45001220703125,299.45001220703125,299.45001220703125,292.3558349609375,0.0
2013-04-11,299.45001220703125,299.45001220703125,299.45001220703125,299.45001220703125,292.3558349609375,0.0
2013-04-12,299.45001220703125,299.45001220703125,299.45001220703125,299.45001220703125,292.3558349609375,0.0
2013-04-15,299.45001220703125,299.45001220703125,299.45001220703125,299.45001220703125,292.3558349609375,0.0
2013-04-16,299.45001220703125,299.45001220703125,299.45001220703125,299.45001220703125,292.3558349609375,0.0
2013-04-17,299.45001220703125,299.45001220703125,299.45001220703125,299.45001220703125,292.3558349609375,0.0
2013-04-18,299.45001220703125,299.45001220703125,299.45001220703125,299.45001220703125,292.3558349609375,0.0
2013-04-22,299.45001220703125,299.45001220703125,299.45001220703125,299.45001220703125,292.3558349609375,0.0
2013-04-23,299.45001220703125,299.45001220703125,299.45001220703125,299.45001220703125,292.3558349609375,0.0
2013-04-25,299.45001220703125,299.45001220703125,299.45001220703125,299.45001220703125,292.3558349609375,0.0
2013-04-26,299.45001220703125,299.45001220703125,299.45001220703125,299.45001220703125,292.3558349609375,0.0
2013-04-29,299.45001220703125,299.45001220703125,299.45001220703125,299.45001220703125,292.3558349609375,0.0
2013-04-30,299.45001220703125,299.45001220703125,299.45001220703125,299.45001220703125,292.3558349609375,0.0
2013-05-02,299.45001220703125,299.45001220703125,299.45001220703125,299.45001220703125,292.3558349609375,0.0
2013-05-03,299.45001220703125,299.45001220703125,299.45001220703125,299.45001220703125,292.3558349609375,0.0
2013-05-06,299.45001220703125,299.45001220703125,299.45001220703125,299.45001220703125,292.3558349609375,0.0
2013-05-07,299.45001220703125,299.45001220703125,299.45001220703125,299.45001220703125,292.3558349609375,0.0
2013-05-08,299.45001220703125,299.45001220703125,299.45001220703125,299.45001220703125,292.3558349609375,0.0
2013-05-09,299.45001220703125,299.45001220703125,299.45001220703125,299.45001220703125,292.3558349609375,0.0
2013-05-10,299.45001220703125,299.45001220703125,299.45001220703125,299.45001220703125,292.3558349609375,0.0
2013-05-13,299.45001220703125,299.45001220703125,299.45001220703125,299.45001220703125,292.3558349609375,0.0
2013-05-14,299.45001220703125,299.45001220703125,299.45001220703125,299.45001220703125,292.3558349609375,0.0
2013-05-15,299.45001220703125,299.45001220703125,299.45001220703125,299.45001220703125,292.3558349609375,0.0
2013-05-16,299.45001220703125,299.45001220703125,299.45001220703125,299.45001220703125,292.3558349609375,0.0
2013-05-17,299.45001220703125,299.45001220703125,299.45001220703125,299.45001220703125,292.3558349609375,0.0
2013-05-20,299.45001220703125,299.45001220703125,299.45001220703125,299.45001220703125,292.3558349609375,0.0
2013-05-21,299.45001220703125,299.45001220703125,299.45001220703125,299.45001220703125,292.3558349609375,0.0
2013-05-22,299.45001220703125,299.45001220703125,299.45001220703125,299.45001220703125,292.3558349609375,0.0
2013-05-23,299.45001220703125,299.45001220703125,299.45001220703125,299.45001220703125,292.3558349609375,0.0
2013-05-24,299.45001220703125,299.45001220703125,299.45001220703125,299.45001220703125,292.3558349609375,0.0
2013-05-27,299.45001220703125,299.45001220703125,299.45001220703125,299.45001220703125,292.3558349609375,0.0
2013-05-28,299.45001220703125,299.45001220703125,299.45001220703125,299.45001220703125,292.3558349609375,0.0
2013-05-29,299.45001220703125,299.45001220703125,299.45001220703125,299.45001220703125,292.3558349609375,0.0
2013-05-30,299.45001220703125,299.45001220703125,299.45001220703125,299.45001220703125,292.3558349609375,0.0
2013-05-31,299.45001220703125,299.45001220703125,299.45001220703125,299.45001220703125,292.3558349609375,0.0
2013-06-03,299.45001220703125,299.45001220703125,299.45001220703125,299.45001220703125,292.3558349609375,0.0
2013-06-04,299.45001220703125,299.45001220703125,299.45001220703125,299.45001220703125,292.3558349609375,0.0
2013-06-05,299.45001220703125,299.45001220703125,299.45001220703125,299.45001220703125,292.3558349609375,0.0
2013-06-06,299.45001220703125,299.45001220703125,299.45001220703125,299.45001220703125,292.3558349609375,0.0
2013-06-07,299.45001220703125,299.45001220703125,299.45001220703125,299.45001220703125,292.3558349609375,0.0
2013-06-10,299.45001220703125,299.45001220703125,299.45001220703125,299.45001220703125,292.3558349609375,0.0
2013-06-11,299.45001220703125,299.45001220703125,299.45001220703125,299.45001220703125,292.3558349609375,0.0
2013-06-12,299.45001220703125,299.45001220703125,299.45001220703125,299.45001220703125,292.3558349609375,0.0
2013-06-13,299.45001220703125,299.45001220703125,299.45001220703125,299.45001220703125,292.3558349609375,0.0
2013-06-14,299.45001220703125,299.45001220703125,299.45001220703125,299.45001220703125,292.3558349609375,0.0
2013-06-17,299.45001220703125,299.45001220703125,299.45001220703125,299.45001220703125,292.3558349609375,0.0
2013-06-18,299.45001220703125,299.45001220703125,299.45001220703125,299.45001220703125,292.3558349609375,0.0
2013-06-19,299.45001220703125,299.45001220703125,299.45001220703125,299.45001220703125,292.3558349609375,0.0
2013-06-20,299.45001220703125,299.45001220703125,299.45001220703125,299.45001220703125,292.3558349609375,0.0
2013-06-21,299.45001220703125,299.45001220703125,299.45001220703125,299.45001220703125,292.3558349609375,0.0
2013-06-24,299.45001220703125,299.45001220703125,299.45001220703125,299.45001220703125,292.3558349609375,0.0
2013-06-25,299.45001220703125,299.45001220703125,299.45001220703125,299.45001220703125,292.3558349609375,0.0
2013-06-26,299.45001220703125,299.45001220703125,299.45001220703125,299.45001220703125,292.3558349609375,0.0
2013-06-27,299.45001220703125,299.45001220703125,299.45001220703125,299.45001220703125,292.3558349609375,0.0
2013-06-28,299.45001220703125,299.45001220703125,299.45001220703125,299.45001220703125,292.3558349609375,0.0
2013-07-01,299.45001220703125,299.45001220703125,299.45001220703125,299.45001220703125,292.3558349609375,0.0
2013-07-02,299.45001220703125,299.45001220703125,299.45001220703125,299.45001220703125,292.3558349609375,0.0
2013-07-03,299.45001220703125,299.45001220703125,299.45001220703125,299.45001220703125,292.3558349609375,0.0
2013-07-04,299.45001220703125,299.45001220703125,299.45001220703125,299.45001220703125,292.3558349609375,0.0
2013-07-05,299.45001220703125,299.45001220703125,299.45001220703125,299.45001220703125,292.3558349609375,0.0
2013-07-08,299.45001220703125,299.45001220703125,299.45001220703125,299.45001220703125,292.3558349609375,0.0
2013-07-09,299.45001220703125,299.45001220703125,299.45001220703125,299.45001220703125,292.3558349609375,0.0
2013-07-10,299.45001220703125,299.45001220703125,299.45001220703125,299.45001220703125,292.3558349609375,0.0
2013-07-11,299.45001220703125,299.45001220703125,299.45001220703125,299.45001220703125,292.3558349609375,0.0
2013-07-12,299.45001220703125,299.45001220703125,299.45001220703125,299.45001220703125,292.3558349609375,0.0
2013-07-15,299.45001220703125,299.45001220703125,299.45001220703125,299.45001220703125,292.3558349609375,0.0
2013-07-16,286.0,286.0,286.0,286.0,279.2244567871094,15.0
2013-07-17,286.0,286.0,286.0,286.0,279.2244567871094,0.0
2013-07-18,286.0,286.0,286.0,286.0,279.2244567871094,0.0
2013-07-19,286.0,286.0,286.0,286.0,279.2244567871094,0.0
2013-07-22,286.0,286.0,286.0,286.0,279.2244567871094,0.0
2013-07-23,286.0,286.0,286.0,286.0,279.2244567871094,0.0
2013-07-24,286.0,286.0,286.0,286.0,279.2244567871094,0.0
2013-07-25,286.0,286.0,286.0,286.0,279.2244567871094,0.0
2013-07-26,286.0,286.0,286.0,286.0,279.2244567871094,0.0
2013-07-29,286.0,286.0,286.0,286.0,279.2244567871094,0.0
2013-07-30,286.0,286.0,286.0,286.0,279.2244567871094,0.0
2013-07-31,286.0,286.0,286.0,286.0,279.2244567871094,0.0
2013-08-01,286.0,286.0,286.0,286.0,279.2244567871094,0.0
2013-08-02,286.0,286.0,286.0,286.0,279.2244567871094,0.0
2013-08-05,286.0,286.0,286.0,286.0,279.2244567871094,0.0
2013-08-06,286.0,286.0,286.0,286.0,279.2244567871094,0.0
2013-08-07,286.0,286.0,286.0,286.0,279.2244567871094,0.0
2013-08-08,286.0,286.0,286.0,286.0,279.2244567871094,0.0
2013-08-12,286.0,286.0,286.0,286.0,279.2244567871094,0.0
2013-08-13,286.0,286.0,286.0,286.0,279.2244567871094,0.0
2013-08-14,286.0,286.0,286.0,286.0,279.2244567871094,0.0
2013-08-16,286.0,286.0,286.0,286.0,279.2244567871094,0.0
2013-08-19,286.0,286.0,286.0,286.0,279.2244567871094,0.0
2013-08-20,286.0,286.0,286.0,286.0,279.2244567871094,0.0
2013-08-21,286.0,286.0,286.0,286.0,279.2244567871094,0.0
2013-08-22,286.0,286.0,286.0,286.0,279.2244567871094,0.0
2013-08-23,286.0,286.0,286.0,286.0,279.2244567871094,0.0
2013-08-26,286.0,286.0,286.0,286.0,279.2244567871094,0.0
2013-08-27,286.0,286.0,286.0,286.0,279.2244567871094,0.0
2013-08-28,286.0,286.0,286.0,286.0,279.2244567871094,0.0
2013-08-29,286.0,286.0,286.0,286.0,279.2244567871094,0.0
2013-08-30,286.0,286.0,286.0,286.0,279.2244567871094,0.0
2013-09-02,286.0,286.0,286.0,286.0,279.2244567871094,0.0
2013-09-03,286.0,286.0,286.0,286.0,279.2244567871094,0.0
2013-09-04,286.0,286.0,286.0,286.0,279.2244567871094,0.0
2013-09-05,286.0,286.0,286.0,286.0,279.2244567871094,0.0
2013-09-06,286.0,286.0,286.0,286.0,279.2244567871094,0.0
2013-09-10,286.0,286.0,286.0,286.0,279.2244567871094,0.0
2013-09-11,286.0,286.0,286.0,286.0,279.2244567871094,0.0
2013-09-12,286.0,286.0,286.0,286.0,279.2244567871094,0.0
2013-09-13,286.0,286.0,286.0,286.0,279.2244567871094,0.0
2013-09-16,286.0,286.0,286.0,286.0,279.2244567871094,0.0
2013-09-17,286.0,286.0,286.0,286.0,279.2244567871094,0.0
2013-09-18,286.0,286.0,286.0,286.0,279.2244567871094,0.0
2013-09-19,286.0,286.0,286.0,286.0,281.1908264160156,0.0
2013-09-20,286.0,286.0,286.0,286.0,281.1908264160156,0.0
2013-09-23,286.0,286.0,286.0,286.0,281.1908264160156,0.0
2013-09-24,286.0,286.0,286.0,286.0,281.1908264160156,0.0
2013-09-25,286.0,286.0,286.0,286.0,281.1908264160156,0.0
2013-09-26,286.0,286.0,286.0,286.0,281.1908264160156,0.0
2013-09-27,286.0,286.0,286.0,286.0,281.1908264160156,0.0
2013-09-30,286.0,286.0,286.0,286.0,281.1908264160156,0.0
2013-10-01,286.0,286.0,286.0,286.0,281.1908264160156,0.0
2013-10-03,286.0,286.0,286.0,286.0,281.1908264160156,0.0
2013-10-04,286.0,286.0,286.0,286.0,281.1908264160156,0.0
2013-10-07,286.0,286.0,286.0,286.0,281.1908264160156,0.0
2013-10-08,286.0,286.0,286.0,286.0,281.1908264160156,0.0
2013-10-09,286.0,286.0,286.0,286.0,281.1908264160156,0.0
2013-10-10,286.0,286.0,286.0,286.0,281.1908264160156,0.0
2013-10-11,286.0,286.0,286.0,286.0,281.1908264160156,0.0
2013-10-14,286.0,286.0,286.0,286.0,281.1908264160156,0.0
2013-10-15,286.0,286.0,286.0,286.0,281.1908264160156,0.0
2013-10-17,286.0,286.0,286.0,286.0,281.1908264160156,0.0
2013-10-18,286.0,286.0,286.0,286.0,281.1908264160156,0.0
2013-10-21,286.0,286.0,286.0,286.0,281.1908264160156,0.0
2013-10-22,286.0,286.0,286.0,286.0,281.1908264160156,0.0
2013-10-23,286.0,286.0,286.0,286.0,281.1908264160156,0.0
2013-10-24,286.0,286.0,286.0,286.0,281.1908264160156,0.0
2013-10-25,286.0,286.0,286.0,286.0,281.1908264160156,0.0
2013-10-28,286.0,286.0,286.0,286.0,281.1908264160156,0.0
2013-10-29,286.0,286.0,286.0,286.0,281.1908264160156,0.0
2013-10-30,286.0,286.0,286.0,286.0,281.1908264160156,0.0
2013-10-31,286.0,286.0,286.0,286.0,281.1908264160156,0.0
2013-11-01,286.0,286.0,286.0,286.0,281.1908264160156,0.0
2013-11-05,272.0,272.0,272.0,272.0,267.4262390136719,10.0
2013-11-06,272.0,272.0,272.0,272.0,267.4262390136719,0.0
2013-11-07,272.0,272.0,272.0,272.0,267.4262390136719,0.0
2013-11-08,272.0,272.0,272.0,272.0,267.4262390136719,0.0
2013-11-11,272.0,272.0,272.0,272.0,267.4262390136719,0.0
2013-11-12,272.0,272.0,272.0,272.0,267.4262390136719,0.0
2013-11-13,272.0,272.0,272.0,272.0,267.4262390136719,0.0
2013-11-14,272.0,272.0,272.0,272.0,267.4262390136719,0.0
2013-11-18,272.0,272.0,272.0,272.0,267.4262390136719,0.0
2013-11-19,272.0,272.0,272.0,272.0,267.4262390136719,0.0
2013-11-20,272.0,272.0,272.0,272.0,267.4262390136719,0.0
2013-11-21,272.0,272.0,272.0,272.0,267.4262390136719,0.0
2013-11-22,272.0,272.0,272.0,272.0,267.4262390136719,0.0
2013-11-25,272.0,272.0,272.0,272.0,267.4262390136719,0.0
2013-11-26,285.0,285.0,285.0,285.0,280.2076416015625,25.0
2013-11-27,285.0,285.0,285.0,285.0,280.2076416015625,0.0
2013-11-28,285.0,285.0,285.0,285.0,280.2076416015625,0.0
2013-11-29,285.0,285.0,285.0,285.0,280.2076416015625,0.0
2013-12-02,285.0,285.0,285.0,285.0,280.2076416015625,0.0
2013-12-03,285.0,285.0,285.0,285.0,280.2076416015625,0.0
2013-12-04,285.0,285.0,285.0,285.0,280.2076416015625,0.0
2013-12-05,285.0,285.0,285.0,285.0,280.2076416015625,0.0
2013-12-06,285.0,285.0,285.0,285.0,280.2076416015625,0.0
2013-12-09,285.0,285.0,285.0,285.0,280.2076416015625,0.0
2013-12-10,285.0,285.0,285.0,285.0,280.2076416015625,0.0
2013-12-11,285.0,285.0,285.0,285.0,280.2076416015625,0.0
2013-12-12,285.0,285.0,285.0,285.0,280.2076416015625,0.0
2013-12-13,285.0,285.0,285.0,285.0,280.2076416015625,0.0
2013-12-16,285.0,285.0,285.0,285.0,280.2076416015625,0.0
2013-12-17,285.0,285.0,285.0,285.0,280.2076416015625,0.0
2013-12-18,285.0,285.0,285.0,285.0,280.2076416015625,0.0
2013-12-19,285.0,285.0,285.0,285.0,280.2076416015625,0.0
2013-12-20,285.0,285.0,285.0,285.0,280.2076416015625,0.0
2013-12-23,285.0,285.0,285.0,285.0,280.2076416015625,0.0
2013-12-24,285.0,285.0,285.0,285.0,280.2076416015625,0.0
2013-12-26,285.0,285.0,285.0,285.0,280.2076416015625,0.0
2013-12-27,285.0,285.0,285.0,285.0,280.2076416015625,0.0
2013-12-30,285.0,285.0,285.0,285.0,280.2076416015625,0.0
2013-12-31,285.0,285.0,285.0,285.0,280.2076416015625,0.0
2014-01-01,285.0,285.0,285.0,285.0,280.2076416015625,0.0
2014-01-02,285.0,285.0,285.0,285.0,280.2076416015625,0.0
2014-01-03,285.0,285.0,285.0,285.0,280.2076416015625,0.0
2014-01-06,285.0,285.0,285.0,285.0,280.2076416015625,0.0
2014-01-07,285.0,285.0,285.0,285.0,280.2076416015625,0.0
2014-01-08,285.0,285.0,285.0,285.0,280.2076416015625,0.0
2014-01-09,285.0,285.0,285.0,285.0,280.2076416015625,0.0
2014-01-10,285.0,285.0,285.0,285.0,280.2076416015625,0.0
2014-01-13,285.0,285.0,285.0,285.0,280.2076416015625,0.0
2014-01-14,285.0,285.0,285.0,285.0,280.2076416015625,0.0
2014-01-15,285.0,285.0,285.0,285.0,280.2076416015625,0.0
2014-01-16,285.0,285.0,285.0,285.0,280.2076416015625,0.0
2014-01-17,285.0,285.0,285.0,285.0,280.2076416015625,0.0
2014-01-20,285.0,285.0,285.0,285.0,280.2076416015625,0.0
2014-01-21,285.0,285.0,285.0,285.0,280.2076416015625,0.0
2014-01-22,285.0,285.0,285.0,285.0,280.2076416015625,0.0
2014-01-23,285.0,285.0,285.0,285.0,280.2076416015625,0.0
2014-01-24,285.0,285.0,285.0,285.0,280.2076416015625,0.0
2014-01-27,285.0,285.0,285.0,285.0,280.2076416015625,0.0
2014-01-28,285.0,285.0,285.0,285.0,280.2076416015625,0.0
2014-01-29,285.0,285.0,285.0,285.0,280.2076416015625,0.0
2014-01-30,285.0,285.0,285.0,285.0,280.2076416015625,0.0
2014-01-31,285.0,285.0,285.0,285.0,280.2076416015625,0.0
2014-02-03,285.0,285.0,285.0,285.0,280.2076416015625,0.0
2014-02-04,285.0,285.0,285.0,285.0,280.2076416015625,0.0
2014-02-05,285.0,285.0,285.0,285.0,280.2076416015625,0.0
2014-02-06,285.0,285.0,285.0,285.0,280.2076416015625,0.0
2014-02-07,285.0,285.0,285.0,285.0,280.2076416015625,0.0
2014-02-10,285.0,285.0,285.0,285.0,280.2076416015625,0.0
2014-02-11,290.0,290.0,290.0,290.0,285.1235656738281,5.0
2014-02-12,290.0,290.0,290.0,290.0,285.1235656738281,0.0
2014-02-13,290.0,290.0,290.0,290.0,285.1235656738281,0.0
2014-02-14,304.5,304.5,304.5,304.5,299.3797302246094,5.0
2014-02-17,304.5,304.5,304.5,304.5,299.3797302246094,0.0
2014-02-18,304.5,304.5,304.5,304.5,299.3797302246094,0.0
2014-02-19,304.5,304.5,304.5,304.5,299.3797302246094,0.0
2014-02-20,304.5,304.5,304.5,304.5,299.3797302246094,0.0
2014-02-21,315.0,315.0,315.0,315.0,309.70318603515625,45.0
2014-02-24,300.0,330.0,300.0,330.0,324.4509582519531,143.0
2014-02-25,330.0,346.0,330.0,346.0,340.181884765625,130.0
2014-02-26,346.0,346.0,346.0,346.0,340.181884765625,0.0
2014-02-28,346.0,346.0,346.0,346.0,340.181884765625,0.0
2014-03-03,346.0,346.0,346.0,346.0,340.181884765625,0.0
2014-03-04,346.0,346.0,346.0,346.0,340.181884765625,0.0
2014-03-05,346.0,346.0,346.0,346.0,340.181884765625,0.0
2014-03-06,346.0,346.0,346.0,346.0,340.181884765625,0.0
2014-03-07,346.0,346.0,346.0,346.0,340.181884765625,0.0
2014-03-10,346.0,346.0,346.0,346.0,340.181884765625,0.0
2014-03-11,346.0,346.0,346.0,346.0,340.181884765625,0.0
2014-03-12,346.0,346.0,346.0,346.0,340.181884765625,0.0
2014-03-13,346.0,346.0,346.0,346.0,340.181884765625,0.0
2014-03-14,346.0,346.0,346.0,346.0,340.181884765625,0.0
2014-03-18,346.0,346.0,346.0,346.0,340.181884765625,0.0
2014-03-19,346.0,346.0,346.0,346.0,340.181884765625,0.0
2014-03-20,346.0,346.0,346.0,346.0,340.181884765625,0.0
2014-03-21,363.29998779296875,363.29998779296875,363.29998779296875,363.29998779296875,357.19097900390625,1.0
2014-03-24,363.29998779296875,363.29998779296875,363.29998779296875,363.29998779296875,357.19097900390625,0.0
2014-03-25,363.29998779296875,363.29998779296875,363.29998779296875,363.29998779296875,357.19097900390625,0.0
2014-03-26,363.29998779296875,363.29998779296875,363.29998779296875,363.29998779296875,357.19097900390625,0.0
2014-03-27,363.29998779296875,363.29998779296875,363.29998779296875,363.29998779296875,357.19097900390625,0.0
2014-03-28,363.29998779296875,363.29998779296875,363.29998779296875,363.29998779296875,357.19097900390625,0.0
2014-03-31,363.29998779296875,363.29998779296875,363.29998779296875,363.29998779296875,357.19097900390625,0.0
2014-04-01,363.29998779296875,363.29998779296875,363.29998779296875,363.29998779296875,357.19097900390625,0.0
2014-04-02,363.29998779296875,363.29998779296875,363.29998779296875,363.29998779296875,357.19097900390625,0.0
2014-04-03,363.29998779296875,363.29998779296875,363.29998779296875,363.29998779296875,357.19097900390625,0.0
2014-04-04,363.29998779296875,363.29998779296875,363.29998779296875,363.29998779296875,357.19097900390625,1.0
2014-04-07,363.29998779296875,363.29998779296875,363.29998779296875,363.29998779296875,357.19097900390625,0.0
2014-04-09,363.29998779296875,363.29998779296875,363.29998779296875,363.29998779296875,357.19097900390625,0.0
2014-04-10,363.29998779296875,363.29998779296875,363.29998779296875,363.29998779296875,357.19097900390625,0.0
2014-04-11,363.29998779296875,363.29998779296875,363.29998779296875,363.29998779296875,357.19097900390625,0.0
2014-04-15,363.29998779296875,363.29998779296875,363.29998779296875,363.29998779296875,357.19097900390625,0.0
2014-04-16,363.29998779296875,363.29998779296875,363.29998779296875,363.29998779296875,357.19097900390625,0.0
2014-04-17,363.29998779296875,363.29998779296875,363.29998779296875,363.29998779296875,357.19097900390625,0.0
2014-04-21,363.29998779296875,363.29998779296875,363.29998779296875,363.29998779296875,357.19097900390625,0.0
2014-04-22,363.29998779296875,363.29998779296875,363.29998779296875,363.29998779296875,357.19097900390625,0.0
2014-04-23,363.29998779296875,363.29998779296875,363.29998779296875,363.29998779296875,357.19097900390625,0.0
2014-04-24,363.29998779296875,363.29998779296875,363.29998779296875,363.29998779296875,357.19097900390625,0.0
2014-04-25,363.29998779296875,363.29998779296875,363.29998779296875,363.29998779296875,357.19097900390625,0.0
2014-04-28,363.29998779296875,363.29998779296875,363.29998779296875,363.29998779296875,357.19097900390625,0.0
2014-04-29,363.29998779296875,363.29998779296875,363.29998779296875,363.29998779296875,357.19097900390625,0.0
2014-04-30,363.29998779296875,363.29998779296875,363.29998779296875,363.29998779296875,357.19097900390625,0.0
2014-05-02,363.29998779296875,363.29998779296875,363.29998779296875,363.29998779296875,357.19097900390625,1.0
2014-05-05,363.29998779296875,363.29998779296875,363.29998779296875,363.29998779296875,357.19097900390625,1.0
2014-05-06,363.29998779296875,363.29998779296875,363.29998779296875,363.29998779296875,357.19097900390625,0.0
2014-05-07,363.29998779296875,363.29998779296875,363.29998779296875,363.29998779296875,357.19097900390625,0.0
2014-05-08,363.29998779296875,363.29998779296875,363.29998779296875,363.29998779296875,357.19097900390625,0.0
2014-05-09,363.29998779296875,363.29998779296875,363.29998779296875,363.29998779296875,357.19097900390625,0.0
2014-05-12,360.0,360.0,360.0,360.0,353.94647216796875,10.0
2014-05-13,360.0,360.0,360.0,360.0,353.94647216796875,0.0
2014-05-14,360.0,360.0,360.0,360.0,353.94647216796875,0.0
2014-05-15,360.0,360.0,360.0,360.0,353.94647216796875,0.0
2014-05-16,360.0,360.0,360.0,360.0,353.94647216796875,0.0
2014-05-19,360.0,360.0,360.0,360.0,353.94647216796875,0.0
2014-05-20,360.0,360.0,360.0,360.0,353.94647216796875,0.0
2014-05-21,360.0,360.0,360.0,360.0,353.94647216796875,0.0
2014-05-22,360.0,360.0,360.0,360.0,353.94647216796875,0.0
2014-05-23,360.0,360.0,360.0,360.0,353.94647216796875,0.0
2014-05-26,360.0,360.0,360.0,360.0,353.94647216796875,0.0
2014-05-27,360.0,360.0,360.0,360.0,353.94647216796875,0.0
2014-05-28,378.0,378.0,378.0,378.0,371.643798828125,54.0
2014-05-29,396.8999938964844,396.8999938964844,396.8999938964844,396.8999938964844,390.2259826660156,5.0
2014-05-30,396.8999938964844,416.70001220703125,396.8999938964844,416.70001220703125,409.69305419921875,100.0
2014-06-02,437.0,437.0,437.0,437.0,429.6517028808594,5.0
2014-06-03,437.0,437.0,437.0,437.0,429.6517028808594,0.0
2014-06-04,450.0,450.0,450.0,450.0,442.4331359863281,5.0
2014-06-05,450.0,450.0,450.0,450.0,442.4331359863281,0.0
2014-06-06,450.0,450.0,450.0,450.0,442.4331359863281,0.0
2014-06-09,450.0,450.0,450.0,450.0,442.4331359863281,0.0
2014-06-10,450.0,450.0,450.0,450.0,442.4331359863281,0.0
2014-06-11,450.0,450.0,450.0,450.0,442.4331359863281,0.0
2014-06-12,450.0,450.0,450.0,450.0,442.4331359863281,0.0
2014-06-13,450.0,450.0,450.0,450.0,442.4331359863281,0.0
2014-06-16,450.0,450.0,450.0,450.0,442.4331359863281,0.0
2014-06-17,450.0,450.0,450.0,450.0,442.4331359863281,0.0
2014-06-18,450.0,450.0,450.0,450.0,442.4331359863281,0.0
2014-06-19,450.0,450.0,450.0,450.0,442.4331359863281,0.0
2014-06-20,450.0,450.0,450.0,450.0,442.4331359863281,0.0
2014-06-23,450.0,450.0,450.0,450.0,442.4331359863281,0.0
2014-06-24,450.0,450.0,450.0,450.0,442.4331359863281,0.0
2014-06-25,450.0,450.0,450.0,450.0,442.4331359863281,0.0
2014-06-26,450.0,450.0,450.0,450.0,442.4331359863281,0.0
2014-06-27,450.0,450.0,450.0,450.0,442.4331359863281,0.0
2014-06-30,450.0,450.0,450.0,450.0,442.4331359863281,0.0
2014-07-01,450.0,450.0,450.0,450.0,442.4331359863281,0.0
2014-07-02,450.0,450.0,450.0,450.0,442.4331359863281,0.0
2014-07-03,450.0,450.0,450.0,450.0,442.4331359863281,0.0
2014-07-04,450.0,450.0,450.0,450.0,442.4331359863281,0.0
2014-07-07,450.0,450.0,450.0,450.0,442.4331359863281,0.0
2014-07-08,450.0,450.0,450.0,450.0,442.4331359863281,0.0
2014-07-09,450.0,450.0,450.0,450.0,442.4331359863281,0.0
2014-07-10,450.0,450.0,450.0,450.0,442.4331359863281,0.0
2014-07-11,450.0,450.0,450.0,450.0,442.4331359863281,0.0
2014-07-14,450.0,450.0,450.0,450.0,442.4331359863281,0.0
2014-07-15,450.0,450.0,450.0,450.0,442.4331359863281,0.0
2014-07-16,450.0,450.0,450.0,450.0,442.4331359863281,0.0
2014-07-17,450.0,450.0,450.0,450.0,442.4331359863281,0.0
2014-07-18,450.0,450.0,450.0,450.0,442.4331359863281,0.0
2014-07-21,450.0,450.0,450.0,450.0,442.4331359863281,0.0
2014-07-22,450.0,450.0,450.0,450.0,442.4331359863281,0.0
2014-07-23,450.0,450.0,450.0,450.0,442.4331359863281,0.0
2014-07-24,450.0,450.0,450.0,450.0,442.4331359863281,0.0
2014-07-25,450.0,450.0,450.0,450.0,442.4331359863281,0.0
2014-07-28,450.0,450.0,450.0,450.0,442.4331359863281,0.0
2014-07-30,450.0,450.0,450.0,450.0,442.4331359863281,0.0
2014-07-31,450.0,450.0,450.0,450.0,442.4331359863281,0.0
2014-08-01,450.0,450.0,450.0,450.0,442.4331359863281,0.0
2014-08-04,450.0,450.0,450.0,450.0,442.4331359863281,0.0
2014-08-05,450.0,450.0,450.0,450.0,442.4331359863281,0.0
2014-08-06,450.0,450.0,450.0,450.0,442.4331359863281,0.0
2014-08-07,450.0,450.0,450.0,450.0,442.4331359863281,0.0
2014-08-08,450.0,450.0,450.0,450.0,442.4331359863281,0.0
2014-08-11,450.0,450.0,450.0,450.0,442.4331359863281,0.0
2014-08-12,450.0,450.0,450.0,450.0,442.4331359863281,0.0
2014-08-13,450.0,450.0,450.0,450.0,442.4331359863281,0.0
2014-08-14,450.0,450.0,450.0,450.0,442.4331359863281,0.0
2014-08-18,450.0,450.0,450.0,450.0,442.4331359863281,0.0
2014-08-19,450.0,450.0,450.0,450.0,442.4331359863281,0.0
2014-08-20,450.0,450.0,450.0,450.0,442.4331359863281,0.0
2014-08-21,450.0,450.0,450.0,450.0,442.4331359863281,0.0
2014-08-22,450.0,450.0,450.0,450.0,442.4331359863281,0.0
2014-08-25,450.0,450.0,450.0,450.0,442.4331359863281,0.0
2014-08-26,450.0,450.0,450.0,450.0,442.4331359863281,0.0
2014-08-27,450.0,450.0,450.0,450.0,442.4331359863281,0.0
2014-08-28,450.0,450.0,450.0,450.0,442.4331359863281,0.0
2014-09-01,450.0,450.0,450.0,450.0,442.4331359863281,0.0
2014-09-02,450.0,450.0,450.0,450.0,442.4331359863281,0.0
2014-09-03,450.0,450.0,450.0,450.0,442.4331359863281,0.0
2014-09-04,450.0,450.0,450.0,450.0,442.4331359863281,0.0
2014-09-05,451.0,451.0,451.0,451.0,443.4162902832031,46.0
2014-09-08,451.0,451.0,451.0,451.0,443.4162902832031,50.0
2014-09-09,451.0,451.0,451.0,451.0,443.4162902832031,0.0
2014-09-10,451.0,451.0,451.0,451.0,443.4162902832031,0.0
2014-09-11,451.0,451.0,451.0,451.0,443.4162902832031,0.0
2014-09-12,461.0,461.0,455.0,455.0,447.3490295410156,13.0
2014-09-15,455.0,455.0,455.0,455.0,447.3490295410156,0.0
2014-09-16,455.0,477.75,455.0,477.75,469.71649169921875,25.0
2014-09-17,500.0,501.6000061035156,500.0,501.6000061035156,493.1654357910156,70.0
2014-09-18,526.0,526.6500244140625,526.0,526.6500244140625,519.8670654296875,60.0
2014-09-19,552.9500122070312,552.9500122070312,552.9500122070312,552.9500122070312,545.8283081054688,1.0
2014-09-22,580.5499877929688,580.5499877929688,580.5499877929688,580.5499877929688,573.0728149414062,27.0
2014-09-23,609.4000244140625,609.5499877929688,600.0,600.0,592.2723999023438,60.0
2014-09-24,570.0,605.0,570.0,605.0,597.2079467773438,124.0
2014-09-25,605.0,634.0,605.0,634.0,625.8344116210938,30.0
2014-09-26,605.0,605.0,605.0,605.0,597.2079467773438,1.0
2014-09-29,605.0,605.0,605.0,605.0,597.2079467773438,0.0
2014-09-30,630.0,635.25,630.0,635.25,627.068359375,27.0
2014-10-01,635.25,635.25,635.25,635.25,627.068359375,0.0
2014-10-07,635.25,635.25,635.25,635.25,627.068359375,0.0
2014-10-08,603.5,603.5,603.5,603.5,595.7272338867188,55.0
2014-10-09,633.0,633.0,633.0,633.0,624.8472900390625,5.0
2014-10-10,633.0,633.0,633.0,633.0,624.8472900390625,0.0
2014-10-13,601.3499755859375,601.3499755859375,601.3499755859375,601.3499755859375,593.6049194335938,25.0
2014-10-14,601.3499755859375,601.3499755859375,601.3499755859375,601.3499755859375,593.6049194335938,0.0
2014-10-15,601.3499755859375,601.3499755859375,601.3499755859375,601.3499755859375,593.6049194335938,0.0
2014-10-16,601.3499755859375,601.3499755859375,601.3499755859375,601.3499755859375,593.6049194335938,0.0
2014-10-17,601.3499755859375,601.3499755859375,601.3499755859375,601.3499755859375,593.6049194335938,0.0
2014-10-20,601.3499755859375,601.3499755859375,601.3499755859375,601.3499755859375,593.6049194335938,0.0
2014-10-21,631.0999755859375,631.0999755859375,631.0999755859375,631.0999755859375,622.9718017578125,1.0
2014-10-22,660.0,660.0,660.0,660.0,651.4995727539062,1.0
2014-10-27,660.0,660.0,660.0,660.0,651.4995727539062,12.0
2014-10-28,680.0,690.0,680.0,683.0,674.2033081054688,10.0
2014-10-29,683.0,683.0,683.0,683.0,674.2033081054688,0.0
2014-10-30,716.0,716.0,716.0,716.0,706.7783203125,6.0
2014-10-31,745.0,751.7999877929688,680.2000122070312,710.0,700.8556518554688,147.0
2014-11-03,710.0,710.0,710.0,710.0,700.8556518554688,0.0
2014-11-05,710.0,710.0,710.0,710.0,700.8556518554688,0.0
2014-11-07,710.0,710.0,710.0,710.0,700.8556518554688,0.0
2014-11-10,740.0,740.0,740.0,740.0,730.46923828125,1.0
2014-11-11,768.0,768.0,768.0,768.0,758.1085815429688,5.0
2014-11-12,806.4000244140625,806.4000244140625,735.0,735.0,725.5336303710938,22.0
2014-11-13,705.0,770.0,699.0,734.0,724.5465087890625,79.0
2014-11-14,734.0,734.0,734.0,734.0,724.5465087890625,0.0
2014-11-17,734.0,734.0,734.0,734.0,724.5465087890625,0.0
2014-11-18,769.0,769.0,768.0,768.0,758.1085815429688,26.0
2014-11-19,806.4000244140625,806.4000244140625,800.0,800.0,789.6964721679688,111.0
2014-11-20,800.0,800.0,800.0,800.0,789.6964721679688,0.0
2014-11-21,800.0,800.0,800.0,800.0,789.6964721679688,0.0
2014-11-24,760.0,760.0,760.0,760.0,750.211669921875,5.0
2014-11-25,724.0,724.0,724.0,724.0,714.67529296875,5.0
2014-11-26,724.0,724.0,724.0,724.0,714.67529296875,0.0
2014-11-27,724.0,724.0,724.0,724.0,714.67529296875,0.0
2014-11-28,758.0,758.0,758.0,758.0,748.2374267578125,1.0
2014-12-01,758.0,758.0,758.0,758.0,748.2374267578125,0.0
2014-12-02,758.0,758.0,758.0,758.0,748.2374267578125,0.0
2014-12-03,794.0,794.0,794.0,794.0,783.773681640625,1.0
2014-12-04,809.0,809.0,809.0,809.0,798.58056640625,9.0
2014-12-05,789.5,790.0,788.0,788.4000244140625,778.2459106445312,19.0
2014-12-08,750.0,788.0,749.0,770.0,760.0828247070312,19.0
2014-12-09,808.0,808.0,731.5,769.0,759.095703125,12.0
2014-12-10,806.0,806.0,806.0,806.0,795.6192016601562,1.0
2014-12-11,846.0,846.0,765.7000122070312,767.4000244140625,757.516357421875,37.0
2014-12-12,730.0,805.75,730.0,804.25,793.8917236328125,8.0
2014-12-15,804.25,804.25,804.25,804.25,793.8917236328125,0.0
2014-12-16,804.25,804.25,804.25,804.25,793.8917236328125,0.0
2014-12-17,844.0,844.0,825.0,825.0,814.37451171875,3.0
2014-12-18,784.0,784.0,784.0,784.0,773.9025268554688,1.0
2014-12-19,744.7999877929688,744.7999877929688,744.7999877929688,744.7999877929688,735.2073974609375,1.0
2014-12-22,710.0,710.0,707.5999755859375,707.5999755859375,698.4865112304688,3.0
2014-12-23,742.0,742.0,742.0,742.0,732.4434814453125,1.0
2014-12-24,704.9000244140625,704.9000244140625,704.9000244140625,704.9000244140625,695.8213500976562,21.0
2014-12-26,704.9000244140625,704.9000244140625,704.9000244140625,704.9000244140625,695.8213500976562,0.0
2014-12-29,740.0999755859375,740.0999755859375,669.7000122070312,669.7000122070312,661.07470703125,8.0
2014-12-30,690.0,703.0,690.0,703.0,693.9457397460938,19.0
2014-12-31,668.0,668.0,668.0,668.0,659.3965454101562,25.0
2015-01-01,668.0,668.0,668.0,668.0,659.3965454101562,0.0
2015-01-02,675.0,678.0,675.0,678.0,669.2677612304688,4.0
2015-01-05,678.0,678.0,678.0,678.0,669.2677612304688,0.0
2015-01-06,678.0,678.0,678.0,678.0,669.2677612304688,0.0
2015-01-07,678.0,678.0,678.0,678.0,669.2677612304688,0.0
2015-01-08,678.0,678.0,678.0,678.0,669.2677612304688,0.0
2015-01-09,660.0,660.0,644.0999755859375,644.0999755859375,635.8043212890625,23.0
2015-01-12,640.0,671.0,640.0,640.0,631.7571411132812,42.0
2015-01-13,650.0,650.0,608.0,620.0,612.0147094726562,26.0
2015-01-14,651.0,651.0,651.0,651.0,642.615478515625,1.0
2015-01-15,650.0,650.0,650.0,650.0,641.6283569335938,1.0
2015-01-16,682.0,682.0,682.0,682.0,673.2161865234375,1.0
2015-01-19,716.0,716.0,680.0,680.0,671.2420043945312,108.0
2015-01-20,700.0,714.0,646.0,646.0,637.679931640625,60.0
2015-01-21,614.5,614.5,613.75,613.75,605.84521484375,47.0
2015-01-22,613.75,613.75,613.75,613.75,605.84521484375,0.0
2015-01-23,638.0,638.0,584.0,592.5,584.8689575195312,46.0
2015-01-27,622.0,622.0,563.0,580.5,573.0234985351562,12.0
2015-01-28,600.0,600.0,599.75,599.75,592.0255737304688,12.0
2015-01-29,620.0,624.5,610.0,610.0,602.1435546875,72.0
2015-01-30,600.0,600.0,600.0,600.0,592.2723999023438,1.0
2015-02-02,600.0,600.0,600.0,600.0,592.2723999023438,0.0
2015-02-03,630.0,630.0,570.0,570.0,562.65869140625,17.0
2015-02-04,598.5,598.5,570.0,570.0,562.65869140625,161.0
2015-02-05,570.0,570.0,570.0,570.0,562.65869140625,2.0
2015-02-06,570.0,570.0,570.0,570.0,562.65869140625,0.0
2015-02-09,560.0,560.0,560.0,560.0,552.7875366210938,1.0
2015-02-10,560.0,586.0,560.0,580.0,572.5299682617188,22.0
2015-02-11,608.0,608.0,608.0,608.0,600.1693115234375,1.0
2015-02-12,638.25,638.25,638.0,638.0,629.7828979492188,2.0
2015-02-13,638.0,638.0,638.0,638.0,629.7828979492188,2.0
2015-02-16,667.0,667.0,667.0,667.0,658.409423828125,2.0
2015-02-18,700.0,700.0,700.0,700.0,690.984375,1.0
2015-02-19,735.0,735.0,665.0,665.0,656.4351806640625,60.0
2015-02-20,665.0,665.0,665.0,665.0,656.4351806640625,1.0
2015-02-23,665.0,665.0,665.0,665.0,656.4351806640625,0.0
2015-02-24,698.0,698.0,698.0,698.0,689.0101318359375,1.0
2015-02-25,720.0,720.0,720.0,720.0,710.726806640625,1.0
2015-02-26,739.75,739.75,739.75,739.75,730.222412109375,15.0
2015-02-27,776.0,776.0,703.0,703.0,693.9457397460938,5.0
2015-03-02,703.0,703.0,703.0,703.0,693.9457397460938,0.0
2015-03-03,703.0,703.0,703.0,703.0,693.9457397460938,0.0
2015-03-04,650.0,650.0,650.0,650.0,641.6283569335938,1.0
2015-03-05,625.0,625.0,618.0,618.0,610.0404663085938,4.0
2015-03-09,590.0,618.0,590.0,618.0,610.0404663085938,5.0
2015-03-10,587.25,587.25,587.25,587.25,579.6865844726562,12.0
2015-03-11,565.0,565.0,565.0,565.0,557.72314453125,10.0
2015-03-12,565.0,565.0,565.0,565.0,557.72314453125,29.0
2015-03-13,537.0,537.0,537.0,537.0,530.083740234375,1.0
2015-03-16,537.0,537.0,537.0,537.0,530.083740234375,0.0
2015-03-17,537.0,537.0,537.0,537.0,530.083740234375,0.0
2015-03-18,537.0,537.0,537.0,537.0,530.083740234375,0.0
2015-03-19,537.0,537.0,537.0,537.0,530.083740234375,0.0
2015-03-20,537.0,537.0,537.0,537.0,530.083740234375,0.0
2015-03-23,510.25,510.25,510.25,510.25,503.6782531738281,1.0
2015-03-24,485.0,485.0,485.0,485.0,478.75347900390625,1.0
2015-03-25,460.75,460.75,460.75,460.75,454.8157958984375,20.0
2015-03-26,460.75,460.75,460.75,460.75,454.8157958984375,0.0
2015-03-27,460.75,460.75,460.75,460.75,454.8157958984375,0.0
2015-03-30,460.75,460.75,460.75,460.75,454.8157958984375,0.0
2015-03-31,483.75,483.75,437.75,437.75,432.1120300292969,21.0
2015-04-01,437.75,437.75,437.75,437.75,432.1120300292969,0.0
2015-04-06,421.0,421.0,421.0,421.0,415.5777587890625,34.0
2015-04-07,421.0,421.0,421.0,421.0,415.5777587890625,0.0
2015-04-08,421.0,421.0,421.0,421.0,415.5777587890625,11.0
2015-04-09,400.0,400.0,400.0,400.0,394.8482360839844,45.0
2015-04-10,380.0,419.70001220703125,380.0,380.0,375.1058349609375,14.0
2015-04-13,380.0,380.0,380.0,380.0,375.1058349609375,0.0
2015-04-15,380.0,380.0,380.0,380.0,375.1058349609375,0.0
2015-04-16,380.0,380.0,380.0,380.0,375.1058349609375,5.0
2015-04-17,385.0,385.0,385.0,385.0,380.0414123535156,1.0
2015-04-20,404.0,404.0,404.0,404.0,398.7967224121094,9.0
2015-04-21,384.3999938964844,384.3999938964844,384.3999938964844,384.3999938964844,379.44915771484375,1.0
2015-04-22,384.3999938964844,384.3999938964844,384.3999938964844,384.3999938964844,379.44915771484375,0.0
2015-04-23,384.3999938964844,384.3999938964844,384.3999938964844,384.3999938964844,379.44915771484375,0.0
2015-04-24,384.3999938964844,384.3999938964844,384.3999938964844,384.3999938964844,379.44915771484375,0.0
2015-04-27,384.3999938964844,384.3999938964844,384.3999938964844,384.3999938964844,379.44915771484375,0.0
2015-04-28,393.0,393.0,384.3999938964844,384.3999938964844,379.44915771484375,50.0
2015-04-29,403.0,403.0,403.0,403.0,397.8096008300781,1.0
2015-04-30,423.1000061035156,423.1000061035156,403.0,410.70001220703125,405.4104309082031,13.0
2015-05-04,431.0,431.0,390.20001220703125,390.20001220703125,385.1744689941406,26.0
2015-05-05,370.70001220703125,370.70001220703125,370.70001220703125,370.70001220703125,365.9256286621094,3.0
2015-05-06,352.5,352.5,352.5,352.5,347.9599914550781,3.0
2015-05-07,334.8999938964844,334.8999938964844,334.8999938964844,334.8999938964844,330.586669921875,12.0
2015-05-08,334.8999938964844,334.8999938964844,334.8999938964844,334.8999938964844,330.586669921875,0.0
2015-05-11,334.8999938964844,334.8999938964844,334.8999938964844,334.8999938964844,330.586669921875,0.0
2015-05-12,320.20001220703125,320.20001220703125,320.20001220703125,320.20001220703125,316.0760192871094,1.0
2015-05-13,310.5,336.0,310.5,336.0,331.6725158691406,43.0
2015-05-14,336.0,336.0,336.0,336.0,331.6725158691406,0.0
2015-05-15,336.0,336.0,336.0,336.0,331.6725158691406,0.0
2015-05-18,336.0,336.0,336.0,336.0,331.6725158691406,0.0
2015-05-19,336.0,336.0,336.0,336.0,331.6725158691406,0.0
2015-05-20,336.0,336.0,336.0,336.0,331.6725158691406,0.0
2015-05-21,336.0,336.0,336.0,336.0,331.6725158691406,0.0
2015-05-22,336.0,336.0,336.0,336.0,331.6725158691406,0.0
2015-05-25,336.0,336.0,336.0,336.0,331.6725158691406,0.0
2015-05-26,336.0,336.0,336.0,336.0,331.6725158691406,0.0
2015-05-27,336.0,336.0,336.0,336.0,331.6725158691406,0.0
2015-05-28,336.0,336.0,336.0,336.0,331.6725158691406,0.0
2015-05-29,336.0,336.0,336.0,336.0,331.6725158691406,0.0
2015-06-01,336.0,336.0,336.0,336.0,331.6725158691406,0.0
2015-06-02,336.0,336.0,336.0,336.0,331.6725158691406,0.0
2015-06-03,336.0,336.0,336.0,336.0,331.6725158691406,0.0
2015-06-04,309.79998779296875,309.79998779296875,309.79998779296875,309.79998779296875,305.8099670410156,1.0
2015-06-05,309.79998779296875,309.79998779296875,309.79998779296875,309.79998779296875,305.8099670410156,0.0
2015-06-08,309.79998779296875,309.79998779296875,309.79998779296875,309.79998779296875,305.8099670410156,0.0
2015-06-09,294.3999938964844,325.0,294.3999938964844,325.0,320.8141784667969,3.0
2015-06-10,325.0,325.0,325.0,325.0,320.8141784667969,0.0
2015-06-11,341.0,341.0,341.0,341.0,336.60809326171875,2.0
2015-06-12,358.0,358.0,341.0,352.29998779296875,347.7625732421875,3.0
2015-06-15,352.29998779296875,352.29998779296875,352.29998779296875,352.29998779296875,347.7625732421875,0.0
2015-06-16,352.29998779296875,352.29998779296875,352.29998779296875,352.29998779296875,347.7625732421875,0.0
2015-06-17,335.0,369.8999938964844,335.0,369.8999938964844,365.1358947753906,2.0
2015-06-18,369.8999938964844,369.8999938964844,369.8999938964844,369.8999938964844,365.1358947753906,0.0
2015-06-19,369.8999938964844,369.8999938964844,369.8999938964844,369.8999938964844,365.1358947753906,0.0
2015-06-22,369.8999938964844,369.8999938964844,369.8999938964844,369.8999938964844,365.1358947753906,0.0
2015-06-23,351.5,369.0,351.5,369.0,364.24749755859375,32.0
2015-06-24,352.0,387.3999938964844,352.0,387.3999938964844,382.4104919433594,4.0
2015-06-25,387.3999938964844,387.3999938964844,387.3999938964844,387.3999938964844,382.4104919433594,0.0
2015-06-26,387.3999938964844,387.3999938964844,387.3999938964844,387.3999938964844,382.4104919433594,0.0
2015-06-29,406.0,406.0,406.0,406.0,400.77093505859375,2.0
2015-06-30,406.0,406.0,406.0,406.0,400.77093505859375,0.0
2015-07-01,406.0,406.0,406.0,406.0,400.77093505859375,0.0
2015-07-02,406.0,406.0,406.0,406.0,400.77093505859375,0.0
2015-07-03,386.0,426.29998779296875,386.0,426.29998779296875,420.8094787597656,2.0
2015-07-06,447.6000061035156,447.6000061035156,447.6000061035156,447.6000061035156,441.8351745605469,72.0
2015-07-07,425.5,469.8999938964844,425.5,469.8999938964844,463.84796142578125,159.0
2015-07-08,493.0,493.29998779296875,446.5,493.29998779296875,486.9465637207031,3.0
2015-07-09,517.9000244140625,517.9000244140625,469.0,497.79998779296875,491.38861083984375,11.0
2015-07-10,522.5999755859375,522.5999755859375,522.5999755859375,522.5999755859375,515.8692016601562,2.0
2015-07-13,548.7000122070312,548.7000122070312,548.7000122070312,548.7000122070312,541.633056640625,10.0
2015-07-14,548.7000122070312,548.7000122070312,548.7000122070312,548.7000122070312,541.633056640625,0.0
2015-07-15,548.7000122070312,548.7000122070312,548.7000122070312,548.7000122070312,541.633056640625,0.0
2015-07-16,548.7000122070312,548.7000122070312,548.7000122070312,548.7000122070312,541.633056640625,0.0
2015-07-17,548.7000122070312,548.7000122070312,548.7000122070312,548.7000122070312,541.633056640625,0.0
2015-07-20,533.7000122070312,576.0999755859375,533.7000122070312,576.0999755859375,568.6801147460938,4.0
2015-07-21,576.0999755859375,576.0999755859375,576.0999755859375,576.0999755859375,568.6801147460938,0.0
2015-07-22,576.0999755859375,576.0999755859375,576.0999755859375,576.0999755859375,568.6801147460938,0.0
2015-07-23,604.9000244140625,604.9000244140625,551.2999877929688,604.0,596.2208251953125,5.0
2015-07-24,604.0,604.0,604.0,604.0,596.2208251953125,0.0
2015-07-27,634.0,634.0,574.0,574.0,566.607177734375,90.0
2015-07-28,551.0,551.0,551.0,551.0,543.9034423828125,1.0
2015-07-29,523.5,523.5,523.5,523.5,516.7576293945312,1.0
2015-07-30,523.5,523.5,523.5,523.5,516.7576293945312,0.0
2015-07-31,500.0,500.0,500.0,500.0,493.560302734375,1.0
2015-08-03,477.0,477.0,477.0,477.0,470.85650634765625,1.0
2015-08-04,477.0,477.0,477.0,477.0,470.85650634765625,0.0
2015-08-05,481.0,481.0,455.0,455.0,449.1398620605469,8.0
2015-08-06,432.29998779296875,432.29998779296875,432.29998779296875,432.29998779296875,426.7322082519531,1.0
2015-08-07,432.29998779296875,432.29998779296875,432.29998779296875,432.29998779296875,426.7322082519531,0.0
2015-08-10,432.29998779296875,432.29998779296875,432.29998779296875,432.29998779296875,426.7322082519531,0.0
2015-08-11,411.0,411.0,411.0,411.0,405.7065734863281,2.0
2015-08-12,391.0,391.0,390.5,390.5,385.4705810546875,15.0
2015-08-13,390.0,390.0,371.0,371.0,366.22174072265625,2.0
2015-08-14,353.0,353.0,353.0,353.0,348.45355224609375,1.0
2015-08-17,336.0,336.0,336.0,336.0,331.6725158691406,1.0
2015-08-18,336.0,336.0,336.0,336.0,331.6725158691406,5.0
2015-08-19,352.79998779296875,352.79998779296875,352.79998779296875,352.79998779296875,348.2561340332031,6.0
2015-08-20,352.79998779296875,352.79998779296875,352.79998779296875,352.79998779296875,348.2561340332031,0.0
2015-08-21,352.79998779296875,352.79998779296875,352.79998779296875,352.79998779296875,348.2561340332031,0.0
2015-08-24,337.0,337.0,337.0,337.0,332.6596374511719,1.0
2015-08-25,320.20001220703125,320.20001220703125,320.20001220703125,320.20001220703125,316.0760192871094,1.0
2015-08-26,320.20001220703125,320.20001220703125,320.20001220703125,320.20001220703125,316.0760192871094,0.0
2015-08-27,320.20001220703125,320.20001220703125,320.20001220703125,320.20001220703125,316.0760192871094,0.0
2015-08-28,320.20001220703125,320.20001220703125,320.20001220703125,320.20001220703125,316.0760192871094,0.0
2015-08-31,310.1000061035156,310.1000061035156,310.1000061035156,310.1000061035156,306.1061096191406,2.0
2015-09-01,301.0,301.0,295.5,295.5,291.6941223144531,21.0
2015-09-02,295.5,295.5,295.5,295.5,291.6941223144531,0.0
2015-09-03,295.5,295.5,295.5,295.5,291.6941223144531,0.0
2015-09-04,295.5,295.5,295.5,295.5,291.6941223144531,0.0
2015-09-07,295.5,295.5,295.5,295.5,291.6941223144531,0.0
2015-09-08,295.5,295.5,295.5,295.5,291.6941223144531,0.0
2015-09-09,295.5,295.5,295.5,295.5,291.6941223144531,0.0
2015-09-10,295.5,295.5,295.5,295.5,291.6941223144531,0.0
2015-09-11,290.1000061035156,290.1000061035156,290.1000061035156,290.1000061035156,286.3636779785156,1.0
2015-09-14,290.1000061035156,290.1000061035156,290.1000061035156,290.1000061035156,286.3636779785156,0.0
2015-09-15,290.1000061035156,290.1000061035156,290.1000061035156,290.1000061035156,286.3636779785156,0.0
2015-09-16,290.1000061035156,290.1000061035156,290.1000061035156,290.1000061035156,286.3636779785156,0.0
2015-09-18,290.1000061035156,290.1000061035156,290.1000061035156,290.1000061035156,288.35162353515625,0.0
2015-09-21,290.1000061035156,290.1000061035156,290.1000061035156,290.1000061035156,288.35162353515625,0.0
2015-09-22,290.1000061035156,290.1000061035156,290.1000061035156,290.1000061035156,288.35162353515625,0.0
2015-09-23,290.1000061035156,290.1000061035156,290.1000061035156,290.1000061035156,288.35162353515625,0.0
2015-09-24,290.1000061035156,290.1000061035156,290.1000061035156,290.1000061035156,288.35162353515625,0.0
2015-09-28,280.0,280.0,276.1000061035156,276.1000061035156,274.4360046386719,10.0
2015-09-29,289.8999938964844,289.8999938964844,289.8999938964844,289.8999938964844,288.15283203125,1.0
2015-09-30,289.8999938964844,289.8999938964844,289.8999938964844,289.8999938964844,288.15283203125,0.0
2015-10-01,304.29998779296875,304.29998779296875,304.29998779296875,304.29998779296875,302.4660339355469,21.0
2015-10-05,304.29998779296875,304.29998779296875,304.29998779296875,304.29998779296875,302.4660339355469,0.0
2015-10-06,304.29998779296875,304.29998779296875,304.29998779296875,304.29998779296875,302.4660339355469,0.0
2015-10-07,304.29998779296875,304.29998779296875,304.29998779296875,304.29998779296875,302.4660339355469,0.0
2015-10-08,304.29998779296875,304.29998779296875,304.29998779296875,304.29998779296875,302.4660339355469,0.0
2015-10-09,304.29998779296875,304.29998779296875,304.29998779296875,304.29998779296875,302.4660339355469,0.0
2015-10-12,319.5,319.5,319.5,319.5,317.5744323730469,5.0
2015-10-13,319.5,319.5,319.5,319.5,317.5744323730469,0.0
2015-10-14,319.5,319.5,319.5,319.5,317.5744323730469,0.0
2015-10-15,319.5,319.5,319.5,319.5,317.5744323730469,0.0
2015-10-16,335.3999938964844,335.3999938964844,335.3999938964844,335.3999938964844,333.37860107421875,5.0
2015-10-19,335.3999938964844,335.3999938964844,335.3999938964844,335.3999938964844,333.37860107421875,0.0
2015-10-20,335.3999938964844,335.3999938964844,335.3999938964844,335.3999938964844,333.37860107421875,0.0
2015-10-21,352.1000061035156,352.1000061035156,320.5,351.29998779296875,349.1827697753906,40.0
2015-10-23,351.29998779296875,351.29998779296875,351.29998779296875,351.29998779296875,349.1827697753906,0.0
2015-10-26,351.29998779296875,351.29998779296875,351.29998779296875,351.29998779296875,349.1827697753906,0.0
2015-10-27,351.29998779296875,351.29998779296875,351.29998779296875,351.29998779296875,349.1827697753906,0.0
2015-10-28,351.29998779296875,351.29998779296875,351.29998779296875,351.29998779296875,349.1827697753906,0.0
2015-10-29,351.29998779296875,351.29998779296875,351.29998779296875,351.29998779296875,349.1827697753906,0.0
2015-10-30,334.0,334.0,334.0,334.0,331.987060546875,1.0
2015-11-02,334.0,334.0,334.0,334.0,331.987060546875,0.0
2015-11-03,334.0,334.0,334.0,334.0,331.987060546875,0.0
2015-11-04,318.1000061035156,318.1000061035156,318.1000061035156,318.1000061035156,316.1828918457031,50.0
2015-11-05,318.1000061035156,318.1000061035156,318.1000061035156,318.1000061035156,316.1828918457031,0.0
2015-11-06,318.1000061035156,318.1000061035156,318.1000061035156,318.1000061035156,316.1828918457031,0.0
2015-11-09,318.1000061035156,318.1000061035156,318.1000061035156,318.1000061035156,316.1828918457031,0.0
2015-11-10,303.1000061035156,303.1000061035156,303.1000061035156,303.1000061035156,301.2732849121094,10.0
2015-11-13,318.0,318.0,318.0,318.0,316.0834655761719,58.0
2015-11-16,318.0,318.0,318.0,318.0,316.0834655761719,0.0
2015-11-17,318.0,318.0,318.0,318.0,316.0834655761719,0.0
2015-11-18,318.0,318.0,318.0,318.0,316.0834655761719,0.0
2015-11-19,318.0,318.0,318.0,318.0,316.0834655761719,0.0
2015-11-20,318.0,318.0,318.0,318.0,316.0834655761719,0.0
2015-11-23,318.0,318.0,318.0,318.0,316.0834655761719,0.0
2015-11-24,318.0,318.0,318.0,318.0,316.0834655761719,0.0
2015-11-26,318.0,318.0,318.0,318.0,316.0834655761719,0.0
2015-11-27,318.0,318.0,318.0,318.0,316.0834655761719,0.0
2015-11-30,318.0,318.0,318.0,318.0,316.0834655761719,0.0
2015-12-01,318.0,318.0,318.0,318.0,316.0834655761719,0.0
2015-12-02,315.0,315.0,315.0,315.0,313.1015625,10.0
2015-12-03,315.0,315.0,315.0,315.0,313.1015625,0.0
2015-12-04,315.0,315.0,315.0,315.0,313.1015625,0.0
2015-12-07,330.70001220703125,330.70001220703125,300.0,300.0,298.19195556640625,101.0
2015-12-08,300.0,300.0,300.0,300.0,298.19195556640625,0.0
2015-12-09,285.1000061035156,285.1000061035156,285.1000061035156,285.1000061035156,283.38177490234375,1.0
2015-12-10,271.1000061035156,271.1000061035156,271.1000061035156,271.1000061035156,269.46612548828125,1.0
2015-12-11,271.1000061035156,271.1000061035156,271.1000061035156,271.1000061035156,269.46612548828125,0.0
2015-12-14,271.1000061035156,271.1000061035156,271.1000061035156,271.1000061035156,269.46612548828125,0.0
2015-12-15,271.1000061035156,271.1000061035156,271.1000061035156,271.1000061035156,269.46612548828125,0.0
2015-12-16,271.1000061035156,271.1000061035156,271.1000061035156,271.1000061035156,269.46612548828125,0.0
2015-12-17,271.1000061035156,271.1000061035156,271.1000061035156,271.1000061035156,269.46612548828125,0.0
2015-12-18,271.1000061035156,271.1000061035156,271.1000061035156,271.1000061035156,269.46612548828125,0.0
2015-12-21,271.1000061035156,271.1000061035156,271.1000061035156,271.1000061035156,269.46612548828125,0.0
2015-12-22,271.1000061035156,271.1000061035156,271.1000061035156,271.1000061035156,269.46612548828125,0.0
2015-12-23,271.1000061035156,271.1000061035156,271.1000061035156,271.1000061035156,269.46612548828125,0.0
2015-12-24,271.1000061035156,271.1000061035156,271.1000061035156,271.1000061035156,269.46612548828125,0.0
2015-12-28,284.6000061035156,284.6000061035156,284.6000061035156,284.6000061035156,282.884765625,6.0
2015-12-29,284.6000061035156,284.6000061035156,284.6000061035156,284.6000061035156,282.884765625,0.0
2015-12-30,284.6000061035156,284.6000061035156,284.6000061035156,284.6000061035156,282.884765625,0.0
2015-12-31,284.6000061035156,284.6000061035156,284.6000061035156,284.6000061035156,282.884765625,0.0
2016-01-01,284.6000061035156,284.6000061035156,284.6000061035156,284.6000061035156,282.884765625,0.0
2016-01-04,284.6000061035156,284.6000061035156,284.6000061035156,284.6000061035156,282.884765625,0.0
2016-01-05,284.6000061035156,284.6000061035156,284.6000061035156,284.6000061035156,282.884765625,0.0
2016-01-06,298.79998779296875,298.79998779296875,298.79998779296875,298.79998779296875,296.9991760253906,30.0
2016-01-07,298.79998779296875,298.79998779296875,298.79998779296875,298.79998779296875,296.9991760253906,0.0
2016-01-08,283.8999938964844,283.8999938964844,283.8999938964844,283.8999938964844,282.1889953613281,1.0
2016-01-11,283.8999938964844,283.8999938964844,283.8999938964844,283.8999938964844,282.1889953613281,0.0
2016-01-12,283.8999938964844,283.8999938964844,283.8999938964844,283.8999938964844,282.1889953613281,0.0
2016-01-13,283.8999938964844,283.8999938964844,283.8999938964844,283.8999938964844,282.1889953613281,0.0
2016-01-14,283.8999938964844,283.8999938964844,283.8999938964844,283.8999938964844,282.1889953613281,0.0
2016-01-15,283.8999938964844,283.8999938964844,283.8999938964844,283.8999938964844,282.1889953613281,0.0
2016-01-18,283.8999938964844,283.8999938964844,283.8999938964844,283.8999938964844,282.1889953613281,0.0
2016-01-19,283.8999938964844,283.8999938964844,283.8999938964844,283.8999938964844,282.1889953613281,0.0
2016-01-20,298.0,298.0,298.0,298.0,296.2040100097656,1.0
2016-01-21,312.8999938964844,312.8999938964844,312.8999938964844,312.8999938964844,311.01422119140625,9.0
2016-01-22,312.8999938964844,312.8999938964844,312.8999938964844,312.8999938964844,311.01422119140625,0.0
2016-01-25,297.29998779296875,297.29998779296875,297.29998779296875,297.29998779296875,295.5082092285156,1.0
2016-01-27,282.5,312.1000061035156,282.5,312.1000061035156,310.21905517578125,3.0
2016-01-28,327.70001220703125,327.70001220703125,327.70001220703125,327.70001220703125,325.72503662109375,8.0
2016-01-29,344.0,344.0,344.0,344.0,341.9267883300781,25.0
2016-02-01,361.0,361.20001220703125,361.0,361.20001220703125,359.02313232421875,18.0
2016-02-02,379.20001220703125,379.20001220703125,356.0,356.0,353.8544616699219,13.0
2016-02-03,373.79998779296875,373.79998779296875,344.0,344.0,341.9267883300781,21.0
2016-02-04,344.0,344.0,344.0,344.0,341.9267883300781,0.0
2016-02-05,344.0,344.0,344.0,344.0,341.9267883300781,0.0
2016-02-08,344.0,344.0,344.0,344.0,341.9267883300781,0.0
2016-02-09,344.0,344.0,344.0,344.0,341.9267883300781,0.0
2016-02-10,344.0,344.0,344.0,344.0,341.9267883300781,0.0
2016-02-11,344.0,344.0,344.0,344.0,341.9267883300781,0.0
2016-02-12,345.0,361.20001220703125,327.0,361.20001220703125,359.02313232421875,53.0
2016-02-15,361.20001220703125,361.20001220703125,361.20001220703125,361.20001220703125,359.02313232421875,0.0
2016-02-16,379.0,379.0,379.0,379.0,376.7158508300781,1.0
2016-02-17,390.0,390.0,360.1000061035156,379.70001220703125,377.41162109375,3.0
2016-02-18,394.0,398.6000061035156,360.79998779296875,382.29998779296875,379.9959411621094,69.0
2016-02-19,382.29998779296875,382.29998779296875,382.29998779296875,382.29998779296875,379.9959411621094,0.0
2016-02-22,363.20001220703125,363.20001220703125,363.20001220703125,363.20001220703125,361.0110778808594,1.0
2016-02-23,363.20001220703125,363.20001220703125,363.20001220703125,363.20001220703125,361.0110778808594,0.0
2016-02-24,363.20001220703125,363.20001220703125,363.20001220703125,363.20001220703125,361.0110778808594,0.0
2016-02-25,345.1000061035156,345.1000061035156,345.1000061035156,345.1000061035156,343.0201416015625,1.0
2016-02-26,328.0,362.29998779296875,328.0,362.29998779296875,360.1164855957031,5.0
2016-02-29,344.20001220703125,344.20001220703125,344.20001220703125,344.20001220703125,342.1255798339844,3.0
2016-03-01,340.0,340.0,340.0,340.0,337.9508972167969,1.0
2016-03-02,326.0,326.0,326.0,326.0,324.0352478027344,2.0
2016-03-03,326.0,326.0,326.0,326.0,324.0352478027344,0.0
2016-03-04,326.0,326.0,326.0,326.0,324.0352478027344,0.0
2016-03-08,326.0,326.0,326.0,326.0,324.0352478027344,0.0
2016-03-09,326.0,326.0,326.0,326.0,324.0352478027344,0.0
2016-03-10,326.0,326.0,326.0,326.0,324.0352478027344,0.0
2016-03-11,326.0,326.0,326.0,326.0,324.0352478027344,0.0
2016-03-14,326.0,326.0,326.0,326.0,324.0352478027344,0.0
2016-03-15,309.70001220703125,309.70001220703125,309.70001220703125,309.70001220703125,307.83349609375,3.0
2016-03-16,309.70001220703125,309.70001220703125,309.70001220703125,309.70001220703125,307.83349609375,0.0
2016-03-17,309.70001220703125,309.70001220703125,309.70001220703125,309.70001220703125,307.83349609375,0.0
2016-03-18,309.70001220703125,309.70001220703125,309.70001220703125,309.70001220703125,307.83349609375,0.0
2016-03-21,294.29998779296875,294.29998779296875,294.29998779296875,294.29998779296875,292.52630615234375,1.0
2016-03-22,309.0,309.0,279.6000061035156,279.6000061035156,277.9149169921875,4.0
2016-03-23,293.5,293.5,293.5,293.5,291.73114013671875,3.0
2016-03-28,293.5,293.5,293.5,293.5,291.73114013671875,0.0
2016-03-29,293.5,293.5,293.5,293.5,291.73114013671875,0.0
2016-03-30,293.5,293.5,293.5,293.5,291.73114013671875,0.0
2016-03-31,293.5,293.5,293.5,293.5,291.73114013671875,0.0
2016-04-01,293.5,293.5,293.5,293.5,291.73114013671875,0.0
2016-04-04,293.5,293.5,293.5,293.5,291.73114013671875,0.0
2016-04-05,293.5,293.5,293.5,293.5,291.73114013671875,0.0
2016-04-06,280.0,280.0,280.0,280.0,278.3125,1.0
2016-04-07,280.0,280.0,280.0,280.0,278.3125,0.0
2016-04-08,280.0,280.0,280.0,280.0,278.3125,0.0
2016-04-11,280.0,280.0,280.0,280.0,278.3125,0.0
2016-04-12,280.0,280.0,280.0,280.0,278.3125,0.0
2016-04-13,280.0,280.0,280.0,280.0,278.3125,0.0
2016-04-18,280.0,280.0,280.0,280.0,278.3125,0.0
2016-04-20,280.0,280.0,280.0,280.0,278.3125,0.0
2016-04-21,280.0,280.0,280.0,280.0,278.3125,0.0
2016-04-22,280.0,280.0,280.0,280.0,278.3125,0.0
2016-04-25,280.0,280.0,280.0,280.0,278.3125,0.0
2016-04-26,280.0,280.0,280.0,280.0,278.3125,0.0
2016-04-27,280.0,280.0,280.0,280.0,278.3125,0.0
2016-04-28,280.0,280.0,280.0,280.0,278.3125,0.0
2016-04-29,280.0,280.0,280.0,280.0,278.3125,0.0
2016-05-02,280.0,280.0,280.0,280.0,278.3125,0.0
2016-05-03,280.0,280.0,280.0,280.0,278.3125,0.0
2016-05-04,280.0,280.0,280.0,280.0,278.3125,0.0
2016-05-05,280.0,280.0,280.0,280.0,278.3125,0.0
2016-05-06,280.0,280.0,280.0,280.0,278.3125,0.0
2016-05-09,280.0,280.0,280.0,280.0,278.3125,0.0
2016-05-10,280.0,280.0,280.0,280.0,278.3125,0.0
2016-05-11,280.0,280.0,280.0,280.0,278.3125,0.0
2016-05-12,280.0,280.0,280.0,280.0,278.3125,0.0
2016-05-13,280.0,280.0,280.0,280.0,278.3125,0.0
2016-05-16,280.0,280.0,280.0,280.0,278.3125,0.0
2016-05-17,280.0,280.0,280.0,280.0,278.3125,0.0
2016-05-18,280.0,280.0,280.0,280.0,278.3125,0.0
2016-05-19,280.0,280.0,280.0,280.0,278.3125,0.0
2016-05-20,280.0,280.0,280.0,280.0,278.3125,0.0
2016-05-23,280.0,280.0,280.0,280.0,278.3125,0.0
2016-05-24,280.0,280.0,280.0,280.0,278.3125,0.0
2016-05-25,280.0,280.0,280.0,280.0,278.3125,0.0
2016-05-26,280.0,280.0,280.0,280.0,278.3125,0.0
2016-05-27,280.0,280.0,280.0,280.0,278.3125,0.0
2016-05-30,280.0,280.0,280.0,280.0,278.3125,0.0
2016-05-31,280.0,280.0,280.0,280.0,278.3125,0.0
2016-06-01,280.0,280.0,280.0,280.0,278.3125,0.0
2016-06-02,280.0,280.0,280.0,280.0,278.3125,0.0
2016-06-03,280.0,280.0,280.0,280.0,278.3125,0.0
2016-06-06,280.0,280.0,280.0,280.0,278.3125,0.0
2016-06-07,280.0,280.0,280.0,280.0,278.3125,0.0
2016-06-08,280.0,280.0,280.0,280.0,278.3125,0.0
2016-06-09,280.0,280.0,280.0,280.0,278.3125,0.0
2016-06-10,280.0,280.0,280.0,280.0,278.3125,0.0
2016-06-13,280.0,280.0,280.0,280.0,278.3125,0.0
2016-06-14,280.0,280.0,280.0,280.0,278.3125,0.0
2016-06-15,280.0,280.0,280.0,280.0,278.3125,0.0
2016-06-16,280.0,280.0,280.0,280.0,278.3125,0.0
2016-06-17,280.0,280.0,280.0,280.0,278.3125,0.0
2016-06-20,280.0,280.0,280.0,280.0,278.3125,0.0
2016-06-21,294.0,294.0,294.0,294.0,292.2281188964844,1.0
2016-06-22,294.0,294.0,294.0,294.0,292.2281188964844,0.0
2016-06-23,294.0,294.0,294.0,294.0,292.2281188964844,0.0
2016-06-24,294.0,294.0,294.0,294.0,292.2281188964844,0.0
2016-06-27,294.0,294.0,294.0,294.0,292.2281188964844,0.0
2016-06-28,294.0,294.0,294.0,294.0,292.2281188964844,0.0
2016-06-29,294.0,294.0,294.0,294.0,292.2281188964844,0.0
2016-06-30,294.0,294.0,294.0,294.0,292.2281188964844,0.0
2016-07-01,294.0,294.0,294.0,294.0,292.2281188964844,0.0
2016-07-04,294.0,294.0,294.0,294.0,292.2281188964844,0.0
2016-07-05,294.0,294.0,294.0,294.0,292.2281188964844,0.0
2016-07-07,294.0,294.0,294.0,294.0,292.2281188964844,0.0
2016-07-08,308.70001220703125,308.70001220703125,308.70001220703125,308.70001220703125,306.83953857421875,5.0
2016-07-11,308.70001220703125,308.70001220703125,308.70001220703125,308.70001220703125,306.83953857421875,0.0
2016-07-12,308.70001220703125,308.70001220703125,308.70001220703125,308.70001220703125,306.83953857421875,0.0
2016-07-13,308.70001220703125,308.70001220703125,308.70001220703125,308.70001220703125,306.83953857421875,0.0
2016-07-14,308.70001220703125,308.70001220703125,308.70001220703125,308.70001220703125,306.83953857421875,0.0
2016-07-15,308.70001220703125,308.70001220703125,308.70001220703125,308.70001220703125,306.83953857421875,0.0
2016-07-18,308.70001220703125,308.70001220703125,308.70001220703125,308.70001220703125,306.83953857421875,0.0
2016-07-19,308.70001220703125,308.70001220703125,308.70001220703125,308.70001220703125,306.83953857421875,0.0
2016-07-20,308.70001220703125,308.70001220703125,308.70001220703125,308.70001220703125,306.83953857421875,0.0
2016-07-21,308.70001220703125,308.70001220703125,308.70001220703125,308.70001220703125,306.83953857421875,0.0
2016-07-22,308.70001220703125,308.70001220703125,308.70001220703125,308.70001220703125,306.83953857421875,0.0
2016-07-25,308.70001220703125,308.70001220703125,308.70001220703125,308.70001220703125,306.83953857421875,0.0
2016-07-26,308.70001220703125,308.70001220703125,308.70001220703125,308.70001220703125,306.83953857421875,0.0
2016-07-27,308.70001220703125,308.70001220703125,308.70001220703125,308.70001220703125,306.83953857421875,0.0
2016-07-28,308.70001220703125,308.70001220703125,308.70001220703125,308.70001220703125,306.83953857421875,0.0
2016-07-29,308.70001220703125,308.70001220703125,308.70001220703125,308.70001220703125,306.83953857421875,0.0
2016-08-01,308.70001220703125,308.70001220703125,308.70001220703125,308.70001220703125,306.83953857421875,0.0
2016-08-02,308.70001220703125,308.70001220703125,308.70001220703125,308.70001220703125,306.83953857421875,0.0
2016-08-03,308.70001220703125,308.70001220703125,308.70001220703125,308.70001220703125,306.83953857421875,0.0
2016-08-04,308.70001220703125,308.70001220703125,308.70001220703125,308.70001220703125,306.83953857421875,0.0
2016-08-05,308.70001220703125,308.70001220703125,308.70001220703125,308.70001220703125,306.83953857421875,0.0
2016-08-08,308.70001220703125,308.70001220703125,308.70001220703125,308.70001220703125,306.83953857421875,0.0
2016-08-09,308.70001220703125,308.70001220703125,308.70001220703125,308.70001220703125,306.83953857421875,0.0
2016-08-10,308.70001220703125,308.70001220703125,308.70001220703125,308.70001220703125,306.83953857421875,0.0
2016-08-11,324.1000061035156,324.1000061035156,324.1000061035156,324.1000061035156,322.146728515625,10.0
2016-08-12,324.1000061035156,324.1000061035156,324.1000061035156,324.1000061035156,322.146728515625,0.0
2016-08-16,324.1000061035156,324.1000061035156,324.1000061035156,324.1000061035156,322.146728515625,0.0
2016-08-17,324.1000061035156,324.1000061035156,324.1000061035156,324.1000061035156,322.146728515625,0.0
2016-08-18,324.1000061035156,324.1000061035156,324.1000061035156,324.1000061035156,322.146728515625,0.0
2016-08-19,324.1000061035156,324.1000061035156,324.1000061035156,324.1000061035156,322.146728515625,0.0
2016-08-22,324.1000061035156,324.1000061035156,324.1000061035156,324.1000061035156,322.146728515625,0.0
2016-08-23,324.1000061035156,324.1000061035156,324.1000061035156,324.1000061035156,322.146728515625,0.0
2016-08-24,310.0,330.0,307.8999938964844,309.0,307.1377258300781,75.0
2016-08-25,309.0,309.0,309.0,309.0,307.1377258300781,0.0
2016-08-26,309.0,309.0,309.0,309.0,307.1377258300781,0.0
2016-08-29,309.0,309.0,309.0,309.0,307.1377258300781,0.0
2016-08-30,309.0,309.0,309.0,309.0,307.1377258300781,0.0
2016-08-31,301.0,301.0,301.0,301.0,299.1859436035156,50.0
2016-09-01,301.0,301.0,301.0,301.0,299.1859436035156,0.0
2016-09-02,301.0,301.0,301.0,301.0,299.1859436035156,0.0
2016-09-06,301.0,301.0,301.0,301.0,299.1859436035156,0.0
2016-09-07,301.0,301.0,301.0,301.0,299.1859436035156,0.0
2016-09-08,316.04998779296875,316.04998779296875,316.04998779296875,316.04998779296875,314.14520263671875,38.0
2016-09-09,316.04998779296875,316.04998779296875,316.04998779296875,316.04998779296875,314.14520263671875,0.0
2016-09-12,316.04998779296875,316.04998779296875,316.04998779296875,316.04998779296875,314.14520263671875,0.0
2016-09-14,316.04998779296875,316.04998779296875,316.04998779296875,316.04998779296875,314.14520263671875,0.0
2016-09-15,316.04998779296875,316.04998779296875,316.04998779296875,316.04998779296875,314.14520263671875,0.0
2016-09-16,331.8500061035156,331.8500061035156,331.8500061035156,331.8500061035156,329.8500061035156,20.0
2016-09-19,331.8500061035156,331.8500061035156,331.8500061035156,331.8500061035156,329.8500061035156,0.0
2016-09-20,331.8500061035156,331.8500061035156,331.8500061035156,331.8500061035156,329.8500061035156,0.0
2016-09-21,331.8500061035156,331.8500061035156,331.8500061035156,331.8500061035156,329.8500061035156,0.0
2016-09-22,331.8500061035156,331.8500061035156,331.8500061035156,331.8500061035156,331.8500061035156,0.0
2016-09-23,331.8500061035156,331.8500061035156,331.8500061035156,331.8500061035156,331.8500061035156,0.0
2016-09-26,331.8500061035156,331.8500061035156,331.8500061035156,331.8500061035156,331.8500061035156,0.0
2016-09-27,331.8500061035156,331.8500061035156,331.8500061035156,331.8500061035156,331.8500061035156,0.0
2016-09-28,331.8500061035156,331.8500061035156,331.8500061035156,331.8500061035156,331.8500061035156,0.0
2016-09-29,331.8500061035156,331.8500061035156,331.8500061035156,331.8500061035156,331.8500061035156,0.0
2016-09-30,331.8500061035156,331.8500061035156,331.8500061035156,331.8500061035156,331.8500061035156,0.0
2016-10-03,348.3999938964844,348.3999938964844,348.3999938964844,348.3999938964844,348.3999938964844,10.0
2016-10-04,331.04998779296875,331.04998779296875,331.04998779296875,331.04998779296875,331.04998779296875,1.0
2016-10-05,331.04998779296875,331.04998779296875,331.04998779296875,331.04998779296875,331.04998779296875,0.0
2016-10-06,331.04998779296875,331.04998779296875,331.04998779296875,331.04998779296875,331.04998779296875,0.0
2016-10-07,331.04998779296875,331.04998779296875,331.04998779296875,331.04998779296875,331.04998779296875,0.0
2016-10-10,331.04998779296875,331.04998779296875,331.04998779296875,331.04998779296875,331.04998779296875,0.0
2016-10-13,331.04998779296875,331.04998779296875,331.04998779296875,331.04998779296875,331.04998779296875,0.0
2016-10-14,347.6000061035156,347.6000061035156,347.6000061035156,347.6000061035156,347.6000061035156,5.0
2016-10-17,364.95001220703125,364.95001220703125,364.95001220703125,364.95001220703125,364.95001220703125,1.0
2016-10-18,347.0,383.1499938964844,347.0,383.1499938964844,383.1499938964844,2.0
2016-10-19,402.29998779296875,402.29998779296875,402.29998779296875,402.29998779296875,402.29998779296875,10.0
2016-10-20,382.5,417.1000061035156,382.5,417.1000061035156,417.1000061035156,2.0
2016-10-21,417.1000061035156,417.1000061035156,417.1000061035156,417.1000061035156,417.1000061035156,0.0
2016-10-24,417.1000061035156,417.1000061035156,417.1000061035156,417.1000061035156,417.1000061035156,0.0
2016-10-25,417.1000061035156,417.1000061035156,417.1000061035156,417.1000061035156,417.1000061035156,0.0
2016-10-26,417.1000061035156,417.1000061035156,417.1000061035156,417.1000061035156,417.1000061035156,0.0
2016-10-27,417.1000061035156,417.1000061035156,417.1000061035156,417.1000061035156,417.1000061035156,0.0
2016-10-28,417.1000061035156,417.1000061035156,417.1000061035156,417.1000061035156,417.1000061035156,0.0
2016-11-01,417.1000061035156,417.1000061035156,417.1000061035156,417.1000061035156,417.1000061035156,0.0
2016-11-02,417.1000061035156,417.1000061035156,417.1000061035156,417.1000061035156,417.1000061035156,0.0
2016-11-03,417.1000061035156,417.1000061035156,417.1000061035156,417.1000061035156,417.1000061035156,0.0
2016-11-04,420.0,420.0,420.0,420.0,420.0,1.0
2016-11-07,420.0,420.0,420.0,420.0,420.0,0.0
2016-11-08,420.0,420.0,420.0,420.0,420.0,0.0
2016-11-09,420.0,420.0,420.0,420.0,420.0,0.0
2016-11-10,420.0,420.0,420.0,420.0,420.0,0.0
2016-11-11,420.0,420.0,420.0,420.0,420.0,0.0
2016-11-15,420.0,420.0,420.0,420.0,420.0,0.0
2016-11-16,420.0,420.0,420.0,420.0,420.0,0.0
2016-11-17,420.0,420.0,420.0,420.0,420.0,0.0
2016-11-18,420.0,420.0,420.0,420.0,420.0,0.0
2016-11-21,420.0,420.0,420.0,420.0,420.0,0.0
2016-11-22,420.0,420.0,420.0,420.0,420.0,0.0
2016-11-23,440.5,440.5,440.5,440.5,440.5,1.0
2016-11-24,462.5,462.5,462.5,462.5,462.5,34.0
2016-11-25,485.6000061035156,485.6000061035156,485.6000061035156,485.6000061035156,485.6000061035156,88.0
2016-11-28,509.8500061035156,509.8500061035156,509.8500061035156,509.8500061035156,509.8500061035156,1.0
2016-11-29,520.0,520.0,520.0,520.0,520.0,2.0
2016-11-30,520.0,520.0,520.0,520.0,520.0,0.0
2016-12-01,546.0,546.0,494.1000061035156,546.0,546.0,23.0
2016-12-02,573.2999877929688,573.2999877929688,573.2999877929688,573.2999877929688,573.2999877929688,20.0
2016-12-05,601.9500122070312,601.9500122070312,601.9500122070312,601.9500122070312,601.9500122070312,100.0
2016-12-06,613.9000244140625,613.9000244140625,613.9000244140625,613.9000244140625,613.9000244140625,30.0
2016-12-07,613.9000244140625,613.9000244140625,613.9000244140625,613.9000244140625,613.9000244140625,10.0
2016-12-08,613.9000244140625,613.9000244140625,613.9000244140625,613.9000244140625,613.9000244140625,0.0
2016-12-09,613.9000244140625,613.9000244140625,613.9000244140625,613.9000244140625,613.9000244140625,100.0
2016-12-12,613.9000244140625,613.9000244140625,613.9000244140625,613.9000244140625,613.9000244140625,50.0
2016-12-13,613.9000244140625,613.9000244140625,613.9000244140625,613.9000244140625,613.9000244140625,29.0
2016-12-14,584.0,584.0,584.0,584.0,584.0,25.0
2016-12-15,613.2000122070312,613.2000122070312,613.2000122070312,613.2000122070312,613.2000122070312,5.0
2016-12-16,613.2000122070312,613.2000122070312,613.2000122070312,613.2000122070312,613.2000122070312,0.0
2016-12-19,613.2000122070312,613.2000122070312,613.2000122070312,613.2000122070312,613.2000122070312,0.0
2016-12-20,613.2000122070312,613.2000122070312,613.2000122070312,613.2000122070312,613.2000122070312,0.0
2016-12-21,608.0,608.0,608.0,608.0,608.0,10.0
2016-12-22,578.0,578.0,578.0,578.0,578.0,3.0
2016-12-23,578.0,578.0,578.0,578.0,578.0,0.0
2016-12-26,578.0,578.0,578.0,578.0,578.0,0.0
2016-12-27,590.0,590.0,590.0,590.0,590.0,2.0
2016-12-28,590.0,590.0,590.0,590.0,590.0,0.0
2016-12-29,590.0,590.0,590.0,590.0,590.0,0.0
2016-12-30,613.9000244140625,613.9000244140625,613.9000244140625,613.9000244140625,613.9000244140625,1.0
2017-01-02,644.5499877929688,644.5499877929688,644.5499877929688,644.5499877929688,644.5499877929688,1.0
2017-01-03,676.75,676.75,676.0,676.1500244140625,676.1500244140625,6.0
2017-01-04,709.9500122070312,709.9500122070312,709.9500122070312,709.9500122070312,709.9500122070312,25.0
2017-01-05,734.0,736.6500244140625,709.0,709.0,709.0,70.0
2017-01-06,731.0,736.0,731.0,736.0,736.0,5.0
2017-01-09,750.0,772.7999877929688,702.0,772.7999877929688,772.7999877929688,81.0
2017-01-10,734.2000122070312,734.2000122070312,734.2000122070312,734.2000122070312,734.2000122070312,23.0
2017-01-11,730.0,730.0,700.0,700.0,700.0,26.0
2017-01-12,729.9000244140625,729.9000244140625,666.0,670.0,670.0,24.0
2017-01-13,670.0,670.0,670.0,670.0,670.0,0.0
2017-01-16,703.5,703.5,703.5,703.5,703.5,1.0
2017-01-17,703.5,703.5,703.5,703.5,703.5,0.0
2017-01-18,733.0,733.0,733.0,733.0,733.0,1.0
2017-01-19,733.0,733.0,733.0,733.0,733.0,0.0
2017-01-20,700.0,729.9000244140625,696.3499755859375,696.3499755859375,696.3499755859375,94.0
2017-01-23,719.9500122070312,719.9500122070312,719.9500122070312,719.9500122070312,719.9500122070312,3.0
2017-01-24,719.7999877929688,719.7999877929688,719.7999877929688,719.7999877929688,719.7999877929688,1.0
2017-01-25,754.0,754.0,754.0,754.0,754.0,1.0
2017-01-27,716.2999877929688,749.9000244140625,716.2999877929688,733.0999755859375,733.0999755859375,2.0
2017-01-30,733.0999755859375,733.0999755859375,733.0999755859375,733.0999755859375,733.0999755859375,0.0
2017-01-31,733.0999755859375,733.0999755859375,733.0999755859375,733.0999755859375,733.0999755859375,0.0
2017-02-01,768.0,768.0,768.0,768.0,768.0,1.0
2017-02-02,768.0,768.0,768.0,768.0,768.0,0.0
2017-02-03,768.0,768.0,768.0,768.0,768.0,0.0
2017-02-06,768.0,768.0,768.0,768.0,768.0,0.0
2017-02-07,768.0,768.0,768.0,768.0,768.0,0.0
2017-02-08,768.0,768.0,768.0,768.0,768.0,0.0
2017-02-09,806.4000244140625,806.4000244140625,729.5999755859375,749.7999877929688,749.7999877929688,3.0
2017-02-10,712.3499755859375,785.0,712.3499755859375,748.7000122070312,748.7000122070312,2.0
2017-02-13,748.7000122070312,748.7000122070312,748.7000122070312,748.7000122070312,748.7000122070312,0.0
2017-02-14,786.0,786.0,711.2999877929688,785.0,785.0,8.0
2017-02-15,785.0,785.0,785.0,785.0,785.0,0.0
2017-02-16,785.0,785.0,785.0,785.0,785.0,0.0
2017-02-17,745.75,745.75,745.75,745.75,745.75,7.0
2017-02-20,745.75,745.75,745.75,745.75,745.75,1.0
2017-02-21,745.75,745.75,745.75,745.75,745.75,0.0
2017-02-22,708.5,708.5,708.5,708.5,708.5,1.0
2017-02-23,673.0999755859375,742.9000244140625,673.0999755859375,742.9000244140625,742.9000244140625,2.0
2017-02-27,742.9000244140625,742.9000244140625,742.9000244140625,742.9000244140625,742.9000244140625,0.0
2017-02-28,742.9000244140625,742.9000244140625,742.9000244140625,742.9000244140625,742.9000244140625,0.0
2017-03-01,742.9000244140625,742.9000244140625,742.9000244140625,742.9000244140625,742.9000244140625,0.0
2017-03-02,742.9000244140625,742.9000244140625,742.9000244140625,742.9000244140625,742.9000244140625,0.0
2017-03-03,705.7999877929688,705.7999877929688,705.7999877929688,705.7999877929688,705.7999877929688,10.0
2017-03-06,705.7999877929688,705.7999877929688,705.7999877929688,705.7999877929688,705.7999877929688,0.0
2017-03-07,670.5499877929688,670.5499877929688,670.5499877929688,670.5499877929688,670.5499877929688,2.0
2017-03-08,670.5499877929688,670.5499877929688,670.5499877929688,670.5499877929688,670.5499877929688,0.0
2017-03-09,670.5499877929688,670.5499877929688,670.5499877929688,670.5499877929688,670.5499877929688,0.0
2017-03-10,637.0499877929688,637.0499877929688,637.0499877929688,637.0499877929688,637.0499877929688,11.0
2017-03-14,605.2000122070312,605.2000122070312,605.2000122070312,605.2000122070312,605.2000122070312,20.0
2017-03-15,574.9500122070312,635.4500122070312,574.9500122070312,605.2000122070312,605.2000122070312,56.0
2017-03-16,574.9500122070312,574.9500122070312,574.9500122070312,574.9500122070312,574.9500122070312,1.0
2017-03-17,574.9500122070312,574.9500122070312,574.9500122070312,574.9500122070312,574.9500122070312,0.0
2017-03-20,546.5,546.5,546.5,546.5,546.5,63.0
2017-03-21,573.7999877929688,573.7999877929688,573.7999877929688,573.7999877929688,573.7999877929688,1.0
2017-03-22,602.4500122070312,602.4500122070312,602.4500122070312,602.4500122070312,602.4500122070312,45.0
2017-03-23,572.3499755859375,632.5,572.3499755859375,602.4500122070312,602.4500122070312,2.0
2017-03-24,602.4500122070312,602.4500122070312,602.4500122070312,602.4500122070312,602.4500122070312,0.0
2017-03-27,632.5499877929688,632.5499877929688,573.0,573.0,573.0,2.0
2017-03-28,573.0,573.0,573.0,573.0,573.0,0.0
2017-03-29,601.6500244140625,601.6500244140625,601.6500244140625,601.6500244140625,601.6500244140625,2.0
2017-03-30,580.0,580.0,580.0,580.0,580.0,1.0
2017-03-31,580.0,580.0,580.0,580.0,580.0,0.0
2017-04-03,609.0,609.0,609.0,609.0,609.0,10.0
2017-04-05,579.0,579.0,579.0,579.0,579.0,1.0
2017-04-06,607.9500122070312,607.9500122070312,607.9500122070312,607.9500122070312,607.9500122070312,30.0
2017-04-07,607.9500122070312,607.9500122070312,607.9500122070312,607.9500122070312,607.9500122070312,0.0
2017-04-10,638.0,638.0,638.0,638.0,638.0,1.0
2017-04-11,638.0,638.0,638.0,638.0,638.0,0.0
2017-04-12,638.0,638.0,638.0,638.0,638.0,0.0
2017-04-13,638.0,638.0,638.0,638.0,638.0,0.0
2017-04-17,669.9000244140625,669.9000244140625,669.9000244140625,669.9000244140625,669.9000244140625,100.0
2017-04-18,700.0,700.0,700.0,700.0,700.0,26.0
2017-04-19,710.0,710.0,710.0,710.0,710.0,10.0
2017-04-20,745.0,745.0,700.0,700.0,700.0,7.0
2017-04-21,735.0,735.0,735.0,735.0,735.0,10.0
2017-04-24,735.0,735.0,735.0,735.0,735.0,0.0
2017-04-25,701.0,701.0,701.0,701.0,701.0,10.0
2017-04-26,701.0,701.0,701.0,701.0,701.0,0.0
2017-04-27,699.0,699.0,665.9500122070312,665.9500122070312,665.9500122070312,21.0
2017-04-28,632.7000122070312,632.7000122070312,632.7000122070312,632.7000122070312,632.7000122070312,10.0
2017-05-02,632.7000122070312,632.7000122070312,632.7000122070312,632.7000122070312,632.7000122070312,0.0
2017-05-03,632.7000122070312,632.7000122070312,632.7000122070312,632.7000122070312,632.7000122070312,0.0
2017-05-04,660.0,660.0,660.0,660.0,660.0,11.0
2017-05-05,660.0,660.0,660.0,660.0,660.0,0.0
2017-05-08,660.0,660.0,660.0,660.0,660.0,0.0
2017-05-09,660.0,660.0,660.0,660.0,660.0,3.0
2017-05-10,693.0,693.0,627.0,627.0,627.0,6.0
2017-05-11,595.6500244140625,595.6500244140625,595.6500244140625,595.6500244140625,595.6500244140625,1.0
2017-05-12,595.6500244140625,595.6500244140625,595.6500244140625,595.6500244140625,595.6500244140625,0.0
2017-05-15,595.6500244140625,595.6500244140625,595.6500244140625,595.6500244140625,595.6500244140625,0.0
2017-05-16,595.6500244140625,595.6500244140625,595.6500244140625,595.6500244140625,595.6500244140625,0.0
2017-05-17,595.6500244140625,595.6500244140625,595.6500244140625,595.6500244140625,595.6500244140625,0.0
2017-05-18,595.6500244140625,595.6500244140625,595.6500244140625,595.6500244140625,595.6500244140625,0.0
2017-05-19,595.6500244140625,595.6500244140625,595.6500244140625,595.6500244140625,595.6500244140625,0.0
2017-05-22,595.6500244140625,595.6500244140625,595.6500244140625,595.6500244140625,595.6500244140625,0.0
2017-05-23,595.6500244140625,595.6500244140625,595.6500244140625,595.6500244140625,595.6500244140625,0.0
2017-05-24,595.6500244140625,595.6500244140625,595.6500244140625,595.6500244140625,595.6500244140625,0.0
2017-05-25,595.6500244140625,595.6500244140625,595.6500244140625,595.6500244140625,595.6500244140625,0.0
2017-05-26,595.6500244140625,595.6500244140625,595.6500244140625,595.6500244140625,595.6500244140625,0.0
2017-05-29,595.6500244140625,595.6500244140625,595.6500244140625,595.6500244140625,595.6500244140625,0.0
2017-05-30,595.6500244140625,595.6500244140625,595.6500244140625,595.6500244140625,595.6500244140625,0.0
2017-05-31,625.4000244140625,625.4000244140625,620.0,620.0,620.0,3.0
2017-06-01,620.0,620.0,620.0,620.0,620.0,0.0
2017-06-02,620.0,620.0,620.0,620.0,620.0,0.0
2017-06-05,620.0,620.0,620.0,620.0,620.0,0.0
2017-06-06,620.0,620.0,620.0,620.0,620.0,0.0
2017-06-07,620.0,620.0,620.0,620.0,620.0,23.0
2017-06-08,620.0,620.0,620.0,620.0,620.0,0.0
2017-06-09,620.0,620.0,620.0,620.0,620.0,0.0
2017-06-12,589.0,651.0,589.0,651.0,651.0,12.0
2017-06-13,682.0,682.0,682.0,682.0,682.0,1.0
2017-06-14,647.9000244140625,716.0,647.9000244140625,716.0,716.0,4.0
2017-06-15,750.9500122070312,750.9500122070312,750.9500122070312,750.9500122070312,750.9500122070312,3.0
2017-06-16,750.9500122070312,750.9500122070312,750.9500122070312,750.9500122070312,750.9500122070312,1.0
2017-06-19,750.9500122070312,750.9500122070312,750.9500122070312,750.9500122070312,750.9500122070312,0.0
2017-06-20,750.9500122070312,750.9500122070312,750.9500122070312,750.9500122070312,750.9500122070312,0.0
2017-06-21,750.9500122070312,750.9500122070312,750.9500122070312,750.9500122070312,750.9500122070312,0.0
2017-06-22,750.9500122070312,750.9500122070312,750.9500122070312,750.9500122070312,750.9500122070312,0.0
2017-06-23,750.9500122070312,750.9500122070312,750.9500122070312,750.9500122070312,750.9500122070312,0.0
2017-06-27,750.9500122070312,750.9500122070312,750.9500122070312,750.9500122070312,750.9500122070312,0.0
2017-06-28,750.9500122070312,750.9500122070312,750.9500122070312,750.9500122070312,750.9500122070312,0.0
2017-06-29,714.0,714.0,714.0,714.0,714.0,4.0
2017-06-30,714.0,714.0,714.0,714.0,714.0,0.0
2017-07-03,714.0,714.0,714.0,714.0,714.0,0.0
2017-07-04,711.0,711.0,711.0,711.0,711.0,1.0
2017-07-05,700.0,711.0,678.2999877929688,711.0,711.0,16.0
2017-07-06,746.0,746.0,746.0,746.0,746.0,1.0
2017-07-07,783.0,783.0,783.0,783.0,783.0,1.0
2017-07-10,783.0,783.0,783.0,783.0,783.0,0.0
2017-07-11,800.0,800.0,800.0,800.0,800.0,1.0
2017-07-12,765.0,765.0,765.0,765.0,765.0,13.0
2017-07-13,726.75,726.75,726.75,726.75,726.75,8.0
2017-07-14,726.75,726.75,726.75,726.75,726.75,0.0
2017-07-17,726.75,726.75,726.75,726.75,726.75,0.0
2017-07-18,690.4500122070312,690.4500122070312,690.4500122070312,690.4500122070312,690.4500122070312,21.0
2017-07-19,724.9000244140625,724.9000244140625,655.9500122070312,655.9500122070312,655.9500122070312,6.0
2017-07-20,685.0,685.0,623.2000122070312,623.2000122070312,623.2000122070312,3.0
2017-07-21,654.3499755859375,654.3499755859375,612.0,612.0,612.0,4.0
2017-07-24,612.0,612.0,612.0,612.0,612.0,0.0
2017-07-25,612.0,612.0,612.0,612.0,612.0,0.0
2017-07-26,612.0,612.0,612.0,612.0,612.0,0.0
2017-07-27,612.0,612.0,612.0,612.0,612.0,0.0
2017-07-28,612.0,612.0,612.0,612.0,612.0,0.0
2017-07-31,612.0,612.0,612.0,612.0,612.0,0.0
2017-08-01,612.0,612.0,612.0,612.0,612.0,0.0
2017-08-02,640.0,640.0,640.0,640.0,640.0,10.0
2017-08-03,640.0,640.0,612.0499877929688,612.0499877929688,612.0499877929688,16.0
2017-08-04,612.0499877929688,612.0499877929688,612.0499877929688,612.0499877929688,612.0499877929688,0.0
2017-08-07,612.0499877929688,612.0499877929688,612.0499877929688,612.0499877929688,612.0499877929688,0.0
2017-08-08,612.0499877929688,612.0499877929688,612.0499877929688,612.0499877929688,612.0499877929688,0.0
2017-08-09,612.0499877929688,612.0499877929688,612.0499877929688,612.0499877929688,612.0499877929688,0.0
2017-08-10,612.0499877929688,612.0499877929688,612.0499877929688,612.0499877929688,612.0499877929688,0.0
2017-08-11,612.0499877929688,612.0499877929688,612.0499877929688,612.0499877929688,612.0499877929688,2.0
2017-08-14,612.0499877929688,612.0499877929688,612.0499877929688,612.0499877929688,612.0499877929688,0.0
2017-08-16,590.0,610.0,590.0,610.0,610.0,25.0
2017-08-17,610.0,610.0,610.0,610.0,610.0,0.0
2017-08-18,610.0,610.0,610.0,610.0,610.0,0.0
2017-08-21,619.0,619.0,585.0,585.0,585.0,11.0
2017-08-22,585.0,585.0,585.0,585.0,585.0,0.0
2017-08-23,560.0,560.0,560.0,560.0,560.0,1.0
2017-08-24,560.0,560.0,560.0,560.0,560.0,0.0
2017-08-28,560.0,560.0,560.0,560.0,560.0,0.0
2017-08-29,560.0,560.0,560.0,560.0,560.0,0.0
2017-08-30,540.0,540.0,540.0,540.0,540.0,19.0
2017-08-31,540.0,540.0,540.0,540.0,540.0,0.0
2017-09-01,540.0,540.0,540.0,540.0,540.0,0.0
2017-09-04,540.0,540.0,540.0,540.0,540.0,0.0
2017-09-05,513.0,513.0,513.0,513.0,513.0,50.0
2017-09-06,513.0,513.0,513.0,513.0,513.0,0.0
2017-09-07,513.0,513.0,513.0,513.0,513.0,0.0
2017-09-08,513.0,513.0,513.0,513.0,513.0,0.0
2017-09-11,513.0,513.0,513.0,513.0,513.0,0.0
2017-09-12,513.0,513.0,513.0,513.0,513.0,0.0
2017-09-13,513.0,513.0,513.0,513.0,513.0,0.0
2017-09-14,513.0,513.0,513.0,513.0,513.0,0.0
2017-09-15,513.0,513.0,513.0,513.0,513.0,0.0
2017-09-18,513.0,513.0,513.0,513.0,513.0,0.0
2017-09-19,513.0,513.0,513.0,513.0,513.0,0.0
2017-09-20,513.0,513.0,513.0,513.0,513.0,0.0
2017-09-21,513.0,513.0,513.0,513.0,513.0,0.0
2017-09-22,513.0,513.0,513.0,513.0,513.0,0.0
2017-09-25,513.0,513.0,513.0,513.0,513.0,5.0
2017-09-26,513.0,513.0,513.0,513.0,513.0,0.0
2017-09-27,513.0,513.0,513.0,513.0,513.0,0.0
2017-09-28,513.0,513.0,513.0,513.0,513.0,0.0
2017-09-29,513.0,513.0,513.0,513.0,513.0,0.0
2017-10-03,513.0,513.0,513.0,513.0,513.0,0.0
2017-10-04,513.0,513.0,513.0,513.0,513.0,0.0
2017-10-05,513.0,513.0,513.0,513.0,513.0,0.0
2017-10-06,513.0,513.0,513.0,513.0,513.0,0.0
2017-10-09,513.0,513.0,513.0,513.0,513.0,0.0
2017-10-10,513.0,513.0,513.0,513.0,513.0,0.0
2017-10-11,513.0,513.0,513.0,513.0,513.0,0.0
2017-10-12,513.0,513.0,513.0,513.0,513.0,0.0
2017-10-13,513.0,513.0,513.0,513.0,513.0,0.0
2017-10-16,513.0,513.0,513.0,513.0,513.0,0.0
2017-10-17,513.0,513.0,513.0,513.0,513.0,0.0
2017-10-18,513.0,513.0,513.0,513.0,513.0,0.0
2017-10-19,513.0,513.0,513.0,513.0,513.0,0.0
2017-10-23,513.0,513.0,513.0,513.0,513.0,0.0
2017-10-24,513.0,513.0,513.0,513.0,513.0,0.0
2017-10-25,513.0,513.0,513.0,513.0,513.0,0.0
2017-10-26,513.0,513.0,513.0,513.0,513.0,0.0
2017-10-27,513.0,513.0,513.0,513.0,513.0,0.0
2017-10-30,510.0,522.0,510.0,510.0,510.0,22.0
2017-10-31,515.0,515.0,515.0,515.0,515.0,35.0
2017-11-01,516.0,516.0,516.0,516.0,516.0,12.0
2017-11-02,516.0,516.0,516.0,516.0,516.0,0.0
2017-11-03,516.0,516.0,516.0,516.0,516.0,0.0
2017-11-06,490.20001220703125,490.5,490.20001220703125,490.20001220703125,490.20001220703125,13.0
2017-11-07,465.70001220703125,465.70001220703125,465.70001220703125,465.70001220703125,465.70001220703125,29.0
2017-11-08,488.95001220703125,488.95001220703125,488.95001220703125,488.95001220703125,488.95001220703125,5.0
2017-11-09,488.95001220703125,488.95001220703125,488.95001220703125,488.95001220703125,488.95001220703125,0.0
2017-11-10,488.95001220703125,488.95001220703125,488.95001220703125,488.95001220703125,488.95001220703125,0.0
2017-11-13,464.54998779296875,464.54998779296875,464.54998779296875,464.54998779296875,464.54998779296875,1.0
2017-11-14,464.54998779296875,464.54998779296875,464.54998779296875,464.54998779296875,464.54998779296875,0.0
2017-11-15,464.54998779296875,464.54998779296875,464.54998779296875,464.54998779296875,464.54998779296875,0.0
2017-11-16,464.54998779296875,464.54998779296875,464.54998779296875,464.54998779296875,464.54998779296875,0.0
2017-11-17,464.54998779296875,464.54998779296875,464.54998779296875,464.54998779296875,464.54998779296875,0.0
2017-11-20,464.54998779296875,464.54998779296875,464.54998779296875,464.54998779296875,464.54998779296875,0.0
2017-11-21,464.54998779296875,464.54998779296875,464.54998779296875,464.54998779296875,464.54998779296875,0.0
2017-11-22,464.54998779296875,464.54998779296875,464.54998779296875,464.54998779296875,464.54998779296875,0.0
2017-11-23,464.54998779296875,464.54998779296875,464.54998779296875,464.54998779296875,464.54998779296875,0.0
2017-11-24,464.54998779296875,464.54998779296875,464.54998779296875,464.54998779296875,464.54998779296875,0.0
2017-11-27,464.54998779296875,464.54998779296875,464.54998779296875,464.54998779296875,464.54998779296875,0.0
2017-11-28,464.54998779296875,464.54998779296875,464.54998779296875,464.54998779296875,464.54998779296875,0.0
2017-11-29,464.54998779296875,464.54998779296875,464.54998779296875,464.54998779296875,464.54998779296875,0.0
2017-11-30,464.54998779296875,464.54998779296875,464.54998779296875,464.54998779296875,464.54998779296875,0.0
2017-12-01,464.54998779296875,464.54998779296875,464.54998779296875,464.54998779296875,464.54998779296875,0.0
2017-12-04,464.54998779296875,464.54998779296875,464.54998779296875,464.54998779296875,464.54998779296875,0.0
2017-12-05,464.54998779296875,464.54998779296875,464.54998779296875,464.54998779296875,464.54998779296875,0.0
2017-12-06,464.54998779296875,464.54998779296875,464.54998779296875,464.54998779296875,464.54998779296875,0.0
2017-12-07,464.54998779296875,464.54998779296875,464.54998779296875,464.54998779296875,464.54998779296875,0.0
2017-12-08,464.54998779296875,464.54998779296875,464.54998779296875,464.54998779296875,464.54998779296875,0.0
2017-12-11,464.54998779296875,464.54998779296875,464.54998779296875,464.54998779296875,464.54998779296875,0.0
2017-12-12,464.54998779296875,464.54998779296875,464.54998779296875,464.54998779296875,464.54998779296875,0.0
2017-12-13,464.54998779296875,464.54998779296875,464.54998779296875,464.54998779296875,464.54998779296875,0.0
2017-12-14,464.54998779296875,464.54998779296875,464.54998779296875,464.54998779296875,464.54998779296875,0.0
2017-12-15,464.54998779296875,464.54998779296875,464.54998779296875,464.54998779296875,464.54998779296875,0.0
2017-12-18,464.54998779296875,464.54998779296875,464.54998779296875,464.54998779296875,464.54998779296875,0.0
2017-12-19,464.54998779296875,464.54998779296875,464.54998779296875,464.54998779296875,464.54998779296875,0.0
2017-12-20,464.54998779296875,464.54998779296875,464.54998779296875,464.54998779296875,464.54998779296875,0.0
2017-12-21,464.54998779296875,464.54998779296875,464.54998779296875,464.54998779296875,464.54998779296875,0.0
2017-12-22,464.54998779296875,464.54998779296875,464.54998779296875,464.54998779296875,464.54998779296875,0.0
2017-12-26,464.54998779296875,464.54998779296875,464.54998779296875,464.54998779296875,464.54998779296875,0.0
2017-12-27,464.54998779296875,464.54998779296875,464.54998779296875,464.54998779296875,464.54998779296875,0.0
2017-12-28,464.54998779296875,464.54998779296875,464.54998779296875,464.54998779296875,464.54998779296875,0.0
2017-12-29,464.54998779296875,464.54998779296875,464.54998779296875,464.54998779296875,464.54998779296875,0.0
2018-01-01,464.54998779296875,464.54998779296875,464.54998779296875,464.54998779296875,464.54998779296875,0.0
2018-01-02,464.54998779296875,464.54998779296875,464.54998779296875,464.54998779296875,464.54998779296875,0.0
2018-01-03,464.54998779296875,464.54998779296875,464.54998779296875,464.54998779296875,464.54998779296875,0.0
2018-01-04,464.54998779296875,464.54998779296875,464.54998779296875,464.54998779296875,464.54998779296875,0.0
2018-01-05,464.54998779296875,464.54998779296875,464.54998779296875,464.54998779296875,464.54998779296875,0.0
2018-01-08,464.54998779296875,464.54998779296875,464.54998779296875,464.54998779296875,464.54998779296875,0.0
2018-01-09,464.54998779296875,464.54998779296875,464.54998779296875,464.54998779296875,464.54998779296875,0.0
2018-01-10,464.54998779296875,464.54998779296875,464.54998779296875,464.54998779296875,464.54998779296875,0.0
2018-01-11,464.54998779296875,464.54998779296875,464.54998779296875,464.54998779296875,464.54998779296875,0.0
2018-01-12,464.54998779296875,464.54998779296875,464.54998779296875,464.54998779296875,464.54998779296875,0.0
2018-01-15,464.54998779296875,464.54998779296875,464.54998779296875,464.54998779296875,464.54998779296875,0.0
2018-01-16,464.54998779296875,464.54998779296875,464.54998779296875,464.54998779296875,464.54998779296875,0.0
2018-01-17,464.54998779296875,464.54998779296875,464.54998779296875,464.54998779296875,464.54998779296875,0.0
2018-01-18,464.54998779296875,464.54998779296875,464.54998779296875,464.54998779296875,464.54998779296875,0.0
2018-01-19,464.54998779296875,464.54998779296875,464.54998779296875,464.54998779296875,464.54998779296875,0.0
2018-01-22,464.54998779296875,464.54998779296875,464.54998779296875,464.54998779296875,464.54998779296875,0.0
2018-01-23,512.0,512.0,512.0,512.0,512.0,100.0
2018-01-24,512.0,512.0,512.0,512.0,512.0,0.0
2018-01-25,512.0,512.0,512.0,512.0,512.0,0.0
2018-01-29,512.0,512.0,512.0,512.0,512.0,0.0
2018-01-30,537.5999755859375,537.5999755859375,537.5999755859375,537.5999755859375,537.5999755859375,1.0
2018-01-31,537.5999755859375,537.5999755859375,537.5999755859375,537.5999755859375,537.5999755859375,0.0
2018-02-01,537.5999755859375,537.5999755859375,537.5999755859375,537.5999755859375,537.5999755859375,0.0
2018-02-02,537.5999755859375,537.5999755859375,537.5999755859375,537.5999755859375,537.5999755859375,0.0
2018-02-05,564.4500122070312,564.4500122070312,537.5999755859375,545.0999755859375,545.0999755859375,30.0
2018-02-06,545.0999755859375,545.0999755859375,545.0999755859375,545.0999755859375,545.0999755859375,0.0
2018-02-07,545.0999755859375,545.0999755859375,545.0999755859375,545.0999755859375,545.0999755859375,0.0
2018-02-08,545.0999755859375,545.0999755859375,545.0999755859375,545.0999755859375,545.0999755859375,0.0
2018-02-09,545.0999755859375,545.0999755859375,545.0999755859375,545.0999755859375,545.0999755859375,500.0
2018-02-12,545.0999755859375,545.0999755859375,545.0999755859375,545.0999755859375,545.0999755859375,0.0
2018-02-14,545.0999755859375,545.0999755859375,545.0999755859375,545.0999755859375,545.0999755859375,0.0
2018-02-15,545.0999755859375,545.0999755859375,545.0999755859375,545.0999755859375,545.0999755859375,0.0
2018-02-16,545.0999755859375,545.0999755859375,545.0999755859375,545.0999755859375,545.0999755859375,0.0
2018-02-19,545.0999755859375,545.0999755859375,545.0999755859375,545.0999755859375,545.0999755859375,0.0
2018-02-20,545.0999755859375,545.0999755859375,545.0999755859375,545.0999755859375,545.0999755859375,0.0
2018-02-21,545.0999755859375,545.0999755859375,545.0999755859375,545.0999755859375,545.0999755859375,0.0
2018-02-22,545.0999755859375,545.0999755859375,545.0999755859375,545.0999755859375,545.0999755859375,0.0
2018-02-23,545.0999755859375,545.0999755859375,545.0999755859375,545.0999755859375,545.0999755859375,0.0
2018-02-26,545.0999755859375,545.0999755859375,545.0999755859375,545.0999755859375,545.0999755859375,0.0
2018-02-27,517.8499755859375,517.8499755859375,517.8499755859375,517.8499755859375,517.8499755859375,10.0
2018-02-28,517.8499755859375,517.8499755859375,517.8499755859375,517.8499755859375,517.8499755859375,0.0
2018-03-01,517.8499755859375,517.8499755859375,517.8499755859375,517.8499755859375,517.8499755859375,0.0
2018-03-05,517.8499755859375,517.8499755859375,517.8499755859375,517.8499755859375,517.8499755859375,0.0
2018-03-06,517.8499755859375,517.8499755859375,517.8499755859375,517.8499755859375,517.8499755859375,0.0
2018-03-07,517.8499755859375,517.8499755859375,517.8499755859375,517.8499755859375,517.8499755859375,0.0
2018-03-08,517.8499755859375,517.8499755859375,517.8499755859375,517.8499755859375,517.8499755859375,0.0
2018-03-09,517.8499755859375,517.8499755859375,517.8499755859375,517.8499755859375,517.8499755859375,0.0
2018-03-12,517.8499755859375,517.8499755859375,517.8499755859375,517.8499755859375,517.8499755859375,0.0
2018-03-13,517.8499755859375,517.8499755859375,517.8499755859375,517.8499755859375,517.8499755859375,0.0
2018-03-14,517.8499755859375,517.8499755859375,517.8499755859375,517.8499755859375,517.8499755859375,0.0
2018-03-15,517.8499755859375,517.8499755859375,517.8499755859375,517.8499755859375,517.8499755859375,0.0
2018-03-16,517.8499755859375,517.8499755859375,517.8499755859375,517.8499755859375,517.8499755859375,0.0
2018-03-19,517.8499755859375,517.8499755859375,517.8499755859375,517.8499755859375,517.8499755859375,0.0
2018-03-20,517.8499755859375,517.8499755859375,517.8499755859375,517.8499755859375,517.8499755859375,0.0
2018-03-21,517.8499755859375,517.8499755859375,517.8499755859375,517.8499755859375,517.8499755859375,0.0
2018-03-22,517.8499755859375,517.8499755859375,517.8499755859375,517.8499755859375,517.8499755859375,0.0
2018-03-23,517.8499755859375,517.8499755859375,517.8499755859375,517.8499755859375,517.8499755859375,0.0
2018-03-26,517.8499755859375,517.8499755859375,517.8499755859375,517.8499755859375,517.8499755859375,0.0
2018-03-27,517.8499755859375,517.8499755859375,517.8499755859375,517.8499755859375,517.8499755859375,0.0
2018-03-28,517.8499755859375,517.8499755859375,517.8499755859375,517.8499755859375,517.8499755859375,0.0
2018-04-02,517.8499755859375,517.8499755859375,517.8499755859375,517.8499755859375,517.8499755859375,0.0
2018-04-03,517.8499755859375,517.8499755859375,517.8499755859375,517.8499755859375,517.8499755859375,0.0
2018-04-04,517.8499755859375,517.8499755859375,517.8499755859375,517.8499755859375,517.8499755859375,0.0
2018-04-05,517.8499755859375,517.8499755859375,517.8499755859375,517.8499755859375,517.8499755859375,0.0
2018-04-06,517.8499755859375,517.8499755859375,517.8499755859375,517.8499755859375,517.8499755859375,0.0
2018-04-09,517.8499755859375,517.8499755859375,517.8499755859375,517.8499755859375,517.8499755859375,0.0
2018-04-10,517.8499755859375,517.8499755859375,517.8499755859375,517.8499755859375,517.8499755859375,0.0
2018-04-11,517.8499755859375,517.8499755859375,517.8499755859375,517.8499755859375,517.8499755859375,0.0
2018-04-12,517.8499755859375,517.8499755859375,517.8499755859375,517.8499755859375,517.8499755859375,0.0
2018-04-13,517.8499755859375,517.8499755859375,517.8499755859375,517.8499755859375,517.8499755859375,0.0
2018-04-16,517.8499755859375,517.8499755859375,517.8499755859375,517.8499755859375,517.8499755859375,0.0
2018-04-17,517.8499755859375,517.8499755859375,517.8499755859375,517.8499755859375,517.8499755859375,0.0
2018-04-18,517.8499755859375,517.8499755859375,517.8499755859375,517.8499755859375,517.8499755859375,0.0
2018-04-19,517.8499755859375,517.8499755859375,517.8499755859375,517.8499755859375,517.8499755859375,0.0
2018-04-20,517.8499755859375,517.8499755859375,517.8499755859375,517.8499755859375,517.8499755859375,0.0
2018-04-23,517.8499755859375,517.8499755859375,517.8499755859375,517.8499755859375,517.8499755859375,0.0
2018-04-24,517.8499755859375,517.8499755859375,517.8499755859375,517.8499755859375,517.8499755859375,0.0
2018-04-25,517.0,543.0,517.0,543.0,543.0,2.0
2018-04-26,543.0,543.0,543.0,543.0,543.0,0.0
2018-04-27,543.0,543.0,543.0,543.0,543.0,0.0
2018-04-30,543.0,543.0,543.0,543.0,543.0,0.0
2018-05-02,543.0,543.0,543.0,543.0,543.0,0.0
2018-05-03,543.0,543.0,543.0,543.0,543.0,0.0
2018-05-04,543.0,543.0,543.0,543.0,543.0,1.0
2018-05-07,543.0,543.0,543.0,543.0,543.0,0.0
2018-05-08,543.0,543.0,543.0,543.0,543.0,0.0
2018-05-09,543.0,543.0,543.0,543.0,543.0,0.0
2018-05-10,543.0,543.0,543.0,543.0,543.0,0.0
2018-05-11,543.0,543.0,543.0,543.0,543.0,0.0
2018-05-14,543.0,543.0,543.0,543.0,543.0,20.0
2018-05-15,543.0,543.0,543.0,543.0,543.0,0.0
2018-05-16,543.0,543.0,543.0,543.0,543.0,0.0
2018-05-17,543.0,543.0,543.0,543.0,543.0,0.0
2018-05-18,543.0,543.0,543.0,543.0,543.0,0.0
2018-05-21,543.0,543.0,543.0,543.0,543.0,0.0
2018-05-22,543.0,543.0,543.0,543.0,543.0,0.0
2018-05-23,543.0,543.0,543.0,543.0,543.0,0.0
2018-05-24,543.0,543.0,543.0,543.0,543.0,0.0
2018-05-25,543.0,543.0,543.0,543.0,543.0,0.0
2018-05-28,543.0,543.0,543.0,543.0,543.0,0.0
2018-05-29,543.0,543.0,543.0,543.0,543.0,0.0
2018-05-30,543.0,543.0,543.0,543.0,543.0,0.0
2018-05-31,543.0,543.0,543.0,543.0,543.0,0.0
2018-06-01,543.0,543.0,543.0,543.0,543.0,0.0
2018-06-04,543.0,543.0,543.0,543.0,543.0,0.0
2018-06-05,543.0,543.0,543.0,543.0,543.0,0.0
2018-06-06,543.0,543.0,543.0,543.0,543.0,0.0
2018-06-07,543.0,543.0,543.0,543.0,543.0,0.0
2018-06-08,543.0,543.0,543.0,543.0,543.0,0.0
2018-06-11,543.0,543.0,543.0,543.0,543.0,0.0
2018-06-12,543.0,543.0,543.0,543.0,543.0,0.0
2018-06-13,543.0,543.0,543.0,543.0,543.0,0.0
2018-06-14,543.0,543.0,543.0,543.0,543.0,0.0
2018-06-15,543.0,543.0,543.0,543.0,543.0,0.0
2018-06-18,543.0,543.0,543.0,543.0,543.0,0.0
2018-06-19,543.0,543.0,543.0,543.0,543.0,0.0
2018-06-20,543.0,543.0,543.0,543.0,543.0,0.0
2018-06-21,543.0,543.0,543.0,543.0,543.0,0.0
2018-06-22,543.0,543.0,543.0,543.0,543.0,0.0
2018-06-25,543.0,543.0,543.0,543.0,543.0,0.0
2018-06-26,543.0,543.0,543.0,543.0,543.0,0.0
2018-06-27,543.0,543.0,543.0,543.0,543.0,0.0
2018-06-28,543.0,543.0,543.0,543.0,543.0,0.0
2018-06-29,543.0,543.0,543.0,543.0,543.0,0.0
2018-07-02,543.0,543.0,543.0,543.0,543.0,0.0
2018-07-03,543.0,543.0,543.0,543.0,543.0,0.0
2018-07-04,543.0,543.0,543.0,543.0,543.0,0.0
2018-07-05,543.0,543.0,543.0,543.0,543.0,0.0
2018-07-06,543.0,543.0,543.0,543.0,543.0,0.0
2018-07-09,543.0,543.0,543.0,543.0,543.0,0.0
2018-07-10,543.0,543.0,543.0,543.0,543.0,0.0
2018-07-11,543.0,543.0,543.0,543.0,543.0,0.0
2018-07-12,543.0,543.0,543.0,543.0,543.0,0.0
2018-07-13,521.0,521.0,521.0,521.0,521.0,11.0
2018-07-16,521.0,521.0,521.0,521.0,521.0,0.0
2018-07-17,500.0,500.0,495.0,495.0,495.0,12.0
2018-07-18,495.0,495.0,495.0,495.0,495.0,0.0
2018-07-19,495.0,495.0,495.0,495.0,495.0,0.0
2018-07-20,495.0,495.0,495.0,495.0,495.0,0.0
2018-07-23,495.0,495.0,495.0,495.0,495.0,0.0
2018-07-24,519.75,519.75,519.75,519.75,519.75,39.0
2018-07-25,545.7000122070312,545.7000122070312,545.7000122070312,545.7000122070312,545.7000122070312,7.0
2018-07-26,545.7000122070312,545.7000122070312,545.7000122070312,545.7000122070312,545.7000122070312,0.0
2018-07-27,545.7000122070312,545.7000122070312,545.7000122070312,545.7000122070312,545.7000122070312,0.0
2018-07-30,545.7000122070312,545.7000122070312,545.7000122070312,545.7000122070312,545.7000122070312,0.0
2018-07-31,545.7000122070312,545.7000122070312,545.7000122070312,545.7000122070312,545.7000122070312,0.0
2018-08-01,545.7000122070312,545.7000122070312,545.7000122070312,545.7000122070312,545.7000122070312,0.0
2018-08-02,545.7000122070312,545.7000122070312,545.7000122070312,545.7000122070312,545.7000122070312,0.0
2018-08-03,545.7000122070312,545.7000122070312,545.7000122070312,545.7000122070312,545.7000122070312,0.0
2018-08-06,545.7000122070312,545.7000122070312,545.7000122070312,545.7000122070312,545.7000122070312,0.0
2018-08-07,545.7000122070312,545.7000122070312,545.7000122070312,545.7000122070312,545.7000122070312,0.0
2018-08-08,545.7000122070312,545.7000122070312,545.7000122070312,545.7000122070312,545.7000122070312,0.0
2018-08-09,545.7000122070312,545.7000122070312,545.7000122070312,545.7000122070312,545.7000122070312,0.0
2018-08-10,545.7000122070312,545.7000122070312,545.7000122070312,545.7000122070312,545.7000122070312,0.0
2018-08-13,545.7000122070312,545.7000122070312,545.7000122070312,545.7000122070312,545.7000122070312,0.0
2018-08-14,545.7000122070312,545.7000122070312,545.7000122070312,545.7000122070312,545.7000122070312,0.0
2018-08-16,545.7000122070312,545.7000122070312,545.7000122070312,545.7000122070312,545.7000122070312,0.0
2018-08-17,545.7000122070312,545.7000122070312,545.7000122070312,545.7000122070312,545.7000122070312,0.0
2018-08-20,545.7000122070312,545.7000122070312,545.7000122070312,545.7000122070312,545.7000122070312,0.0
2018-08-21,545.7000122070312,545.7000122070312,545.7000122070312,545.7000122070312,545.7000122070312,0.0
2018-08-23,545.7000122070312,545.7000122070312,545.7000122070312,545.7000122070312,545.7000122070312,0.0
2018-08-24,545.7000122070312,545.7000122070312,545.7000122070312,545.7000122070312,545.7000122070312,0.0
2018-08-27,545.7000122070312,545.7000122070312,545.7000122070312,545.7000122070312,545.7000122070312,0.0
2018-08-28,545.7000122070312,545.7000122070312,545.7000122070312,545.7000122070312,545.7000122070312,0.0
2018-08-29,545.7000122070312,545.7000122070312,545.7000122070312,545.7000122070312,545.7000122070312,0.0
2018-08-30,545.7000122070312,545.7000122070312,545.7000122070312,545.7000122070312,545.7000122070312,0.0
2018-08-31,545.7000122070312,545.7000122070312,545.7000122070312,545.7000122070312,545.7000122070312,0.0
2018-09-03,545.7000122070312,545.7000122070312,545.7000122070312,545.7000122070312,545.7000122070312,0.0
2018-09-04,545.7000122070312,545.7000122070312,545.7000122070312,545.7000122070312,545.7000122070312,0.0
2018-09-05,545.7000122070312,545.7000122070312,545.7000122070312,545.7000122070312,545.7000122070312,0.0
2018-09-06,545.7000122070312,545.7000122070312,545.7000122070312,545.7000122070312,545.7000122070312,0.0
2018-09-07,545.7000122070312,545.7000122070312,545.7000122070312,545.7000122070312,545.7000122070312,0.0
2018-09-10,545.7000122070312,545.7000122070312,545.7000122070312,545.7000122070312,545.7000122070312,0.0
2018-09-11,545.7000122070312,545.7000122070312,545.7000122070312,545.7000122070312,545.7000122070312,0.0
2018-09-12,545.7000122070312,545.7000122070312,545.7000122070312,545.7000122070312,545.7000122070312,0.0
2018-09-14,545.7000122070312,545.7000122070312,545.7000122070312,545.7000122070312,545.7000122070312,0.0
2018-09-17,545.7000122070312,545.7000122070312,545.7000122070312,545.7000122070312,545.7000122070312,0.0
2018-09-18,545.7000122070312,545.7000122070312,545.7000122070312,545.7000122070312,545.7000122070312,0.0
2018-09-19,545.7000122070312,545.7000122070312,545.7000122070312,545.7000122070312,545.7000122070312,0.0
2018-09-21,545.7000122070312,545.7000122070312,545.7000122070312,545.7000122070312,545.7000122070312,0.0
2018-09-24,545.7000122070312,545.7000122070312,545.7000122070312,545.7000122070312,545.7000122070312,0.0
2018-09-25,545.7000122070312,545.7000122070312,545.7000122070312,545.7000122070312,545.7000122070312,0.0
2018-09-26,545.7000122070312,545.7000122070312,545.7000122070312,545.7000122070312,545.7000122070312,0.0
2018-09-27,545.7000122070312,545.7000122070312,545.7000122070312,545.7000122070312,545.7000122070312,0.0
2018-09-28,545.7000122070312,545.7000122070312,545.7000122070312,545.7000122070312,545.7000122070312,0.0
2018-10-01,545.7000122070312,545.7000122070312,545.7000122070312,545.7000122070312,545.7000122070312,0.0
2018-10-03,545.7000122070312,545.7000122070312,545.7000122070312,545.7000122070312,545.7000122070312,0.0
2018-10-04,545.7000122070312,545.7000122070312,545.7000122070312,545.7000122070312,545.7000122070312,0.0
2018-10-05,545.7000122070312,545.7000122070312,545.7000122070312,545.7000122070312,545.7000122070312,0.0
2018-10-08,545.7000122070312,545.7000122070312,545.7000122070312,545.7000122070312,545.7000122070312,0.0
2018-10-09,545.7000122070312,545.7000122070312,545.7000122070312,545.7000122070312,545.7000122070312,0.0
2018-10-10,545.7000122070312,545.7000122070312,545.7000122070312,545.7000122070312,545.7000122070312,0.0
2018-10-11,550.0,550.0,518.4500122070312,518.4500122070312,518.4500122070312,11.0
2018-10-12,544.0,544.0,544.0,544.0,544.0,1.0
2018-10-15,544.0,544.0,544.0,544.0,544.0,0.0
2018-10-16,544.0,544.0,544.0,544.0,544.0,0.0
2018-10-17,544.0,544.0,544.0,544.0,544.0,0.0
2018-10-19,544.0,544.0,544.0,544.0,544.0,0.0
2018-10-22,544.0,544.0,544.0,544.0,544.0,0.0
2018-10-23,544.0,544.0,544.0,544.0,544.0,0.0
2018-10-24,516.7999877929688,516.7999877929688,516.7999877929688,516.7999877929688,516.7999877929688,11.0
2018-10-25,542.5999755859375,542.5999755859375,542.5999755859375,542.5999755859375,542.5999755859375,1.0
2018-10-26,542.5999755859375,542.5999755859375,542.5999755859375,542.5999755859375,542.5999755859375,0.0
2018-10-29,542.5999755859375,542.5999755859375,542.5999755859375,542.5999755859375,542.5999755859375,0.0
2018-10-30,542.5999755859375,542.5999755859375,542.5999755859375,542.5999755859375,542.5999755859375,0.0
2018-10-31,542.5999755859375,542.5999755859375,542.5999755859375,542.5999755859375,542.5999755859375,0.0
2018-11-01,542.5999755859375,542.5999755859375,542.5999755859375,542.5999755859375,542.5999755859375,0.0
2018-11-02,542.5999755859375,542.5999755859375,542.5999755859375,542.5999755859375,542.5999755859375,0.0
2018-11-05,542.5999755859375,542.5999755859375,542.5999755859375,542.5999755859375,542.5999755859375,0.0
2018-11-06,542.5999755859375,542.5999755859375,542.5999755859375,542.5999755859375,542.5999755859375,0.0
2018-11-07,542.5999755859375,542.5999755859375,542.5999755859375,542.5999755859375,542.5999755859375,0.0
2018-11-09,542.5999755859375,542.5999755859375,542.5999755859375,542.5999755859375,542.5999755859375,0.0
2018-11-12,542.5999755859375,542.5999755859375,542.5999755859375,542.5999755859375,542.5999755859375,0.0
2018-11-13,542.5999755859375,542.5999755859375,542.5999755859375,542.5999755859375,542.5999755859375,0.0
2018-11-14,542.5999755859375,542.5999755859375,542.5999755859375,542.5999755859375,542.5999755859375,0.0
2018-11-15,542.5999755859375,542.5999755859375,542.5999755859375,542.5999755859375,542.5999755859375,0.0
2018-11-16,542.5999755859375,542.5999755859375,542.5999755859375,542.5999755859375,542.5999755859375,0.0
2018-11-19,569.7000122070312,569.7000122070312,569.7000122070312,569.7000122070312,569.7000122070312,3.0
2018-11-20,598.1500244140625,598.1500244140625,598.1500244140625,598.1500244140625,598.1500244140625,97.0
2018-11-21,598.1500244140625,598.1500244140625,598.1500244140625,598.1500244140625,598.1500244140625,0.0
2018-11-22,628.0499877929688,628.0499877929688,628.0499877929688,628.0499877929688,628.0499877929688,1.0
2018-11-26,659.0499877929688,659.0499877929688,659.0499877929688,659.0499877929688,659.0499877929688,20.0
2018-11-27,659.0499877929688,659.0499877929688,659.0499877929688,659.0499877929688,659.0499877929688,0.0
2018-11-28,659.0499877929688,659.0499877929688,659.0499877929688,659.0499877929688,659.0499877929688,0.0
2018-11-29,659.9500122070312,659.9500122070312,659.9500122070312,659.9500122070312,659.9500122070312,1.0
2018-11-30,659.9500122070312,659.9500122070312,659.9500122070312,659.9500122070312,659.9500122070312,0.0
2018-12-03,659.9500122070312,659.9500122070312,659.9500122070312,659.9500122070312,659.9500122070312,0.0
2018-12-04,627.0,692.0,627.0,692.0,692.0,3.0
2018-12-05,692.0,692.0,692.0,692.0,692.0,0.0
2018-12-06,692.0,692.0,692.0,692.0,692.0,0.0
2018-12-07,726.0,726.0,726.0,726.0,726.0,2.0
2018-12-10,726.0,726.0,726.0,726.0,726.0,0.0
2018-12-11,726.0,726.0,726.0,726.0,726.0,0.0
2018-12-12,761.9500122070312,762.0,733.2999877929688,762.0,762.0,3.0
2018-12-13,762.0,762.0,762.0,762.0,762.0,0.0
2018-12-14,762.0,762.0,762.0,762.0,762.0,0.0
2018-12-17,762.0,762.0,762.0,762.0,762.0,0.0
2018-12-18,723.9000244140625,723.9000244140625,723.9000244140625,723.9000244140625,723.9000244140625,14.0
2018-12-19,723.9000244140625,723.9000244140625,723.9000244140625,723.9000244140625,723.9000244140625,0.0
2018-12-20,723.9000244140625,723.9000244140625,723.9000244140625,723.9000244140625,723.9000244140625,0.0
2018-12-21,687.75,687.75,687.75,687.75,687.75,1.0
2018-12-24,653.4000244140625,680.0,653.4000244140625,680.0,680.0,7.0
2018-12-26,680.0,680.0,680.0,680.0,680.0,0.0
2018-12-27,713.9500122070312,713.9500122070312,713.9500122070312,713.9500122070312,713.9500122070312,15.0
2018-12-28,678.2999877929688,678.2999877929688,678.2999877929688,678.2999877929688,678.2999877929688,1.0
2018-12-31,644.4000244140625,644.4000244140625,644.4000244140625,644.4000244140625,644.4000244140625,7.0
2019-01-01,676.5999755859375,676.5999755859375,676.5999755859375,676.5999755859375,676.5999755859375,1.0
2019-01-02,642.7999877929688,642.7999877929688,642.7999877929688,642.7999877929688,642.7999877929688,10.0
2019-01-03,610.75,610.75,610.75,610.75,610.75,20.0
2019-01-04,580.25,580.25,580.25,580.25,580.25,25.0
2019-01-07,580.25,580.25,580.25,580.25,580.25,0.0
2019-01-08,580.25,580.25,580.25,580.25,580.25,0.0
2019-01-09,555.5499877929688,609.25,555.5499877929688,609.0499877929688,609.0499877929688,18.0
2019-01-10,609.0499877929688,609.0499877929688,609.0499877929688,609.0499877929688,609.0499877929688,0.0
2019-01-11,609.0499877929688,609.0499877929688,609.0499877929688,609.0499877929688,609.0499877929688,0.0
2019-01-14,609.0499877929688,609.0499877929688,609.0499877929688,609.0499877929688,609.0499877929688,0.0
2019-01-15,609.0,609.0,609.0,609.0,609.0,1.0
2019-01-16,609.0,609.0,609.0,609.0,609.0,0.0
2019-01-17,609.0,609.0,609.0,609.0,609.0,0.0
2019-01-18,609.0,609.0,609.0,609.0,609.0,0.0
2019-01-21,609.0,609.0,609.0,609.0,609.0,0.0
2019-01-22,609.0,609.0,609.0,609.0,609.0,0.0
2019-01-23,606.0,606.0,606.0,606.0,606.0,1.0
2019-01-24,606.0,606.0,606.0,606.0,606.0,0.0
2019-01-25,575.7000122070312,575.7000122070312,575.7000122070312,575.7000122070312,575.7000122070312,1.0
2019-01-28,575.7000122070312,575.7000122070312,575.7000122070312,575.7000122070312,575.7000122070312,0.0
2019-01-29,575.7000122070312,575.7000122070312,575.7000122070312,575.7000122070312,575.7000122070312,0.0
2019-01-30,575.7000122070312,575.7000122070312,575.7000122070312,575.7000122070312,575.7000122070312,0.0
2019-01-31,575.7000122070312,575.7000122070312,575.7000122070312,575.7000122070312,575.7000122070312,0.0
2019-02-01,575.7000122070312,575.7000122070312,575.7000122070312,575.7000122070312,575.7000122070312,0.0
2019-02-04,575.7000122070312,575.7000122070312,575.7000122070312,575.7000122070312,575.7000122070312,0.0
2019-02-05,575.7000122070312,575.7000122070312,575.7000122070312,575.7000122070312,575.7000122070312,0.0
2019-02-06,575.7000122070312,575.7000122070312,575.7000122070312,575.7000122070312,575.7000122070312,0.0
2019-02-07,575.7000122070312,575.7000122070312,575.7000122070312,575.7000122070312,575.7000122070312,0.0
2019-02-08,575.7000122070312,575.7000122070312,575.7000122070312,575.7000122070312,575.7000122070312,0.0
2019-02-11,604.25,604.25,604.25,604.25,604.25,1.0
2019-02-12,604.25,604.25,604.25,604.25,604.25,0.0
2019-02-14,604.25,604.25,604.25,604.25,604.25,0.0
2019-02-15,620.0,620.0,620.0,620.0,620.0,1.0
2019-02-18,620.0,620.0,620.0,620.0,620.0,0.0
2019-02-19,620.0,620.0,620.0,620.0,620.0,0.0
2019-02-20,650.0,650.0,650.0,650.0,650.0,1.0
2019-02-21,650.0,650.0,650.0,650.0,650.0,0.0
2019-02-22,650.0,650.0,650.0,650.0,650.0,0.0
2019-02-25,650.0,650.0,650.0,650.0,650.0,0.0
2019-02-26,650.0,650.0,650.0,650.0,650.0,0.0
2019-02-27,650.0,650.0,650.0,650.0,650.0,0.0
2019-02-28,650.0,650.0,650.0,650.0,650.0,0.0
2019-03-01,650.0,650.0,650.0,650.0,650.0,0.0
2019-03-05,616.5499877929688,616.5499877929688,616.5499877929688,616.5499877929688,616.5499877929688,2.0
2019-03-06,587.0,587.0,585.75,585.75,585.75,14.0
2019-03-07,556.5,557.0,556.5,557.0,557.0,14.0
2019-03-08,529.1500244140625,529.2000122070312,529.1500244140625,529.2000122070312,529.2000122070312,10.0
2019-03-11,529.2000122070312,529.2000122070312,529.2000122070312,529.2000122070312,529.2000122070312,0.0
2019-03-12,502.75,502.75,502.75,502.75,502.75,5.0
2019-03-13,477.6499938964844,477.6499938964844,477.6499938964844,477.6499938964844,477.6499938964844,7.0
2019-03-14,455.0,455.0,455.0,455.0,455.0,1.0
2019-03-15,455.0,455.0,455.0,455.0,455.0,0.0
2019-03-18,455.0,455.0,455.0,455.0,455.0,0.0
2019-03-19,455.0,455.0,455.0,455.0,455.0,0.0
2019-03-20,434.0,434.0,433.0,433.20001220703125,433.20001220703125,5.0
2019-03-22,433.20001220703125,433.20001220703125,433.20001220703125,433.20001220703125,433.20001220703125,0.0
2019-03-25,433.20001220703125,433.20001220703125,433.20001220703125,433.20001220703125,433.20001220703125,0.0
2019-03-26,433.20001220703125,433.20001220703125,433.20001220703125,433.20001220703125,433.20001220703125,0.0
2019-03-27,433.20001220703125,433.20001220703125,433.20001220703125,433.20001220703125,433.20001220703125,0.0
2019-03-28,433.20001220703125,433.20001220703125,433.20001220703125,433.20001220703125,433.20001220703125,0.0
2019-04-01,433.20001220703125,433.20001220703125,433.20001220703125,433.20001220703125,433.20001220703125,0.0
2019-04-02,433.20001220703125,433.20001220703125,433.20001220703125,433.20001220703125,433.20001220703125,0.0
2019-04-03,433.20001220703125,433.20001220703125,433.20001220703125,433.20001220703125,433.20001220703125,0.0
2019-04-04,433.20001220703125,433.20001220703125,433.20001220703125,433.20001220703125,433.20001220703125,0.0
2019-04-05,433.20001220703125,433.20001220703125,433.20001220703125,433.20001220703125,433.20001220703125,0.0
2019-04-08,454.8500061035156,454.8500061035156,454.8500061035156,454.8500061035156,454.8500061035156,5.0
2019-04-09,454.8500061035156,454.8500061035156,454.8500061035156,454.8500061035156,454.8500061035156,0.0
2019-04-10,454.8500061035156,454.8500061035156,454.8500061035156,454.8500061035156,454.8500061035156,0.0
2019-04-11,477.54998779296875,477.54998779296875,477.54998779296875,477.54998779296875,477.54998779296875,1.0
2019-04-12,477.54998779296875,477.54998779296875,477.54998779296875,477.54998779296875,477.54998779296875,0.0
2019-04-15,477.54998779296875,477.54998779296875,477.54998779296875,477.54998779296875,477.54998779296875,0.0
2019-04-16,477.54998779296875,477.54998779296875,477.54998779296875,477.54998779296875,477.54998779296875,0.0
2019-04-18,477.54998779296875,477.54998779296875,477.54998779296875,477.54998779296875,477.54998779296875,0.0
2019-04-22,477.54998779296875,477.54998779296875,477.54998779296875,477.54998779296875,477.54998779296875,0.0
2019-04-23,477.54998779296875,477.54998779296875,477.54998779296875,477.54998779296875,477.54998779296875,0.0
2019-04-24,459.70001220703125,459.70001220703125,459.70001220703125,459.70001220703125,459.70001220703125,1.0
2019-04-25,459.70001220703125,459.70001220703125,459.70001220703125,459.70001220703125,459.70001220703125,0.0
2019-04-26,459.70001220703125,459.70001220703125,459.70001220703125,459.70001220703125,459.70001220703125,0.0
2019-04-30,459.70001220703125,459.70001220703125,459.70001220703125,459.70001220703125,459.70001220703125,0.0
2019-05-02,459.70001220703125,459.70001220703125,459.70001220703125,459.70001220703125,459.70001220703125,0.0
2019-05-03,459.70001220703125,459.70001220703125,459.70001220703125,459.70001220703125,459.70001220703125,0.0
2019-05-06,459.70001220703125,459.70001220703125,459.70001220703125,459.70001220703125,459.70001220703125,0.0
2019-05-07,459.70001220703125,459.70001220703125,459.70001220703125,459.70001220703125,459.70001220703125,0.0
2019-05-08,459.70001220703125,459.70001220703125,459.70001220703125,459.70001220703125,459.70001220703125,0.0
2019-05-09,459.70001220703125,459.70001220703125,459.70001220703125,459.70001220703125,459.70001220703125,0.0
2019-05-10,459.70001220703125,459.70001220703125,459.70001220703125,459.70001220703125,459.70001220703125,0.0
2019-05-13,459.70001220703125,459.70001220703125,459.70001220703125,459.70001220703125,459.70001220703125,0.0
2019-05-14,482.6499938964844,482.6499938964844,482.6499938964844,482.6499938964844,482.6499938964844,1.0
2019-05-15,482.6499938964844,482.6499938964844,482.6499938964844,482.6499938964844,482.6499938964844,0.0
2019-05-16,482.6499938964844,482.6499938964844,482.6499938964844,482.6499938964844,482.6499938964844,0.0
2019-05-17,482.6499938964844,482.6499938964844,482.6499938964844,482.6499938964844,482.6499938964844,0.0
2019-05-20,482.6499938964844,482.6499938964844,482.6499938964844,482.6499938964844,482.6499938964844,0.0
2019-05-21,506.75,506.75,506.75,506.75,506.75,3.0
2019-05-22,506.75,506.75,506.75,506.75,506.75,0.0
2019-05-23,506.75,506.75,506.75,506.75,506.75,0.0
2019-05-24,506.75,506.75,506.75,506.75,506.75,0.0
2019-05-27,506.75,506.75,506.75,506.75,506.75,0.0
2019-05-28,532.0,532.0,532.0,532.0,532.0,20.0
2019-05-29,532.0,532.0,532.0,532.0,532.0,0.0
2019-05-30,532.0,532.0,532.0,532.0,532.0,0.0
2019-05-31,532.0,532.0,532.0,532.0,532.0,0.0
2019-06-03,558.5999755859375,558.5999755859375,558.5999755859375,558.5999755859375,558.5999755859375,20.0
2019-06-04,586.5,586.5,586.5,586.5,586.5,1.0
2019-06-06,586.5,586.5,586.5,586.5,586.5,0.0
2019-06-07,586.5,586.5,586.5,586.5,586.5,0.0
2019-06-10,586.5,586.5,586.5,586.5,586.5,0.0
2019-06-11,586.5,586.5,586.5,586.5,586.5,0.0
2019-06-12,586.5,586.5,586.5,586.5,586.5,0.0
2019-06-13,586.5,586.5,586.5,586.5,586.5,0.0
2019-06-14,586.5,586.5,586.5,586.5,586.5,0.0
2019-06-17,586.5,586.5,586.5,586.5,586.5,0.0
2019-06-18,586.5,586.5,586.5,586.5,586.5,0.0
2019-06-19,586.5,586.5,586.5,586.5,586.5,0.0
2019-06-20,586.5,586.5,586.5,586.5,586.5,0.0
2019-06-21,586.5,586.5,586.5,586.5,586.5,0.0
2019-06-24,586.5,586.5,586.5,586.5,586.5,0.0
2019-06-25,586.5,586.5,586.5,586.5,586.5,0.0
2019-06-26,586.5,586.5,586.5,586.5,586.5,0.0
2019-06-27,586.5,586.5,586.5,586.5,586.5,0.0
2019-06-28,586.5,586.5,586.5,586.5,586.5,0.0
2019-07-01,586.5,586.5,586.5,586.5,586.5,0.0
2019-07-02,586.5,586.5,586.5,586.5,586.5,0.0
2019-07-03,586.5,586.5,586.5,586.5,586.5,0.0
2019-07-04,586.5,586.5,586.5,586.5,586.5,0.0
2019-07-05,586.5,586.5,586.5,586.5,586.5,0.0
2019-07-08,586.5,586.5,586.5,586.5,586.5,0.0
2019-07-09,586.5,586.5,586.5,586.5,586.5,0.0
2019-07-10,586.5,586.5,586.5,586.5,586.5,0.0
2019-07-11,586.5,586.5,586.5,586.5,586.5,0.0
2019-07-12,586.5,586.5,586.5,586.5,586.5,0.0
2019-07-15,586.5,586.5,586.5,586.5,586.5,0.0
2019-07-16,586.5,586.5,586.5,586.5,586.5,0.0
2019-07-17,586.5,586.5,586.5,586.5,586.5,0.0
2019-07-18,586.5,586.5,586.5,586.5,586.5,0.0
2019-07-19,586.5,586.5,586.5,586.5,586.5,0.0
2019-07-22,586.5,586.5,586.5,586.5,586.5,0.0
2019-07-23,586.5,586.5,586.5,586.5,586.5,0.0
2019-07-24,586.5,586.5,586.5,586.5,586.5,0.0
2019-07-25,586.5,586.5,586.5,586.5,586.5,0.0
2019-07-26,586.5,586.5,586.5,586.5,586.5,0.0
2019-07-29,586.5,586.5,586.5,586.5,586.5,0.0
2019-07-30,586.5,586.5,586.5,586.5,586.5,0.0
2019-07-31,586.5,586.5,586.5,586.5,586.5,0.0
2019-08-01,586.5,586.5,586.5,586.5,586.5,0.0
2019-08-02,586.5,586.5,586.5,586.5,586.5,0.0
2019-08-05,586.5,586.5,586.5,586.5,586.5,0.0
2019-08-06,586.5,586.5,586.5,586.5,586.5,0.0
2019-08-07,586.5,586.5,586.5,586.5,586.5,0.0
2019-08-08,586.5,586.5,586.5,586.5,586.5,0.0
2019-08-09,586.5,586.5,586.5,586.5,586.5,0.0
2019-08-13,614.9500122070312,614.9500122070312,614.9500122070312,614.9500122070312,614.9500122070312,1.0
2019-08-14,614.9500122070312,614.9500122070312,614.9500122070312,614.9500122070312,614.9500122070312,0.0
2019-08-16,614.9500122070312,614.9500122070312,614.9500122070312,614.9500122070312,614.9500122070312,0.0
2019-08-19,584.25,630.0,584.25,630.0,630.0,2.0
2019-08-20,630.0,630.0,630.0,630.0,630.0,0.0
2019-08-21,630.0,630.0,630.0,630.0,630.0,0.0
2019-08-22,630.0,630.0,630.0,630.0,630.0,0.0
2019-08-23,630.0,630.0,630.0,630.0,630.0,0.0
2019-08-26,630.0,630.0,630.0,630.0,630.0,0.0
2019-08-27,630.0,630.0,630.0,630.0,630.0,0.0
2019-08-28,630.0,630.0,630.0,630.0,630.0,0.0
2019-08-29,630.0,630.0,630.0,630.0,630.0,0.0
2019-08-30,630.0,630.0,630.0,630.0,630.0,0.0
2019-09-03,630.0,630.0,630.0,630.0,630.0,0.0
2019-09-04,630.0,630.0,630.0,630.0,630.0,0.0
2019-09-05,630.0,630.0,630.0,630.0,630.0,0.0
2019-09-06,630.0,630.0,630.0,630.0,630.0,0.0
2019-09-09,630.0,630.0,630.0,630.0,630.0,0.0
2019-09-11,630.0,630.0,630.0,630.0,630.0,0.0
2019-09-12,630.0,630.0,630.0,630.0,630.0,0.0
2019-09-13,630.0,630.0,630.0,630.0,630.0,0.0
2019-09-16,630.0,630.0,630.0,630.0,630.0,0.0
2019-09-17,630.0,630.0,630.0,630.0,630.0,0.0
2019-09-18,630.0,630.0,630.0,630.0,630.0,0.0
2019-09-19,630.0,630.0,630.0,630.0,630.0,0.0
2019-09-20,630.0,630.0,630.0,630.0,630.0,0.0
2019-09-23,630.0,630.0,630.0,630.0,630.0,0.0
2019-09-24,630.0,630.0,630.0,630.0,630.0,0.0
2019-09-25,630.0,630.0,630.0,630.0,630.0,0.0
2019-09-26,630.0,630.0,630.0,630.0,630.0,0.0
2019-09-27,630.0,630.0,630.0,630.0,630.0,0.0
2019-09-30,630.0,630.0,630.0,630.0,630.0,0.0
2019-10-01,630.0,630.0,630.0,630.0,630.0,0.0
2019-10-03,630.0,630.0,630.0,630.0,630.0,0.0
2019-10-04,630.0,630.0,630.0,630.0,630.0,0.0
2019-10-07,630.0,630.0,630.0,630.0,630.0,0.0
2019-10-09,627.9500122070312,627.9500122070312,627.9500122070312,627.9500122070312,627.9500122070312,1.0
2019-10-10,627.9500122070312,627.9500122070312,627.9500122070312,627.9500122070312,627.9500122070312,0.0
2019-10-11,627.9500122070312,627.9500122070312,627.9500122070312,627.9500122070312,627.9500122070312,0.0
2019-10-14,596.5999755859375,596.5999755859375,596.5999755859375,596.5999755859375,596.5999755859375,2.0
2019-10-15,566.7999877929688,590.0,566.7999877929688,566.7999877929688,566.7999877929688,5.0
2019-10-16,538.5,550.0,538.5,550.0,550.0,2.0
2019-10-17,550.0,550.0,550.0,550.0,550.0,0.0
2019-10-18,550.0,550.0,550.0,550.0,550.0,0.0
2019-10-22,550.0,550.0,550.0,550.0,550.0,0.0
2019-10-23,550.0,550.0,550.0,550.0,550.0,0.0
2019-10-24,550.0,550.0,550.0,550.0,550.0,0.0
2019-10-25,550.0,550.0,550.0,550.0,550.0,0.0
2019-10-29,550.0,550.0,550.0,550.0,550.0,0.0
2019-10-30,575.0,575.0,575.0,575.0,575.0,1.0
2019-10-31,575.0,575.0,575.0,575.0,575.0,0.0
2019-11-01,575.0,575.0,575.0,575.0,575.0,0.0
2019-11-04,575.0,575.0,575.0,575.0,575.0,0.0
2019-11-05,575.0,575.0,575.0,575.0,575.0,0.0
2019-11-06,575.0,575.0,575.0,575.0,575.0,0.0
2019-11-07,575.0,575.0,575.0,575.0,575.0,0.0
2019-11-08,546.25,546.25,546.25,546.25,546.25,1.0
2019-11-11,546.25,546.25,546.25,546.25,546.25,0.0
2019-11-13,546.25,546.25,546.25,546.25,546.25,0.0
2019-11-14,546.25,546.25,546.25,546.25,546.25,0.0
2019-11-15,573.5499877929688,573.5499877929688,530.0,530.0,530.0,21.0
2019-11-18,530.0,530.0,530.0,530.0,530.0,0.0
2019-11-19,555.0,555.0,555.0,555.0,555.0,9.0
2019-11-20,582.75,582.75,582.75,582.75,582.75,4.0
2019-11-21,580.0,600.0,575.0,589.0,589.0,58.0
2019-11-22,559.5499877929688,616.0,559.5499877929688,616.0,616.0,4.0
2019-11-25,616.0,616.0,616.0,616.0,616.0,0.0
2019-11-26,585.2000122070312,585.2000122070312,585.2000122070312,585.2000122070312,585.2000122070312,2.0
2019-11-27,585.2000122070312,585.2000122070312,585.2000122070312,585.2000122070312,585.2000122070312,0.0
2019-11-28,585.2000122070312,585.2000122070312,585.2000122070312,585.2000122070312,585.2000122070312,0.0
2019-11-29,590.0,598.9500122070312,590.0,598.9500122070312,598.9500122070312,14.0
2019-12-02,598.9500122070312,598.9500122070312,598.9500122070312,598.9500122070312,598.9500122070312,1.0
2019-12-03,598.9500122070312,598.9500122070312,598.9500122070312,598.9500122070312,598.9500122070312,0.0
2019-12-04,598.9500122070312,598.9500122070312,598.9500122070312,598.9500122070312,598.9500122070312,0.0
2019-12-05,598.9500122070312,598.9500122070312,598.9500122070312,598.9500122070312,598.9500122070312,20.0
2019-12-06,598.9500122070312,598.9500122070312,598.9500122070312,598.9500122070312,598.9500122070312,0.0
2019-12-09,598.9500122070312,598.9500122070312,598.9500122070312,598.9500122070312,598.9500122070312,0.0
2019-12-10,610.0,620.0,610.0,619.9500122070312,619.9500122070312,9.0
2019-12-11,646.0,646.0,646.0,646.0,646.0,3.0
2019-12-12,630.0,630.0,630.0,630.0,630.0,1.0
2019-12-13,630.0,630.0,630.0,630.0,630.0,0.0
2019-12-16,646.0,646.0,646.0,646.0,646.0,1.0
2019-12-17,646.0,646.0,646.0,646.0,646.0,0.0
2019-12-18,646.0,646.0,646.0,646.0,646.0,0.0
2019-12-19,646.0,646.0,646.0,646.0,646.0,0.0
2019-12-20,646.0,646.0,646.0,646.0,646.0,0.0
2019-12-23,646.0,646.0,646.0,646.0,646.0,0.0
2019-12-24,646.0,646.0,646.0,646.0,646.0,0.0
2019-12-26,646.0,646.0,646.0,646.0,646.0,0.0
2019-12-27,646.0,646.0,646.0,646.0,646.0,0.0
2019-12-30,646.0,646.0,646.0,646.0,646.0,0.0
2019-12-31,646.0,646.0,646.0,646.0,646.0,0.0
2020-01-01,646.0,646.0,646.0,646.0,646.0,0.0
2020-01-02,646.0,646.0,646.0,646.0,646.0,0.0
2020-01-03,583.0999755859375,583.0999755859375,583.0499877929688,583.0499877929688,583.0499877929688,6.0
2020-01-06,583.0499877929688,583.0499877929688,583.0499877929688,583.0499877929688,583.0499877929688,0.0
2020-01-07,583.0499877929688,583.0499877929688,583.0499877929688,583.0499877929688,583.0499877929688,0.0
2020-01-08,583.0499877929688,583.0499877929688,583.0499877929688,583.0499877929688,583.0499877929688,0.0
2020-01-09,583.0499877929688,583.0499877929688,583.0499877929688,583.0499877929688,583.0499877929688,0.0
2020-01-10,583.0499877929688,583.0499877929688,583.0499877929688,583.0499877929688,583.0499877929688,0.0
2020-01-13,583.0499877929688,583.0499877929688,583.0499877929688,583.0499877929688,583.0499877929688,0.0
2020-01-14,583.0499877929688,583.0499877929688,583.0499877929688,583.0499877929688,583.0499877929688,0.0
2020-01-15,585.0,585.0,585.0,585.0,585.0,2.0
2020-01-16,585.0,585.0,585.0,585.0,585.0,0.0
2020-01-17,585.0,585.0,585.0,585.0,585.0,0.0
2020-01-20,585.0,585.0,585.0,585.0,585.0,0.0
2020-01-21,585.0,585.0,585.0,585.0,585.0,0.0
2020-01-22,585.0,585.0,585.0,585.0,585.0,0.0
2020-01-23,585.0,585.0,585.0,585.0,585.0,0.0
2020-01-24,585.0,585.0,585.0,585.0,585.0,0.0
2020-01-27,610.0,610.0,610.0,610.0,610.0,1.0
2020-01-28,610.0,610.0,610.0,610.0,610.0,0.0
2020-01-29,610.0,610.0,610.0,610.0,610.0,0.0
2020-01-30,610.0,610.0,610.0,610.0,610.0,0.0
2020-01-31,610.0,610.0,610.0,610.0,610.0,0.0
2020-02-03,610.0,610.0,610.0,610.0,610.0,0.0
2020-02-04,610.0,610.0,610.0,610.0,610.0,0.0
2020-02-05,610.0,610.0,610.0,610.0,610.0,0.0
2020-02-06,580.0,580.0,580.0,580.0,580.0,10.0
2020-02-07,552.0999755859375,552.0999755859375,551.0,551.0,551.0,23.0
2020-02-10,551.0,551.0,551.0,551.0,551.0,2.0
2020-02-11,551.0,551.0,551.0,551.0,551.0,0.0
2020-02-12,551.0,551.0,551.0,551.0,551.0,0.0
2020-02-13,551.0,551.0,551.0,551.0,551.0,0.0
2020-02-14,551.0,551.0,551.0,551.0,551.0,0.0
2020-02-17,551.0,551.0,551.0,551.0,551.0,0.0
2020-02-18,551.0,551.0,551.0,551.0,551.0,0.0
2020-02-19,551.0,551.0,551.0,551.0,551.0,0.0
2020-02-20,523.4500122070312,523.4500122070312,523.4500122070312,523.4500122070312,523.4500122070312,6.0
2020-02-24,523.4500122070312,523.4500122070312,523.4500122070312,523.4500122070312,523.4500122070312,0.0
2020-02-25,523.4500122070312,523.4500122070312,523.4500122070312,523.4500122070312,523.4500122070312,0.0
2020-02-26,523.4500122070312,523.4500122070312,523.4500122070312,523.4500122070312,523.4500122070312,0.0
2020-02-27,523.4500122070312,523.4500122070312,523.4500122070312,523.4500122070312,523.4500122070312,0.0
2020-02-28,523.4500122070312,523.4500122070312,523.4500122070312,523.4500122070312,523.4500122070312,0.0
2020-03-02,523.4500122070312,523.4500122070312,523.4500122070312,523.4500122070312,523.4500122070312,0.0
2020-03-03,523.4500122070312,523.4500122070312,523.4500122070312,523.4500122070312,523.4500122070312,0.0
2020-03-04,523.4500122070312,523.4500122070312,523.4500122070312,523.4500122070312,523.4500122070312,0.0
2020-03-05,523.4500122070312,523.4500122070312,523.4500122070312,523.4500122070312,523.4500122070312,0.0
2020-03-06,523.4500122070312,523.4500122070312,523.4500122070312,523.4500122070312,523.4500122070312,0.0
2020-03-09,523.4500122070312,523.4500122070312,523.4500122070312,523.4500122070312,523.4500122070312,0.0
2020-03-11,523.4500122070312,523.4500122070312,523.4500122070312,523.4500122070312,523.4500122070312,0.0
2020-03-12,523.4500122070312,523.4500122070312,523.4500122070312,523.4500122070312,523.4500122070312,0.0
2020-03-13,523.4500122070312,523.4500122070312,523.4500122070312,523.4500122070312,523.4500122070312,0.0
2020-03-16,523.4500122070312,523.4500122070312,523.4500122070312,523.4500122070312,523.4500122070312,0.0
2020-03-17,523.4500122070312,523.4500122070312,523.4500122070312,523.4500122070312,523.4500122070312,0.0
2020-03-18,497.29998779296875,497.29998779296875,497.29998779296875,497.29998779296875,497.29998779296875,1.0
2020-03-19,497.29998779296875,497.29998779296875,497.29998779296875,497.29998779296875,497.29998779296875,0.0
2020-03-20,497.29998779296875,497.29998779296875,497.29998779296875,497.29998779296875,497.29998779296875,0.0
2020-03-23,497.29998779296875,497.29998779296875,497.29998779296875,497.29998779296875,497.29998779296875,0.0
2020-03-24,497.29998779296875,497.29998779296875,497.29998779296875,497.29998779296875,497.29998779296875,0.0
2020-03-25,497.29998779296875,497.29998779296875,497.29998779296875,497.29998779296875,497.29998779296875,0.0
2020-03-26,472.45001220703125,472.45001220703125,472.45001220703125,472.45001220703125,472.45001220703125,5.0
2020-03-27,472.45001220703125,472.45001220703125,472.45001220703125,472.45001220703125,472.45001220703125,0.0
2020-03-30,448.8500061035156,448.8500061035156,448.8500061035156,448.8500061035156,448.8500061035156,1.0
2020-03-31,448.8500061035156,448.8500061035156,448.8500061035156,448.8500061035156,448.8500061035156,0.0
2020-04-01,448.8500061035156,448.8500061035156,448.8500061035156,448.8500061035156,448.8500061035156,0.0
2020-04-03,448.8500061035156,448.8500061035156,448.8500061035156,448.8500061035156,448.8500061035156,0.0
2020-04-07,448.8500061035156,448.8500061035156,448.8500061035156,448.8500061035156,448.8500061035156,0.0
2020-04-08,448.8500061035156,448.8500061035156,448.8500061035156,448.8500061035156,448.8500061035156,0.0
2020-04-09,448.8500061035156,448.8500061035156,448.8500061035156,448.8500061035156,448.8500061035156,0.0
2020-04-13,448.8500061035156,448.8500061035156,448.8500061035156,448.8500061035156,448.8500061035156,0.0
2020-04-15,449.0,449.0,449.0,449.0,449.0,1.0
2020-04-16,449.0,449.0,449.0,449.0,449.0,0.0
2020-04-17,426.54998779296875,426.6000061035156,426.54998779296875,426.6000061035156,426.6000061035156,3.0
2020-04-20,425.0,425.0,406.0,406.0,406.0,51.0
2020-04-21,406.0,406.0,406.0,406.0,406.0,0.0
2020-04-22,406.0,406.0,406.0,406.0,406.0,0.0
2020-04-23,406.0,406.0,406.0,406.0,406.0,0.0
2020-04-24,406.0,406.0,406.0,406.0,406.0,0.0
2020-04-27,406.0,406.0,406.0,406.0,406.0,0.0
2020-04-28,406.0,406.0,406.0,406.0,406.0,0.0
2020-04-29,406.0,406.0,406.0,406.0,406.0,0.0
2020-04-30,406.1000061035156,406.1000061035156,406.1000061035156,406.1000061035156,406.1000061035156,9.0
2020-05-04,406.1000061035156,406.1000061035156,406.1000061035156,406.1000061035156,406.1000061035156,0.0
2020-05-05,406.1000061035156,406.1000061035156,406.1000061035156,406.1000061035156,406.1000061035156,0.0
2020-05-06,406.1000061035156,406.1000061035156,406.1000061035156,406.1000061035156,406.1000061035156,0.0
2020-05-07,406.1000061035156,406.1000061035156,406.1000061035156,406.1000061035156,406.1000061035156,0.0
2020-05-08,406.1000061035156,406.1000061035156,406.1000061035156,406.1000061035156,406.1000061035156,0.0
2020-05-11,406.1000061035156,406.1000061035156,406.1000061035156,406.1000061035156,406.1000061035156,0.0
2020-05-12,406.1000061035156,406.1000061035156,406.1000061035156,406.1000061035156,406.1000061035156,0.0
2020-05-13,385.79998779296875,385.79998779296875,385.79998779296875,385.79998779296875,385.79998779296875,14.0
2020-05-14,385.79998779296875,385.79998779296875,385.79998779296875,385.79998779296875,385.79998779296875,0.0
2020-05-15,385.79998779296875,385.79998779296875,385.79998779296875,385.79998779296875,385.79998779296875,3.0
2020-05-18,385.79998779296875,385.79998779296875,385.79998779296875,385.79998779296875,385.79998779296875,1.0
2020-05-19,385.79998779296875,385.79998779296875,385.79998779296875,385.79998779296875,385.79998779296875,0.0
2020-05-20,385.79998779296875,385.79998779296875,385.79998779296875,385.79998779296875,385.79998779296875,0.0
2020-05-21,385.79998779296875,385.79998779296875,385.79998779296875,385.79998779296875,385.79998779296875,0.0
2020-05-22,385.79998779296875,385.79998779296875,385.79998779296875,385.79998779296875,385.79998779296875,0.0
2020-05-26,385.79998779296875,385.79998779296875,385.79998779296875,385.79998779296875,385.79998779296875,0.0
2020-05-27,366.54998779296875,366.54998779296875,366.54998779296875,366.54998779296875,366.54998779296875,1.0
2020-05-28,366.54998779296875,366.54998779296875,366.54998779296875,366.54998779296875,366.54998779296875,0.0
2020-05-29,366.54998779296875,366.54998779296875,366.54998779296875,366.54998779296875,366.54998779296875,37.0
2020-06-01,366.54998779296875,366.54998779296875,366.54998779296875,366.54998779296875,366.54998779296875,0.0
2020-06-02,366.54998779296875,366.54998779296875,366.54998779296875,366.54998779296875,366.54998779296875,0.0
2020-06-03,360.0,360.0,360.0,360.0,360.0,5.0
2020-06-04,360.0,360.0,360.0,360.0,360.0,0.0
2020-06-05,360.0,360.0,360.0,360.0,360.0,0.0
