date,x_close,y_close
2004-10-06,0.18038172587102017,1.180971245352363
2004-10-14,0.18151193889004086,1.1817583207834148
2004-10-26,0.18097124535236314,1.1823217017795307
2004-10-28,0.18175832078341475,1.1819303011530324
2004-11-01,0.18232170177953058,1.1819952479115425
2005-01-03,0.18193030115303246,1.1815054865096173
2005-01-05,0.18199524791154256,1.1823215256708208
2005-01-06,0.18150548650961726,1.1819434559525601
2005-01-07,0.18232152567082077,1.1818489513404071
2005-01-10,0.1819434559525602,1.0946652691066454
2005-01-11,0.18184895134040713,1.0949842704183386
2005-01-14,0.09466526910664545,1.0950732166113506
2005-01-17,0.0949842704183385,1.094932823723998
2005-01-18,0.0950732166113507,1.0950649979088545
2005-01-31,0.09493282372399803,0.9625425792172071
2005-02-01,0.09506499790885445,0.9923370724499395
2005-02-02,-0.0374574207827929,0.8974844152785718
2005-02-07,-0.007662927550060452,0.8952706403466231
2005-02-11,-0.10251558472142823,0.9936709647387316
2005-02-28,-0.10472935965337699,0.9512097574002789
2005-03-11,-0.006329035261268362,0.8983363590540394
2005-03-14,-0.048790242599721104,0.895049516085685
2005-03-15,-0.10166364094596055,0.8964591175319723
2005-03-17,-0.10495048391431508,0.9195785946516662
2005-03-18,-0.10354088246802778,0.896280027860473
2005-03-22,-0.08042140534833371,0.983470730549504
2005-03-23,-0.10371997213952702,1.0
2005-03-31,-0.016529269450496077,1.0
2005-04-01,0.0,0.8822169548121571
2005-05-03,0.0,1.117783045187843
2005-05-04,-0.11778304518784292,0.7782444283203611
2005-05-09,0.11778304518784288,0.8539073494185512
2005-05-10,-0.22175557167963894,1.1815186642808815
2005-05-11,-0.14609265058144882,0.957614934353372
2005-05-12,0.1815186642808815,1.1820887650657954
2005-05-13,-0.042385065646628,1.1815451927471752
2005-05-16,0.1820887650657953,1.1527627001398066
2005-05-17,0.18154519274717518,0.9991662979785397
2005-05-18,0.1527627001398066,0.9138223146338744
2005-05-19,-0.000833702021460273,1.0444519768591254
2005-05-20,-0.0861776853661256,1.0913496999684984
2005-05-23,0.04445197685912539,1.095310110484624
2005-05-24,0.09134969996849836,1.0783763140586666
2005-05-25,0.09531011048462387,0.8953064106333419
2005-05-26,0.07837631405866667,0.9230389019292891
2005-05-30,-0.10469358936665811,0.8955280375951737
2005-05-31,-0.07696109807071091,0.9301185595739893
2005-06-01,-0.1044719624048263,0.895697152845178
2005-06-06,-0.06988144042601076,1.045462327326258
2005-06-10,-0.10430284715482194,1.0953102302186566
2005-06-13,0.045462327326258004,1.0
2005-06-14,0.09531023021865657,0.9442989657549784
2005-06-15,0.0,1.0657513127522207
2005-06-20,-0.05570103424502156,0.9046899449711416
2005-06-27,0.06575131275222063,1.0953100550288584
2005-06-28,-0.09531005502885836,1.0180187160612693
2005-07-13,0.09531005502885831,1.182321332123852
2005-07-14,0.01801871606126915,1.1818255596022569
2005-07-15,0.18232133212385182,1.1821147193114894
2005-07-18,0.18182555960225688,1.09418136373271
2005-07-19,0.18211471931148948,0.8985533115045545
2005-07-20,0.09418136373271006,0.9158256738462335
2005-07-21,-0.10144668849544546,1.0950523668486274
2005-07-22,-0.08417432615376655,0.9519824111964506
2005-07-26,0.09505236684862743,0.8976380308755589
2005-07-29,-0.0480175888035494,0.9058866321898582
2005-08-04,-0.10236196912444101,0.9528533131178282
2005-08-05,-0.09411336781014176,0.9136154619540028
2005-08-09,-0.04714668688217188,0.8971424950228944
2005-08-10,-0.08638453804599724,1.0953102109981925
2005-08-26,-0.10285750497710557,1.0946211724509094
2005-08-29,0.09531021099819255,1.0952476955215826
2005-09-01,0.09462117245090942,1.0949682319066316
2005-09-02,0.09524769552158266,1.0950510398321498
2005-09-05,0.0949682319066316,1.093896373248388
2005-09-06,0.09505103983214971,1.0953099502645571
2005-09-08,0.09389637324838791,0.9642039928251308
2005-09-09,0.09530995026455724,1.0477313118361338
2005-09-12,-0.03579600717486924,0.9742477911478093
2005-09-13,0.047731311836133765,0.9555480231408745
2005-09-20,-0.02575220885219069,0.9510962899416089
2005-09-27,-0.044451976859125546,0.9510903923742956
2006-01-10,-0.04890371005839116,0.9512098599100456
2006-01-12,-0.04890960762570439,0.9514730560884223
2006-01-13,-0.04879014008995447,0.9489974728818373
2006-01-16,-0.04852694391157776,0.9493185374389289
2006-01-17,-0.05100252711816265,0.9498325844553311
2006-01-18,-0.0506814625610711,1.0064104413561823
2006-01-19,-0.05016741554466884,0.950890217681273
2006-01-20,0.0064104413561822905,0.9727873977228183
2006-01-23,-0.049109782318726945,0.9684737123305124
2006-01-24,-0.027212602277181655,1.0035524920186338
2006-01-25,-0.0315262876694876,0.9565148772444214
2006-01-27,0.0035524920186337794,0.9699225020773075
2006-01-30,-0.04348512275557861,0.9650450557815715
2006-01-31,-0.030077497922692535,0.9678685650451897
2006-02-02,-0.03495494421842845,0.9497803411189532
2006-02-03,-0.03213143495481031,1.0485857420401556
2006-02-06,-0.050219658881046854,1.0486733829998387
2006-02-10,0.048585742040155686,1.0486416914459977
2006-02-13,0.04867338299983877,1.0485077587269764
2006-02-14,0.048641691445997726,1.0482852329945982
2006-02-15,0.048507758726976456,1.0
2006-02-16,0.04828523299459815,0.9488838370115484
2006-02-17,0.0,0.9712416877641906
2006-02-20,-0.051116162988451584,1.0484079889918392
2006-02-21,-0.028758312235809387,0.9494013738644205
2006-02-22,0.04840798899183923,0.9642819265189346
2006-02-23,-0.05059862613557949,0.9495038289430275
2006-02-24,-0.03571807348106542,0.9493356268187709
2006-02-27,-0.05049617105697245,0.9632909227115485
2006-02-28,-0.05066437318122904,0.9690922222304271
2006-03-01,-0.03670907728845155,0.9541202905127253
2006-03-02,-0.030907777769572913,0.9578079790919451
2006-03-03,-0.04587970948727475,0.959014670921534
2006-03-06,-0.04219202090805489,1.0
2006-03-08,-0.04098532907846598,0.968909402610193
2006-03-09,0.0,0.9569826252360851
2006-03-13,-0.03109059738980697,0.9777769843856837
2006-03-16,-0.04301737476391482,0.9784204334767415
2006-03-20,-0.02222301561431632,0.9493710991229061
2006-03-22,-0.021579566523258587,1.0483299907184638
2006-03-23,-0.05062890087709393,1.0482969387584247
2006-03-27,0.048329990718463826,1.0481633782615714
2006-03-30,0.04829693875842467,1.0479439385112457
2006-03-31,0.04816337826157125,1.0486003979804943
2006-04-03,0.047943938511245635,1.04815753304456
2006-04-04,0.04860039798049432,1.0485316423278943
2006-04-05,0.048157533044560066,0.9487520636003769
2006-04-07,0.04853164232789433,0.9742870229407186
2006-04-12,-0.051247936399623134,0.9494409227116456
2006-04-13,-0.025712977059281404,0.9488095693840065
2006-04-17,-0.05055907728835435,0.9781354595391818
2006-04-19,-0.05119043061599344,1.0462808022959904
2006-04-25,-0.021864540460818215,1.0480719111126147
2006-04-26,0.04628080229599035,1.0486077851915816
2006-04-28,0.048071911112614746,0.9806535497649791
2006-05-03,0.04860778519158171,1.0481252860015524
2006-05-05,-0.01934645023502087,1.048452493554061
2006-05-09,0.04812528600155235,1.0486293823840527
2006-05-10,0.048452493554060984,1.04867527791427
2006-05-12,0.048629382384052594,0.948908227730289
2006-05-15,0.04867527791427011,1.0487901114609
2006-05-17,-0.05109177226971095,0.9512098885391
2006-05-18,0.048790111460899996,1.0487901114609
2006-05-23,-0.04879011146090001,0.9592420442973048
2006-05-24,0.048790111460899996,1.0
2006-05-25,-0.040757955702695275,0.9491278420936543
2006-05-29,0.0,0.9490609576994599
2006-05-30,-0.05087215790634574,0.9491260036598081
2006-06-02,-0.05093904230054011,0.9493441799505383
2006-06-19,-0.05087399634019186,0.9497383330745299
2006-06-22,-0.05065582004946172,0.9791658118144141
2006-06-23,-0.050261666925470044,0.9492605335431644
2006-06-26,-0.020834188185585936,0.9488814865477899
2006-06-27,-0.050739466456835566,0.949810283705892
2006-06-28,-0.05111851345221007,0.9701472152466192
2006-06-29,-0.05018971629410799,0.9821651165487386
2006-06-30,-0.02985278475338086,0.9660097427641166
2006-07-03,-0.017834883451261396,0.963435329268473
2006-07-04,-0.03399025723588348,1.0013783950428488
2006-07-05,-0.036564670731527055,0.9706478093062975
2006-07-06,0.0013783950428488151,0.9857140721653822
2006-07-07,-0.029352190693702578,1.0477616579394182
2006-07-12,-0.014285927834617754,1.0482022302883927
2006-07-13,0.047761657939418306,1.0484788038182749
2006-07-24,0.04820223028839276,1.0209497376214303
2006-07-25,0.048478803818274824,0.9690378375589449
2006-07-31,0.02094973762143037,0.9549761431411822
2006-08-02,-0.03096216244105514,0.9528533131178282
2006-08-03,-0.045023856858817796,1.0
2006-08-04,-0.04714668688217188,1.048461825402188
2006-08-22,0.0,1.0487275906133557
2006-08-25,0.04846182540218796,1.0476571055183925
2006-08-29,0.04872759061335577,1.0477667321729964
2006-08-30,0.04765710551839257,1.0477602475439929
2006-09-07,0.04776673217299639,1.0486870844022798
2006-09-08,0.04776024754399287,1.0483963856740488
2006-09-11,0.04868708440227982,1.0480399478202123
2006-09-12,0.04839638567404877,0.9490029206219647
2006-09-13,0.04803994782021235,1.0481788456056085
2006-09-14,-0.05099707937803529,1.0486558687850152
2006-09-15,0.048178845605608374,0.949461037460338
2006-09-20,0.048655868785015224,0.9487562704259084
2006-09-26,-0.05053896253966191,0.992031833074097
2006-09-27,-0.05124372957409167,1.0487900661315666
2006-09-28,-0.007968166925903002,0.9492079490764079
2006-10-04,0.04879006613156666,0.9559579995814798
2006-10-05,-0.05079205092359208,0.968082313906902
2006-10-06,-0.044042000418520265,1.0086114615059916
2006-10-09,-0.031917686093097974,1.0
2006-10-11,0.008611461505991489,0.9639896178881537
2006-11-14,0.0,0.9718291796774037
2006-11-15,-0.03601038211184628,0.9496084783899805
2006-11-16,-0.0281708203225963,1.0
2006-11-24,-0.050391521610019425,1.0
2006-11-27,0.0,1.0
2006-11-28,0.0,0.9694912032248777
2006-11-29,0.0,0.9937850372536206
2006-12-01,-0.03050879677512234,1.0
2006-12-04,-0.0062149627463793985,1.0
2006-12-07,0.0,1.0545920596094867
2006-12-14,0.0,1.0483965848822352
2006-12-15,0.05459205960948663,1.0
2006-12-18,0.04839658488223524,1.0
2006-12-20,0.0,1.0
2006-12-21,0.0,1.048307839074242
2006-12-22,0.0,1.0481265193701232
2006-12-26,0.04830783907424193,1.0
2006-12-28,0.04812651937012333,1.0
2006-12-29,0.0,1.0
2007-01-03,0.0,0.9497276496547393
2007-01-04,0.0,1.0
2007-01-05,-0.050272350345260716,1.0461781448058005
2007-01-08,0.0,0.9792739107564434
2007-01-10,0.04617814480580048,1.0
2007-01-11,-0.020726089243556522,1.0
2007-01-12,0.0,1.0
2007-01-15,0.0,1.0
2007-01-16,0.0,1.0480419015764157
2007-01-18,0.0,1.0
2007-01-22,0.04804190157641571,1.0
2007-01-23,0.0,1.0
2007-01-24,0.0,1.0486952788401989
2007-01-25,0.0,1.0
2007-01-29,0.04869527884019877,1.0
2007-01-31,0.0,1.0
2007-02-01,0.0,1.0
2007-02-02,0.0,1.0
2007-02-05,0.0,1.0
2007-02-06,0.0,1.048246720324757
2007-02-07,0.0,1.0
2007-02-08,0.048246720324757054,1.0
2007-02-09,0.0,1.0
2007-02-12,0.0,1.048617579548954
2007-02-13,0.0,1.0480091710767503
2007-02-14,0.04861757954895412,1.0481634176549153
2007-02-15,0.04800917107675021,1.048192953683918
2007-02-19,0.048163417654915275,1.0481141602746962
2007-02-20,0.048192953683918065,0.9784164709607439
2007-02-21,0.04811416027469609,1.048270606780691
2007-02-22,-0.021583529039256123,1.048691097767705
2007-02-23,0.04827060678069102,1.0483186559013373
2007-02-26,0.04869109776770509,1.047891322481882
2007-02-27,0.048318655901337236,0.9830708399591731
2007-02-28,0.047891322481881986,1.0476281151634212
2007-03-01,-0.016929160040826948,0.9853583996329295
2007-03-02,0.04762811516342135,1.002945423538628
2007-03-05,-0.014641600367070495,0.9517979938704986
2007-03-06,0.002945423538627967,1.0183491016976884
2007-03-07,-0.048202006129501464,0.950300345753195
2007-03-08,0.018349101697688403,1.0
2007-03-09,-0.04969965424680502,0.9543894910792088
2007-03-12,0.0,1.0
2007-03-13,-0.04561050892079117,0.9556999279332852
2007-03-14,0.0,0.9499893905844404
2007-03-15,-0.04430007206671483,1.0
2007-03-16,-0.05001060941555952,0.9852395122738667
2007-03-19,0.0,0.9543649026368918
2007-03-20,-0.014760487726133283,1.003883385348747
2007-03-21,-0.04563509736310819,0.9523719380354182
2007-03-22,0.0038833853487468843,1.0201213631878534
2007-03-23,-0.04762806196458183,0.975805207579519
2007-03-26,0.020121363187853476,1.0
2007-03-28,-0.024194792420480924,1.0
2007-03-29,0.0,1.0
2007-03-30,0.0,1.0
2007-04-02,0.0,1.0485959262726683
2007-04-03,0.0,1.0
2007-04-04,0.04859592627266832,1.0
2007-04-05,0.0,1.0
2007-04-09,0.0,1.0
2007-04-10,0.0,1.0
2007-04-11,0.0,1.0
2007-04-12,0.0,0.9716068527525519
2007-04-13,0.0,0.9797972209747797
2007-04-16,-0.02839314724744807,0.9489215815481911
2007-04-17,-0.02020277902522032,0.9488876452656099
2007-04-18,-0.05107841845180898,1.0009036495650614
2007-04-19,-0.05111235473439008,1.0484890885701366
2007-04-20,0.0009036495650614838,1.0
2007-04-25,0.04848908857013647,1.0
2007-04-26,0.0,1.0
2007-04-27,0.0,1.0487082826107037
2007-04-30,0.0,1.0487900838105333
2007-05-03,0.04870828261070361,1.048752871841335
2007-05-04,0.048790083810533194,1.0486131701026449
2007-05-07,0.04875287184133495,1.0483853867534016
2007-05-08,0.048613170102644765,1.0120726123523611
2007-05-09,0.0483853867534016,1.023065316446608
2007-05-10,0.012072612352361102,1.047703787405055
2007-05-11,0.02306531644660785,1.021506161688887
2007-05-14,0.04770378740505494,1.0210532857813623
2007-05-15,0.02150616168888704,0.9574405525297507
2007-05-16,0.021053285781362265,1.0
2007-05-17,-0.04255944747024934,1.0
2007-05-18,0.0,0.9937693772537795
2007-05-21,0.0,1.0
2007-05-22,-0.006230622746220599,0.9552641067192824
2007-05-23,0.0,1.0129872586116875
2007-05-24,-0.04473589328071758,0.9672101535635879
2007-05-25,0.012987258611687424,1.0
2007-05-28,-0.03278984643641213,1.0
2007-05-29,0.0,1.0
2007-05-30,0.0,1.0
2007-06-01,0.0,0.9494080488466453
2007-06-04,0.0,0.9815989293416658
2007-06-05,-0.05059195115335464,1.0
2007-06-06,-0.018401070658334143,1.0
2007-06-11,0.0,1.0
2007-06-12,0.0,1.0
2007-06-13,0.0,0.9494585231007517
2007-06-14,0.0,1.0
2007-06-15,-0.05054147689924831,1.0483966585975177
2007-06-22,0.0,1.0
2007-06-25,0.04839665859751766,1.0
2007-06-26,0.0,1.0
2007-06-27,0.0,1.0
2007-06-28,0.0,0.949346795737486
2007-07-02,0.0,1.0
2007-07-03,-0.050653204262514,1.0485031850666853
2007-07-04,0.0,1.0483118866235068
2007-07-05,0.04850318506668531,1.0
2007-07-06,0.04831188662350673,1.0
2007-07-09,0.0,1.0
2007-07-10,0.0,1.0081687954358622
2007-07-11,0.0,1.0483056577586287
2007-07-12,0.008168795435862315,1.0
2007-07-13,0.04830565775862882,0.9489789113496878
2007-07-16,0.0,1.0
2007-07-17,-0.0510210886503122,1.0
2007-07-18,0.0,0.9491002514482297
2007-07-24,0.0,1.0
2007-07-25,-0.050899748551770214,1.0433937394573067
2007-07-27,0.0,0.9494273952086776
2007-07-31,0.04339373945730666,0.9490099309078536
2007-08-01,-0.0505726047913224,1.0
2007-08-02,-0.050990069092146394,1.0
2007-08-03,0.0,1.0
2007-08-06,0.0,1.0
2007-08-07,0.0,1.0481040899246608
2007-08-08,0.0,1.0486525994675693
2007-08-09,0.04810408992466083,1.0
2007-08-10,0.04865259946756934,1.0
2007-08-13,0.0,1.0
2007-08-16,0.0,1.0
2007-08-17,0.0,1.0
2007-08-20,0.0,1.0
2007-08-21,0.0,1.0
2007-08-22,0.0,1.0
2007-08-23,0.0,1.0
2007-08-28,0.0,1.048363870677751
2007-09-03,0.0,1.0
2007-09-06,0.048363870677750845,1.0
2007-09-07,0.0,1.0486340328373467
2007-09-11,0.0,1.0
2007-09-13,0.04863403283734661,1.0
2007-09-14,0.0,1.0
2007-09-19,0.0,1.0
2007-09-20,0.0,0.9487395936353827
2007-09-21,0.0,1.0
2007-09-24,-0.051260406364617254,1.0
2007-09-27,0.0,0.9894250703776171
2007-09-28,0.0,1.0
2007-10-01,-0.010574929622382923,1.0
2007-10-04,0.0,1.0
2007-10-08,0.0,1.0
2007-10-10,0.0,1.0
2007-10-11,0.0,1.0294618806355793
2007-10-16,0.0,1.0
2007-10-17,0.02946188063557938,1.0472527908509626
2007-10-23,0.0,1.0480573648032723
2007-10-24,0.04725279085096266,1.0486504902288447
2007-10-25,0.04805736480327235,1.0329699545796482
2007-10-26,0.048650490228844795,1.0187422188067552
2007-10-29,0.03296995457964813,1.0339015565298995
2007-10-30,0.018742218806755116,1.0076629275500606
2007-10-31,0.033901556529899485,1.0
2007-11-01,0.007662927550060515,1.0
2007-11-02,0.0,0.9504462884509384
2007-11-05,0.0,0.9506748868425673
2007-11-06,-0.049553711549061574,1.0
2007-11-07,-0.0493251131574327,0.9743939448762275
2007-11-08,0.0,1.0
2007-11-12,-0.025606055123772477,1.0367792563376967
2007-11-13,0.0,0.9603346651520847
2007-11-14,0.03677925633769683,1.047964121277953
2007-11-15,-0.03966533484791532,1.0483964479724477
2007-11-16,0.04796412127795289,1.0486653575070133
2007-11-19,0.04839644797244766,1.0487900661315666
2007-11-20,0.04866535750701329,1.0487902575388277
2007-11-21,0.04879006613156666,1.0486820810350952
2007-11-22,0.04879025753882773,1.0484816466697988
2007-11-23,0.048682081035095276,1.0482021137789241
2007-11-26,0.04848164666979875,1.0478558742915043
2007-11-27,0.0482021137789241,1.0474542663675772
2007-11-28,0.047855874291504286,0.9636983460089427
2007-11-29,0.04745426636757724,0.9604096654348699
2007-11-30,-0.03630165399105734,0.9961462268630845
2007-12-03,-0.03959033456513011,0.9666308687682638
2007-12-04,-0.003853773136915525,1.0
2007-12-05,-0.03336913123173624,0.9550945844044438
2007-12-06,0.0,1.0
2007-12-07,-0.04490541559555612,1.0468994850647657
2007-12-11,0.0,1.0486004917292917
2007-12-12,0.04689948506476571,1.0427176946438474
2007-12-13,0.0486004917292916,1.0180183718146694
2007-12-14,0.04271769464384749,1.0436754062162164
2007-12-17,0.018018371814669417,0.9364864388896679
2007-12-18,0.04367540621621634,0.9853207661708797
2007-12-19,-0.06351356111033216,1.0
2007-12-20,-0.014679233829120297,1.0
2007-12-24,0.0,1.0164990169085666
2007-12-26,0.0,1.0479240375862722
2007-12-27,0.01649901690856654,1.0051857791224716
2007-12-28,0.047924037586272075,1.0136988173132324
2007-12-31,0.005185779122471665,0.9689094748486218
2008-01-01,0.0136988173132325,1.0479542984147971
2008-01-02,-0.031090525151378258,1.0016709784283222
2008-01-03,0.04795429841479725,1.0328436966314396
2008-01-04,0.0016709784283222698,1.0160259508792082
2008-01-07,0.03284369663143962,0.9359911831521138
2008-01-08,0.016025950879208144,0.9495984207060114
2008-01-09,-0.06400881684788615,0.9488005210300534
2008-01-10,-0.050401579293988544,0.9499894658566692
2008-01-11,-0.05119947896994664,1.0481326546935332
2008-01-14,-0.050010534143330836,1.0477153768697183
2008-01-15,0.048132654693533165,1.008920794555679
2008-01-17,0.047715376869718204,1.0
2008-01-18,0.008920794555678964,1.0
2008-01-21,0.0,0.9489869206267698
2008-01-22,0.0,1.0
2008-01-24,-0.05101307937323022,1.0
2008-01-25,0.0,1.0
2008-01-28,0.0,1.0
2008-01-29,0.0,0.9501813666285387
2008-01-30,0.0,0.949636936519559
2008-01-31,-0.04981863337146134,0.9491416892941693
2008-02-01,-0.050363063480440944,0.9509922154361546
2008-02-04,-0.050858310705830675,1.0
2008-02-05,-0.0490077845638454,1.0
2008-02-06,0.0,0.9508674092637664
2008-02-07,0.0,0.9533657429628938
2008-02-08,-0.04913259073623358,1.0050126004492013
2008-02-11,-0.0466342570371062,0.9513346424929867
2008-02-15,0.005012600449201179,0.9488450108502439
2008-02-19,-0.04866535750701328,0.9489974728818373
2008-02-25,-0.051154989149756136,0.9493185374389289
2008-02-26,-0.05100252711816265,1.0
2008-02-27,-0.0506814625610711,1.0
2008-02-28,0.0,1.0
2008-02-29,0.0,0.9498325844553311
2008-03-03,0.0,1.0
2008-03-05,-0.05016741554466884,1.0
2008-03-07,0.0,1.0471045482474632
2008-03-10,0.0,0.9496749318668372
2008-03-12,0.04710454824746329,0.9504029763137088
2008-03-13,-0.05032506813316289,1.013468190908916
2008-03-14,-0.04959702368629118,1.0
2008-03-17,0.013468190908916107,1.0
2008-03-18,0.0,0.9520457015852029
2008-03-24,0.0,1.0
2008-03-25,-0.04795429841479714,1.0
2008-03-26,0.0,1.0479542984147971
2008-03-27,0.0,1.0
2008-03-28,0.04795429841479725,1.0
2008-03-31,0.0,1.0
2008-04-01,0.0,1.0
2008-04-03,0.0,1.003338986340963
2008-04-04,0.0,1.048790242599721
2008-04-07,0.0033389863409630295,1.0
2008-04-08,0.04879024259972107,1.0483365807233023
2008-04-09,0.0,1.0
2008-04-10,0.048336580723302186,1.0
2008-04-11,0.0,1.0484154466325653
2008-04-15,0.0,1.0483784597649033
2008-04-17,0.04841544663256531,1.0487640742367865
2008-04-21,0.04837845976490337,1.0484912236739694
2008-04-23,0.048764074236786484,1.0448199060581331
2008-04-24,0.04849122367396937,1.0
2008-04-25,0.04481990605813313,0.9491829218581657
2008-04-28,0.0,1.0005012778632116
2008-04-29,-0.050817078141834386,1.0
2008-04-30,0.000501277863211711,0.9994987221367884
2008-05-02,0.0,1.0465201250870582
2008-05-06,-0.0005012778632116902,0.9806755660386491
2008-05-07,0.046520125087058245,1.0240976376610964
2008-05-08,-0.01932443396135083,0.9512099338684332
2008-05-09,0.024097637661096453,1.0246924284704702
2008-05-12,-0.04879006613156676,1.0
2008-05-13,0.02469242847047025,1.047628217149504
2008-05-20,0.0,1.0476819748280386
2008-05-21,0.04762821714950399,1.037000946530732
2008-05-22,0.04768197482803849,1.0
2008-05-23,0.03700094653073184,1.0
2008-05-26,0.0,1.0
2008-05-27,0.0,1.002134644116791
2008-05-28,0.0,0.9497160430228752
2008-05-29,0.002134644116791112,1.0
2008-05-30,-0.050283956977124844,0.9494147316959418
2008-06-02,0.0,1.0
2008-06-03,-0.050585268304058205,1.0
2008-06-04,0.0,1.0
2008-06-05,0.0,1.0
2008-06-06,0.0,1.0
2008-06-09,0.0,1.0
2008-06-10,0.0,1.0
2008-06-11,0.0,1.0
2008-06-12,0.0,1.0023555794861374
2008-06-16,0.0,1.0
2008-06-17,0.00235557948613743,1.0
2008-06-18,0.0,1.0
2008-06-26,0.0,0.9493256772215322
2008-06-27,0.0,0.9492276342830225
2008-06-30,-0.050674322778467805,0.949254901466792
2008-07-01,-0.05077236571697757,1.0
2008-07-02,-0.05074509853320796,1.0
2008-07-03,0.0,1.0
2008-07-07,0.0,1.0
2008-07-08,0.0,1.0481377551833715
2008-07-09,0.0,1.0
2008-07-10,0.048137755183371496,1.048416997813069
2008-07-14,0.0,1.0485531283291976
2008-07-15,0.048416997813069074,1.0485644874322575
2008-07-16,0.04855312832919757,1.0484677188288352
2008-07-17,0.04856448743225758,1.048278071638318
2008-07-18,0.048467718828835056,1.0480091189888576
2008-07-21,0.048278071638318,1.0476734257391294
2008-07-22,0.0480091189888576,1.0074211695973636
2008-07-23,0.04767342573912929,0.9488041439634092
2008-07-24,0.007421169597363682,1.0
2008-07-25,-0.05119585603659078,1.0
2008-07-28,0.0,1.0
2008-07-29,0.0,1.0
2008-07-30,0.0,1.0
2008-07-31,0.0,1.0
2008-08-01,0.0,1.0
2008-08-04,0.0,0.9921873693685664
2008-08-05,0.0,1.0
2008-08-06,-0.007812630631433535,1.0478558742915043
2008-08-07,0.0,1.0474542663675772
2008-08-08,0.047855874291504286,1.0470059969394856
2008-08-11,0.04745426636757724,0.942241331893916
2008-08-12,0.047005996939485574,1.0
2008-08-13,-0.05775866810608397,1.0
2008-08-14,0.0,1.0
2008-08-18,0.0,1.008968405898777
2008-08-20,0.0,0.9636325264876419
2008-08-21,0.008968405898776963,1.0
2008-08-22,-0.03636747351235809,1.0
2008-08-25,0.0,1.0487901157556714
2008-08-26,0.0,1.0
2008-08-27,0.04879011575567131,1.0
2008-08-28,0.0,1.0
2008-08-29,0.0,0.949356370296265
2008-09-02,0.0,1.0
2008-09-04,-0.050643629703734996,1.0
2008-09-05,0.0,1.0
2008-09-08,0.0,1.0276695812451342
2008-09-10,0.0,1.0
2008-09-11,0.02766958124513409,1.0
2008-09-12,0.0,0.9500395032253767
2008-09-15,0.0,1.0480093379864468
2008-09-16,-0.04996049677462328,1.0
2008-09-17,0.048009337986446875,0.9901864883962429
2008-09-19,0.0,1.0
2008-09-22,-0.009813511603757121,1.003936988733826
2008-09-23,0.0,1.0
2008-09-24,0.0039369887338260865,1.0
2008-09-26,0.0,1.0
2008-10-01,0.0,1.0
2008-10-03,0.0,1.0
2008-10-06,0.0,1.0
2008-10-07,0.0,1.0
2008-10-08,0.0,0.9496369448395423
2008-10-10,0.0,1.0
2008-10-13,-0.05036305516045774,1.0
2008-10-14,0.0,1.0
2008-10-16,0.0,1.0
2008-10-17,0.0,1.0
2008-10-20,0.0,1.0
2008-10-21,0.0,1.0
2008-10-22,0.0,0.9491414640547388
2008-10-23,0.0,0.9509922619646174
2008-10-24,-0.05085853594526122,0.9508673656871495
2008-10-27,-0.04900773803538256,1.0468471070378584
2008-10-31,-0.04913263431285052,1.0
2008-11-03,0.04684710703785843,1.006841547941332
2008-11-04,0.0,1.0
2008-11-05,0.006841547941332006,1.0
2008-11-06,0.0,0.9510961359412209
2008-11-07,0.0,1.0
2008-11-10,-0.04890386405877916,1.0
2008-11-11,0.0,1.0
2008-11-12,0.0,1.0
2008-11-14,0.0,0.9733962934305261
2008-11-17,0.0,0.9751847288408443
2008-11-18,-0.02660370656947381,0.9745533580368188
2008-11-19,-0.024815271159155702,1.0
2008-11-21,-0.025446641963181294,0.9738890154108617
2008-11-24,0.0,0.9512097215372711
2008-11-25,-0.026110984589138353,1.0
2008-11-26,-0.048790278462728855,1.0
2008-11-28,0.0,1.0
2008-12-01,0.0,0.9660984385873639
2008-12-02,0.0,1.0
2008-12-04,-0.03390156141263608,1.0
2008-12-05,0.0,1.0
2008-12-10,0.0,1.0
2008-12-12,0.0,1.0
2008-12-17,0.0,1.0
2008-12-18,0.0,1.0
2008-12-24,0.0,1.0
2008-12-29,0.0,1.0
2008-12-30,0.0,1.0
2008-12-31,0.0,1.0
2009-01-02,0.0,1.0
2009-01-05,0.0,1.0
2009-01-07,0.0,0.9499158997944801
2009-01-09,0.0,1.0
2009-01-12,-0.050084100205519906,0.9536238044373345
2009-01-13,0.0,0.951368098453493
2009-01-14,-0.04637619556266549,1.0
2009-01-15,-0.04863190154650702,1.0
2009-01-16,0.0,0.9798651290836198
2009-01-19,0.0,1.0
2009-01-20,-0.02013487091638018,1.0
2009-01-21,0.0,0.9513793464104904
2009-01-22,0.0,1.0
2009-01-23,-0.04862065358950957,1.0
2009-01-27,0.0,1.0
2009-01-28,0.0,1.0
2009-01-29,0.0,1.0
2009-01-30,0.0,1.0
2009-02-02,0.0,1.0
2009-02-05,0.0,1.0486206535895095
2009-02-06,0.0,1.048305710358599
2009-02-09,0.04862065358950956,1.0485440984018604
2009-02-10,0.048305710358598986,1.0
2009-02-11,0.04854409840186026,1.0
2009-02-12,0.0,1.0
2009-02-13,0.0,1.0
2009-02-16,0.0,1.04864358204378
2009-02-17,0.0,1.0
2009-02-18,0.048643582043780054,1.0
2009-02-20,0.0,1.0
2009-02-24,0.0,1.0
2009-02-25,0.0,1.0
2009-02-26,0.0,1.0
2009-02-27,0.0,1.0
2009-03-02,0.0,1.0424619350686286
2009-03-03,0.0,0.9772717423582048
2009-03-04,0.04246193506862871,0.9767431309625878
2009-03-05,-0.022728257641795223,1.0
2009-03-06,-0.023256869037412142,1.0
2009-03-09,0.0,1.0
2009-03-12,0.0,1.0
2009-03-13,0.0,1.0
2009-03-16,0.0,1.0
2009-03-17,0.0,1.0
2009-03-18,0.0,1.0
2009-03-19,0.0,1.0487903029823986
2009-03-20,0.0,1.046520005927693
2009-03-23,0.04879030298239855,1.0
2009-03-24,0.04652000592769297,1.0
2009-03-25,0.0,1.0
2009-03-26,0.0,1.0
2009-03-27,0.0,1.0
2009-03-30,0.0,1.0
2009-03-31,0.0,1.0
2009-04-01,0.0,1.0
2009-04-02,0.0,1.0
2009-04-06,0.0,1.0
2009-04-08,0.0,0.9973225025418441
2009-04-09,0.0,1.0
2009-04-13,-0.002677497458155948,1.0
2009-04-15,0.0,1.0
2009-04-17,0.0,1.0
2009-04-20,0.0,1.0
2009-04-21,0.0,1.0
2009-04-22,0.0,1.0
2009-04-23,0.0,1.0
2009-04-24,0.0,1.0471291861698573
2009-04-27,0.0,1.0
2009-04-28,0.04712918616985733,1.0
2009-04-29,0.0,1.0
2009-05-04,0.0,1.0
2009-05-05,0.0,1.0
2009-05-06,0.0,1.0
2009-05-07,0.0,1.0
2009-05-11,0.0,1.0
2009-05-12,0.0,1.0
2009-05-13,0.0,1.0474493785679044
2009-05-14,0.0,1.0
2009-05-15,0.04744937856790444,1.0476283070158106
2009-05-19,0.0,1.0
2009-05-20,0.047628307015810514,1.047682013661325
2009-05-21,0.0,1.0476280909234827
2009-05-22,0.04768201366132492,1.0126052389798696
2009-05-25,0.04762809092348277,1.002085440835182
2009-05-26,0.012605238979869558,1.0
2009-05-27,0.0020854408351819696,1.0
2009-05-28,0.0,1.048790179296487
2009-05-29,0.0,1.0
2009-06-01,0.048790179296487095,1.0
2009-06-02,0.0,0.9718291921855536
2009-06-03,0.0,1.0
2009-06-04,-0.028170807814446343,1.0
2009-06-05,0.0,1.0
2009-06-08,0.0,1.0
2009-06-09,0.0,1.0
2009-06-10,0.0,1.0
2009-06-11,0.0,1.0
2009-06-12,0.0,1.0
2009-06-15,0.0,1.0
2009-06-16,0.0,1.0
2009-06-17,0.0,1.0
2009-06-18,0.0,1.0
2009-06-19,0.0,1.0081300765288044
2009-06-22,0.0,1.0
2009-06-23,0.008130076528804422,1.0
2009-06-24,0.0,1.0
2009-06-25,0.0,0.9712505519891548
2009-06-26,0.0,1.048790179296487
2009-06-29,-0.028749448010845263,1.0312525528130616
2009-06-30,0.048790179296487095,1.0487900617709005
2009-07-01,0.03125255281306169,1.0
2009-07-02,0.048790061770900534,1.0
2009-07-03,0.0,1.0
2009-07-06,0.0,1.0
2009-07-07,0.0,1.0
2009-07-08,0.0,1.0
2009-07-09,0.0,1.0
2009-07-10,0.0,1.0
2009-07-13,0.0,1.0465201891200024
2009-07-14,0.0,1.0
2009-07-15,0.04652018912000234,0.9625957285923591
2009-07-16,0.0,0.9761237552953401
2009-07-17,-0.03740427140764094,1.0
2009-07-20,-0.02387624470465988,1.0
2009-07-21,0.0,1.0
2009-07-22,0.0,1.0
2009-07-23,0.0,0.9981394982816616
2009-07-24,0.0,1.0
2009-07-27,-0.001860501718338364,1.0
2009-07-28,0.0,1.0
2009-07-29,0.0,1.0
2009-07-30,0.0,1.0
2009-07-31,0.0,1.0
2009-08-03,0.0,1.0
2009-08-04,0.0,1.0
2009-08-05,0.0,1.0
2009-08-07,0.0,0.9868789434681576
2009-08-10,0.0,1.0478913708405881
2009-08-11,-0.01312105653184241,1.0474188264000681
2009-08-12,0.047891370840588046,1.0485452658241576
2009-08-13,0.04741882640006814,1.0478558092824521
2009-08-14,0.04854526582415753,1.0486418986080654
2009-08-17,0.047855809282452144,1.0478005214920416
2009-08-18,0.048641898608065365,1.0483185304738651
2009-08-19,0.04780052149204171,1.1040776837890185
2009-08-20,0.04831853047386508,1.0012828318688078
2009-08-21,0.10407768378901847,0.9500553118516888
2009-08-24,0.0012828318688079302,1.0486618562795031
2009-08-25,-0.0499446881483112,1.047627998744699
2009-08-26,0.04866185627950322,1.015786499844572
2009-08-27,0.047627998744699085,0.9569165166181773
2009-08-28,0.015786499844571943,0.9809518166613598
2009-08-31,-0.0430834833818227,0.9500553118516888
2009-09-01,-0.019048183338640275,0.975442164256461
2009-09-02,-0.0499446881483112,0.9677164692563951
2009-09-04,-0.02455783574353901,1.026743331549447
2009-09-07,-0.03228353074360495,1.0487901991532962
2009-09-08,0.026743331549446876,0.9498199919804968
2009-09-09,0.048790199153296125,0.9588302902727752
2009-09-10,-0.05018000801950318,0.9494690564323685
2009-09-11,-0.041169709727224814,0.9595590790775946
2009-09-14,-0.050530943567631575,1.0141846263915697
2009-09-15,-0.04044092092240533,0.9502704319206526
2009-09-16,0.014184626391569777,0.9834159357328444
2009-09-17,-0.04972956807934737,0.9520455273115213
2009-09-18,-0.016584064267155592,1.0479544726884786
2009-09-22,-0.047954472688478716,1.047355730123938
2009-09-23,0.047954472688478654,1.048258386146725
2009-09-24,0.04735573012393809,1.0474867541743071
2009-09-25,0.048258386146724855,1.04809971778759
2009-09-29,0.047486754174307144,1.0485272013474853
2009-09-30,0.04809971778758992,1.0487899864045467
2009-10-01,0.048527201347485296,1.0393170028602812
2009-10-05,0.04878998640454675,1.016726937409812
2009-10-06,0.039317002860281086,0.9952494384804577
2009-10-07,0.016726937409812122,0.9512097900335114
2009-10-08,-0.004750561519542329,0.9987493793911
2009-10-09,-0.048790209966488675,0.9499574654202909
2009-10-12,-0.0012506206089000114,1.0
2009-10-14,-0.05004253457970907,1.0487899864045467
2009-10-15,0.0,0.9512100135954532
2009-10-16,0.04878998640454675,1.0259753225443649
2009-10-20,-0.048789986404546806,1.0
2009-10-21,0.025975322544364896,0.974024677455635
2009-10-22,0.0,1.0
2009-10-23,-0.02597532254436498,1.033638251763111
2009-10-26,0.0,0.9491082347185672
2009-10-27,0.03363825176311101,1.043228836062687
2009-10-28,-0.05089176528143279,0.9500553118516888
2009-10-29,0.0432288360626868,0.951681407329471
2009-10-30,-0.0499446881483112,1.0
2009-11-03,-0.048318592670528966,0.961062084962842
2009-11-04,0.0,1.0487902954992336
2009-11-05,-0.03893791503715802,1.0451820642940777
2009-11-06,0.04879029549923373,0.9491999246199732
2009-11-09,0.04518206429407776,1.0
2009-11-10,-0.050800075380026795,0.9509280440905451
2009-11-11,0.0,1.0476624907217846
2009-11-12,-0.04907195590945492,0.959706852719438
2009-11-13,0.04766249072178456,1.0459190600924504
2009-11-16,-0.04029314728056199,1.0479215056254083
2009-11-17,0.04591906009245038,0.9492694605089076
2009-11-18,0.04792150562540825,0.9495206303320113
2009-11-19,-0.05073053949109246,0.9760468219207474
2009-11-20,-0.050479369667988716,1.0
2009-11-23,-0.02395317807925254,1.015037819729844
2009-11-24,0.0,1.0
2009-11-25,0.015037819729843973,1.0
2009-11-26,0.0,0.9849621802701559
2009-11-27,0.0,1.0
2009-11-30,-0.01503781972984406,1.0
2009-12-01,0.0,0.9692283117342958
2009-12-02,0.0,1.0487900389430933
2009-12-03,-0.030771688265704193,1.0
2009-12-04,0.04879003894309331,1.0
2009-12-07,0.0,1.0
2009-12-08,0.0,1.0
2009-12-09,0.0,1.0
2009-12-10,0.0,1.0
2009-12-11,0.0,1.0
2009-12-14,0.0,1.040822066078165
2009-12-15,0.0,0.9885057198453451
2009-12-16,0.04082206607816509,0.952653863399101
2009-12-17,-0.011494280154654939,1.0
2009-12-18,-0.047346136600899084,1.0
2009-12-21,0.0,1.0357181298964868
2009-12-22,0.0,1.0
2010-01-04,0.03571812989648681,1.008733673855494
2010-01-05,0.0,1.0
2010-01-06,0.008733673855494038,1.0115275431118185
2010-01-07,0.0,1.0
2010-01-08,0.01152754311181858,1.0
2010-01-11,0.0,0.9590584728660446
2010-01-12,0.0,0.9849621802701559
2010-01-13,-0.04094152713395543,1.0
2010-01-14,-0.01503781972984406,1.0458999825262458
2010-01-15,0.0,0.9985518212257349
2010-01-18,0.04589998252624592,1.0
2010-01-19,-0.0014481787742650467,0.9555481962480191
2010-01-20,0.0,0.9692283117342958
2010-01-21,-0.04445180375198089,0.968251347736392
2010-01-22,-0.030771688265704193,1.0
2010-01-28,-0.03174865226360803,1.0487900829165873
2010-01-29,0.0,1.0
2010-02-01,0.04879008291658725,0.9829585693470206
2010-02-02,0.0,0.968251347736392
2010-02-03,-0.017041430652979306,0.9837394638706071
2010-02-04,-0.03174865226360803,1.0
2010-02-05,-0.016260536129392957,1.0
2010-02-08,0.0,1.0
2010-02-09,0.0,1.0
2010-02-10,0.0,1.0
2010-02-11,0.0,1.0
2010-02-15,0.0,1.0
2010-02-16,0.0,1.0
2010-02-17,0.0,1.0
2010-02-18,0.0,1.0
2010-02-19,0.0,1.0
2010-02-22,0.0,0.949569097443521
2010-02-23,0.0,1.0
2010-02-24,-0.05043090255647897,1.0
2010-02-25,0.0,1.0
2010-02-26,0.0,1.0
2010-03-02,0.0,0.9505199445389885
2010-03-03,0.0,1.0
2010-03-04,-0.04948005546101155,1.0
2010-03-05,0.0,1.0
2010-03-08,0.0,1.0
2010-03-10,0.0,1.047754485911393
2010-03-11,0.0,0.9737517915956286
2010-03-12,0.04775448591139304,1.010582017787706
2010-03-15,-0.0262482084043714,1.0
2010-03-16,0.010582017787706142,0.9569826408741563
2010-03-17,0.0,0.9740245599500367
2010-03-18,-0.04301735912584367,1.0149256997631975
2010-03-19,-0.02597544004996337,1.0
2010-03-22,0.014925699763197414,1.0452565033263408
2010-03-23,0.0,0.9584403263524641
2010-03-25,0.04525650332634081,0.9624015510904698
2010-03-26,-0.04155967364753593,1.0486077269704968
2010-03-29,-0.037598448909530256,1.0305503955865696
2010-03-30,0.04860772697049681,1.0
2010-03-31,0.030550395586569575,1.0483686654113809
2010-04-01,0.0,1.04613675815051
2010-04-05,0.048368665411380914,1.048713323936246
2010-04-06,0.046136758150510104,1.0479135178660859
2010-04-07,0.04871332393624614,1.0485116404592676
2010-04-08,0.047913517866086,1.0475957330183292
2010-04-09,0.048511640459267535,1.0479676411903256
2010-04-12,0.04759573301832917,0.9949238300857578
2010-04-13,0.04796764119032559,0.9948979310610129
2010-04-15,-0.005076169914242196,0.9714638171758763
2010-04-16,-0.005102068938987115,1.0
2010-04-19,-0.028536182824123773,1.0
2010-04-20,0.0,0.9733316657047448
2010-04-21,0.0,1.0
2010-04-22,-0.026668334295255152,1.0
2010-04-23,0.0,1.0475022398611407
2010-04-26,0.0,1.0
2010-04-27,0.04750223986114056,1.0279560808386612
2010-04-28,0.0,1.04771538751035
2010-04-29,0.027956080838661256,1.0478225902814617
2010-04-30,0.047715387510350066,0.9746238349719615
2010-05-03,0.047822590281461665,0.9799403623305534
2010-05-04,-0.02537616502803848,0.9524009936897356
2010-05-05,-0.02005963766944661,1.0
2010-05-06,-0.047599006310264355,0.9759632941041787
2010-05-07,0.0,1.0487292246580704
2010-05-10,-0.024036705895821322,0.9765566598153368
2010-05-11,0.0487292246580704,1.042767794269931
2010-05-12,-0.02344334018466322,1.0047732371189717
2010-05-13,0.04276779426993103,0.9499591694246113
2010-05-14,0.004773237118971805,0.9949809713032961
2010-05-17,-0.05004083057538862,0.9680483990150857
2010-05-18,-0.005019028696703894,0.986928095101909
2010-05-19,-0.031951600984914286,0.9733316657047448
2010-05-20,-0.013071904898090972,1.0
2010-05-21,-0.026668334295255152,0.9586147453969064
2010-05-24,0.0,1.0
2010-05-25,-0.04138525460309361,1.0
2010-05-26,0.0,1.0
2010-05-27,0.0,1.0139861883567054
2010-05-28,0.0,1.0
2010-05-31,0.013986188356705401,1.0
2010-06-01,0.0,1.0
2010-06-02,0.0,1.0273990662463883
2010-06-03,0.0,1.0094148207769331
2010-06-04,0.0273990662463883,1.0
2010-06-07,0.009414820776933223,1.0
2010-06-08,0.0,1.017253513518322
2010-06-09,0.0,1.0
2010-06-10,0.017253513518321946,1.0
2010-06-11,0.0,0.9665518743940229
2010-06-14,0.0,1.0478180339655803
2010-06-15,-0.03344812560597711,1.0116054141847617
2010-06-16,0.04781803396558035,1.0
2010-06-17,0.011605414184761752,1.0
2010-06-18,0.0,1.025317832644244
2010-06-21,0.0,1.0
2010-06-22,0.02531783264424413,1.0
2010-06-23,0.0,1.0
2010-06-24,0.0,0.9500215998629866
2010-06-25,0.0,1.02849934143787
2010-06-28,-0.049978400137013324,1.022728237276729
2010-06-29,0.028499341437870095,1.0234433401846632
2010-06-30,0.02272823727672902,0.9627287477264951
2010-07-01,0.023443340184663226,1.0250013247496776
2010-07-02,-0.037271252273504946,0.9506541619325725
2010-07-05,0.025001324749677624,1.0
2010-07-06,-0.049345838067427525,0.9494571921824629
2010-07-07,0.0,1.0
2010-07-08,-0.05054280781753711,1.0479453640185397
2010-07-09,0.0,1.04823252635646
2010-07-12,0.04794536401853972,1.048377190299809
2010-07-13,0.04823252635645999,1.0483965077813975
2010-07-14,0.04837719029980882,1.0483080713123927
2010-07-15,0.04839650778139757,1.007474583399096
2010-07-16,0.04830807131239269,1.0365575548087682
2010-07-19,0.0074745833990958865,0.9958891319962454
2010-07-20,0.03655755480876825,1.0482504340038559
2010-07-21,-0.004110868003754625,1.047901877625743
2010-07-22,0.04825043400385577,1.0340262639803313
2010-07-23,0.04790187762574299,1.0027088469036758
2010-07-26,0.03402626398033121,1.0009013207845294
2010-07-27,0.002708846903675718,0.9909501124942346
2010-07-28,0.0009013207845293492,1.0322031201762216
2010-07-29,-0.009049887505765384,0.9677968798237785
2010-07-30,0.03220312017622152,0.9496631269940017
2010-08-02,-0.03220312017622151,0.9845855701413281
2010-08-03,-0.050336873005998296,0.9704410268865197
2010-08-04,-0.015414429858671913,1.0217615427856366
2010-08-05,-0.029558973113480304,0.9661659799412735
2010-08-06,0.021761542785636665,0.9712506390352964
2010-08-09,-0.0338340200587265,1.0
2010-08-10,-0.028749360964703586,1.0
2010-08-11,0.0,0.9789465716185608
2010-08-12,0.0,0.9893047526883877
2010-08-13,-0.02105342838143921,1.0106952473116122
2010-08-16,-0.010695247311612305,1.0487900180086056
2010-08-17,0.010695247311612211,1.0120848290476545
2010-08-18,0.04879001800860564,1.0
2010-08-19,0.012084829047654441,0.998998385862266
2010-08-20,0.0,1.001001614137734
2010-08-23,-0.0010016141377340343,0.9807977887919682
2010-08-24,0.0010016141377339996,1.0
2010-08-25,-0.01920221120803177,1.0
2010-08-26,0.0,0.979380792533211
2010-08-27,0.0,1.0
2010-08-30,-0.02061920746678897,1.020619207466789
2010-08-31,0.0,1.0020387680695606
2010-09-01,0.020619207466789084,0.9897644368603256
2010-09-02,0.0020387680695605212,1.0020556296178533
2010-09-03,-0.010235563139674426,1.0061411654522607
2010-09-06,0.0020556296178532714,1.0668629847766922
2010-09-07,0.0061411654522606504,0.9849620781315023
2010-09-08,0.06686298477669213,0.9898475353558153
2010-09-09,-0.01503792186849778,0.9989791933611666
2010-09-13,-0.010152464644184766,1.0111732712830181
2010-09-14,-0.0010208066388334247,0.9744233040155681
2010-09-15,0.011173271283018074,0.9769381477402175
2010-09-16,-0.025576695984431897,0.9643782128181372
2010-09-17,-0.023061852259782557,0.9777768654933083
2010-09-20,-0.035621787181862825,1.0
2010-09-21,-0.022223134506691628,1.010061498879247
2010-09-28,0.0,0.9786389470446589
2010-09-30,0.010061498879246917,0.9770104842131543
2010-10-05,-0.02136105295534103,1.0331647701307438
2010-10-08,-0.022989515786845733,0.9898247456561018
2010-10-11,0.03316477013074389,0.9770104842131543
2010-10-12,-0.010175254343898262,1.0057971703870439
2010-10-13,-0.022989515786845733,0.9942028296129563
2010-10-15,0.005797170387043786,0.96449320427755
2010-10-20,-0.005797170387043759,1.03550679572245
2010-10-21,-0.03550679572244997,1.0487901692773147
2010-10-22,0.03550679572244992,1.04863179754125
2010-10-25,0.048790169277314825,1.0483884128948184
2010-10-26,0.04863179754125002,0.9641905043274522
2010-10-27,0.04838841289481854,0.9789465928466791
2010-11-01,-0.03580949567254777,0.9795801329674636
2010-11-03,-0.021053407153320984,1.0204198670325364
2010-11-04,-0.02041986703253645,0.9763175780013414
2010-11-09,0.020419867032536423,0.9622596990717229
2010-11-15,-0.023682421998658585,0.9489446413636872
2010-11-16,-0.0377403009282771,0.9512098358305678
2010-11-18,-0.051055358636312845,1.0246928375863693
2010-11-19,-0.048790164169432174,0.9753071624136308
2010-11-24,0.024692837586369216,0.9746823102828436
2010-11-25,-0.024692837586369153,0.9500553171081568
2010-12-06,-0.025317689717156422,0.9488485131777145
2010-12-09,-0.04994468289184315,0.949079912990434
2010-12-10,-0.05115148682228549,1.0480793205371814
2010-12-13,-0.050920087009565976,0.9928621463751909
2010-12-14,0.048079320537181454,0.9530704501031533
2010-12-15,-0.007137853624809112,1.0483612155546849
2010-12-16,-0.04692954989684672,0.9591182506701829
2010-12-20,0.04836121555468492,0.9495691333363121
2010-12-21,-0.040881749329817106,0.9501905540454145
2010-12-22,-0.05043086666368791,0.9493134786092441
2010-12-23,-0.04980944595458552,1.0473862800490334
2010-12-28,-0.05068652139075591,1.0483964610217267
2010-12-31,0.04738628004903342,1.044657189089841
2011-01-03,0.04839646102172676,0.9631860598727429
2011-01-05,0.044657189089841114,0.9682513063350344
2011-01-13,-0.03681394012725708,1.0487901145735408
2011-01-18,-0.0317486936649656,1.0106952740420083
2011-01-19,0.04879011457354067,1.0225403964445878
2011-01-20,0.010695274042008237,1.0249463193976294
2011-02-02,0.022540396444587798,0.9705860499424909
2011-02-03,0.0249463193976294,0.9510605165767055
2011-02-04,-0.02941395005750914,0.981012102768639
2011-02-10,-0.04893948342329444,1.0221179199193637
2011-02-11,-0.018987897231360934,0.9503500683982292
2011-02-14,0.02211791991936376,1.0433802034590292
2011-02-15,-0.0496499316017708,1.0370412426714282
2011-02-16,0.04338020345902922,1.015037946206605
2011-02-18,0.03704124267142817,0.9494920046802947
2011-03-04,0.015037946206605084,1.0475186085834292
2011-03-08,-0.05050799531970534,0.9879514405296712
2011-03-09,0.047518608583429066,1.0
2011-03-10,-0.012048559470328835,0.9534800575780965
2011-03-15,0.0,1.0
2011-03-16,-0.04651994242190354,0.9512098394912171
2011-03-21,0.0,1.0487901605087828
2011-03-28,-0.04879016050878288,1.0312525412513969
2011-04-04,0.048790160508782904,0.9495161131692462
2011-04-11,0.031252541251396905,1.0474023059275062
2011-04-26,-0.050483886830753805,0.9509783055186822
2011-04-28,0.04740230592750623,1.0474771930669493
2011-05-05,-0.04902169448131777,0.9509006419519402
2011-05-10,0.04747719306694929,1.0475526102578416
2011-05-17,-0.04909935804805973,0.9605315079009679
2011-05-20,0.04755261025784166,1.048713506877645
2011-05-25,-0.03946849209903211,0.949675008306076
2011-05-26,0.048713506877644884,1.0
2011-05-27,-0.05032499169392403,0.9738547696557917
2011-05-31,0.0,1.0098846362981608
2011-06-02,-0.026145230344208365,0.9495691502841468
2011-06-03,0.009884636298160934,0.9541366368929985
2011-06-08,-0.05043084971585323,1.047586048036602
2011-06-09,-0.04586336310700145,0.9685287765303169
2011-06-24,0.04758604803660203,1.0451466644216423
2011-07-07,-0.0314712234696831,0.9351218877355564
2011-07-27,0.04514666442164231,0.9593288968908928
2011-07-29,-0.06487811226444361,1.009389739536505
2011-08-03,-0.040671103109107196,1.0456699506197626
2011-08-09,0.00938973953650506,0.9524591934307949
2011-08-10,0.04566995061976266,0.9500856701688786
2011-08-17,-0.0475408065692051,0.9495350254227455
2011-08-19,-0.0499143298311214,1.0061919891111712
2011-08-22,-0.05046497457725449,1.0343816182747645
2011-09-09,0.00619198911117122,0.9940179105330074
2011-09-29,0.03438161827476457,1.0487900719210668
2011-10-24,-0.005982089466992667,1.0
2011-11-09,0.04879007192106667,1.0
2011-11-17,0.0,1.0
2011-11-18,0.0,1.0
2011-11-21,0.0,1.0
2011-11-22,0.0,1.0
2011-11-23,0.0,1.0
2011-11-24,0.0,1.0
2011-11-25,0.0,1.0
2011-11-28,0.0,1.0
2011-11-29,0.0,1.0
2011-11-30,0.0,1.0
2011-12-01,0.0,1.0
2011-12-02,0.0,1.0094788309813036
2011-12-05,0.0,1.0018850492770242
2011-12-07,0.009478830981303546,1.0
2011-12-08,0.0018850492770241813,1.0
2011-12-09,0.0,0.9809879343154568
2011-12-12,0.0,1.0
2011-12-13,-0.01901206568454312,1.0
2011-12-14,0.0,1.0
2011-12-15,0.0,1.0
2011-12-16,0.0,1.0
2011-12-19,0.0,1.0
2011-12-20,0.0,1.0
2011-12-21,0.0,1.0
2011-12-22,0.0,1.0
2011-12-23,0.0,1.0
2011-12-26,0.0,1.0095511706477267
2011-12-27,0.0,1.0
2011-12-28,0.009551170647726651,1.0
2011-12-29,0.0,1.0
2011-12-30,0.0,1.0
2012-01-02,0.0,1.0
2012-01-03,0.0,1.0482469488688995
2012-01-04,0.0,1.0
2012-01-05,0.04824694886889955,1.0477543286880422
2012-01-06,0.0,1.0017256576948417
2012-01-09,0.04775432868804225,1.0
2012-01-10,0.0017256576948416296,1.0
2012-01-11,0.0,1.0
2012-01-12,0.0,1.0
2012-01-13,0.0,1.0
2012-01-16,0.0,1.0
2012-01-17,0.0,1.0
2012-01-18,0.0,1.0
2012-01-19,0.0,1.0
2012-01-20,0.0,1.0
2012-01-23,0.0,1.0
2012-01-24,0.0,1.0
2012-01-25,0.0,1.0
2012-01-27,0.0,1.0
2012-01-30,0.0,1.0
2012-01-31,0.0,1.0
2012-02-01,0.0,1.0
2012-02-02,0.0,1.0
2012-02-03,0.0,1.0
2012-02-06,0.0,1.0
2012-02-07,0.0,1.0
2012-02-08,0.0,1.0
2012-02-09,0.0,1.0
2012-02-10,0.0,1.0
2012-02-13,0.0,0.9613309611680008
2012-02-14,0.0,1.0
2012-02-15,-0.03866903883199928,1.0
2012-02-16,0.0,1.0
2012-02-17,0.0,1.0
2012-02-21,0.0,1.0
2012-02-22,0.0,1.0
2012-02-23,0.0,1.0
2012-02-24,0.0,1.0
2012-02-27,0.0,0.9504029986170324
2012-02-28,0.0,1.0478032461321376
2012-02-29,-0.049597001382967576,1.0
2012-03-01,0.0478032461321375,1.0
2012-03-02,0.0,1.0
2012-03-05,0.0,1.0
2012-03-06,0.0,1.0473356412339982
2012-03-07,0.0,1.0
2012-03-09,0.047335641233998235,1.0
2012-03-12,0.0,1.0
2012-03-13,0.0,1.0
2012-03-14,0.0,1.0
2012-03-15,0.0,1.0
2012-03-16,0.0,1.0
2012-03-19,0.0,1.0
2012-03-20,0.0,1.0
2012-03-21,0.0,0.9490672497436121
2012-03-22,0.0,1.0
2012-03-23,-0.05093275025638787,0.9726009450137741
2012-03-26,0.0,1.0
2012-03-27,-0.02739905498622587,1.0
2012-03-28,0.0,1.0
2012-03-29,0.0,1.0
2012-03-30,0.0,1.0
2012-04-02,0.0,1.0
2012-04-03,0.0,1.0
2012-04-04,0.0,1.0
2012-04-09,0.0,1.0
2012-04-10,0.0,1.0
2012-04-11,0.0,0.9813078685994538
2012-04-12,0.0,1.0
2012-04-13,-0.018692131400546125,1.0
2012-04-16,0.0,1.0
2012-04-17,0.0,1.0
2012-04-18,0.0,1.0
2012-04-19,0.0,0.9496993209244139
2012-04-20,0.0,0.9491243369818203
2012-04-23,-0.05030067907558615,1.046899441717242
2012-04-24,-0.0508756630181797,1.0
2012-04-25,0.04689944171724196,1.0
2012-04-26,0.0,1.0
2012-04-27,0.0,1.0
2012-04-30,0.0,1.0
2012-05-02,0.0,1.0
2012-05-03,0.0,1.0
2012-05-04,0.0,1.0
2012-05-07,0.0,1.0
2012-05-08,0.0,1.0
2012-05-09,0.0,1.0
2012-05-10,0.0,1.0
2012-05-11,0.0,1.0
2012-05-14,0.0,1.0
2012-05-15,0.0,1.0
2012-05-16,0.0,1.0
2012-05-17,0.0,1.0
2012-05-18,0.0,1.0
2012-05-21,0.0,1.0
2012-05-22,0.0,1.0
2012-05-23,0.0,1.0
2012-05-24,0.0,1.0
2012-05-25,0.0,1.0
2012-05-28,0.0,1.0
2012-05-29,0.0,1.0
2012-05-30,0.0,1.0
2012-05-31,0.0,1.0
2012-06-01,0.0,1.0
2012-06-04,0.0,1.0
2012-06-05,0.0,1.0
2012-06-06,0.0,1.0
2012-06-07,0.0,1.0
2012-06-08,0.0,1.0
2012-06-11,0.0,1.0486004253626942
2012-06-12,0.0,1.0481574830518792
2012-06-13,0.04860042536269425,1.0476700814539417
2012-06-14,0.04815748305187909,1.0
2012-06-15,0.04767008145394161,1.0487902058250953
2012-06-18,0.0,1.0480862531602426
2012-06-19,0.04879020582509528,1.0323351929702147
2012-06-20,0.04808625316024269,1.0
2012-06-21,0.03233519297021463,1.0
2012-06-22,0.0,1.044451896264114
2012-06-25,0.0,1.046717695019928
2012-06-26,0.044451896264114096,0.9489249867672213
2012-06-27,0.046717695019927875,1.0483048777472437
2012-06-28,-0.05107501323277873,1.0394340387091965
2012-06-29,0.048304877747243645,0.9919678044967075
2012-07-02,0.03943403870919652,1.0485338622643694
2012-07-03,-0.008032195503292486,1.0012797914419251
2012-07-04,0.048533862264369315,1.0177445371810903
2012-07-05,0.001279791441925226,1.0
2012-07-06,0.017744537181090272,1.0
2012-07-09,0.0,1.0
2012-07-10,0.0,0.9497639772693651
2012-07-11,0.0,1.0426698768195835
2012-07-12,-0.050236022730634836,1.0
2012-07-13,0.0426698768195834,0.9493724973297283
2012-07-16,0.0,0.9494774539678424
2012-07-17,-0.05062750267027173,0.973028781631737
2012-07-18,-0.0505225460321576,1.0
2012-07-19,-0.02697121836826297,0.9498419558329233
2012-07-20,0.0,0.9984859672570244
2012-07-23,-0.05015804416707671,0.9847325988294935
2012-07-24,-0.001514032742975597,1.0
2012-07-25,-0.015267401170506541,1.0
2012-07-26,0.0,0.9527471929768544
2012-07-27,0.0,1.0
2012-07-30,-0.047252807023145584,1.0
2012-07-31,0.0,1.0
2012-08-01,0.0,1.0
2012-08-02,0.0,1.0160002657717486
2012-08-03,0.0,1.0
2012-08-06,0.016000265771748533,1.0
2012-08-07,0.0,1.0
2012-08-08,0.0,1.0
2012-08-09,0.0,1.0
2012-08-10,0.0,1.0
2012-08-13,0.0,1.0
2012-08-14,0.0,1.0
2012-08-16,0.0,1.0
2012-08-17,0.0,1.0
2012-08-21,0.0,1.0
2012-08-22,0.0,1.0
2012-08-23,0.0,1.0
2012-08-24,0.0,1.0
2012-08-27,0.0,1.0
2012-08-28,0.0,1.0
2012-08-29,0.0,1.0
2012-08-30,0.0,1.0
2012-08-31,0.0,1.0
2012-09-03,0.0,0.9495418287200389
2012-09-04,0.0,1.0
2012-09-05,-0.050458171279961155,1.0
2012-09-06,0.0,1.0
2012-09-07,0.0,1.0472785332849734
2012-09-10,0.0,1.0344321792463849
2012-09-11,0.04727853328497334,1.0152674011705065
2012-09-12,0.0344321792463848,1.0269076025854096
2012-09-13,0.015267401170506527,1.026202249236691
2012-09-14,0.02690760258540962,0.9499897068683661
2012-09-17,0.026202249236690945,0.995180627740101
2012-09-18,-0.050010293131633875,0.988663925910386
2012-09-20,-0.004819372259899034,0.9584313130848966
2012-09-21,-0.01133607408961403,1.0
2012-09-24,-0.04156868691510339,1.0
2012-09-25,0.0,1.0
2012-09-26,0.0,1.0
2012-09-27,0.0,1.0
2012-09-28,0.0,1.0
2012-10-01,0.0,1.0
2012-10-03,0.0,1.0
2012-10-04,0.0,1.0
2012-10-05,0.0,1.0
2012-10-08,0.0,1.0168354198855414
2012-10-09,0.0,1.0
2012-10-10,0.016835419885541388,1.0
2012-10-11,0.0,1.0
2012-10-12,0.0,1.0
2012-10-15,0.0,1.0
2012-10-16,0.0,1.0472784169589548
2012-10-17,0.0,1.0
2012-10-18,0.047278416958954926,1.034432198977488
2012-10-19,0.0,1.0436488871056093
2012-10-22,0.03443219897748802,1.0
2012-10-23,0.043648887105609276,0.9836669491728179
2012-10-25,0.0,1.0467922314211513
2012-10-29,-0.016333050827182113,1.0
2012-10-30,0.04679223142115129,1.0099502607546742
2012-10-31,0.0,0.9536820812733833
2012-11-01,0.009950260754674266,0.9498755116955843
2012-11-02,-0.04631791872661676,0.9505087445868394
2012-11-05,-0.05012448830441572,1.0401015514763867
2012-11-06,-0.049491255413160525,1.0
2012-11-07,0.04010155147638664,1.0
2012-11-08,0.0,0.9745209451277252
2012-11-09,0.0,0.9520965481465825
2012-11-12,-0.025479054872274764,1.0
2012-11-15,-0.04790345185341748,1.0
2012-11-16,0.0,1.0
2012-11-19,0.0,1.0
2012-11-20,0.0,1.0
2012-11-21,0.0,1.0
2012-11-22,0.0,1.0479034518534176
2012-11-23,0.0,1.0
2012-11-26,0.047903451853417524,1.0
2012-11-27,0.0,1.0
2012-11-29,0.0,0.9520965481465825
2012-11-30,0.0,1.0
2012-12-03,-0.04790345185341748,1.0
2012-12-04,0.0,0.9585432995544882
2012-12-05,0.0,1.0
2012-12-06,-0.04145670044551178,1.0
2012-12-07,0.0,1.0
2012-12-10,0.0,1.0482020621285317
2012-12-11,0.0,1.0
2012-12-12,0.048202062128531675,1.047589024998858
2012-12-13,0.0,1.0
2012-12-14,0.0475890249988579,1.0
2012-12-17,0.0,1.0
2012-12-18,0.0,1.0
2012-12-19,0.0,1.04848477887679
2012-12-20,0.0,0.9499113430250926
2012-12-21,0.04848477887678987,0.9573706206706291
2012-12-24,-0.0500886569749074,1.0
2012-12-26,-0.04262937932937098,1.047433247470861
2012-12-27,0.0,1.0
2012-12-28,0.0474332474708609,1.0
2012-12-31,0.0,1.0
2013-01-01,0.0,1.0
2013-01-02,0.0,1.0
2013-01-03,0.0,1.0
2013-01-04,0.0,1.048333493693674
2013-01-07,0.0,1.0
2013-01-08,0.04833349369367379,1.0
2013-01-09,0.0,1.0
2013-01-10,0.0,1.0
2013-01-11,0.0,1.0045558980446667
2013-01-14,0.0,1.0
2013-01-15,0.0045558980446667565,1.0487903241363523
2013-01-16,0.0,1.0382209705173526
2013-01-17,0.04879032413635229,1.0
2013-01-18,0.03822097051735257,1.0
2013-01-21,0.0,1.0
2013-01-22,0.0,1.04879038556157
2013-01-23,0.0,1.0
2013-01-24,0.04879038556156992,1.0
2013-01-25,0.0,1.0
2013-01-28,0.0,0.9498199770627254
2013-01-29,0.0,1.0
2013-01-30,-0.05018002293727464,0.9689239304639599
2013-01-31,0.0,1.0
2013-02-01,-0.031076069536040158,1.0
2013-02-04,0.0,1.0476279866171352
2013-02-05,0.0,1.0
2013-02-06,0.047627986617135125,1.0027324095970709
2013-02-07,0.0,1.0414220670962406
2013-02-08,0.0027324095970707777,1.0
2013-02-11,0.04142206709624055,1.0
2013-02-12,0.0,1.0
2013-02-13,0.0,0.9489821946206533
2013-02-14,0.0,0.9491415369447808
2013-02-15,-0.051017805379346706,0.9525133254993321
2013-02-18,-0.05085846305521928,0.9565149232970312
2013-02-19,-0.04748667450066789,1.0
2013-02-20,-0.04348507670296876,0.9512098875845719
2013-02-21,0.0,1.0
2013-02-22,-0.04879011241542805,1.0
2013-02-25,0.0,1.0
2013-02-26,0.0,1.0
2013-02-27,0.0,1.0
2013-02-28,0.0,1.0
2013-03-01,0.0,1.0
2013-03-04,0.0,0.9660984358319733
2013-03-05,0.0,1.0
2013-03-06,-0.03390156416802674,1.0
2013-03-07,0.0,1.0
2013-03-08,0.0,1.0
2013-03-11,0.0,1.0
2013-03-12,0.0,1.0
2013-03-13,0.0,1.0
2013-03-14,0.0,1.0
2013-03-15,0.0,1.0
2013-03-18,0.0,1.0
2013-03-19,0.0,1.0
2013-03-20,0.0,1.0
2013-03-21,0.0,0.9702514515090156
2013-03-22,0.0,1.0
2013-03-25,-0.029748548490984367,1.0
2013-03-26,0.0,1.0485364251966445
2013-03-28,0.0,1.0
2013-04-01,0.04853642519664436,1.0151136874623667
2013-04-02,0.0,1.0
2013-04-03,0.015113687462366705,1.0
2013-04-04,0.0,1.0
2013-04-05,0.0,1.0
2013-04-08,0.0,1.0
2013-04-09,0.0,1.0327897643910509
2013-04-10,0.0,1.0
2013-04-11,0.03278976439105084,1.0472528373858283
2013-04-12,0.0,1.0303053634706936
2013-04-15,0.047252837385828306,1.0
2013-04-16,0.030305363470693524,1.0466557618873384
2013-04-17,0.0,1.0
2013-04-18,0.04665576188733841,1.0
2013-04-22,0.0,1.0
2013-04-23,0.0,1.0
2013-04-25,0.0,1.0
2013-04-26,0.0,1.0
2013-04-29,0.0,1.0472967678802547
2013-04-30,0.0,1.0
2013-05-02,0.04729676788025465,1.0
2013-05-03,0.0,1.0
2013-05-06,0.0,1.0477543566204344
2013-05-07,0.0,1.0
2013-05-08,0.04775435662043448,1.0
2013-05-09,0.0,1.0480496737262135
2013-05-10,0.0,1.0
2013-05-13,0.04804967372621356,1.0
2013-05-14,0.0,1.0
2013-05-15,0.0,1.0
2013-05-16,0.0,1.0
2013-05-17,0.0,1.0
2013-05-20,0.0,1.0
2013-05-21,0.0,1.0
2013-05-22,0.0,1.0
2013-05-23,0.0,1.0
2013-05-24,0.0,1.0
2013-05-27,0.0,1.0
2013-05-28,0.0,1.0
2013-05-29,0.0,1.0
2013-05-30,0.0,1.0
2013-05-31,0.0,1.0
2013-06-03,0.0,1.0
2013-06-04,0.0,1.0
2013-06-05,0.0,1.0
2013-06-06,0.0,1.0
2013-06-07,0.0,1.0
2013-06-10,0.0,1.0
2013-06-11,0.0,1.0
2013-06-12,0.0,1.0
2013-06-13,0.0,1.0
2013-06-14,0.0,1.0
2013-06-17,0.0,1.0
2013-06-18,0.0,1.0
2013-06-19,0.0,0.9975278743562239
2013-06-20,0.0,1.0
2013-06-21,-0.002472125643776109,1.0
2013-06-24,0.0,1.0
2013-06-25,0.0,1.0
2013-06-26,0.0,1.0
2013-06-27,0.0,1.0
2013-06-28,0.0,1.0
2013-07-01,0.0,1.0
2013-07-02,0.0,1.0
2013-07-03,0.0,1.0
2013-07-04,0.0,1.0
2013-07-05,0.0,1.0
2013-07-08,0.0,1.0
2013-07-09,0.0,1.0
2013-07-10,0.0,1.0
2013-07-11,0.0,1.0
2013-07-12,0.0,1.0
2013-07-15,0.0,1.0
2013-07-16,0.0,1.0
2013-07-17,0.0,1.0
2013-07-18,0.0,1.0
2013-07-19,0.0,1.0
2013-07-22,0.0,1.0
2013-07-23,0.0,1.0
2013-07-24,0.0,1.0
2013-07-25,0.0,1.0
2013-07-26,0.0,1.0
2013-07-29,0.0,1.0
2013-07-30,0.0,1.0
2013-07-31,0.0,1.0
2013-08-01,0.0,1.0
2013-08-02,0.0,1.0
2013-08-05,0.0,1.0
2013-08-06,0.0,1.0
2013-08-07,0.0,1.0
2013-08-08,0.0,1.0
2013-08-12,0.0,1.0
2013-08-13,0.0,1.0
2013-08-14,0.0,1.0
2013-08-16,0.0,1.0
2013-08-19,0.0,1.0
2013-08-20,0.0,0.9492276555711117
2013-08-21,0.0,0.9492548285998537
2013-08-22,-0.050772344428888304,1.0
2013-08-23,-0.0507451714001463,1.0
2013-08-26,0.0,1.0
2013-08-27,0.0,1.0
2013-08-28,0.0,1.0
2013-08-29,0.0,1.0
2013-08-30,0.0,1.0
2013-09-02,0.0,1.0
2013-09-03,0.0,1.0
2013-09-04,0.0,1.0
2013-09-05,0.0,1.0
2013-09-06,0.0,1.0
2013-09-10,0.0,1.0
2013-09-11,0.0,1.0
2013-09-12,0.0,1.0
2013-09-13,0.0,1.0
2013-09-16,0.0,1.0
2013-09-17,0.0,1.0
2013-09-18,0.0,1.0
2013-09-19,0.0,0.9494273827725859
2013-09-20,0.0,1.0593646632067237
2013-09-23,-0.05057261722741418,1.0
2013-09-24,0.05936466320672362,1.0
2013-09-25,0.0,0.9000680476673741
2013-09-26,0.0,1.0
2013-09-27,-0.09993195233262588,1.0
2013-09-30,0.0,1.0
2013-10-01,0.0,1.0
2013-10-03,0.0,1.0
2013-10-04,0.0,1.0
2013-10-07,0.0,1.0
2013-10-08,0.0,1.0
2013-10-09,0.0,1.0
2013-10-10,0.0,1.0
2013-10-11,0.0,1.0
2013-10-14,0.0,1.0
2013-10-15,0.0,1.0
2013-10-17,0.0,1.0
2013-10-18,0.0,1.0
2013-10-21,0.0,1.0
2013-10-22,0.0,0.949377064282174
2013-10-23,0.0,0.950204221966581
2013-10-24,-0.05062293571782596,1.0
2013-10-25,-0.04979577803341891,1.0
2013-10-28,0.0,1.0
2013-10-29,0.0,1.0
2013-10-30,0.0,1.0
2013-10-31,0.0,1.0
2013-11-01,0.0,1.0
2013-11-05,0.0,1.0
2013-11-06,0.0,1.0
2013-11-07,0.0,1.0
2013-11-08,0.0,1.0
2013-11-11,0.0,1.0
2013-11-12,0.0,1.0
2013-11-13,0.0,1.0
2013-11-14,0.0,1.0
2013-11-18,0.0,1.0
2013-11-19,0.0,1.0481192270451776
2013-11-20,0.0,1.0
2013-11-21,0.048119227045177605,1.0
2013-11-22,0.0,1.0
2013-11-25,0.0,1.0
2013-11-26,0.0,1.0
2013-11-27,0.0,1.0
2013-11-28,0.0,1.0
2013-11-29,0.0,1.0
2013-12-02,0.0,1.0
2013-12-03,0.0,1.0
2013-12-04,0.0,1.0
2013-12-05,0.0,1.0
2013-12-06,0.0,1.0
2013-12-09,0.0,1.0
2013-12-10,0.0,1.0
2013-12-11,0.0,1.0
2013-12-12,0.0,1.0
2013-12-13,0.0,1.0
2013-12-16,0.0,1.0
2013-12-17,0.0,1.0475109977383663
2013-12-18,0.0,1.0
2013-12-19,0.047510997738366374,1.0
2013-12-20,0.0,1.0
2013-12-23,0.0,1.0
2013-12-24,0.0,1.0
2013-12-26,0.0,1.0
2013-12-27,0.0,1.0
2013-12-30,0.0,1.0484091559944513
2013-12-31,0.0,1.0
2014-01-01,0.04840915599445129,1.0
2014-01-02,0.0,1.0
2014-01-03,0.0,1.0181274025424751
2014-01-06,0.0,1.0
2014-01-07,0.018127402542475045,1.0482196720287678
2014-01-08,0.0,1.0460011038395833
2014-01-09,0.048219672028767674,1.0
2014-01-10,0.046001103839583384,0.9497101368389934
2014-01-13,0.0,1.0
2014-01-14,-0.05028986316100655,1.0
2014-01-15,0.0,1.0
2014-01-16,0.0,1.0
2014-01-17,0.0,1.0
2014-01-20,0.0,1.0
2014-01-21,0.0,1.0
2014-01-22,0.0,1.0
2014-01-23,0.0,1.0
2014-01-24,0.0,1.0
2014-01-27,0.0,1.0
2014-01-28,0.0,1.0448254751183905
2014-01-29,0.0,1.0
2014-01-30,0.04482547511839052,1.0
2014-01-31,0.0,1.0
2014-02-03,0.0,1.0
2014-02-04,0.0,1.0
2014-02-05,0.0,1.0
2014-02-06,0.0,1.0
2014-02-07,0.0,0.9862066077174988
2014-02-10,0.0,1.0
2014-02-11,-0.01379339228250117,1.0
2014-02-12,0.0,1.0
2014-02-13,0.0,1.0
2014-02-14,0.0,1.0
2014-02-17,0.0,1.0
2014-02-18,0.0,1.0474665575871176
2014-02-19,0.0,1.0
2014-02-20,0.04746655758711756,0.9511436721674328
2014-02-21,0.0,1.0
2014-02-24,-0.04885632783256722,1.0
2014-02-25,0.0,1.0027776117098157
2014-02-26,0.0,1.0055326366971877
2014-02-28,0.002777611709815817,0.9505199222630184
2014-03-03,0.005532636697187804,0.9494692014897185
2014-03-04,-0.049480077736981584,0.9830895425687611
2014-03-05,-0.05053079851028152,0.9491145677475487
2014-03-06,-0.016910457431238837,0.9532469317449359
2014-03-07,-0.05088543225245131,1.0483831622370579
2014-03-10,-0.04675306825506404,1.0477037142431014
2014-03-11,0.04838316223705787,1.0484942769137506
2014-03-12,0.04770371424310145,0.9515057230862494
2014-03-13,0.04849427691375063,1.0
2014-03-14,-0.04849427691375063,1.0
2014-03-18,0.0,1.0
2014-03-19,0.0,1.0
2014-03-20,0.0,0.9490335701287335
2014-03-21,0.0,0.9497382542433133
2014-03-24,-0.050966429871266546,0.9506941927660143
2014-03-25,-0.050261745756686724,1.0458633892535873
2014-03-26,-0.04930580723398574,1.0
2014-03-27,0.04586338925358733,1.0
2014-03-28,0.0,1.047146756584938
2014-03-31,0.0,1.0481634489044627
2014-04-01,0.047146756584937985,1.0429513046639718
2014-04-02,0.04816344890446265,1.0
2014-04-03,0.042951304663971894,1.0
2014-04-04,0.0,1.0
2014-04-07,0.0,1.0
2014-04-09,0.0,0.9507593603515538
2014-04-10,0.0,1.0109804811121845
2014-04-11,-0.04924063964844617,1.0
2014-04-15,0.010980481112184528,1.0
2014-04-16,0.0,1.0487159198272258
2014-04-17,0.0,0.9528428327661941
2014-04-21,0.048715919827225874,0.99844124740658
2014-04-22,-0.04715716723380589,1.0
2014-04-23,-0.0015587525934200128,1.044248267769818
2014-04-24,0.0,1.0
2014-04-25,0.04424826776981791,1.0
2014-04-28,0.0,0.983445836870431
2014-04-29,0.0,0.9862487835316845
2014-04-30,-0.01655416312956908,0.9734980645316544
2014-05-02,-0.013751216468315485,1.0417694228784615
2014-05-05,-0.026501935468345603,1.0
2014-05-06,0.04176942287846156,1.0
2014-05-07,0.0,1.0371789497780477
2014-05-08,0.0,1.0
2014-05-09,0.03717894977804764,1.0
2014-05-12,0.0,1.033025376227828
2014-05-13,0.0,0.9507859705153189
2014-05-14,0.03302537622782814,1.008862695838965
2014-05-15,-0.04921402948468113,0.9517979138016139
2014-05-16,0.008862695838965094,1.0452565731251313
2014-05-19,-0.04820208619838607,1.031932960437252
2014-05-20,0.04525657312513132,1.0281709062293387
2014-05-21,0.03193296043725193,1.0
2014-05-22,0.02817090622933869,1.0
2014-05-23,0.0,1.0
2014-05-26,0.0,1.0
2014-05-27,0.0,1.0
2014-05-28,0.0,0.9574404004245727
2014-05-29,0.0,0.9494692014897185
2014-05-30,-0.042559599575427376,1.0476279763720922
2014-06-02,-0.05053079851028152,1.0482362946914747
2014-06-03,0.04762797637209221,1.0446926846092597
2014-06-04,0.048236294691474724,0.9635834024029426
2014-06-05,0.04469268460925975,1.0482665689059807
2014-06-06,-0.03641659759705739,1.0485408184325493
2014-06-09,0.048266568905980634,1.0486714573363964
2014-06-10,0.04854081843254932,1.028104828023151
2014-06-11,0.04867145733639647,0.9695170959101882
2014-06-12,0.028104828023150997,0.9487067056124494
2014-06-13,-0.030482904089811785,1.029631726407731
2014-06-16,-0.05129329438755058,0.9766143196353746
2014-06-17,0.029631726407731127,0.9899873901830394
2014-06-18,-0.023385680364625423,1.0394625221703189
2014-06-19,-0.010012609816960656,0.9792296051160897
2014-06-20,0.039462522170318835,1.0351765199276453
2014-06-23,-0.02077039488391035,0.9783124309385994
2014-06-24,0.03517651992764531,1.0487321362035005
2014-06-25,-0.02168756906140054,1.0486796072870974
2014-06-26,0.04873213620350057,0.9955704001239359
2014-06-27,0.04867960728709736,1.0487372063742513
2014-06-30,-0.004429599876064025,1.0484882081215652
2014-07-01,0.048737206374251295,1.0481665448855157
2014-07-02,0.04848820812156507,1.0486987324930535
2014-07-03,0.04816654488551579,1.0411875632682355
2014-07-04,0.0486987324930535,1.0225508128238951
2014-07-07,0.04118756326823551,1.0411650468156783
2014-07-08,0.02255081282389508,0.9493562172606916
2014-07-09,0.04116504681567825,0.9557449823291135
2014-07-10,-0.050643782739308384,1.0485747008311828
2014-07-11,-0.044255017670886444,1.03223356013839
2014-07-14,0.04857470083118266,0.9494971549284517
2014-07-15,0.032233560138390155,1.0008775248725967
2014-07-16,-0.05050284507154837,1.0404008067790798
2014-07-17,0.0008775248725967224,1.0108924696401824
2014-07-18,0.04040080677907983,1.0165293187412505
2014-07-21,0.010892469640182329,1.0
2014-07-22,0.01652931874125054,0.9504308104194323
2014-07-23,0.0,0.948752168528572
2014-07-24,-0.04956918958056761,0.94884981741653
2014-07-25,-0.05124783147142798,0.9491083437217249
2014-07-28,-0.05115018258347,0.9495518494135684
2014-07-30,-0.0508916562782751,0.9490956420669728
2014-07-31,-0.05044815058643163,0.9498756570608413
2014-08-01,-0.05090435793302719,0.964324412212191
2014-08-04,-0.05012434293915869,0.9951455172714325
2014-08-05,-0.03567558778780897,1.0486743694864245
2014-08-06,-0.0048544827285675225,1.0486246385379905
2014-08-07,0.048674369486424396,1.0484746506604208
2014-08-08,0.04862463853799044,1.0482393250451225
2014-08-11,0.04847465066042087,1.0479308417951592
2014-08-12,0.04823932504512258,0.9932918727657246
2014-08-13,0.047930841795159135,1.0487901341564685
2014-08-14,-0.006708127234275394,1.0482666796868167
2014-08-18,0.048790134156468476,1.0485408848479558
2014-08-19,0.04826667968681675,1.0462932791059005
2014-08-20,0.04854088484795589,1.0465199978999593
2014-08-21,0.046293279105900476,1.0430015075249417
2014-08-22,0.04651999789995941,0.9493938542354415
2014-08-25,0.04300150752494174,1.0411273780261574
2014-08-26,-0.050606145764558505,1.0138233083332093
2014-08-27,0.04112737802615731,1.0071994921758793
2014-08-28,0.013823308333209354,1.030380311283248
2014-09-01,0.00719949217587925,0.963864271209042
2014-09-02,0.030380311283247835,1.0437615223701426
2014-09-03,-0.03613572879095802,1.0082530930779348
2014-09-04,0.0437615223701426,1.0468313165568177
2014-09-05,0.008253093077934778,1.0484787714145622
2014-09-08,0.046831316556817666,1.0474253244111056
2014-09-09,0.04847877141456235,1.0486771432840052
2014-09-10,0.047425324411105606,1.0168258733732696
2014-09-11,0.048677143284005256,1.0121615549236707
2014-09-12,0.016825873373269604,0.9487066629624444
2014-09-15,0.01216155492367073,0.9489808003350515
2014-09-16,-0.051293337037555606,1.0299782183798158
2014-09-17,-0.05101919966494845,0.9540703818480241
2014-09-18,0.02997821837981583,1.0435641020517907
2014-09-19,-0.04592961815197595,1.0268706841987698
2014-09-22,0.04356410205179075,1.0128959069284016
2014-09-23,0.026870684198769885,0.9498403008751906
2014-09-24,0.012895906928401608,0.9523420495849598
2014-09-25,-0.05015969912480941,1.04765795041504
2014-09-26,-0.04765795041504015,0.9491256701190423
2014-09-29,0.04765795041504017,0.9491134728506617
2014-09-30,-0.050874329880957705,1.0054090710951906
2014-10-01,-0.050886527149338244,1.0357653606640667
2014-10-07,0.005409071095190657,0.9622096783254459
2014-10-08,0.03576536066406666,0.9501281920856721
2014-10-09,-0.03779032167455412,1.0084865536631629
2014-10-10,-0.0498718079143279,0.9714266389934774
2014-10-13,0.008486553663162793,1.0
2014-10-14,-0.028573361006522607,0.998549761144887
2014-10-15,0.0,1.0460910433549007
2014-10-16,-0.001450238855112996,1.0460475430788225
2014-10-17,0.046091043354900635,0.9497858138732713
2014-10-20,0.04604754307882262,1.0482265745004773
2014-10-21,-0.05021418612672862,0.9953474581166898
2014-10-22,0.04822657450047727,0.9487418121234125
2014-10-27,-0.004652541883310165,0.9489280007675842
2014-10-28,-0.05125818787658753,0.9624015733152531
2014-10-29,-0.05107199923241577,0.9664946909255053
2014-10-30,-0.03759842668474689,1.0487147814379072
2014-10-31,-0.03350530907449472,1.0486104586279652
2014-11-03,0.04871478143790728,0.9491227790822656
2014-11-05,0.048610458627965224,1.032741122289712
2014-11-07,-0.05087722091773441,1.0485807871695567
2014-11-10,0.03274112228971209,1.048325178796634
2014-11-11,0.048580787169556806,1.0486320191929555
2014-11-12,0.04832517879663387,0.9639135219322711
2014-11-13,0.04863201919295536,1.0188501960083651
2014-11-14,-0.03608647806772895,0.949824321329611
2014-11-17,0.01885019600836517,0.9620514112970774
2014-11-18,-0.050175678670388954,0.9561553965070342
2014-11-19,-0.03794858870292265,1.0275379318234763
2014-11-20,-0.043844603492965796,0.9753968305366254
2014-11-21,0.02753793182347637,0.9504402412001206
2014-11-24,-0.024603169463374635,0.9742675810687524
2014-11-25,-0.04955975879987944,0.9695245513127888
2014-11-26,-0.02573241893124752,0.977767673643545
2014-11-27,-0.030475448687211137,0.9574765699649759
2014-11-28,-0.022232326356454977,0.9492096499713741
2014-12-01,-0.04252343003502412,0.9608523151687941
2014-12-02,-0.050790350028625884,1.0085187609502217
2014-12-03,-0.03914768483120589,1.04604866922463
2014-12-04,0.008518760950221648,1.0
2014-12-05,0.04604866922463011,0.9595904037258451
2014-12-08,0.0,0.9637366143774945
2014-12-09,-0.04040959627415487,1.0240050007215622
2014-12-10,-0.036263385622505535,0.9573578229854608
2014-12-11,0.024005000721562246,1.0350230197873995
2014-12-12,-0.0426421770145392,1.0114070386777454
2014-12-15,0.03502301978739958,0.9692873506326632
2014-12-16,0.011407038677745384,0.9921722533828751
2014-12-17,-0.030712649367336763,0.9841580128090309
2014-12-18,-0.00782774661712492,1.0275607876346584
2014-12-19,-0.015841987190969072,0.9583686752036872
2014-12-22,0.027560787634658468,1.0249888142587673
2014-12-23,-0.04163132479631287,1.0481788885144432
2014-12-24,0.024988814258767384,1.0250825659312888
2014-12-26,0.04817888851444321,1.0
2014-12-29,0.025082565931288776,0.9654655346790809
2014-12-30,0.0,1.0009492355028993
2014-12-31,-0.034534465320919076,1.042717672657107
2015-01-01,0.0009492355028992448,1.0357180672821955
2015-01-02,0.04271767265710692,1.0378703260058593
2015-01-05,0.03571806728219562,0.9488844706494978
2015-01-06,0.0378703260058593,0.9656385512089877
2015-01-07,-0.05111552935050218,1.0018382717863505
2015-01-08,-0.03436144879101237,1.0483965541736868
2015-01-09,0.0018382717863505147,1.0402968868240432
2015-01-12,0.048396554173686906,1.0
2015-01-13,0.04029688682404331,1.0483899514325967
2015-01-14,0.0,0.9490858075996251
2015-01-15,0.04838995143259679,0.9639755705568055
2015-01-16,-0.050914192400374814,1.0469169497905837
2015-01-19,-0.03602442944319455,0.9831928895978098
2015-01-20,0.04691694979058362,0.9768528312851389
2015-01-21,-0.01680711040219021,1.0
2015-01-22,-0.023147168714861114,1.0465988187434203
2015-01-23,0.0,1.0476857644321784
2015-01-27,0.04659881874342029,0.9498277207597519
2015-01-28,0.04768576443217847,0.9532823462617472
2015-01-29,-0.05017227924024811,1.048375928635302
2015-01-30,-0.0467176537382528,1.0485140043431989
2015-02-02,0.04837592863530207,1.0462688347291935
2015-02-03,0.04851400434319884,1.0391627426825543
2015-02-04,0.046268834729193596,1.042559653088551
2015-02-05,0.03916274268255418,1.0321174725457938
2015-02-06,0.04255965308855103,1.021291548480942
2015-02-09,0.03211747254579388,0.9493648491903368
2015-02-10,0.021291548480941846,0.9488525091964927
2015-02-11,-0.050635150809663194,0.9621195877477634
2015-02-12,-0.05114749080350733,0.9824356170171752
2015-02-13,-0.03788041225223662,0.9534798962665065
2015-02-16,-0.01756438298282479,0.9512098745939532
2015-02-18,-0.04652010373349348,0.9549317364886091
2015-02-19,-0.04879012540604679,0.991989190831837
2015-02-20,-0.045068263511390934,0.9505394282677129
2015-02-23,-0.008010809168163038,0.9962369867971597
2015-02-24,-0.049460571732287115,1.0487453528477673
2015-02-25,-0.00376301320284034,1.0404628105891984
2015-02-26,0.04874535284776732,1.001722687042195
2015-02-27,0.040462810589198456,1.0162188546372328
2015-03-02,0.001722687042195018,1.0075917835208668
2015-03-03,0.01621885463723291,1.0
2015-03-04,0.007591783520866733,1.0483899514325967
2015-03-05,0.0,1.048446982193017
2015-03-09,0.04838995143259679,0.9491482242081937
2015-03-10,0.04844698219301681,1.0462645832913975
2015-03-11,-0.05085177579180633,0.9497144883816884
2015-03-12,0.046264583291397474,0.9730485894990869
2015-03-13,-0.05028551161831161,0.9628962673302814
2015-03-16,-0.026951410500913146,0.9587841372863254
2015-03-17,-0.037103732669718545,0.9607435125645484
2015-03-18,-0.041215862713674625,0.966868674568464
2015-03-19,-0.03925648743545166,1.0479190184746923
2015-03-20,-0.033131325431536,0.9711474032480593
2015-03-23,0.047919018474692335,1.007525751834864
2015-03-24,-0.02885259675194069,0.9569105938947072
2015-03-25,0.0075257518348639365,0.9529207415246232
2015-03-26,-0.043089406105292806,0.9698050067559282
2015-03-27,-0.04707925847537673,0.9743027512345218
2015-03-30,-0.03019499324407184,1.0466185889064348
2015-03-31,-0.025697248765478194,0.9790786598590434
2015-04-01,0.046618588906434826,0.995762707141344
2015-04-06,-0.02092134014095658,1.0486890995767797
2015-04-07,-0.004237292858655983,1.0483568084393673
2015-04-08,0.04868909957677977,1.047964017356305
2015-04-09,0.04835680843936738,1.0483965541736868
2015-04-10,0.04796401735630487,1.0486651662036544
2015-04-13,0.048396554173686906,1.0041580248182993
2015-04-15,0.04866516620365442,1.0446321171160242
2015-04-16,0.004158024818299366,1.048790127867213
2015-04-17,0.04463211711602427,1.0486821304193759
2015-04-20,0.04879012786721301,0.9640856678995732
2015-04-21,0.048682130419375906,1.0438026021774405
2015-04-22,-0.035914332100426806,1.0453829445738847
2015-04-23,0.043802602177440385,0.9546170554261153
2015-04-24,0.04538294457388469,0.9710124765799224
2015-04-27,-0.04538294457388465,0.9859309858374447
2015-04-28,-0.028987523420077592,0.9902583768148878
2015-04-29,-0.01406901416255539,1.0485031523204866
2015-04-30,-0.009741623185112229,1.046259243574998
2015-05-04,0.04850315232048659,0.9862066291331805
2015-05-05,0.04625924357499806,0.9487067290178268
2015-05-06,-0.013793370866819515,0.9490144081786112
2015-05-07,-0.05129327098217322,1.0
2015-05-08,-0.05098559182138883,1.0
2015-05-11,0.0,1.0487902169472718
2015-05-12,0.0,0.9889501247187191
2015-05-13,0.0487902169472718,1.0463178416762817
2015-05-14,-0.011049875281280869,0.9536821583237184
2015-05-15,0.04631784167628162,1.036367656876651
2015-05-18,-0.046317841676281654,0.9487066995939238
2015-05-19,0.036367656876651076,0.9491023453964672
2015-05-20,-0.05129330040607616,1.0486394234994236
2015-05-21,-0.050897654603532815,0.956096147637776
2015-05-22,0.04863942349942372,1.0
2015-05-25,-0.043903852362224056,1.0086241657916737
2015-05-26,0.0,0.9992190397368005
2015-05-27,0.008624165791673761,0.9617788042351413
2015-05-28,-0.0007809602631994985,0.9902119981073687
2015-05-29,-0.0382211957648587,0.9487067125189542
2015-06-01,-0.009788001892631293,0.949569079689612
2015-06-02,-0.051293287481045766,0.954516598024694
2015-06-03,-0.05043092031038802,0.9503547337780741
2015-06-04,-0.045483401975306016,1.0
2015-06-05,-0.04964526622192584,1.0019940575953528
2015-06-08,0.0,1.0
2015-06-09,0.0019940575953527628,1.0
2015-06-10,0.0,1.0
2015-06-11,0.0,1.0
2015-06-12,0.0,1.0
2015-06-15,0.0,1.0
2015-06-16,0.0,0.9489163543151122
2015-06-17,0.0,1.0
2015-06-18,-0.051083645684887796,1.0
2015-06-19,0.0,1.0480910662072764
2015-06-22,0.0,1.0
2015-06-23,0.048091066207276434,1.0487426096702077
2015-06-24,0.0,1.048291700302132
2015-06-25,0.04874260967020763,1.0486606674568242
2015-06-26,0.048291700302131924,1.048049623908708
2015-06-29,0.04866066745682423,0.9579769949564078
2015-06-30,0.04804962390870808,1.0485857820471889
2015-07-01,-0.04202300504359221,1.048673280818042
2015-07-02,0.04858578204718887,1.0062111977765504
2015-07-03,0.048673280818041884,0.9540695700285248
2015-07-06,0.006211197776550477,0.9712270463214169
2015-07-07,-0.04593042997147527,0.9916247123535794
2015-07-08,-0.028772953678583152,0.9517563178116497
2015-07-09,-0.008375287646420582,0.9991169804471044
2015-07-10,-0.048243682188350304,0.957594044033997
2015-07-13,-0.0008830195528956099,1.0073462188270714
2015-07-14,-0.042405955966002995,0.9917317530059746
2015-07-15,0.0073462188270713245,0.9757224052923104
2015-07-16,-0.008268246994025395,1.0479796588498684
2015-07-17,-0.024277594707689587,0.9716747029652308
2015-07-20,0.04797965884986846,0.9822341741871544
2015-07-21,-0.02832529703476916,1.0487901605734575
2015-07-22,-0.01776582581284559,0.9973009622741573
2015-07-23,0.04879016057345752,1.0
2015-07-24,-0.00269903772584269,1.0266681996388285
2015-07-27,0.0,1.0487901608258066
2015-07-28,0.026668199638828563,0.9991642125699574
2015-07-29,0.048790160825806554,0.9932886354953097
2015-07-30,-0.0008357874300426786,1.0
2015-07-31,-0.006711364504690388,1.0484694073940357
2015-08-03,0.0,1.048522830282721
2015-08-04,0.048469407394035775,1.0484627004635776
2015-08-05,0.048522830282720884,1.0864047085622395
2015-08-06,0.048462700463577625,0.9556392145291847
2015-08-07,0.08640470856223958,0.8948721299335445
2015-08-10,-0.04436078547081539,0.8963606543626268
2015-08-11,-0.10512787006645556,1.072140629433241
2015-08-12,-0.10363934563737319,1.0015987526661838
2015-08-13,0.07214062943324098,1.036082422246959
2015-08-14,0.0015987526661838099,1.0
2015-08-17,0.03608242224695894,1.0023085646580345
2015-08-18,0.0,0.9357176109011165
2015-08-19,0.0023085646580345903,1.08406984449124
2015-08-20,-0.06428238909888354,0.8994008612122589
2015-08-21,0.08406984449123996,1.0
2015-08-24,-0.10059913878774109,1.0
2015-08-25,0.0,1.0930347789007824
2015-08-26,0.0,0.9069652210992176
2015-08-27,0.09303477890078242,1.095310137355481
2015-08-28,-0.09303477890078234,0.9534800045788427
2015-08-31,0.09531013735548101,1.0
2015-09-01,-0.046519995421157305,0.9512098580656764
2015-09-02,0.0,1.0645384919539913
2015-09-03,-0.04879014193432367,0.968251251252964
2015-09-04,0.06453849195399122,1.1026148637964157
2015-09-07,-0.031748748747036,0.9446380647519131
2015-09-08,0.10261486379641571,0.9844958201987072
2015-09-09,-0.05536193524808681,1.0139646267833586
2015-09-10,-0.015504179801292844,1.0007700111653264
2015-09-11,0.013964626783358714,1.0
2015-09-14,0.0007700111653263465,0.9223921153422833
2015-09-15,0.0,0.9505440438051398
2015-09-16,-0.07760788465771669,0.97879780134562
2015-09-18,-0.04945595619486022,1.0805920070948174
2015-09-21,-0.021202198654379955,0.9884009025094632
2015-09-22,0.08059200709481744,0.9148050865050673
2015-09-23,-0.011599097490536794,1.1163705489598108
2015-09-24,-0.08519491349493273,0.9762963924500528
2015-09-28,0.1163705489598107,0.9925279720850693
2015-09-29,-0.023703607549947173,1.1404863288876106
2015-09-30,-0.007472027914930775,0.9395563428676733
2015-10-01,0.14048632888761062,1.0669394835610684
2015-10-05,-0.06044365713232664,0.7982096344949774
2015-10-06,0.06693948356106838,1.1348508819439542
2015-10-07,-0.20179036550502258,0.9023023843495791
2015-10-08,0.1348508819439543,1.042347577635977
2015-10-09,-0.0976976156504209,1.0530396335907906
2015-10-12,0.04234757763597692,0.9428870266777707
2015-10-13,0.05303963359079063,1.104543852868447
2015-10-14,-0.05711297332222928,0.8554840827242328
2015-10-15,0.10454385286844713,1.0993954421532026
2015-10-16,-0.14451591727576715,1.0
2015-10-19,0.09939544215320267,0.9687474701790396
2015-10-20,0.0,0.9677391523621776
2015-10-21,-0.03125252982096041,1.1086338525813475
2015-10-23,-0.03226084763782248,1.0311280726776904
2015-10-26,0.10863385258134739,1.0534292771724438
2015-10-27,0.03112807267769029,0.8398629967427036
2015-10-28,0.05342927717244384,0.9888355827863858
2015-10-29,-0.16013700325729638,1.0055978209687786
2015-10-30,-0.011164417213614112,1.0
2015-11-02,0.005597820968778488,1.088472198665092
2015-11-03,0.0,0.8540878900868796
2015-11-04,0.088472198665092,1.0067339618521747
2015-11-05,-0.14591210991312042,1.0
2015-11-06,0.0067339618521745715,1.1303804996576963
2015-11-09,0.0,0.8267680956204425
2015-11-10,0.13038049965769638,1.0991239503625503
2015-11-13,-0.17323190437955752,0.9336093961271233
2015-11-16,0.09912395036255033,1.1083222240569792
2015-11-17,-0.0663906038728767,0.9299201245175068
2015-11-18,0.10832222405697924,1.009740397292582
2015-11-19,-0.07007987548249317,0.9375056789260883
2015-11-20,0.009740397292582095,1.0060008553896354
2015-11-23,-0.06249432107391173,0.9957173229392549
2015-11-24,0.0060008553896353884,0.9956989027002378
2015-11-26,-0.0042826770607451384,0.9693630612072262
2015-11-27,-0.004301097299762235,1.0306369387927738
2015-11-30,-0.030636938792773873,1.0179415416794277
2015-12-01,0.030636938792773807,1.0008463306194324
2015-12-02,0.017941541679427794,1.0654898849521444
2015-12-03,0.0008463306194323991,1.0296665190841852
2015-12-04,0.06548988495214436,0.970333480915815
2015-12-07,0.029666519084185064,0.9824135905358562
2015-12-08,-0.029666519084185074,0.9927155191862536
2015-12-09,-0.017586409464143804,0.9910240319032922
2015-12-10,-0.007284480813746399,1.0089759680967079
2015-12-11,-0.008975968096707714,1.0240782310774776
2015-12-14,0.008975968096707787,0.9864269275368802
2015-12-15,0.024078231077477634,0.9739398391775818
2015-12-16,-0.013573072463119826,1.0
2015-12-17,-0.026060160822418275,1.0693228697175279
2015-12-18,0.0,0.9852653620513148
2015-12-21,0.06932286971752798,0.9478840058094575
2015-12-22,-0.014734637948685184,1.0
2015-12-23,-0.052115994190542476,1.0521159941905425
2015-12-24,0.0,1.0
2015-12-28,0.05211599419054256,0.9519908023425099
2015-12-29,0.0,1.0456627134755514
2015-12-30,-0.04800919765749009,0.9543372865244487
2015-12-31,0.045662713475551335,1.056566274363128
2016-01-01,-0.045662713475551335,0.9653235075974431
2016-01-04,0.05656627436312805,0.9927565592078056
2016-01-05,-0.03467649240255688,1.0048347855426887
2016-01-06,-0.007243440792194367,0.9935483676338629
2016-01-07,0.00483478554268865,1.019231353292894
2016-01-08,-0.0064516323661370795,0.9992060185572064
2016-01-11,0.019231353292894066,0.9495006603062397
2016-01-12,-0.000793981442793665,1.0352929224091854
2016-01-13,-0.050499339693760296,0.9444532974785302
2016-01-14,0.03529292240918546,0.8987042968000344
2016-01-15,-0.055546702521469725,1.0806230730632174
2016-01-18,-0.10129570319996557,1.0
2016-01-19,0.08062307306321745,1.02492616058264
2016-01-20,0.0,1.0
2016-01-21,0.02492616058264009,1.0134909229117601
2016-01-22,0.0,1.019079707315605
2016-01-25,0.013490922911760033,0.9597599538382202
2016-01-27,0.019079707315605033,1.0270057807308004
2016-01-28,-0.04024004616177978,0.989958146137396
2016-01-29,0.027005780730800354,1.0
2016-02-01,-0.010041853862603988,1.0419986611417964
2016-02-02,0.0,0.980455477399154
2016-02-03,0.041998661141796394,0.9528531748139851
2016-02-04,-0.019544522600846027,1.0
2016-02-05,-0.04714682518601488,0.8635085472000643
2016-02-08,0.0,0.8453551699941356
2016-02-09,-0.13649145279993563,1.012607679737005
2016-02-10,-0.15464483000586435,1.0011382351806386
2016-02-11,0.01260767973700496,1.0455887748325094
2016-02-12,0.0011382351806385725,1.0108109544621167
2016-02-15,0.04558877483250935,0.902967909264498
2016-02-16,0.010810954462116568,1.0187798858291133
2016-02-17,-0.09703209073550198,1.0
2016-02-18,0.018779885829113253,1.0
2016-02-19,0.0,1.0161479331601562
2016-02-22,0.0,1.0
2016-02-23,0.01614793316015614,1.0
2016-02-24,0.0,1.0259755427640365
2016-02-25,0.0,1.003338877468743
2016-02-26,0.025975542764036425,1.043485093016242
2016-02-29,0.0033388774687430987,0.9839138907870545
2016-03-01,0.043485093016242114,1.0
2016-03-02,-0.016086109212945517,1.0
2016-03-03,0.0,0.9726010161967035
2016-03-04,0.0,1.0
2016-03-08,-0.02739898380329652,1.0
2016-03-09,0.0,1.0
2016-03-10,0.0,1.0
2016-03-11,0.0,1.0
2016-03-14,0.0,1.0
2016-03-15,0.0,1.0
2016-03-16,0.0,1.0477314668884503
2016-03-17,0.0,0.980747948725585
2016-03-18,0.04773146688845027,1.0360591611113064
2016-03-21,-0.01925205127441493,1.0
2016-03-22,0.036059161111306255,1.0051947520727083
2016-03-23,0.0,0.9446078040591024
2016-03-28,0.005194752072708186,1.0
2016-03-29,-0.05539219594089762,0.8950043950026709
2016-03-30,0.0,1.04867439577691
2016-03-31,-0.10499560499732905,1.0486246603125997
2016-04-01,0.048674395776910025,0.9490551075705683
2016-04-04,0.04862466031259969,1.0487349035802558
2016-04-05,-0.0509448924294317,0.9616639145623906
2016-04-06,0.048734903580255805,1.0482426231946045
2016-04-07,-0.0383360854376093,1.0
2016-04-08,0.048242623194604435,1.0184487186563012
2016-04-11,0.0,1.0042918500541638
2016-04-12,0.01844871865630113,1.0117084626018151
2016-04-13,0.004291850054163694,1.0485381385485886
2016-04-18,0.01170846260181518,0.9878295510000578
2016-04-20,0.048538138548588586,0.994884881321745
2016-04-21,-0.012170448999942202,0.9948585823024111
2016-04-22,-0.005115118678255014,1.0082135948247402
2016-04-25,-0.0051414176975889455,1.0152210476683734
2016-04-26,0.008213594824740213,1.0169748778696621
2016-04-27,0.01522104766837346,1.0473748100806184
2016-04-28,0.01697487786966219,0.9952673669339208
2016-04-29,0.047374810080618376,0.9856662113433274
2016-05-02,-0.004732633066079216,1.046082434758831
2016-05-03,-0.01433378865667251,0.9634962164689289
2016-05-04,0.04608243475883088,0.9551581615348933
2016-05-05,-0.03650378353107106,1.0
2016-05-06,-0.04484183846510675,1.0
2016-05-09,0.0,1.0
2016-05-10,0.0,1.0
2016-05-11,0.0,1.0343003181277126
2016-05-12,0.0,1.003846079843327
2016-05-13,0.034300318127712615,0.97767984008441
2016-05-16,0.003846079843327068,1.018474080072263
2016-05-17,-0.022320159915590027,1.0552832783798707
2016-05-18,0.018474080072262877,0.9552582419575233
2016-05-19,0.05528327837987073,1.0123165310376359
2016-05-20,-0.0447417580424767,0.9981150238441362
2016-05-23,0.012316531037635862,1.009389773520182
2016-05-24,-0.001884976155863779,1.0
2016-05-25,0.009389773520182085,1.0321866529838593
2016-05-26,0.0,0.9780412137391831
2016-05-27,0.03218665298385916,1.0425596483576747
2016-05-30,-0.021958786260816966,0.94252861909955
2016-05-31,0.04255964835767477,0.9981203387334229
2016-06-01,-0.05747138090045001,1.0
2016-06-02,-0.0018796612665770965,1.0
2016-06-03,0.0,1.0
2016-06-06,0.0,1.0
2016-06-07,0.0,1.0
2016-06-08,0.0,1.1212264160806082
2016-06-09,0.0,0.9310070903957195
2016-06-10,0.12122641608060829,1.0
2016-06-13,-0.0689929096042805,1.0656539429720073
2016-06-14,0.0,0.9235739646903409
2016-06-15,0.06565394297200744,1.0518797945083798
2016-06-16,-0.07642603530965912,0.9597847740813173
2016-06-17,0.051879794508379824,1.0106478332290436
2016-06-20,-0.04021522591868265,0.973164806521108
2016-06-21,0.010647833229043521,1.0
2016-06-22,-0.02683519347889197,0.961178025585212
2016-06-23,0.0,1.054116858412591
2016-06-24,-0.03882197441478797,1.0
2016-06-27,0.054116858412591014,1.0185763952191922
2016-06-28,0.0,0.9459814921138325
2016-06-29,0.0185763952191921,1.0487460549947498
2016-06-30,-0.054018507886167494,0.996469618409704
2016-07-01,0.048746054994749786,1.0
2016-07-04,-0.003530381590295941,1.0
2016-07-05,0.0,1.0
2016-07-07,0.0,1.0
2016-07-08,0.0,1.048326828519413
2016-07-11,0.0,0.9560843101587191
2016-07-12,0.04832682851941286,1.0
2016-07-13,-0.04391568984128092,0.9723319741782313
2016-07-14,0.0,1.0
2016-07-15,-0.02766802582176879,1.0134833264061585
2016-07-18,0.0,1.0
2016-07-19,0.013483326406158427,0.969172512776271
2016-07-20,0.0,1.0
2016-07-21,-0.030827487223729005,1.00367654667869
2016-07-22,0.0,1.0
2016-07-25,0.0036765466786900115,1.0483531391994192
2016-07-26,0.0,0.960779303639668
2016-07-27,0.04835313919941916,1.0
2016-07-28,-0.039220696360331944,1.048790126052102
2016-07-29,0.0,0.9548396404165325
2016-08-01,0.04879012605210192,1.0
2016-08-02,-0.04516035958346752,1.0
2016-08-03,0.0,1.0
2016-08-04,0.0,0.9789466185703422
2016-08-05,0.0,1.0354421126669755
2016-08-08,-0.02105338142965783,1.0
2016-08-09,0.035442112666975424,0.9496461547902494
2016-08-10,0.0,1.0323353475037989
2016-08-11,-0.05035384520975064,1.0
2016-08-12,0.03233534750379882,0.948706671142711
2016-08-16,0.0,1.0485622768137461
2016-08-17,-0.051293328857288996,1.0
2016-08-18,0.048562276813746134,1.0
2016-08-19,0.0,1.020749549749495
2016-08-22,0.0,1.0246926718581693
2016-08-23,0.02074954974949486,1.0
2016-08-24,0.024692671858169216,1.0
2016-08-25,0.0,1.0
2016-08-26,0.0,1.0
2016-08-29,0.0,1.0095362445615668
2016-08-30,0.0,0.949569079689612
2016-08-31,0.009536244561566737,1.0
2016-09-01,-0.05043092031038802,0.9798343756019979
2016-09-02,0.0,1.0363676282886543
2016-09-06,-0.020165624398002093,0.9487067281819208
2016-09-07,0.03636762828865427,1.0477154520071843
2016-09-08,-0.05129327181807916,0.9846497999104724
2016-09-09,0.04771545200718432,1.0099593898378376
2016-09-12,-0.015350200089527572,1.0
2016-09-14,0.009959389837837668,1.0089686300625849
2016-09-15,0.0,1.0
2016-09-16,0.008968630062584805,1.0
2016-09-19,0.0,1.0
2016-09-20,0.0,1.0
2016-09-21,0.0,1.0
2016-09-22,0.0,1.0
2016-09-23,0.0,0.9636323717113459
2016-09-26,0.0,0.9822507698760632
2016-09-27,-0.03636762828865418,1.0
2016-09-28,-0.01774923012393681,1.0487453528477673
2016-09-29,0.0,0.9964028755022387
2016-09-30,0.04874535284776732,1.048361032386722
2016-10-03,-0.003597124497761241,1.0461298015766447
2016-10-04,0.04836103238672197,0.9538701984233554
2016-10-05,0.04612980157664469,1.000858017704946
2016-10-06,-0.04612980157664462,1.0
2016-10-07,0.0008580177049460307,0.9498796253302659
2016-10-10,0.0,1.0
2016-10-13,-0.050120374669734055,1.0475441786358979
2016-10-14,0.0,1.011115919754187
2016-10-17,0.047544178635897806,1.0
2016-10-18,0.011115919754187083,0.9776431369348932
2016-10-19,0.0,1.048375928635302
2016-10-20,-0.02235686306510678,1.0
2016-10-21,0.04837592863530207,1.0074289208907607
2016-10-24,0.0,0.9867547793938909
2016-10-25,0.007428920890760733,1.0
2016-10-26,-0.013245220606109156,1.0
2016-10-27,0.0,1.0
2016-10-28,0.0,1.0487901419343237
2016-11-01,0.0,1.0
2016-11-02,0.048790141934323655,1.0
2016-11-03,0.0,1.0
2016-11-04,0.0,1.0
2016-11-07,0.0,1.0
2016-11-08,0.0,1.0
2016-11-09,0.0,1.0
2016-11-10,0.0,1.0
2016-11-11,0.0,1.0
2016-11-15,0.0,1.0
2016-11-16,0.0,1.0
2016-11-17,0.0,1.0
2016-11-18,0.0,1.0
2016-11-21,0.0,1.0
2016-11-22,0.0,1.0
2016-11-23,0.0,1.0
2016-11-24,0.0,1.0
2016-11-25,0.0,1.0
2016-11-28,0.0,1.0
2016-11-29,0.0,1.0
2016-11-30,0.0,1.0
2016-12-01,0.0,1.0
2016-12-02,0.0,1.0
2016-12-05,0.0,1.0
2016-12-06,0.0,1.0
2016-12-07,0.0,1.0
2016-12-08,0.0,1.0
2016-12-09,0.0,1.0
2016-12-12,0.0,1.0465199954211573
2016-12-13,0.0,1.0
2016-12-14,0.04651999542115726,0.9692283545985102
2016-12-15,0.0,1.0
2016-12-16,-0.03077164540148984,1.0
2016-12-19,0.0,0.9842516499803324
2016-12-20,0.0,0.9677391523621776
2016-12-21,-0.015748350019667567,1.0
2016-12-22,-0.03226084763782248,0.9834707057034989
2016-12-23,0.0,1.0165292942965012
2016-12-26,-0.0165292942965011,1.0
2016-12-27,0.01652929429650126,1.0
2016-12-28,0.0,1.0081633394443388
2016-12-29,0.0,1.0
2016-12-30,0.008163339444338887,1.0
2017-01-02,0.0,1.020917856692353
2017-01-03,0.0,1.007930220538236
2017-01-04,0.02091785669235283,0.9824697100361378
2017-01-05,0.007930220538236207,1.0
2017-01-06,-0.017530289963862185,1.0
2017-01-09,0.0,1.0
2017-01-10,0.0,1.029309031209624
2017-01-11,0.0,1.0
2017-01-12,0.029309031209623953,1.0
2017-01-13,0.0,1.0
2017-01-16,0.0,1.048752968582205
2017-01-17,0.0,0.9520273822579661
2017-01-18,0.04875296858220498,1.0
2017-01-19,-0.04797261774203393,1.0
2017-01-20,0.0,1.0
2017-01-23,0.0,1.0487159099274912
2017-01-24,0.0,1.0
2017-01-25,0.04871590992749114,1.048577834348457
2017-01-27,0.0,1.0483519104051602
2017-01-30,0.048577834348457125,1.048693835520065
2017-01-31,0.04835191040516012,1.0159289318423719
2017-02-01,0.048693835520065065,1.0
2017-02-02,0.015928931842371923,1.0487300757637992
2017-02-03,0.0,1.0487613680761227
2017-02-06,0.04873007576379908,0.9977039265947746
2017-02-07,0.048761368076122684,1.048790085305994
2017-02-08,-0.0022960734052254626,0.9580827448271602
2017-02-09,0.048790085305994,0.9556519825032865
2017-02-10,-0.041917255172839854,0.9535935975744099
2017-02-13,-0.044348017496713486,1.0481947657743078
2017-02-14,-0.04640640242559012,1.0005954746297832
2017-02-15,0.048194765774307834,1.04651999397732
2017-02-16,0.0005954746297830644,1.0444517427965276
2017-02-17,0.04651999397732,1.0
2017-02-20,0.0444517427965276,1.0
2017-02-21,0.0,1.0310351363598773
2017-02-22,0.0,0.9957761307582181
2017-02-23,0.03103513635987729,0.9839996873440213
2017-02-27,-0.004223869241781902,1.0
2017-02-28,-0.01600031265597869,1.0
2017-03-01,0.0,1.0
2017-03-02,0.0,1.0
2017-03-03,0.0,0.9487066286012064
2017-03-06,0.0,1.0
2017-03-07,-0.05129337139879362,1.0
2017-03-08,0.0,1.0
2017-03-09,0.0,0.95070037634686
2017-03-10,0.0,1.0106447087713704
2017-03-14,-0.04929962365314,1.0487901552006484
2017-03-15,0.010644708771370383,1.0
2017-03-16,0.0487901552006484,1.0183186280315968
2017-03-17,0.0,1.0
2017-03-20,0.01831862803159676,1.0169078947839738
2017-03-21,0.0,0.9506689110056998
2017-03-22,0.01690789478397372,1.0
2017-03-23,-0.04933108899430012,1.0487901425118584
2017-03-24,0.0,0.9736827032333325
2017-03-27,0.04879014251185851,0.9888266594286448
2017-03-28,-0.026317296766667546,1.0
2017-03-29,-0.011173340571355208,1.0
2017-03-30,0.0,1.0
2017-03-31,0.0,1.0
2017-04-03,0.0,1.0466477669164074
2017-04-05,0.0,0.9645255736549478
2017-04-06,0.046647766916407325,1.0219788970513366
2017-04-07,-0.03547442634505211,1.0425596796740049
2017-04-10,0.02197889705133653,1.0
2017-04-11,0.04255967967400485,1.0
2017-04-12,0.0,0.9984362057336178
2017-04-13,0.0,0.9644242013443373
2017-04-17,-0.0015637942663822085,1.0080754425417555
2017-04-18,-0.03557579865566271,0.9892181862453194
2017-04-19,0.008075442541755446,1.0
2017-04-20,-0.01078181375468061,0.9797419825097855
2017-04-21,0.0,1.0283552564132963
2017-04-24,-0.02025801749021452,1.0482779369468798
2017-04-25,0.028355256413296292,1.0484973325533433
2017-04-26,0.04827793694687979,0.9494515087928663
2017-04-27,0.04849733255334338,1.0485945295794268
2017-04-28,-0.05054849120713362,0.9488353442762223
2017-05-02,0.04859452957942682,1.04871658697391
2017-05-03,-0.051164655723777694,0.9801974605978978
2017-05-04,0.04871658697390987,1.0487901031817057
2017-05-05,-0.01980253940210221,1.0364697198938426
2017-05-08,0.04879010318170569,0.9496245139987399
2017-05-09,0.036469719893842664,0.9631136211141184
2017-05-10,-0.05037548600126006,1.0
2017-05-11,-0.036886378885881685,1.0020020418115934
2017-05-12,0.0,0.9534323136986709
2017-05-15,0.0020020418115934643,0.969686550681365
2017-05-16,-0.04656768630132918,0.9742945211235856
2017-05-17,-0.030313449318634986,1.0
2017-05-18,-0.02570547887641436,1.0486581617998207
2017-05-19,0.0,0.9920529944788002
2017-05-22,0.0486581617998207,1.0105821469783358
2017-05-23,-0.007947005521199745,0.9487066967430433
2017-05-24,0.010582146978335854,1.013755336052791
2017-05-25,-0.05129330325695665,1.0167980361442432
2017-05-26,0.013755336052790924,0.981013823922497
2017-05-29,0.016798036144243342,1.048633649601807
2017-05-30,-0.018986176077502966,1.0483677978036166
2017-05-31,0.048633649601807015,1.0485060549846787
2017-06-01,0.04836779780361655,1.0485195919720274
2017-06-02,0.04850605498467876,1.047995181858574
2017-06-05,0.04851959197202734,1.048667332302299
2017-06-06,0.047995181858573925,1.048751156364096
2017-06-07,0.04866733230229905,1.0487159099274914
2017-06-08,0.048751156364096215,0.9489412709154331
2017-06-09,0.04871590992749135,1.0162856878549982
2017-06-12,-0.05105872908456692,1.0133717844025183
2017-06-13,0.016285687854998086,0.978906203870537
2017-06-14,0.013371784402518358,1.0
2017-06-15,-0.021093796129463015,0.9843746263971774
2017-06-16,0.0,0.972054162238596
2017-06-19,-0.015625373602822547,1.0
2017-06-20,-0.027945837761404052,0.9844957719419962
2017-06-21,0.0,0.9867547793938909
2017-06-22,-0.01550422805800377,1.0082988320327293
2017-06-23,-0.013245220606109156,1.0
2017-06-27,0.008298832032729351,1.0
2017-06-28,0.0,1.0
2017-06-29,0.0,1.0
2017-06-30,0.0,1.0
2017-07-03,0.0,1.048790116916546
2017-07-04,0.0,1.0
2017-07-05,0.04879011691654594,0.9594403453472259
2017-07-06,0.0,1.0
2017-07-07,-0.040559654652774134,1.0487901579206895
2017-07-10,0.0,1.0371619298896522
2017-07-11,0.04879015792068955,1.0219461269123393
2017-07-12,0.03716192988965224,0.9556151627361017
2017-07-13,0.021946126912339405,0.9965324812202188
2017-07-14,-0.044384837263898295,1.0315315554716578
2017-07-17,-0.0034675187797812462,1.0
2017-07-18,0.03153155547165774,1.0096763049741144
2017-07-19,0.0,0.9910714330694614
2017-07-20,0.009676304974114388,1.000746940226228
2017-07-21,-0.008928566930538544,1.0148261223022181
2017-07-24,0.0007469402262279095,1.0
2017-07-25,0.014826122302218081,0.9490551959219936
2017-07-26,0.0,1.0
2017-07-27,-0.050944804078006375,1.0
2017-07-28,0.0,1.0487349921271452
2017-07-31,0.0,1.0022098119508611
2017-08-01,0.04873499212714509,0.9929849692046007
2017-08-02,0.0022098119508610864,1.0003705351974919
2017-08-03,-0.007015030795399289,1.071458988517437
2017-08-04,0.0003705351974918558,1.0953101998786543
2017-08-07,0.07145898851743704,1.095310152430239
2017-08-08,0.09531019987865422,0.9908387606760142
2017-08-09,0.09531015243023915,0.9489639725320177
2017-08-10,-0.009161239323985777,1.046134783153511
2017-08-11,-0.051036027467982276,1.0326965210693706
2017-08-14,0.046134783153510994,1.0013976292701239
2017-08-16,0.03269652106937064,0.9918664964661604
2017-08-17,0.0013976292701238459,0.9769252759449565
2017-08-18,-0.008133503533839534,0.9573151158092487
2017-08-21,-0.023074724055043516,0.9802575484464727
2017-08-22,-0.042684884190751345,1.0487900893378643
2017-08-23,-0.01974245155352729,1.0487484936975355
2017-08-24,0.048790089337864384,1.0486046680868117
2017-08-28,0.04874849369753544,1.015516406636265
2017-08-29,0.04860466808681174,1.0
2017-08-30,0.015516406636265028,1.0
2017-08-31,0.0,1.0
2017-09-01,0.0,1.0
2017-09-04,0.0,1.0
2017-09-05,0.0,1.0
2017-09-06,0.0,1.0
2017-09-07,0.0,1.0
2017-09-08,0.0,1.0
2017-09-11,0.0,1.0
2017-09-12,0.0,1.0
2017-09-13,0.0,1.0
2017-09-14,0.0,1.0
2017-09-15,0.0,1.0
2017-09-18,0.0,1.0
2017-09-19,0.0,1.0
2017-09-20,0.0,1.0
2017-09-21,0.0,1.0
2017-09-22,0.0,1.0
2017-09-25,0.0,1.0
2017-09-26,0.0,1.0
2017-09-27,0.0,1.0
2017-09-28,0.0,1.0486410259635606
2017-09-29,0.0,1.048754579782792
2017-10-03,0.04864102596356053,1.0487450829112688
2017-10-04,0.048754579782792046,1.0486291834850163
2017-10-05,0.04874508291126871,1.095192904093565
2017-10-06,0.04862918348501639,1.0952924512408013
2017-10-09,0.09519290409356505,1.0952616983885493
2017-10-10,0.09529245124080125,1.0486673248085756
2017-10-11,0.09526169838854918,1.0467015949923975
2017-10-12,0.04866732480857562,1.0229162592517669
2017-10-13,0.0467015949923974,0.9488123443993215
2017-10-16,0.02291625925176684,0.9487543403899814
2017-10-17,-0.0511876556006785,0.9488320735389286
2017-10-18,-0.051245659610018604,1.0487822309406247
2017-10-19,-0.05116792646107133,1.0284140654959602
2017-10-23,0.04878223094062481,0.9655165556273688
2017-10-24,0.028414065495960185,0.9737041876234493
2017-10-25,-0.03448344437263115,0.9538870497151406
2017-10-26,-0.02629581237655063,1.0136848330788102
2017-10-27,-0.046112950284859386,0.9839011024969606
2017-10-30,0.013684833078810259,0.9867915143069126
2017-10-31,-0.016098897503039368,1.0486568166492987
2017-11-01,-0.01320848569308744,1.0031611060800771
2017-11-02,0.04865681664929856,1.048790174300284
2017-11-03,0.003161106080077153,1.002212458904069
2017-11-06,0.04879017430028413,1.0161280961325896
2017-11-07,0.0022124589040691486,1.0065025808031471
2017-11-08,0.016128096132589493,1.017439656945339
2017-11-09,0.006502580803147061,1.0415860846097769
2017-11-10,0.01743965694533911,0.9826847407072181
2017-11-13,0.041586084609776926,0.9488313757520433
2017-11-14,-0.017315259292781878,0.9488625056838655
2017-11-15,-0.05116862424795661,0.9488706242161924
2017-11-16,-0.05113749431613441,0.9488429071495277
2017-11-17,-0.051129375783807586,0.9487639317811085
2017-11-20,-0.05115709285047237,0.9942485522727311
2017-11-21,-0.051236068218891484,1.0412449390973082
2017-11-22,-0.005751447727268901,0.9645065086299607
2017-11-23,0.04124493909730817,1.0
2017-11-24,-0.035493491370039265,0.9490186920503036
2017-11-27,0.0,0.999597609851235
2017-11-28,-0.050981307949696394,0.9678941634375707
2017-11-29,-0.0004023901487649211,0.9488379713969347
2017-11-30,-0.03210583656242924,1.002621144931763
2017-12-01,-0.05116202860306529,1.0422869992604389
2017-12-04,0.0026211449317629374,0.9698554174315469
2017-12-05,0.042286999260438954,1.0494057141481858
2017-12-06,-0.03014458256845314,1.0429612818106249
2017-12-07,0.049405714148185904,1.048706007391177
2017-12-08,0.04296128181062484,1.0150462982982391
2017-12-11,0.04870600739117694,1.0027616793753655
2017-12-12,0.015046298298239023,1.0067795700439792
2017-12-13,0.002761679375365452,0.9654433457832391
2017-12-14,0.006779570043979169,1.0268573715511073
2017-12-15,-0.03455665421676087,1.0331221102126957
2017-12-18,0.026857371551107307,1.028605980810719
2017-12-19,0.033122110212695816,1.0346855290311898
2017-12-20,0.02860598081071914,1.005997976198523
2017-12-21,0.03468552903118979,0.9936677635519852
2017-12-22,0.005997976198522939,1.0129548010812093
2017-12-26,-0.006332236448014887,0.9735814670576155
2017-12-27,0.012954801081209305,0.958485983678089
2017-12-28,-0.026418532942384488,1.021318239739675
2017-12-29,-0.04151401632191094,0.9565379655616959
2018-01-01,0.021318239739674897,1.0486353702280256
2018-01-02,-0.04346203443830415,1.0486755564804735
2018-01-03,0.04863537022802553,1.0217152557545908
2018-01-04,0.04867555648047344,0.9887150813536165
2018-01-05,0.021715255754590847,0.9760447725238957
2018-01-08,-0.011284918646383486,0.9675975858432526
2018-01-09,-0.02395522747610438,1.0115962636957236
2018-01-10,-0.03240241415674736,1.0117985942789103
2018-01-11,0.011596263695723738,0.9986585919627198
2018-01-12,0.011798594278910255,0.9649985460673816
2018-01-15,-0.0013414080372802257,0.9903970983089463
2018-01-16,-0.03500145393261839,0.9606388986479968
2018-01-17,-0.009602901691053734,1.0144930594254093
2018-01-18,-0.03936110135200316,0.9708008581049229
2018-01-19,0.014493059425409406,1.0363676568766509
2018-01-22,-0.029199141895077104,0.9515222309619195
2018-01-23,0.03636765687665086,0.9743697704954388
2018-01-24,-0.04847776903808054,1.0487902169472716
2018-01-25,-0.02563022950456122,1.0253177815953702
2018-01-29,0.048790216947271585,0.9675136327361876
2018-01-30,0.025317781595370157,0.9535591269041684
2018-01-31,-0.032486367263812405,0.9502818324549268
2018-02-01,-0.04644087309583151,1.0466215921312856
2018-02-02,-0.04971816754507314,0.9489005601042921
2018-02-05,0.046621592131285604,0.95791916907707
2018-02-06,-0.051099439895707865,1.0953101921906134
2018-02-07,-0.042080830922929996,0.991257805508202
2018-02-08,0.09531019219061343,1.0952215007993098
2018-02-09,-0.008742194491797979,1.0286782530414604
2018-02-12,0.0952215007993098,0.9363001556931196
2018-02-14,0.028678253041460523,0.961800295579718
2018-02-15,-0.06369984430688042,0.9458796405481215
2018-02-16,-0.03819970442028194,1.0732153657032035
2018-02-19,-0.05412035945187855,0.9887003445858761
2018-02-20,0.07321536570320358,0.9540750296118686
2018-02-21,-0.011299655414123899,1.0952560897030346
2018-02-22,-0.04592497038813134,1.0
2018-02-23,0.09525608970303447,0.9604691961560435
2018-02-26,0.0,1.013042840003522
2018-02-27,-0.039530803843956436,1.0053541135447273
2018-02-28,0.013042840003522132,1.005325482327879
2018-03-01,0.005354113544727148,0.9935690869695638
2018-03-05,0.005325482327878997,1.0
2018-03-06,-0.006430913030436243,1.0315701752417699
2018-03-07,0.0,0.939442305243913
2018-03-08,0.0315701752417698,0.9677981493049592
2018-03-09,-0.06055769475608694,1.0628470583592504
2018-03-12,-0.032201850695040765,1.0283036895602946
2018-03-13,0.06284705835925049,0.9691165350480336
2018-03-14,0.028303689560294634,0.9643154562998651
2018-03-15,-0.030883464951966328,0.9752213529702234
2018-03-16,-0.035684543700134824,0.9958754708663646
2018-03-19,-0.024778647029776623,1.0062782206022847
2018-03-20,-0.004124529133635339,1.0283447244857107
2018-03-21,0.006278220602284719,0.9689133791990608
2018-03-22,0.028344724485710664,0.93957150714615
2018-03-23,-0.031086620800939203,1.0
2018-03-26,-0.06042849285385002,1.036813908024747
2018-03-27,0.0,0.9815579041326565
2018-03-28,0.036813908024746884,1.025844415178246
2018-04-02,-0.01844209586734345,0.9285410620186456
2018-04-03,0.025844415178246014,1.0104356002435149
2018-04-04,-0.07145893798135443,1.0
2018-04-05,0.010435600243514817,0.9957536941080467
2018-04-06,0.0,1.0210534162941434
2018-04-09,-0.004246305891953306,1.0082988320327293
2018-04-10,0.021053416294143434,0.9912843729573593
2018-04-11,0.008298832032729351,0.9962414088070364
2018-04-12,-0.008715627042640698,1.0155685441333397
2018-04-13,-0.003758591192963649,1.0051361363660363
2018-04-16,0.015568544133339846,1.0437030742998514
2018-04-17,0.005136136366036279,0.9562969257001485
2018-04-18,0.04370307429985148,1.0395753022205347
2018-04-19,-0.043703074299851506,1.0
2018-04-20,0.039575302220534646,0.9304723894607866
2018-04-23,0.0,1.06716122913368
2018-04-24,-0.06952761053921344,0.9920713517834492
2018-04-25,0.06716122913367994,1.0
2018-04-26,-0.007928648216550788,0.915969151846918
2018-04-27,0.0,1.0129034510387322
2018-04-30,-0.0840308481530821,1.008510719817208
2018-05-02,0.012903451038732272,1.005071825949306
2018-05-03,0.008510719817208095,1.0058848231919486
2018-05-04,0.005071825949306035,1.0654941633476884
2018-05-07,0.005884823191948698,0.9395226676248261
2018-05-08,0.06549416334768846,1.0008336302884209
2018-05-09,-0.0604773323751739,0.9789465837058565
2018-05-10,0.0008336302884209462,1.0518250527257889
2018-05-11,-0.02105341629414346,1.0100503073925617
2018-05-14,0.051825052725788905,0.9385500555520662
2018-05-15,0.010050307392561695,1.0773232870492437
2018-05-16,-0.06144994444793379,0.8780993215606603
2018-05-17,0.07732328704924371,0.9319120804666688
2018-05-18,-0.12190067843933969,1.1079754813277554
2018-05-21,-0.06808791953333117,0.9428415942089596
2018-05-22,0.10797548132775538,0.9489447957392546
2018-05-23,-0.05715840579104042,1.1090678942099665
2018-05-24,-0.051055204260745383,1.1385359668606132
2018-05-25,0.10906789420996665,1.0339882241766685
2018-05-28,0.13853596686061329,1.081892971909202
2018-05-29,0.03398822417666841,0.9547955993761295
2018-05-30,0.08189297190920214,0.9711855821489468
2018-05-31,-0.04520440062387057,0.9046897802438222
2018-06-01,-0.028814417851053164,1.0
2018-06-04,-0.0953102197561778,1.0917387747281417
2018-06-05,0.0,0.9691165350480336
2018-06-06,0.0917387747281417,0.9732619400018953
2018-06-07,-0.030883464951966328,0.9738897773673194
2018-06-08,-0.026738059998104698,1.0669549824087585
2018-06-11,-0.02611022263268059,1.0005456285651084
2018-06-12,0.06695498240875843,1.0215835323043436
2018-06-13,0.0005456285651084263,0.9413751850312406
2018-06-14,0.021583532304343657,1.0
2018-06-15,-0.058624814968759376,0.9617297546725463
2018-06-18,0.0,1.0
2018-06-19,-0.03827024532745368,1.001567059329125
2018-06-20,0.0,0.9889784091836616
2018-06-21,0.0015670593291249367,0.9575522799350011
2018-06-22,-0.011021590816338314,0.9869061765677846
2018-06-25,-0.04244772006499887,1.0539571033853778
2018-06-26,-0.013093823432215435,0.9910402266417042
2018-06-27,0.05395710338537789,1.0667236837997518
2018-06-28,-0.008959773358295831,0.9988768930344343
2018-06-29,0.06672368379975173,0.9709241906369106
2018-07-02,-0.001123106965565728,0.9832778673588612
2018-07-03,-0.02907580936308939,0.9624406836300528
2018-07-04,-0.01672213264113874,1.0743260366103795
2018-07-05,-0.03755931636994723,0.9434306449296098
2018-07-06,0.07432603661037948,1.039220727931077
2018-07-09,-0.056569355070390216,1.0
2018-07-10,0.03922072793107709,0.9998077470304634
2018-07-11,0.0,0.9372934035590877
2018-07-12,-0.00019225296953662458,0.9579656491265255
2018-07-13,-0.06270659644091224,0.9446741884982078
2018-07-16,-0.042034350873474506,1.0
2018-07-17,-0.05532581150179212,0.9561636775159512
2018-07-18,0.0,1.0595141191418005
2018-07-19,-0.0438363224840488,1.0101703505663706
2018-07-20,0.05951411914180052,0.9824693117522002
2018-07-23,0.010170350566370641,1.0
2018-07-24,-0.017530688247799825,1.0293392521341551
2018-07-25,0.0,1.0411001859386588
2018-07-26,0.029339252134155225,0.9968655174851421
2018-07-27,0.041100185938658836,1.0612892119216697
2018-07-30,-0.0031344825148579745,0.9393384978606854
2018-07-31,0.061289211921669653,1.0
2018-08-01,-0.06066150213931467,1.0056314609587573
2018-08-02,0.0,0.9772813384608968
2018-08-03,0.005631460958757319,1.069843558228467
2018-08-06,-0.02271866153910318,1.0297129768030266
2018-08-07,0.06984355822846706,0.9846672704317285
2018-08-08,0.029712976803026557,0.9615222445717615
2018-08-09,-0.0153327295682715,1.016129310083367
2018-08-10,-0.038477755428238496,1.076961069597068
2018-08-13,0.016129310083367113,1.0
2018-08-14,0.07696106959706797,0.9813079206877312
2018-08-16,0.0,0.9339005185816603
2018-08-17,-0.018692079312268746,0.9997982905162884
2018-08-20,-0.0660994814183397,1.0533879144796428
2018-08-21,-0.00020170948371152426,1.031605355734677
2018-08-23,0.053387914479642765,0.9467554785327161
2018-08-24,0.03160535573467702,1.0
2018-08-27,-0.05324452146728383,1.015504179801293
2018-08-28,0.0,0.9742876323032629
2018-08-29,0.015504179801292952,1.0818019127148748
2018-08-30,-0.025712367696737112,1.0318508723065645
2018-08-31,0.0818019127148749,0.9542346079883347
2018-09-03,0.03185087230656444,1.021160953445602
2018-09-04,-0.04576539201166532,0.9555235979711441
2018-09-05,0.021160953445602117,0.9656362434689237
2018-09-06,-0.04447640202885595,1.0149271251444754
2018-09-07,-0.03436375653107625,1.0005770546568173
2018-09-10,0.014927125144475454,0.9897553956335389
2018-09-11,0.0005770546568173646,1.0106291841088724
2018-09-12,-0.01024460436646108,1.0665549038186568
2018-09-14,0.01062918410887227,0.9711711375135975
2018-09-17,0.06655490381865682,1.0183148876765191
2018-09-18,-0.028828862486402488,0.9471460562038739
2018-09-19,0.01831488767651905,0.9350709008652428
2018-09-21,-0.05285394379612612,1.0761891370936372
2018-09-24,-0.06492909913475717,0.9403401272925322
2018-09-25,0.07618913709363716,1.006128732171481
2018-09-26,-0.059659872707467705,1.0004073008981254
2018-09-27,0.0061287321714808335,0.9343750852788852
2018-09-28,0.00040730089812529547,1.0
2018-10-01,-0.0656249147211148,0.9855481969984131
2018-10-03,0.0,1.0
2018-10-04,-0.014451803001586837,1.149856426881371
2018-10-05,0.0,0.9879666786450821
2018-10-08,0.14985642688137094,1.0694026438951203
2018-10-09,-0.012033321354917898,0.8325547187913349
2018-10-10,0.0694026438951203,1.1125411020990246
2018-10-11,-0.16744528120866506,1.0
2018-10-12,0.11254110209902465,0.8849122163641013
2018-10-15,0.0,1.0074097725995954
2018-10-16,-0.11508778363589865,1.0
2018-10-17,0.007409772599595521,1.0102823510832342
2018-10-19,0.0,1.119498008469177
2018-10-22,0.01028235108323424,0.9185979589609449
2018-10-23,0.11949800846917707,0.972288293890176
2018-10-24,-0.08140204103905514,1.0523258434457579
2018-10-25,-0.027711706109823944,1.0
2018-10-26,0.05232584344575783,0.9841894300611512
2018-10-29,0.0,0.9960079722199301
2018-10-30,-0.015810569938848794,0.9614670448746535
2018-10-31,-0.003992027780069931,1.0385329551253466
2018-11-01,-0.03853295512534649,1.0
2018-11-02,0.03853295512534659,1.0276151504029571
2018-11-05,0.0,1.0270623728744332
2018-11-06,0.027615150402957037,0.9647328523411703
2018-11-07,0.027062372874433173,0.9451696462787245
2018-11-09,-0.035267147658829656,1.035419978102715
2018-11-12,-0.0548303537212755,1.0198025977189187
2018-11-13,0.035419978102714994,0.9183219611194399
2018-11-14,0.01980259771891861,0.9784938267572271
2018-11-15,-0.0816780388805601,1.0425596172653393
2018-11-16,-0.021506173242772958,1.0
2018-11-19,0.04255961726533936,1.0
2018-11-20,0.0,0.9416644079496428
2018-11-21,0.0,1.0581271777358283
2018-11-22,-0.05833559205035723,1.0
2018-11-26,0.05812717773582826,1.0
2018-11-27,0.0,1.000208414314529
2018-11-28,0.0,1.0
2018-11-29,0.00020841431452896814,1.0
2018-11-30,0.0,0.9789465559774336
2018-12-03,0.0,1.0
2018-12-04,-0.02105344402256638,0.9784938267572271
2018-12-05,0.0,0.982676869215792
2018-12-06,-0.021506173242772958,1.0
2018-12-07,-0.017323130784208038,1.0345648980969884
2018-12-10,0.0,0.9632208179680971
2018-12-11,0.03456489809698826,1.0410435879618958
2018-12-12,-0.03677918203190288,1.0
2018-12-13,0.04104358796189576,1.0
2018-12-14,0.0,1.0
2018-12-17,0.0,1.0210534440225665
2018-12-18,0.0,1.0
2018-12-19,0.02105344402256647,1.040821997139075
2018-12-20,0.0,1.0
2018-12-21,0.04082199713907513,0.9797972593326096
2018-12-24,0.0,1.0
2018-12-26,-0.020202740667390393,0.975205365269456
2018-12-27,0.0,1.0
2018-12-28,-0.02479463473054398,1.0449973753979342
2018-12-31,0.0,0.9736559810384927
2019-01-01,0.04499737539793424,0.9855220218224323
2019-01-02,-0.02634401896150733,0.9354614395801287
2019-01-03,-0.014477978177567729,1.0
2019-01-04,-0.06453856041987131,0.9870273634091816
2019-01-07,0.0,1.004492377895037
2019-01-08,-0.012972636590818333,1.1287294219369666
2019-01-09,0.0044923778950370615,1.0066771517369415
2019-01-10,0.12872942193696646,0.9871957375830489
2019-01-11,0.006677151736941512,0.9912385049977709
2019-01-14,-0.012804262416951151,0.9676834032753088
2019-01-15,-0.008761495002229067,0.9816546432831598
2019-01-16,-0.032316596724691234,0.9759384159147918
2019-01-17,-0.018345356716840188,0.9969781518919479
2019-01-18,-0.024061584085208178,1.0493458640389957
2019-01-21,-0.003021848108052109,1.0028765608056078
2019-01-22,0.049345864038995546,0.9971234391943922
2019-01-23,0.002876560805607739,1.0
2019-01-24,-0.0028765608056078805,0.9017018261731097
2019-01-25,0.0,0.9988643153421176
2019-01-28,-0.09829817382689028,1.0407492410550538
2019-01-29,-0.0011356846578823821,1.0
2019-01-30,0.040749241055053786,1.0
2019-01-31,0.0,1.0
2019-02-01,0.0,1.0662689841922814
2019-02-04,0.0,0.958939713671592
2019-02-05,0.06626898419228139,1.0394252816502703
2019-02-06,-0.04106028632840796,0.9401548789779932
2019-02-07,0.03942528165027021,1.0
2019-02-08,-0.059845121022006814,1.016155433441744
2019-02-11,0.0,0.9632208179680971
2019-02-12,0.016155433441743885,0.9567364799541358
2019-02-14,-0.03677918203190288,0.9953596126614742
2019-02-15,-0.04326352004586425,1.038773379549561
2019-02-18,-0.004640387338525765,1.0066889993994195
2019-02-19,0.0387733795495611,1.0
2019-02-20,0.006688999399419511,1.0
2019-02-21,0.0,0.9545376210510192
2019-02-22,0.0,1.0846830894162929
2019-02-25,-0.04546237894898074,0.9206514807044458
2019-02-26,0.08468308941629281,1.0
2019-02-27,-0.07934851929555421,0.9591587563912307
2019-02-28,0.0,1.0308446525274668
2019-03-01,-0.04084124360876934,1.013921361865684
2019-03-05,0.030844652527466807,0.9956125669697404
2019-03-06,0.013921361865683858,1.0405904710741203
2019-03-07,-0.004387433030259559,1.0
2019-03-08,0.04059047107412022,1.0
2019-03-11,0.0,1.043485116397305
2019-03-12,0.0,0.9565148836026951
2019-03-13,0.0434851163973049,0.977527177478378
2019-03-14,-0.04348511639730494,1.0
2019-03-15,-0.022472822521622023,0.9770104435726414
2019-03-18,0.0,1.0454623789489805
2019-03-19,-0.022989556427358594,1.043485116397305
2019-03-20,0.04546237894898061,0.9565148836026951
2019-03-22,0.0434851163973049,1.0
2019-03-25,-0.04348511639730494,1.0
2019-03-26,0.0,1.0
2019-03-27,0.0,1.0004444022961847
2019-03-28,0.0,1.0171772283295268
2019-04-01,0.00044440229618467335,1.0
2019-04-02,0.01717722832952693,1.0
2019-04-03,0.0,1.0258634857715934
2019-04-04,0.0,0.9743548245063568
2019-04-05,0.02586348577159341,0.9997816897220497
2019-04-08,-0.025645175493643202,1.0215990798416006
2019-04-09,-0.00021831027795028815,1.004051623666698
2019-04-10,0.02159907984160061,0.995948376333302
2019-04-11,0.004051623666697999,1.0
2019-04-12,-0.004051623666698031,0.9995725709503072
2019-04-15,0.0,1.0
2019-04-16,-0.0004274290496928539,0.9612067185823808
2019-04-18,0.0,0.9487067276656708
2019-04-22,-0.03879328141761918,1.0319971934549443
2019-04-23,-0.05129327233432923,1.01551111989067
2019-04-24,0.03199719345494442,1.0037849589887144
2019-04-25,0.015511119890670211,1.0
2019-04-26,0.003784958988714505,0.9793436543519157
2019-04-30,0.0,1.0
2019-05-02,-0.02065634564808429,1.040241123638141
2019-05-03,0.0,0.9976000204042299
2019-05-06,0.04024112363814113,1.0
2019-05-07,-0.0023999795957700947,0.9514392051237613
2019-05-08,0.0,1.0375789648514662
2019-05-09,-0.0485607948762387,1.0
2019-05-10,0.037578964851466064,0.9935747913257824
2019-05-13,0.0,0.9957678824729803
2019-05-14,-0.006425208674217618,1.0
2019-05-15,-0.004232117527019656,1.0044543578317233
2019-05-16,0.0,1.0
2019-05-17,0.004454357831723278,1.0
2019-05-20,0.0,0.9683946788443316
2019-05-21,0.0,0.9578391929692807
2019-05-22,-0.03160532115566833,1.0487901784897053
2019-05-23,-0.042160807030719324,1.048692461037548
2019-05-24,0.04879017848970538,0.9829280424774377
2019-05-27,0.048692461037547985,1.0486850788042752
2019-05-28,-0.017071957522562308,1.0486299228477929
2019-05-29,0.048685078804275125,1.0365750789651533
2019-05-30,0.04862992284779279,0.9527533220412536
2019-05-31,0.03657507896515339,1.0
2019-06-03,-0.047246677958746396,0.9718753901053909
2019-06-04,0.0,1.0367913933470692
2019-06-06,-0.028124609894609028,0.9665342879971591
2019-06-07,0.036791393347069205,0.9491326026993139
2019-06-10,-0.03346571200284088,0.969630753830183
2019-06-11,-0.05086739730068617,1.0129698762887143
2019-06-12,-0.03036924616981692,1.020016021388465
2019-06-13,0.012969876288714322,0.951590828928481
2019-06-14,0.020016021388464984,0.9520095460596959
2019-06-17,-0.04840917107151895,1.0
2019-06-18,-0.04799045394030415,1.0479904539403042
2019-06-19,0.0,1.0
2019-06-20,0.047990453940304226,1.0
2019-06-21,0.0,1.0
2019-06-24,0.0,1.0
2019-06-25,0.0,0.9827085099894644
2019-06-26,0.0,1.0
2019-06-27,-0.01729149001053566,1.0
2019-06-28,0.0,0.9669000705472173
2019-07-01,0.0,0.9707296461219621
2019-07-02,-0.03309992945278271,1.0478467107168692
2019-07-03,-0.02927035387803787,1.0
2019-07-04,0.047846710716869266,0.9859805674298138
2019-07-05,0.0,1.0050125425755385
2019-07-08,-0.014019432570186252,1.0
2019-07-09,0.005012542575538548,0.9537067164023394
2019-07-10,0.0,0.9823894527522891
2019-07-11,-0.04629328359766063,0.9820738346387489
2019-07-12,-0.01761054724771095,1.0
2019-07-15,-0.01792616536125112,1.0327898044866672
2019-07-16,0.0,0.995237473695071
2019-07-17,0.032789804486667164,0.9537192515917516
2019-07-18,-0.004762526304929037,0.9679117169102953
2019-07-19,-0.04628074840824842,1.0
2019-07-22,-0.03208828308970468,1.0472360905414693
2019-07-23,0.0,0.9527639094585306
2019-07-24,0.04723609054146934,1.0059604546349654
2019-07-25,-0.0472360905414694,1.0018890281221702
2019-07-26,0.005960454634965357,1.0152511822811923
2019-07-29,0.0018890281221702844,1.0037105521992549
2019-07-30,0.015251182281192372,1.0
2019-07-31,0.003710552199254763,0.9890941765355535
2019-08-01,0.0,0.9621156634518716
2019-08-02,-0.010905823464446464,1.0
2019-08-05,-0.03788433654812843,1.0
2019-08-06,0.0,0.9542469088586357
2019-08-07,0.0,1.0078204997861102
2019-08-08,-0.04575309114136427,1.0379325913552542
2019-08-09,0.007820499786110212,1.0273989340800593
2019-08-13,0.03793259135525418,1.026405107094545
2019-08-14,0.02739893408005937,0.9627252879665403
2019-08-16,0.026405107094545095,0.9495691522946907
2019-08-19,-0.0372747120334597,0.987566711175325
2019-08-20,-0.0504308477053092,1.017878136417971
2019-08-21,-0.012433288824674963,1.0116495245428598
2019-08-22,0.0178781364179709,0.9886363118612547
2019-08-23,0.01164952454285988,1.0
2019-08-26,-0.011363688138745298,1.051507510363523
2019-08-27,0.0,1.0
2019-08-28,0.05150751036352296,1.0040622582832908
2019-08-29,0.0,1.0485327788881555
2019-08-30,0.004062258283290697,1.0
2019-09-03,0.04853277888815562,1.0130453448466372
2019-09-04,0.0,0.9491746862093204
2019-09-05,0.013045344846637245,1.0209030398091907
2019-09-06,-0.05082531379067952,0.9950124420313334
2019-09-09,0.020903039809190647,0.9997368153099077
2019-09-11,-0.004987557968666576,0.9733245941421292
2019-09-12,-0.0002631846900923014,0.9636624366840741
2019-09-13,-0.026675405857870732,1.0202587824119969
2019-09-16,-0.0363375633159259,0.9492849129104747
2019-09-17,0.020258782411996884,1.0487901295690027
2019-09-18,-0.05071508708952533,1.040277630058916
2019-09-19,0.04879012956900268,1.0
2019-09-20,0.04027763005891595,0.9488930026113043
2019-09-23,0.0,1.0
2019-09-24,-0.05110699738869569,1.0192968187206188
2019-09-25,0.0,1.0388639414149146
2019-09-26,0.01929681872061891,1.0
2019-09-27,0.0388639414149145,1.0
2019-09-30,0.0,0.9975639617025667
2019-10-01,0.0,0.9753073874096285
2019-10-03,-0.0024360382974332765,1.0
2019-10-04,-0.02469261259037152,1.0434851119397388
2019-10-07,0.0,1.0
2019-10-09,0.04348511193973889,1.0
2019-10-10,0.0,0.9565148880602612
2019-10-11,0.0,1.0322520110049356
2019-10-14,-0.04348511193973878,1.0477906966686008
2019-10-15,0.03225201100493562,1.0
2019-10-16,0.0477906966686007,0.9745507230375041
2019-10-17,0.0,1.0
2019-10-18,-0.025449276962495902,0.9965748397548456
2019-10-22,0.0,1.0268210797602249
2019-10-23,-0.0034251602451543833,1.0
2019-10-24,0.026821079760224933,0.970800813943321
2019-10-25,0.0,0.9786088100186825
2019-10-29,-0.02919918605667902,1.0
2019-10-30,-0.02139118998131756,1.0397403286495142
2019-10-31,0.0,1.0025940351770466
2019-11-01,0.03974032864951412,1.0
2019-11-04,0.002594035177046528,0.9872244544305061
2019-11-05,0.0,0.9704411817429333
2019-11-06,-0.012775545569493934,0.9515476166140533
2019-11-07,-0.029558818257066754,1.0479116636908814
2019-11-08,-0.04845238338594674,1.0402810483445797
2019-11-11,0.04791166369088133,1.0399697138185797
2019-11-13,0.04028104834457964,0.9882011631481167
2019-11-14,0.03996971381857968,1.0030257516492433
2019-11-15,-0.011798836851883368,0.9979838241547434
2019-11-18,0.003025751649243331,0.9524704085611202
2019-11-19,-0.002016175845256545,1.0371326264793468
2019-11-20,-0.047529591438879804,1.009387389155546
2019-11-21,0.037132626479346724,1.0177704740100824
2019-11-22,0.00938738915554611,0.9566526842002679
2019-11-25,0.017770474010082325,0.9662771322174442
2019-11-26,-0.04334731579973206,1.0180567510381564
2019-11-27,-0.03372286778255589,1.0146293258445782
2019-11-28,0.018056751038156463,1.0
2019-11-29,0.014629325844578265,1.0
2019-12-02,0.0,0.9800936170545779
2019-12-03,0.0,0.9641809356664781
2019-12-04,-0.019906382945422078,1.0
2019-12-05,-0.03581906433352185,1.040832912841403
2019-12-06,0.0,0.9492469010585067
2019-12-09,0.0408329128414028,1.031887104881278
2019-12-10,-0.050753098941493296,1.0
2019-12-11,0.031887104881278,0.9650619813829024
2019-12-12,0.0,0.9718291230333037
2019-12-13,-0.034938018617097506,1.0
2019-12-16,-0.028170876966696335,1.022599831917241
2019-12-17,0.0,1.0437228110138317
2019-12-18,0.022599831917240992,0.9621259901897994
2019-12-19,0.04372281101383158,1.0
2019-12-20,-0.037874009810200615,1.0013875400908856
2019-12-23,0.0,1.0203136104737143
2019-12-24,0.001387540090885557,1.0
2019-12-26,0.020313610473714203,1.0
2019-12-27,0.0,1.0
2019-12-30,0.0,1.0320883145515005
2019-12-31,0.0,1.0
2020-01-01,0.03208831455150045,1.0
2020-01-02,0.0,1.0
2020-01-03,0.0,1.0
2020-01-06,0.0,1.0
2020-01-07,0.0,1.0
2020-01-08,0.0,1.0
2020-01-09,0.0,1.0
2020-01-10,0.0,0.9971010491956105
2020-01-13,0.0,1.0
2020-01-14,-0.00289895080438955,0.951605656416839
2020-01-15,0.0,0.9532161321208323
2020-01-16,-0.04839434358316097,1.048721082253388
2020-01-17,-0.04678386787916767,0.9699710507587647
2020-01-20,0.04872108225338795,0.9725614555449789
2020-01-21,-0.030028949241235326,1.0
2020-01-22,-0.02743854445502111,1.0
2020-01-23,0.0,1.0
2020-01-24,0.0,0.9657449754496812
2020-01-27,0.0,1.0
2020-01-28,-0.034255024550318806,1.0
2020-01-29,0.0,1.022176497561491
2020-01-30,0.0,0.9489251071912258
2020-01-31,0.02217649756149106,0.9504453525143486
2020-02-03,-0.051074892808774176,1.048618406776277
2020-02-04,-0.04955464748565142,1.026495716133783
2020-02-05,0.04861840677627703,0.9587218736734707
2020-02-06,0.026495716133782994,1.0
2020-02-07,-0.04127812632652927,0.9949173775971313
2020-02-10,0.0,1.045448238269216
2020-02-11,-0.0050826224028687195,1.0
2020-02-12,0.045448238269216075,1.0012165265879023
2020-02-13,0.0,1.0
2020-02-14,0.0012165265879023094,1.0
2020-02-17,0.0,1.0
2020-02-18,0.0,0.9501454397747813
2020-02-19,0.0,1.0031897953681002
2020-02-20,-0.04985456022521868,1.0
2020-02-24,0.003189795368100081,0.9610340314666163
2020-02-25,0.0,0.9525334627610763
2020-02-26,-0.03896596853338372,1.0
2020-02-27,-0.047466537238923724,1.0
2020-02-28,0.0,1.0
2020-03-02,0.0,1.0474665372389238
2020-03-03,0.0,1.0487901834173523
2020-03-04,0.04746653723892376,1.0
2020-03-05,0.04879018341735237,0.9488892048294915
2020-03-06,0.0,0.9489337638451518
2020-03-09,-0.051110795170508524,0.948761896829132
2020-03-11,-0.0510662361548482,0.9693891277134052
2020-03-12,-0.05123810317086802,1.0
2020-03-13,-0.03061087228659481,0.9494646269174564
2020-03-16,0.0,0.9488745759842068
2020-03-17,-0.050535373082543626,1.0
2020-03-18,-0.051125424015793175,0.998740276760409
2020-03-19,0.0,1.0
2020-03-20,-0.0012597232395909891,1.0
2020-03-23,0.0,1.0
2020-03-24,0.0,1.0
2020-03-25,0.0,1.0411580724935074
2020-03-26,0.0,1.0472528848505456
2020-03-27,0.04115807249350755,1.0443848257896997
2020-03-30,0.04725288485054551,1.0439077813559785
2020-03-31,0.04438482578969978,1.0481192483441983
2020-04-01,0.04390778135597842,1.045909701304078
2020-04-03,0.04811924834419835,1.0487901828004318
2020-04-07,0.04590970130407795,1.0485575290803688
2020-04-08,0.048790182800431896,0.9617674756867798
2020-04-09,0.048557529080368894,1.048646289627784
2020-04-13,-0.03823252431322023,0.996252012997317
2020-04-15,0.048646289627784,0.9538925258466945
2020-04-16,-0.0037479870026829766,0.9859881775178493
2020-04-17,-0.04610747415330547,0.9938461344256218
2020-04-20,-0.01401182248215073,0.9561513299964846
2020-04-21,-0.0061538655743782235,0.9932049371847604
2020-04-22,-0.04384867000351539,1.047552540249082
2020-04-23,-0.006795062815239557,0.9491954243645406
2020-04-24,0.047552540249082065,0.9967373543651836
2020-04-27,-0.050804575635459405,1.0447358938413915
2020-04-28,-0.0032626456348163824,0.98742121779314
2020-04-29,0.04473589384139152,0.9487067462754442
2020-04-30,-0.012578782206860073,0.9487417714794361
2020-05-04,-0.051293253724555864,0.9489280895379086
2020-05-05,-0.05125822852056395,0.9589473750409392
2020-05-06,-0.05107191046209142,0.9607946663672337
2020-05-07,-0.041052624959060854,1.046483641473223
2020-05-08,-0.039205333632766376,1.0484265939054744
2020-05-11,0.046483641473223015,1.0486170312850718
2020-05-12,0.04842659390547446,1.0486746752490843
2020-05-13,0.04861703128507175,0.9492448590751619
2020-05-14,0.04867467524908424,1.0
2020-05-15,-0.050755140924838155,0.9501853623003282
2020-05-18,0.0,1.0
2020-05-19,-0.049814637699671815,1.0
2020-05-20,0.0,1.0487727264620692
2020-05-21,0.0,1.0
2020-05-22,0.04877272646206923,1.0484923565579662
2020-05-26,0.0,1.0344861949050579
2020-05-27,0.0484923565579663,1.0104979100856013
2020-05-28,0.03448619490505797,1.0311551677797954
2020-05-29,0.010497910085601345,0.9842321477291107
2020-06-01,0.03115516777979548,1.018524765963451
2020-06-02,-0.01576785227088929,1.0
2020-06-03,0.018524765963451133,1.0094383594012564
2020-06-04,0.0,
2020-06-05,0.00943835940125639,
