date,x_close,y_close
2015-11-18,-0.0006954261142415891,0.9907406356295003
2015-11-19,0.006240764766430692,1.0236710432180018
2015-11-20,-0.009259364370499693,0.9940774745725681
2015-11-23,0.02367104321800173,0.994272026832236
2015-11-24,-0.0059225254274318994,0.9930828110136967
2015-11-26,-0.005727973167763996,0.9974515043841411
2015-11-27,-0.006917188986303364,0.9974451399793564
2015-11-30,-0.0025484956158589216,1.0
2015-12-01,-0.0025548600206436282,0.9941690826984492
2015-12-02,0.0,0.9929577061396772
2015-12-03,-0.00583091730155088,1.0093787718209621
2015-12-04,-0.007042293860322861,1.012062370396576
2015-12-07,0.009378771820962117,0.9907342749824607
2015-12-08,0.012062370396576,1.0261842396318348
2015-12-09,-0.009265725017539325,0.9833119191246721
2015-12-10,0.02618423963183479,1.0052880550546486
2015-12-11,-0.01668808087532796,1.0045756029464221
2015-12-14,0.00528805505464867,1.0675157172824776
2015-12-15,0.004575602946422213,0.9974364263012953
2015-12-16,0.06751571728247772,1.0400430629869954
2015-12-17,-0.0025635736987047082,0.9855100795177072
2015-12-18,0.040043062986995545,0.9765836362786666
2015-12-21,-0.014489920482292756,1.0360550067769434
2015-12-22,-0.02341636372133337,0.9791963315902192
2015-12-23,0.036055006776943455,0.9951532217882346
2015-12-24,-0.020803668409780773,1.0186256306734245
2015-12-28,-0.004846778211765378,1.0638514341490068
2015-12-29,0.0186256306734245,0.9856986490215589
2015-12-30,0.06385143414900689,0.9820819123179342
2015-12-31,-0.014301350978441098,1.0038096126799727
2016-01-01,-0.017918087682065847,1.0293818771454042
2016-01-04,0.003809612679972814,1.0077430673506431
2016-01-05,0.02938187714540421,0.9664706745117596
2016-01-06,0.00774306735064314,1.0366098061715574
2016-01-07,-0.033529325488240384,1.0271184174224213
2016-01-08,0.03660980617155744,1.0091256491907672
2016-01-11,0.027118417422421267,0.9820420424242859
2016-01-12,0.009125649190767245,0.9689452332500772
2016-01-13,-0.017957957575714053,0.9647278641468053
2016-01-14,-0.031054766749922847,0.9878245695119355
2016-01-15,-0.035272135853194664,1.021810319153045
2016-01-18,-0.01217543048806448,0.9743029818678115
2016-01-19,0.02181031915304495,0.9824248377179641
2016-01-20,-0.025697018132188526,1.0283794818570657
2016-01-21,-0.017575162282035935,1.0192777106266477
2016-01-22,0.028379481857065812,1.0025822281716978
2016-01-25,0.019277710626647793,0.9948288584879184
2016-01-27,0.0025822281716978298,1.0292781332395573
2016-01-28,-0.00517114151208162,1.0146099834346036
2016-01-29,0.02927813323955728,0.9768329652252189
2016-02-01,0.014609983434603572,0.9780818143542752
2016-02-02,-0.023167034774781128,0.9933901584094464
2016-02-03,-0.021918185645724796,1.0224549614622118
2016-02-04,-0.006609841590553561,0.9938897016365134
2016-02-05,0.022454961462211875,0.9457680701523871
2016-02-08,-0.006110298363486629,0.9694827521738859
2016-02-09,-0.0542319298476129,0.9383122419331087
2016-02-10,-0.030517247826114088,0.9951818044135455
2016-02-11,-0.06168775806689133,1.0465095434814649
2016-02-12,-0.00481819558645443,0.9833975240796856
2016-02-15,0.04650954348146485,1.0257808904732775
2016-02-16,-0.01660247592031435,1.0099567352402192
2016-02-17,0.025780890473277425,1.0301253996556743
2016-02-18,0.009956735240219136,0.9958115277978988
2016-02-19,0.03012539965567428,1.0050239863475878
2016-02-22,-0.004188472202101153,0.9825167766907189
2016-02-23,0.005023986347587861,1.0097273021019813
2016-02-24,-0.01748322330928111,0.9755020652659945
2016-02-25,0.009727302101981295,1.0194345314791289
2016-02-26,-0.02449793473400552,0.9985183568295104
2016-02-29,0.019434531479128787,0.9887101244111399
2016-03-01,-0.001481643170489631,1.0057673870724724
2016-03-02,-0.011289875588860084,0.9995738651030031
2016-03-03,0.00576738707247229,1.015435342683955
2016-03-04,-0.00042613489699693175,0.9671543928474196
2016-03-08,0.015435342683955133,1.0326358691670885
2016-03-09,-0.03284560715258045,0.9738477776913942
2016-03-10,0.032635869167088494,1.0428018689311538
2016-03-11,-0.026152222308605776,1.0024737349863198
2016-03-14,0.042801868931153814,0.9925604264773691
2016-03-15,0.002473734986319692,0.9871860205523126
2016-03-16,-0.0074395735226308775,1.035922048042181
2016-03-17,-0.012813979447687413,0.9860338810377234
2016-03-18,0.03592204804218098,0.9877222400567881
2016-03-21,-0.013966118962276654,0.9983235515759538
2016-03-22,-0.012277759943211883,0.981798433086
2016-03-23,-0.0016764484240462502,0.9749121814781192
2016-03-28,-0.018201566914000017,1.001750618366822
2016-03-29,-0.02508781852188081,0.9938595879825144
2016-03-30,0.0017506183668221254,0.9988995858647497
2016-03-31,-0.006140412017485635,0.9973538746851297
2016-04-01,-0.001100414135250265,1.0028662912038049
2016-04-04,-0.0026461253148703265,1.0120365130399616
2016-04-05,0.0028662912038047894,1.0163971975913169
2016-04-06,0.012036513039961654,1.00915978911606
2016-04-07,0.01639719759131676,1.012642376009568
2016-04-08,0.009159789116059943,0.9997906222507615
2016-04-11,0.012642376009567958,1.0054302786093194
2016-04-12,-0.00020937774923845804,1.038010294614179
2016-04-13,0.005430278609319455,1.0020032239249552
2016-04-18,0.038010294614178985,0.9728177825129694
2016-04-20,0.0020032239249553113,0.9981475332044081
2016-04-21,-0.027182217487030626,0.9831719342581989
2016-04-22,-0.001852466795591899,0.9879859546156403
2016-04-25,-0.016828065741801054,0.9841843562866238
2016-04-26,-0.012014045384359682,0.9945998546828502
2016-04-27,-0.015815643713376196,0.9873581254409122
2016-04-28,-0.0054001453171498475,1.0083006768822371
2016-04-29,-0.012641874559087841,0.9873027746133997
2016-05-02,0.008300676882237203,0.9924811412088124
2016-05-03,-0.012697225386600381,0.9953275997184834
2016-05-04,-0.007518858791187581,1.0066681639356416
2016-05-05,-0.004672400281516632,1.0103582578906072
2016-05-06,0.006668163935641528,0.9834195271147009
2016-05-09,0.010358257890607075,0.9993310370259333
2016-05-10,-0.01658047288529907,0.989460635859816
2016-05-11,-0.0006689629740666642,1.0141020530934661
2016-05-12,-0.01053936414018401,1.0182804472621223
2016-05-13,0.014102053093466136,1.0200936106346061
2016-05-16,0.018280447262122322,0.9722384797095577
2016-05-17,0.020093610634606098,1.0015381825256149
2016-05-18,-0.0277615202904423,1.0004391646976103
2016-05-19,0.0015381825256148463,0.9925093018316886
2016-05-20,0.0004391646976102965,0.9823754723626422
2016-05-23,-0.007490698168311341,1.0085164045921953
2016-05-24,-0.017624527637357813,0.9903575149700948
2016-05-25,0.00851640459219526,0.9957096760566557
2016-05-26,-0.009642485029905137,1.004740894146594
2016-05-27,-0.004290323943344246,0.9854807418354602
2016-05-30,0.004740894146594059,0.9880457836571905
2016-05-31,-0.01451925816453977,0.9944341888806956
2016-06-01,-0.011954216342809467,0.981220082497375
2016-06-02,-0.005565811119304461,0.9966769638159687
2016-06-03,-0.018779917502624952,1.0188418424243422
2016-06-06,-0.003323036184031283,0.9899165923177288
2016-06-07,0.0188418424243421,1.0408692250602425
2016-06-08,-0.010083407682271246,1.002259837431855
2016-06-09,0.04086922506024243,0.9741612005520239
2016-06-10,0.002259837431854971,0.988115825234068
2016-06-13,-0.025838799447976082,0.9969479832195508
2016-06-14,-0.011884174765931978,0.9997649454983334
2016-06-15,-0.0030520167804491505,0.9981166840954684
2016-06-16,-0.00023505450166663548,1.000235571549064
2016-06-17,-0.0018833159045316,1.0179765423365204
2016-06-20,0.00023557154906407604,1.0043864018335937
2016-06-21,0.017976542336520313,1.0002303806370054
2016-06-22,0.004386401833593743,0.9870188102345459
2016-06-23,0.00023038063700535073,1.0039584611311398
2016-06-24,-0.012981189765454204,0.993705687293002
2016-06-27,0.003958461131139921,0.996485849700426
2016-06-28,-0.00629431270699799,1.0
2016-06-29,-0.0035141502995740155,0.9995304974343857
2016-06-30,0.0,0.999060333052876
2016-07-01,-0.00046950256561428507,0.9929245086564763
2016-07-04,-0.0009396669471239877,1.043762036885122
2016-07-05,-0.00707549134352367,1.0321025928544891
2016-07-07,0.04376203688512189,1.0
2016-07-08,0.03210259285448904,1.0076494755555232
2016-07-11,0.0,0.9806545308974971
2016-07-12,0.0076494755555231286,1.0130115479980581
2016-07-13,-0.01934546910250287,0.9863223113408609
2016-07-14,0.013011547998058249,0.9959937403795642
2016-07-15,-0.013677688659139094,1.0196539375663811
2016-07-18,-0.004006259620435728,1.012819370575569
2016-07-19,0.019653937566381025,1.0111636176664025
2016-07-20,0.01281937057556896,1.0403778559372647
2016-07-21,0.011163617666402519,0.9888658018977525
2016-07-22,0.040377855937264624,1.0028986701050049
2016-07-25,-0.01113419810224749,1.0155899813947895
2016-07-26,0.002898670105004849,1.0302719298245666
2016-07-27,0.015589981394789575,1.0066915831722232
2016-07-28,0.030271929824566546,1.0124758720496096
2016-07-29,0.006691583172223108,0.9839871872713248
2016-08-01,0.012475872049609675,0.9829258628580814
2016-08-02,-0.016012812728675153,1.0101605289893871
2016-08-03,-0.017074137141918657,1.0204048909966954
2016-08-04,0.010160528989387177,1.001746304664201
2016-08-05,0.020404890996695353,1.0174888084031846
2016-08-08,0.0017463046642010541,0.990813141176519
2016-08-09,0.01748880840318454,1.0057515419885559
2016-08-10,-0.00918685882348107,0.9957855645777152
2016-08-11,0.005751541988555837,1.0205212708712572
2016-08-12,-0.0042144354222848086,1.113489768684929
2016-08-16,0.020521270871257245,0.9801606698006118
2016-08-17,0.11348976868492895,0.9950209011304331
2016-08-18,-0.01983933019938824,1.024818429068955
2016-08-19,-0.004979098869566899,0.9846035137927244
2016-08-22,0.024818429068955074,1.0076432587762707
2016-08-23,-0.015396486207275593,1.0023662138581442
2016-08-24,0.007643258776270592,1.016407408755944
2016-08-25,0.0023662138581441415,1.0782273058847667
2016-08-26,0.016407408755944146,1.03367119034433
2016-08-29,0.07822730588476667,1.0145923547234093
2016-08-30,0.033671190344330186,1.0059813881256716
2016-08-31,0.014592354723409274,0.9929936861694368
2016-09-01,0.005981388125671565,0.9964783946992014
2016-09-02,-0.00700631383056321,0.9969083891339127
2016-09-06,-0.0035216053007986322,0.9638179421686589
2016-09-07,-0.0030916108660873566,0.9584834609689248
2016-09-08,-0.03618205783134108,0.958845887781688
2016-09-09,-0.04151653903107516,1.029775042241015
2016-09-12,-0.04115411221831195,0.9943424035470316
2016-09-14,0.029775042241014998,1.0111228364977076
2016-09-15,-0.005657596452968346,0.987579462840537
2016-09-16,0.011122836497707657,1.0008110819285168
2016-09-19,-0.012420537159462954,0.9885825895084525
2016-09-20,0.0008110819285167425,1.0011475529548468
2016-09-21,-0.011417410491547533,0.9859746560876114
2016-09-22,0.0011475529548467176,1.0418184866125932
2016-09-23,-0.014025343912388579,0.98668464142232
2016-09-26,0.04181848661259316,0.9943316111385532
2016-09-27,-0.013315358577679985,0.9920097003303608
2016-09-28,-0.005668388861446838,0.9945826666842972
2016-09-29,-0.007990299669639125,1.0312752999915056
2016-09-30,-0.005417333315702786,0.9926340277794505
2016-10-03,0.0312752999915056,0.9780639056499669
2016-10-04,-0.0073659722205494434,0.9522196430943025
2016-10-05,-0.021936094350033054,1.0213118958055671
2016-10-06,-0.047780356905697506,1.0248243531963077
2016-10-07,0.021311895805567117,0.9777026795195859
2016-10-10,0.024824353196307627,1.0319589798905897
2016-10-13,-0.022297320480414135,0.9842311339467154
2016-10-14,0.03195897989058968,0.9938552660797152
2016-10-17,-0.01576886605328468,1.0038240165464352
2016-10-18,-0.006144733920284773,1.015478714930308
2016-10-19,0.003824016546435134,0.9863451962209879
2016-10-20,0.015478714930307983,1.0139816123372842
2016-10-21,-0.013654803779012108,1.0163632406735246
2016-10-24,0.013981612337284292,0.9815111062923972
2016-10-25,0.016363240673524532,1.025055836437097
2016-10-26,-0.01848889370760272,0.9948782431446532
2016-10-27,0.02505583643709706,1.0304992928398558
2016-10-28,-0.005121756855346776,0.9675734291706097
2016-11-01,0.030499292839855842,1.0059308930553599
2016-11-02,-0.032426570829390246,0.9770438663433367
2016-11-03,0.005930893055359778,1.0039171493212233
2016-11-04,-0.02295613365666325,0.9980433946156917
2016-11-07,0.003917149321223311,0.9718617186161399
2016-11-08,-0.001956605384308317,1.0227376897049532
2016-11-09,-0.02813828138386015,0.9786043161535807
2016-11-10,0.022737689704953174,0.9384633991825684
2016-11-11,-0.021395683846419274,1.0497320776488681
2016-11-15,-0.06153660081743161,0.979606821269466
2016-11-16,0.04973207764886812,0.9921787265042186
2016-11-17,-0.02039317873053398,0.9727609142684852
2016-11-18,-0.007821273495781482,1.0154795100628888
2016-11-21,-0.02723908573151482,1.0202731583355467
2016-11-22,0.015479510062888816,0.9980951314134782
2016-11-23,0.020273158335546587,1.0253308654391222
2016-11-24,-0.0019048685865218483,1.0023632056977378
2016-11-25,0.025330865439122302,1.0167200479638734
2016-11-28,0.0023632056977378117,0.9829427232283782
2016-11-29,0.016720047963873472,0.9836757558268426
2016-11-30,-0.01705727677162182,1.0208676348244548
2016-12-01,-0.016324244173157414,1.0075271285075658
2016-12-02,0.020867634824454664,0.9921371639021949
2016-12-05,0.00752712850756574,1.0045245668437888
2016-12-06,-0.007862836097805087,1.0131220045982343
2016-12-07,0.004524566843788832,0.988715406684956
2016-12-08,0.013122004598234342,0.9946451229747826
2016-12-09,-0.01128459331504392,1.0367331252694383
2016-12-12,-0.005354877025217465,0.9310419371560934
2016-12-13,0.03673312526943828,1.0060463818327905
2016-12-14,-0.06895806284390665,0.9831521757126629
2016-12-15,0.006046381832790423,1.0017499937395482
2016-12-16,-0.016847824287337124,0.991923951503333
2016-12-19,0.0017499937395482241,1.0319196520663074
2016-12-20,-0.008076048496666956,0.981562149302038
2016-12-21,0.03191965206630732,1.029136751521991
2016-12-22,-0.018437850697962048,0.9796938233338626
2016-12-23,0.02913675152199091,1.0214878258292643
2016-12-26,-0.020306176666137404,1.0215312886783208
2016-12-27,0.021487825829264423,1.0051059109406772
2016-12-28,0.021531288678320774,1.020005513674312
2016-12-29,0.005105910940677324,0.986870762485751
2016-12-30,0.020005513674312043,0.995748728143278
2017-01-02,-0.013129237514249,1.0945205152108188
2017-01-03,-0.004251271856722025,0.9643387497856742
2017-01-04,0.09452051521081893,0.9811301374526442
2017-01-05,-0.03566125021432576,1.021030493145787
2017-01-06,-0.01886986254735577,0.9889945673914046
2017-01-09,0.02103049314578688,1.0026461557482849
2017-01-10,-0.011005432608595395,0.9870138104633772
2017-01-11,0.0026461557482848766,1.0006298473253814
2017-01-12,-0.012986189536622795,1.0093985514569093
2017-01-13,0.0006298473253813728,0.9953118150332896
2017-01-16,0.00939855145690932,1.0087334454905073
2017-01-17,-0.004688184966710419,1.000310572155606
2017-01-18,0.008733445490507193,0.9871893472977169
2017-01-19,0.0003105721556061059,1.0054880582966566
2017-01-20,-0.012810652702283053,0.9971813657638419
2017-01-23,0.005488058296656444,0.9733021031542772
2017-01-24,-0.002818634236158086,1.0180357142267473
2017-01-25,-0.026697896845722772,1.0004744151953107
2017-01-27,0.018035714226747244,1.0116318182849606
2017-01-30,0.0004744151953106419,0.9942010031617542
2017-01-31,0.011631818284960635,0.9851145762262915
2017-02-01,-0.005798996838245784,0.9966439636560235
2017-02-02,-0.014885423773708488,0.9906722519365657
2017-02-03,-0.0033560363439764994,1.0122048534259247
2017-02-06,-0.009327748063434293,0.9974429597513199
2017-02-07,0.01220485342592475,1.018549857255668
2017-02-08,-0.0025570402486801364,1.004545117961315
2017-02-09,0.018549857255667834,0.995612083920517
2017-02-10,0.004545117961314935,0.9998427981181681
2017-02-13,-0.004387916079483017,0.9700233548382826
2017-02-14,-0.0001572018818319125,1.0009706036164667
2017-02-15,-0.02997664516171744,0.9990293963835334
2017-02-16,0.0009706036164666828,0.9972444724771583
2017-02-17,-0.0009706036164666485,0.988737364620605
2017-02-20,-0.002755527522841696,0.9909307346983843
2017-02-21,-0.01126263537939498,0.9692180384455185
2017-02-22,-0.009069265301615689,1.0239673534878437
2017-02-23,-0.03078196155448152,0.9964914542879557
2017-02-27,0.023967353487843797,0.9907524257660426
2017-02-28,-0.003508545712044316,0.9839941503668045
2017-03-01,-0.009247574233957351,0.9912077026276247
2017-03-02,-0.01600584963319553,1.0008652709959591
2017-03-03,-0.008792297372375255,0.9862379321052718
2017-03-06,0.0008652709959591837,1.0052484852278074
2017-03-07,-0.013762067894728187,1.0179843056199434
2017-03-08,0.005248485227807509,0.9912212158788559
2017-03-09,0.01798430561994342,1.029974819073531
2017-03-10,-0.0087787841211441,0.9908983034938713
2017-03-14,0.02997481907353093,1.0293649473268562
2017-03-15,-0.009101696506128663,1.0211493026948493
2017-03-16,0.029364947326856253,0.9852425140098919
2017-03-17,0.021149302694849288,0.9843578674400767
2017-03-20,-0.014757485990108088,1.0039748885823205
2017-03-21,-0.015642132559923253,1.0249747866547723
2017-03-22,0.0039748885823206416,0.9862022269874057
2017-03-23,0.024974786654772294,0.9861749557651349
2017-03-24,-0.013797773012594342,0.9895041919933513
2017-03-27,-0.013825044234865054,0.9883769971387519
2017-03-28,-0.010495808006648752,1.0126274483871207
2017-03-29,-0.011623002861248016,0.9919367853627773
2017-03-30,0.01262744838712076,1.0107364645776047
2017-03-31,-0.008063214637222685,0.9931351870453106
2017-04-03,0.010736464577604592,1.0143455387886213
2017-04-05,-0.006864812954689485,1.0165891094834667
2017-04-06,0.014345538788621293,1.0053611101925954
2017-04-07,0.016589109483466615,0.9977290741388348
2017-04-10,0.005361110192595446,1.0006492749736162
2017-04-11,-0.0022709258611651965,1.0346099695399031
2017-04-12,0.0006492749736161628,1.001566430588882
2017-04-13,0.034609969539903064,0.975119509835783
2017-04-17,0.0015664305888820208,1.0404112072360292
2017-04-18,-0.024880490164217027,0.987438728572687
2017-04-19,0.04041120723602918,0.9996877797417627
2017-04-20,-0.012561271427312963,0.9992192189084922
2017-04-21,-0.00031222025823729276,1.010721851150353
2017-04-24,-0.0007807810915078339,0.9922420359608068
2017-04-25,0.010721851150353057,0.9989091407014201
2017-04-26,-0.007757964039193208,1.008848823337773
2017-04-27,-0.0010908592985799169,1.0139669814208505
2017-04-28,0.008848823337773057,0.9503177060941165
2017-05-02,0.013966981420850438,1.031688749453752
2017-05-03,-0.049682293905883516,0.9641379726802581
2017-05-04,0.031688749453752184,1.011037432880711
2017-05-05,-0.03586202731974188,0.9899271859868402
2017-05-08,0.011037432880711118,1.0130909422748016
2017-05-09,-0.010072814013159882,0.9974591031815792
2017-05-10,0.013090942274801539,0.9923382407433463
2017-05-11,-0.002540896818420817,0.9306752235727509
2017-05-12,-0.007661759256653696,1.009401006603079
2017-05-15,-0.06932477642724916,0.9727521633609172
2017-05-16,0.009401006603078915,0.9935104970658823
2017-05-17,-0.0272478366390828,1.019170985239169
2017-05-18,-0.006489502934117653,1.0053370996909061
2017-05-19,0.01917098523916911,0.9746116474887344
2017-05-22,0.0053370996909060725,0.9688761874049545
2017-05-23,-0.025388352511265606,0.965245911214154
2017-05-24,-0.03112381259504553,1.0563221111631584
2017-05-25,-0.03475408878584593,1.0141244349102165
2017-05-26,0.05632211116315846,0.9819560968316482
2017-05-29,0.014124434910216433,1.015762189884132
2017-05-30,-0.01804390316835177,1.0090957811680026
2017-05-31,0.01576218988413202,0.9758557216302188
2017-06-01,0.009095781168002588,0.9985719926840275
2017-06-02,-0.024144278369781225,0.9926489025467125
2017-06-05,-0.0014280073159724522,1.033967684811755
2017-06-06,-0.007351097453287511,1.005204668668806
2017-06-07,0.03396768481175492,1.0056941289815764
2017-06-08,0.005204668668806193,0.9994836994618341
2017-06-09,0.005694128981576463,0.9904867945976311
2017-06-12,-0.000516300538165863,0.9917982510483596
2017-06-13,-0.009513205402368897,0.9964892345884812
2017-06-14,-0.008201748951640433,1.02671919458471
2017-06-15,-0.0035107654115188653,0.9802899441702513
2017-06-16,0.02671919458470999,0.9899971829259159
2017-06-19,-0.019710055829748722,1.0110497058992851
2017-06-20,-0.010002817074084114,0.9836451935411455
2017-06-21,0.011049705899285162,0.9572554439674106
2017-06-22,-0.016354806458854457,0.986024232761572
2017-06-23,-0.04274455603258947,1.0119381100978142
2017-06-27,-0.013975767238427948,0.9916208250659801
2017-06-28,0.01193811009781417,0.9862560249773903
2017-06-29,-0.008379174934019906,0.9965819427390878
2017-06-30,-0.013743975022609746,0.990059078135131
2017-07-03,-0.0034180572609121595,0.9973066059942646
2017-07-04,-0.009940921864868928,0.9998073627779894
2017-07-05,-0.00269339400573548,1.0088242071654898
2017-07-06,-0.000192637222010555,0.998853503697655
2017-07-07,0.00882420716548974,1.0024825858697441
2017-07-10,-0.0011464963023449855,1.0194546907180262
2017-07-11,0.00248258586974404,1.0007479734609628
2017-07-12,0.01945469071802614,0.983604603426267
2017-07-13,0.0007479734609628213,1.0043605185975955
2017-07-14,-0.016395396573733043,0.9878186980450552
2017-07-17,0.004360518597595471,1.0076307817567174
2017-07-18,-0.012181301954944839,1.0330840555050065
2017-07-19,0.007630781756717399,0.9965005980796602
2017-07-20,0.033084055505006565,1.0199110687986008
2017-07-21,-0.003499401920339782,1.0021679969363342
2017-07-24,0.0199110687986009,0.9920275171860234
2017-07-25,0.0021679969363341727,0.9831220857456058
2017-07-26,-0.007972482813976518,1.0014788443319615
2017-07-27,-0.01687791425439426,0.9775818730105187
2017-07-28,0.0014788443319614646,1.0136974361389521
2017-07-31,-0.0224181269894813,0.9984983433965189
2017-08-01,0.013697436138952154,0.9992482078894699
2017-08-02,-0.0015016566034810682,0.9960440570159186
2017-08-03,-0.000751792110530148,0.9948906666573946
2017-08-04,-0.003955942984081448,0.9848989057158153
2017-08-07,-0.005109333342605391,0.9901286227863351
2017-08-08,-0.015101094284184675,0.981546485191632
2017-08-09,-0.009871377213664911,1.001781622249976
2017-08-10,-0.018453514808367957,1.0248083560079608
2017-08-11,0.0017816222499760614,0.9815007716468493
2017-08-14,0.024808356007960854,1.0082208098295626
2017-08-16,-0.018499228353150706,0.9836884402656513
2017-08-17,0.008220809829562659,0.9902437807998621
2017-08-18,-0.01631155973434872,0.98284686006057
2017-08-21,-0.009756219200137963,1.0052781256067964
2017-08-22,-0.017153139939430018,0.9993924564293138
2017-08-23,0.00527812560679647,0.994107461665669
2017-08-24,-0.0006075435706861524,0.9874908996455997
2017-08-28,-0.005892538334330967,1.004324063944484
2017-08-29,-0.012509100354400287,0.9771395398027158
2017-08-30,0.004324063944483904,1.053015571231809
2017-08-31,-0.022860460197284115,1.025586834890906
2017-09-01,0.053015571231809014,1.005233118545897
2017-09-04,0.025586834890906143,1.0101934140454816
2017-09-05,0.005233118545896851,1.0142492362640465
2017-09-06,0.010193414045481509,0.9907135501217725
2017-09-07,0.014249236264046462,0.9827151691679422
2017-09-08,-0.009286449878227422,0.9982548736260601
2017-09-11,-0.01728483083205781,1.0243471226124823
2017-09-12,-0.0017451263739399203,0.9814578997965289
2017-09-13,0.024347122612482355,1.063718228102761
2017-09-14,-0.01854210020347116,1.0177630467617906
2017-09-15,0.06371822810276104,0.960829112397141
2017-09-18,0.017763046761790635,0.9849060747377548
2017-09-19,-0.03917088760285902,0.9842933961505645
2017-09-20,-0.015093925262245195,0.975869817214873
2017-09-21,-0.0157066038494355,0.9766741733549956
2017-09-22,-0.02413018278512705,1.031111006036916
2017-09-25,-0.023325826645004412,0.9694887633207074
2017-09-26,0.03111100603691597,1.003193019616192
2017-09-27,-0.030511236679292512,1.0027855299207316
2017-09-28,0.0031930196161919955,1.0112616366347489
2017-09-29,0.002785529920731482,1.0404289349295779
2017-10-03,0.011261636634748856,1.0013200069800043
2017-10-04,0.04042893492957792,0.9937624405497979
2017-10-05,0.0013200069800043512,1.0182248871708695
2017-10-06,-0.006237559450202081,1.0641778038783993
2017-10-09,0.01822488717086949,0.9770388660729162
2017-10-10,0.06417780387839932,1.006233907063657
2017-10-11,-0.022961133927083776,0.9855133590524244
2017-10-12,0.006233907063657004,1.007358962969931
2017-10-13,-0.014486640947575619,0.9958785128641229
2017-10-16,0.0073589629699309985,0.9971228366647682
2017-10-17,-0.004121487135877132,0.9987386192187729
2017-10-18,-0.002877163335231852,1.0100467749671425
2017-10-19,-0.0012613807812271063,0.9953478317703538
2017-10-23,0.010046774967142449,0.9771440566851898
2017-10-24,-0.004652168229646258,0.9981633782981393
2017-10-25,-0.022855943314810258,1.0151421024005791
2017-10-26,-0.0018366217018607296,0.991271141877948
2017-10-27,0.015142102400579015,0.9904568976010943
2017-10-30,-0.008728858122052095,0.9875682693822792
2017-10-31,-0.009543102398905653,0.9970082448713723
2017-11-01,-0.012431730617720843,1.0196555840875472
2017-11-02,-0.0029917551286277513,0.9979782972773713
2017-11-03,0.019655584087547237,0.9739034566366501
2017-11-06,-0.0020217027226286646,1.021486045278581
2017-11-07,-0.02609654336334985,0.9992604175695037
2017-11-08,0.021486045278581098,0.9854664357160124
2017-11-09,-0.0007395824304963225,0.9875353613188881
2017-11-10,-0.014533564283987587,0.9827481832046157
2017-11-13,-0.01246463868111191,0.9826421238738952
2017-11-14,-0.01725181679538437,1.0125124223581676
2017-11-15,-0.01735787612610481,0.9855183413801045
2017-11-16,0.012512422358167697,0.9912887940057591
2017-11-17,-0.0144816586198955,1.0149993189942288
2017-11-20,-0.008711205994240892,1.014005315257717
2017-11-21,0.014999318994228749,1.0042405634993536
2017-11-22,0.01400531525771702,1.002113557366077
2017-11-23,0.004240563499353746,1.008219446877014
2017-11-24,0.00211355736607702,0.9881269431594689
2017-11-27,0.008219446877014005,0.997878758432211
2017-11-28,-0.011873056840531051,0.9875678485955169
2017-11-29,-0.002121241567789022,1.0056524939282168
2017-11-30,-0.01243215140448303,1.015237997607631
2017-12-01,0.005652493928216809,0.9839841906073846
2017-12-04,0.01523799760763089,1.0087150624195251
2017-12-05,-0.016015809392615425,1.004809162292288
2017-12-06,0.008715062419525198,0.9975021317762213
2017-12-07,0.004809162292287858,0.9799857255414892
2017-12-08,-0.0024978682237787805,0.9994110638576099
2017-12-11,-0.020014274458510787,0.9976405350974069
2017-12-12,-0.0005889361423900557,1.0080384030261786
2017-12-13,-0.002359464902593106,0.9962830185115428
2017-12-14,0.008038403026178732,0.9899535517587811
2017-12-15,-0.003716981488457181,1.0035573234762056
2017-12-18,-0.010046448241218931,1.0142986229537858
2017-12-19,0.003557323476205618,1.0392804986457902
2017-12-20,0.014298622953785726,1.03201750080868
2017-12-21,0.039280498645790266,0.9972799006927116
2017-12-22,0.032017500808680016,1.0072371828778812
2017-12-26,-0.002720099307288461,1.0560862546163146
2017-12-27,0.007237182877881255,1.0174033955832351
2017-12-28,0.05608625461631449,0.9774701482038697
2017-12-29,0.017403395583235146,0.9832421529374803
2018-01-01,-0.02252985179613034,1.0240975541681054
2018-01-02,-0.016757847062519694,0.9847482331703235
2018-01-03,0.02409755416810533,1.0068834788021346
2018-01-04,-0.015251766829676563,1.0068365265771901
2018-01-05,0.006883478802134516,0.9850704857176596
2018-01-08,0.0068365265771900795,0.9947997874745728
2018-01-09,-0.014929514282340323,1.0026034865351936
2018-01-10,-0.005200212525427268,1.0025967259902338
2018-01-11,0.002603486535193678,0.9980964443094609
2018-01-12,0.002596725990233698,0.9881510222188248
2018-01-15,-0.001903555690539099,1.013579534489689
2018-01-16,-0.011848977781175225,1.0039693816609863
2018-01-17,0.013579534489688893,1.0541397610544059
2018-01-18,0.0039693816609863465,1.0123237835276322
2018-01-19,0.05413976105440591,0.9794849007451744
2018-01-22,0.012323783527632094,0.9884180846406605
2018-01-23,-0.020515099254825694,0.9991675349603203
2018-01-24,-0.011581915359339449,1.01159140246481
2018-01-25,-0.0008324650396797149,0.9909038128407196
2018-01-29,0.011591402464810116,0.9978378123051626
2018-01-30,-0.0090961871592804,1.0064725882580572
2018-01-31,-0.0021621876948373976,0.9831507919071344
2018-02-01,0.006472588258057232,0.9847429025948511
2018-02-02,-0.01684920809286565,0.9583163350548619
2018-02-05,-0.015257097405148958,1.002490340550392
2018-02-06,-0.041683664945138046,1.006374990365223
2018-02-07,0.002490340550391881,0.9948675812249184
2018-02-08,0.006374990365223016,1.009008394537793
2018-02-09,-0.005132418775081689,1.0207089829678837
2018-02-12,0.009008394537792964,1.0073788591464066
2018-02-14,0.020708982967883684,0.9836245456492052
2018-02-15,0.007378859146406544,0.9824680554975462
2018-02-16,-0.016375454350794738,0.9923656789443427
2018-02-19,-0.017531944502453746,0.9867238851704113
2018-02-20,-0.0076343210556573445,0.994385478714724
2018-02-21,-0.013276114829588681,1.0119156556667908
2018-02-22,-0.005614521285275956,0.9985633397452794
2018-02-23,0.011915655666790861,1.006627765424749
2018-02-26,-0.0014366602547205905,1.0168190347335322
2018-02-27,0.006627765424748999,1.0194720840929539
2018-02-28,0.0168190347335322,0.9736574896938363
2018-03-01,0.019472084092953975,0.9891582590906177
2018-03-05,-0.026342510306163795,0.9788706423691379
2018-03-06,-0.010841740909382275,0.9932240398143877
2018-03-07,-0.02112935763086213,1.0111467268284893
2018-03-08,-0.006775960185612298,0.9892206865032529
2018-03-09,0.011146726828489235,0.9876165226335452
2018-03-12,-0.010779313496747071,0.9945920534462459
2018-03-13,-0.01238347736645481,0.9953144405782421
2018-03-14,-0.005407946553754141,0.9479450254524572
2018-03-15,-0.004685559421757841,0.9741390804445534
2018-03-16,-0.05205497454754285,1.0070828683958026
2018-03-19,-0.025860919555446595,0.9991930655712116
2018-03-20,0.007082868395802723,1.0158177033824243
2018-03-21,-0.0008069344287884644,0.9958196845307532
2018-03-22,0.01581770338242425,1.0289020502245774
2018-03-23,-0.004180315469246786,0.9998062596631611
2018-03-26,0.02890205022457727,1.0042552068959494
2018-03-27,-0.00019374033683898083,0.9912764903770559
2018-03-28,0.004255206895949278,1.0139213077166236
2018-04-02,-0.008723509622944119,0.9723556757479983
2018-04-03,0.0139213077166235,1.0023659161990042
2018-04-04,-0.02764432425200165,0.9954603835362151
2018-04-05,0.0023659161990042315,1.0055237498582952
2018-04-06,-0.004539616463784828,0.9990158666054896
2018-04-09,0.0055237498582951655,0.9990148971327827
2018-04-10,-0.000984133394510406,0.9922825115120946
2018-04-11,-0.0009851028672173325,1.0019846012310103
2018-04-12,-0.007717488487905415,0.9864269023694408
2018-04-13,0.001984601231010368,1.0012050847932252
2018-04-16,-0.01357309763055922,0.9991967297232406
2018-04-17,0.0012050847932252033,0.9886867591557841
2018-04-18,-0.0008032702767594265,0.9926590692191392
2018-04-19,-0.011313240844215902,0.9921922311887474
2018-04-20,-0.007340930780860875,0.9979351447394235
2018-04-23,-0.007807768811252601,0.9908637188188301
2018-04-24,-0.0020648552605765196,1.0097561920100888
2018-04-25,-0.009136281181169976,0.9941993175237567
2018-04-26,0.009756192010088875,1.0091003775282925
2018-04-27,-0.0058006824762433075,1.0075889995693272
2018-04-30,0.009100377528292519,0.9975450231732669
2018-05-02,0.0075889995693272354,0.9913597094516197
2018-05-03,-0.002454976826733113,1.0155804962636008
2018-05-04,-0.008640290548380287,1.0066903475369686
2018-05-07,0.015580496263600743,1.0100523216078117
2018-05-08,0.006690347536968561,0.9919662051427903
2018-05-09,0.010052321607811743,1.0082337979415694
2018-05-10,-0.008033794857209705,1.007571308982342
2018-05-11,0.008233797941569324,1.0283748422977774
2018-05-14,0.007571308982342028,0.9787453941415247
2018-05-15,0.028374842297777512,0.9986195205595507
2018-05-16,-0.021254605858475308,0.9866889340188051
2018-05-17,-0.0013804794404492816,0.9820397457330431
2018-05-18,-0.013311065981194936,1.01395225918971
2018-05-21,-0.01796025426695691,0.9993973971298605
2018-05-22,0.013952259189710091,1.0006026028701396
2018-05-23,-0.0006026028701395104,1.0044079436739888
2018-05-24,0.000602602870139529,0.968315808633252
2018-05-25,0.0044079436739886905,0.9902539238415852
2018-05-28,-0.03168419136674801,1.0130423721234776
2018-05-29,-0.009746076158414824,0.9650481905698692
2018-05-30,0.013042372123477579,1.0065810393386903
2018-05-31,-0.034951809430130765,0.974714743568409
2018-06-01,0.006581039338690266,0.9973924537455698
2018-06-04,-0.025285256431590995,1.0002176063211512
2018-06-05,-0.0026075462544301407,1.003257680916491
2018-06-06,0.0002176063211511502,1.0084206761039805
2018-06-07,0.0032576809164911176,1.007923666257717
2018-06-08,0.008420676103980508,0.9901392866113572
2018-06-11,0.00792366625771699,1.0042992715824706
2018-06-12,-0.00986071338864281,0.994407388185047
2018-06-13,0.0042992715824706615,1.0
2018-06-14,-0.005592611814952971,0.9832513673815761
2018-06-15,0.0,0.9942806740950062
2018-06-18,-0.016748632618423832,1.0103150436948054
2018-06-19,-0.00571932590499384,0.9986890720298172
2018-06-20,0.010315043694805473,1.0024020113280894
2018-06-21,-0.0013109279701828435,0.9947517582492041
2018-06-22,0.0024020113280894726,0.995385161813809
2018-06-25,-0.005248241750795846,0.9884800935529237
2018-06-26,-0.004614838186191009,1.0108588822426074
2018-06-27,-0.011519906447076315,0.9826585351912137
2018-06-28,0.010858882242607382,1.022617327199446
2018-06-29,-0.017341464808786303,0.9807410055457094
2018-07-02,0.02261732719944617,0.9941716271678019
2018-07-03,-0.0192589944542906,0.9909665033146708
2018-07-04,-0.005828372832198104,0.993399376921718
2018-07-05,-0.009033496685329117,0.9931255552680774
2018-07-06,-0.006600623078282023,0.9891341510248794
2018-07-09,-0.00687444473192253,0.9965070889984474
2018-07-10,-0.010865848975120605,1.0095183457705645
2018-07-11,-0.0034929110015526105,0.9879125314163465
2018-07-12,0.00951834577056458,0.9903652702802133
2018-07-13,-0.012087468583653484,0.9842928626283028
2018-07-16,-0.009634729719786737,1.0026350490169702
2018-07-17,-0.01570713737169717,0.9745595354255217
2018-07-18,0.002635049016970188,0.9913739059451678
2018-07-19,-0.025440464574478388,0.9805043461859415
2018-07-20,-0.00862609405483213,1.006039233438009
2018-07-23,-0.019495653814058437,1.0017546142317366
2018-07-24,0.0060392334380091174,0.9989976732482984
2018-07-25,0.001754614231736515,0.9977412807929916
2018-07-26,-0.0010023267517016128,1.00326104595871
2018-07-27,-0.0022587192070083533,0.9889194699699274
2018-07-30,0.003261045958709967,1.0121892065618578
2018-07-31,-0.011080530030072592,0.9849964259860102
2018-08-01,0.012189206561857853,1.000768441402648
2018-08-02,-0.015003574013989787,1.0137301197408197
2018-08-03,0.0007684414026480288,0.9959513951547737
2018-08-06,0.013730119740819736,1.001266975155602
2018-08-07,-0.004048604845226334,1.0237719317728042
2018-08-08,0.0012669751556020818,0.9639986464050199
2018-08-09,0.023771931772804306,0.992279920218734
2018-08-10,-0.036001353594980155,1.0586929203816908
2018-08-13,-0.007720079781265971,0.9921740547185185
2018-08-14,0.05869292038169085,0.9869020743613733
2018-08-16,-0.007825945281481554,1.087591621264839
2018-08-17,-0.013097925638626622,1.0194093543409604
2018-08-20,0.08759162126483902,1.0480022061111862
2018-08-21,0.019409354340960257,0.9775949372100079
2018-08-23,0.04800220611118617,1.0088928094797132
2018-08-24,-0.02240506278999207,0.9594568933121459
2018-08-27,0.008892809479713097,0.9957182731892774
2018-08-28,-0.04054310668785407,1.036149870292288
2018-08-29,-0.00428172681072257,1.0095383548425894
2018-08-30,0.03614987029228801,0.9766440696947241
2018-08-31,0.009538354842589454,1.0207635158378165
2018-09-03,-0.023355930305275996,0.9997837287168115
2018-09-04,0.020763515837816514,1.019284919811563
2018-09-05,-0.00021627128318847842,0.9824444098676063
2018-09-06,0.019284919811563044,0.9630402512393281
2018-09-07,-0.017555590132393686,0.9961827534609824
2018-09-10,-0.03695974876067182,0.9986492253763807
2018-09-11,-0.0038172465390176376,1.0127590074921415
2018-09-12,-0.0013507746236192772,0.9743171571248851
2018-09-14,0.012759007492141617,1.0011404075598127
2018-09-17,-0.025682842875114898,0.9965749390506509
2018-09-18,0.0011404075598127924,0.9871084617382999
2018-09-19,-0.003425060949349101,0.9801092950550381
2018-09-21,-0.012891538261700069,1.0025965448793113
2018-09-24,-0.019890704944961975,0.9693608880479431
2018-09-25,0.0025965448793113617,0.9975662598447458
2018-09-26,-0.030639111952056982,0.9951148294913603
2018-09-27,-0.002433740155254262,1.01891889325355
2018-09-28,-0.004885170508639736,1.0374910543493363
2018-10-01,0.01891889325354995,0.9579332740939102
2018-10-03,0.03749105434933622,0.9863910997061681
2018-10-04,-0.042066725906089876,0.9712067676742089
2018-10-05,-0.013608900293831914,0.9977310212924233
2018-10-08,-0.028793232325791063,1.006039258393612
2018-10-09,-0.0022689787075766974,0.983558510029771
2018-10-10,0.006039258393612075,1.0149350523800587
2018-10-11,-0.016441489970228932,0.9853199580175521
2018-10-12,0.014935052380058721,1.0164373320202822
2018-10-15,-0.014680041982447855,0.983307657582107
2018-10-16,0.0164373320202821,0.9884569399449177
2018-10-17,-0.016692342417892983,0.9963814855970956
2018-10-19,-0.011543060055082342,0.9914184491851227
2018-10-22,-0.003618514402904445,0.9973849556107715
2018-10-23,-0.00858155081487733,0.9190404547460278
2018-10-24,-0.002615044389228516,0.9770236859802789
2018-10-25,-0.08095954525397216,0.9666192140755803
2018-10-26,-0.02297631401972114,1.0146118318188897
2018-10-29,-0.03338078592441968,0.9964412860338363
2018-10-30,0.014611831818889632,1.059400614427839
2018-10-31,-0.003558713966163651,1.0314161614168202
2018-11-01,0.05940061442783887,1.0005424590979524
2018-11-02,0.031416161416820264,1.014535927985061
2018-11-05,0.0005424590979522583,1.016432890190241
2018-11-06,0.014535927985061085,1.0195242165443312
2018-11-07,0.016432890190241023,0.9958666785266216
2018-11-09,0.019524216544331313,0.9981863308366269
2018-11-12,-0.004133321473378445,0.9963627635559265
2018-11-13,-0.0018136691633731516,1.001560424352627
2018-11-14,-0.0036372364440735877,1.0046668765100408
2018-11-15,0.001560424352627038,1.004130120242918
2018-11-16,0.004666876510040738,0.9984531732653916
2018-11-19,0.004130120242918105,0.963479500209662
2018-11-20,-0.0015468267346084238,0.996246556924582
2018-11-21,-0.03652049979033799,1.016780319583263
2018-11-22,-0.0037534430754180307,0.9952342747854668
2018-11-26,0.01678031958326297,0.987716845793411
2018-11-27,-0.004765725214533234,0.9989246228502406
2018-11-28,-0.012283154206589028,0.9326963812896526
2018-11-29,-0.0010753771497593676,1.0597442615495467
2018-11-30,-0.06730361871034744,0.996470745999298
2018-12-03,0.059744261549546755,0.9498082946839705
2018-12-04,-0.0035292540007020754,0.9968494156108823
2018-12-05,-0.050191705316029414,1.003722264588665
2018-12-06,-0.0031505843891177785,0.9800830292099048
2018-12-07,0.003722264588664873,1.0190592836484407
2018-12-10,-0.01991697079009528,1.04228539971431
2018-12-11,0.01905928364844064,0.9925691109418927
2018-12-12,0.04228539971431005,0.9994473482404655
2018-12-13,-0.007430889058107337,0.999170449268434
2018-12-14,-0.0005526517595344763,0.9430857185922826
2018-12-17,-0.000829550731565964,1.0122236823009654
2018-12-18,-0.05691428140771737,1.0046175418705239
2018-12-19,0.012223682300965384,1.0011511061083438
2018-12-20,0.00461754187052385,0.9858070852450573
2018-12-21,0.0011511061083439016,0.9915043435927683
2018-12-24,-0.01419291475494269,1.013152260996348
2018-12-26,-0.008495656407231706,0.9985472008776641
2018-12-27,0.013152260996347876,0.9991272523323876
2018-12-28,-0.0014527991223358971,0.9985438159298369
2018-12-31,-0.0008727476676123592,1.0026196784449004
2019-01-01,-0.0014561840701630927,0.9953379684064041
2019-01-02,0.002619678444900408,1.0064046491018708
2019-01-03,-0.004662031593595922,0.9962203780954932
2019-01-04,0.006404649101870749,0.9985424522223267
2019-01-07,-0.003779621904506763,1.0032038054667802
2019-01-08,-0.0014575477776732429,1.0181534798633196
2019-01-09,0.003203805466780221,1.0259315489435439
2019-01-10,0.018153479863319586,0.985425757900022
2019-01-11,0.02593154894354388,1.0064724914058276
2019-01-14,-0.014574242099978015,1.0030808752397005
2019-01-15,0.00647249140582757,1.0138852346492369
2019-01-16,0.0030808752397005128,0.9941916085461344
2019-01-17,0.013885234649236836,0.9715834358354082
2019-01-18,-0.005808391453865557,0.9830186914176525
2019-01-21,-0.028416564164591786,0.9965106185100474
2019-01-22,-0.016981308582347462,0.9947430366974364
2019-01-23,-0.0034893814899525973,0.9920621895550563
2019-01-24,-0.005256963302563676,0.9562590547019154
2019-01-25,-0.007937810444943672,0.9674054646335007
2019-01-28,-0.043740945298084574,1.0584672701783187
2019-01-29,-0.032594535366499255,1.014616282159372
2019-01-30,0.05846727017831861,0.9982216534390335
2019-01-31,0.014616282159371994,0.9692746266221207
2019-02-01,-0.0017783465609664882,1.0154807347025252
2019-02-04,-0.030725373377879277,1.003907921635966
2019-02-05,0.015480734702525303,0.9781611502444065
2019-02-06,0.0039079216359660445,1.0230383709257502
2019-02-07,-0.02183884975559344,0.96802895066944
2019-02-08,0.02303837092575026,0.9950371911360265
2019-02-11,-0.03197104933056002,0.9789464884821674
2019-02-12,-0.004962808863973445,0.974266828845798
2019-02-14,-0.021053511517832586,0.9895184695977199
2019-02-15,-0.025733171154202088,0.9420471547853531
2019-02-18,-0.010481530402280084,0.9724070660177536
2019-02-19,-0.057952845214646984,1.1166665299432823
2019-02-20,-0.02759293398224642,0.9489251946602433
2019-02-21,0.11666652994328229,0.9786105471529315
2019-02-22,-0.05107480533975678,0.9948391280328668
2019-02-25,-0.021389452847068526,1.028228498147483
2019-02-26,-0.005160871967133273,0.9827493576897111
2019-02-27,0.028228498147483006,1.0132182849031068
2019-02-28,-0.017250642310289,1.0363676739272434
2019-03-01,0.013218284903106796,0.9773426322351141
2019-03-05,0.03636767392724329,0.9953395331106161
2019-03-06,-0.022657367764885913,1.0260182590140874
2019-03-07,-0.004660466889383888,0.9993495782943891
2019-03-08,0.02601825901408744,1.0016252617355295
2019-03-11,-0.0006504217056109017,0.9875815536607272
2019-03-12,0.0016252617355295275,0.9940632707293929
2019-03-13,-0.012418446339272797,0.9966864669221353
2019-03-14,-0.005936729270607021,1.0339348269618256
2019-03-15,-0.003313533077864769,1.0215813005460137
2019-03-18,0.0339348269618255,1.0168123577614614
2019-03-19,0.021581300546013805,0.9734068088081673
2019-03-20,0.01681235776146139,0.9690895942717652
2019-03-22,-0.026593191191832666,0.9944253739992382
2019-03-25,-0.030910405728234745,1.005901591301006
2019-03-26,-0.005574626000761759,0.9861749799372034
2019-03-27,0.00590159130100605,0.9983413111266947
2019-03-28,-0.013825020062796576,1.0197245578987528
2019-04-01,-0.0016586888733053332,0.9898575597363432
2019-04-02,0.019724557898752756,1.0055746260007619
2019-04-03,-0.0101424402636568,1.0074931861400545
2019-04-04,0.005574626000761831,1.0309977807695974
2019-04-05,0.007493186140054348,1.0081479575677497
2019-04-08,0.030997780769597277,0.9775909469577878
2019-04-09,0.008147957567749714,0.9990420689785748
2019-04-10,-0.02240905304221214,0.9977610214733843
2019-04-11,-0.0009579310214251688,1.0117780272174386
2019-04-12,-0.002238978526615657,0.9872609729676309
2019-04-15,0.011778027217438505,0.9796010668695974
2019-04-16,-0.012739027032369104,0.982843431168218
2019-04-18,-0.02039893313040265,0.9973342611844718
2019-04-22,-0.017156568831781932,0.9983303361798592
2019-04-23,-0.0026657388155282057,0.9902600852099284
2019-04-24,-0.0016696638201407913,0.9836675906047405
2019-04-25,-0.009739914790071668,1.026740462296398
2019-04-26,-0.01633240939525951,0.9858727076744284
2019-04-30,0.026740462296398114,0.9976258550744096
2019-05-02,-0.014127292325571646,1.0013572394676082
2019-05-03,-0.0023741449255904254,0.9989822693840695
2019-05-06,0.0013572394676082701,0.9846071454045526
2019-05-07,-0.0010177306159304487,1.0184431537291574
2019-05-08,-0.01539285459544736,0.994230397108361
2019-05-09,0.01844315372915747,0.9695899545780283
2019-05-10,-0.005769602891638986,1.006993090324432
2019-05-13,-0.030410045421971694,1.0003483794759447
2019-05-14,0.006993090324431947,0.9930093540342624
2019-05-15,0.0003483794759445987,1.025966562005903
2019-05-16,-0.006990645965737668,1.0718595120513117
2019-05-17,0.025966562005903086,0.9716110338242543
2019-05-20,0.07185951205131176,0.993433936754081
2019-05-21,-0.028388966175745742,0.9937221587612124
2019-05-22,-0.006566063245919049,0.9993368545639902
2019-05-23,-0.006277841238787645,1.0190543892367692
2019-05-24,-0.0006631454360097881,1.003573155548182
2019-05-27,0.0190543892367692,0.9853011193229618
2019-05-28,0.0035731555481819575,1.0032851290681164
2019-05-29,-0.014698880677038225,0.9934188120920939
2019-05-30,0.003285129068116475,1.002966941406488
2019-05-31,-0.0065811879079061214,1.0121054758607861
2019-06-03,0.0029669414064879005,0.9869065214300784
2019-06-04,0.012105475860786245,0.9900661163431194
2019-06-06,-0.013093478569921557,0.9716485247343152
2019-06-07,-0.009933883656880634,0.9989724027435566
2019-06-10,-0.028351475265684864,0.9672558599961163
2019-06-11,-0.001027597256443421,0.9971631622285343
2019-06-12,-0.032744140003883725,0.9939447413135618
2019-06-13,-0.0028368377714656575,0.9892240044416003
2019-06-14,-0.006055258686438151,0.9643410900402046
2019-06-17,-0.010775995558399693,1.0291372198297741
2019-06-18,-0.035658909959795385,0.9588143939458631
2019-06-19,0.02913721982977418,0.987037613428241
2019-06-20,-0.04118560605413696,0.9988480016663904
2019-06-21,-0.012962386571758995,0.9942207942236652
2019-06-24,-0.0011519983336095287,0.9918526353418005
2019-06-25,-0.005779205776334807,1.0269040363262507
2019-06-26,-0.00814736465819956,0.9862539954843204
2019-06-27,0.026904036326250626,0.9980757674816227
2019-06-28,-0.013746004515679658,1.0019242325183773
2019-07-01,-0.001924232518377227,0.991505721503771
2019-07-02,0.0019242325183772514,1.0192018507146354
2019-07-03,-0.008494278496228958,0.9862118759585705
2019-07-04,0.019201850714635524,0.9698549158458946
2019-07-05,-0.01378812404142951,1.0258939501104118
2019-07-08,-0.030145084154105464,0.9717184701216841
2019-07-09,0.025893950110411745,1.005165913926483
2019-07-10,-0.028281529878315875,1.0015841344165342
2019-07-11,0.005165913926482941,0.9988120885571957
2019-07-12,0.0015841344165341607,0.9912455093424815
2019-07-15,-0.001187911442804285,1.0134976320376434
2019-07-16,-0.008754490657518555,1.0109804552935693
2019-07-17,0.013497632037643328,0.9909891974451577
2019-07-18,0.010980455293569322,0.9873265122968727
2019-07-19,-0.009010802554842299,1.027905175008945
2019-07-22,-0.012673487703127208,1.0015491632314388
2019-07-23,0.027905175008945002,0.9757136910177191
2019-07-24,0.0015491632314389046,0.9848178813503127
2019-07-25,-0.024286308982280926,0.9919158803871454
2019-07-26,-0.015182118649687338,0.9149053656911091
2019-07-29,-0.008084119612854618,1.0222862410621367
2019-07-30,-0.08509463430889087,0.9794797367100607
2019-07-31,0.02228624106213672,1.0205202632899393
2019-08-01,-0.020520263289939302,0.9803615233864955
2019-08-02,0.020520263289939333,0.9875830419748524
2019-08-05,-0.019638476613504468,0.9955277547206314
2019-08-06,-0.012416958025147657,1.0168892033045165
2019-08-07,-0.004472245279368669,1.041015917360518
2019-08-08,0.016889203304516445,1.0184414693079762
2019-08-09,0.04101591736051806,0.9899831816685065
2019-08-13,0.018441469307976226,0.9953752503398157
2019-08-14,-0.010016818331493486,0.9987350134155554
2019-08-16,-0.004624749660184298,1.0050505032935741
2019-08-19,-0.001264986584444611,0.9932603330969618
2019-08-20,0.005050503293574077,0.9940651917203
2019-08-21,-0.00673966690303814,1.0042427210901876
2019-08-22,-0.0059348082797000285,1.0750148268520745
2019-08-23,0.004242721090187715,1.0850455252677684
2019-08-26,0.07501482685207442,0.939781114611423
2019-08-27,0.08504552526776832,0.9965458032691319
2019-08-28,-0.06021888538857703,0.9655812559341619
2019-08-29,-0.0034541967308681634,1.0091108066011427
2019-08-30,-0.034418744065838086,1.0066810750734683
2019-09-03,0.009110806601142689,1.0101325838949982
2019-09-04,0.0066810750734682366,1.0100310030259263
2019-09-05,0.010132583894998097,0.9988476780521387
2019-09-06,0.010031003025926327,1.0
2019-09-09,-0.0011523219478612916,1.0
2019-09-11,0.0,1.0160124440640514
2019-09-12,0.0,0.9927880403698863
2019-09-13,0.01601244406405134,0.9827085155640758
2019-09-16,-0.00721195963011362,1.0
2019-09-17,-0.017291484435924175,1.0327898208892732
2019-09-18,0.0,1.0152617992907196
2019-09-19,0.03278982088927326,1.00036923880219
2019-09-20,0.015261799290719595,1.0222759581514576
2019-09-23,0.0003692388021901913,0.9454512478753083
2019-09-24,0.022275958151457567,0.989649008669331
2019-09-25,-0.054548752124691714,1.086690276959235
2019-09-26,-0.010350991330669022,0.973866477117564
2019-09-27,0.08669027695923504,0.997094009555997
2019-09-30,-0.026133522882436023,0.94887896479621
2019-10-01,-0.002905990444002969,0.9849562688188807
2019-10-03,-0.05112103520378998,0.9921966641027569
2019-10-04,-0.01504373118111936,1.0023474131657655
2019-10-07,-0.007803335897243177,1.0003907104266119
2019-10-09,0.002347413165765393,1.0281165636971084
2019-10-10,0.00039071042661183495,0.9965760282642407
2019-10-11,0.02811656369710833,0.9313882002419287
2019-10-14,-0.003423971735759251,0.9726916636387796
2019-10-15,-0.0686117997580713,1.0091859533376086
2019-10-16,-0.027308336361220382,1.047483027800634
2019-10-17,0.00918595333760864,1.0011883819342509
2019-10-18,0.04748302780063399,1.0990460605688266
2019-10-22,0.0011883819342507545,0.9985647312828272
2019-10-23,0.09904606056882669,0.9469097765472121
2019-10-24,-0.0014352687171728614,0.9150862154185432
2019-10-25,-0.05309022345278794,1.0392048342483402
2019-10-29,-0.08491378458145686,0.9828098608074705
2019-10-30,0.03920483424834029,1.012024225266047
2019-10-31,-0.017190139192529597,1.0150259677352012
2019-11-01,0.012024225266046901,0.9921197377103228
2019-11-04,0.015025967735201217,0.9988125587489342
2019-11-05,-0.007880262289677238,1.014937368595048
2019-11-06,-0.0011874412510658535,0.9707025652150236
2019-11-07,0.014937368595048026,0.9878737692871863
2019-11-08,-0.029297434784976414,0.9869011744723253
2019-11-11,-0.01212623071281376,0.9875619948916662
2019-11-13,-0.013098825527674737,0.9763602689142143
2019-11-14,-0.012438005108333866,0.9957192041948484
2019-11-15,-0.023639731085785598,0.9896505779828465
2019-11-18,-0.0042807958051516,0.9895424140792437
2019-11-19,-0.010349422017153446,0.985439850565492
2019-11-20,-0.010457585920756305,1.031498656935286
2019-11-21,-0.014560149434508002,0.9773509592501181
2019-11-22,0.03149865693528593,0.9889256368951245
2019-11-25,-0.022649040749881947,1.0
2019-11-26,-0.011074363104875579,0.9959830784336727
2019-11-27,0.0,0.9982094474529553
2019-11-28,-0.004016921566327266,0.9946091644743348
2019-11-29,-0.0017905525470447246,0.9891303544113283
2019-12-02,-0.005390835525665228,0.9755691936657548
2019-12-03,-0.01086964558867161,0.9821087706651601
2019-12-04,-0.024430806334245173,0.9822664467360246
2019-12-05,-0.0178912293348399,1.0115385615293857
2019-12-06,-0.017733553263975372,0.9884614384706143
2019-12-09,0.011538561529385651,1.0038610240758954
2019-12-10,-0.011538561529385743,1.0019248988967473
2019-12-11,0.003861024075895393,1.0298388596261725
2019-12-12,0.001924898896747217,0.9687178322941852
2019-12-13,0.02983885962617259,1.013865896007601
2019-12-16,-0.03128216770581478,1.0683595200003684
2019-12-17,0.013865896007600999,0.9698379043955391
2019-12-18,0.06835952000036832,0.9792188473023065
2019-12-19,-0.03016209560446088,0.9929758360299615
2019-12-20,-0.020781152697693588,1.0167757487997975
2019-12-23,-0.007024163970038416,1.0046104640738531
2019-12-24,0.0167757487997974,1.0186836277735343
2019-12-26,0.0046104640738531405,1.0031552915854485
2019-12-27,0.018683627773534252,0.9927732708205911
2019-12-30,0.003155291585448418,1.0085759850190068
2019-12-31,-0.007226729179408962,1.0702803922808335
2020-01-01,0.0085759850190069,0.9949601025154314
2020-01-02,0.07028039228083352,0.9477089617211063
2020-01-03,-0.005039897484568585,0.9883979118676869
2020-01-06,-0.05229103827889365,0.9964028594356661
2020-01-07,-0.011602088132313133,1.0191842041687635
2020-01-08,-0.003597140564333897,1.014041464860252
2020-01-09,0.0191842041687635,0.9943194106442146
2020-01-10,0.014041464860252142,1.0374156159477743
2020-01-13,-0.005680589355785404,1.0130008562986212
2020-01-14,0.03741561594777438,0.9886862353745864
2020-01-15,0.013000856298621277,0.9991568751774664
2020-01-16,-0.0113137646254136,0.9782553333280496
2020-01-17,-0.00084312482253362,0.9869846639095751
2020-01-20,-0.02174466667195037,0.9876975451992746
2020-01-21,-0.013015336090424974,1.0179632552872055
2020-01-22,-0.012302454800725476,0.9904013011188477
2020-01-23,0.01796325528720565,0.9889794060821392
2020-01-24,-0.009598698881152244,0.9875109731675636
2020-01-27,-0.011020593917860826,1.0151450643442441
2020-01-28,-0.012489026832436384,0.9973439624881923
2020-01-29,0.015145064344244013,0.9933288431954778
2020-01-30,-0.0026560375118076076,0.9737779006109016
2020-01-31,-0.006671156804522258,1.0041142461074426
2020-02-03,-0.026222099389098374,1.0099864876995597
2020-02-04,0.004114246107442686,1.0022557925387026
2020-02-05,0.009986487699559721,1.0107576545620354
2020-02-06,0.00225579253870261,1.0659864283123626
2020-02-07,0.010757654562035377,1.0128552255069445
2020-02-10,0.06598642831236262,0.9825431759536459
2020-02-11,0.012855225506944514,1.0020942904414272
2020-02-12,-0.01745682404635409,1.0066722779667345
2020-02-13,0.0020942904414272497,0.9696178611199371
2020-02-14,0.0066722779667346055,0.9458613994793063
2020-02-17,-0.030382138880062932,1.003160990837339
2020-02-18,-0.05413860052069377,1.0328188521211188
2020-02-19,0.0031609908373388044,0.973473241675959
2020-02-20,0.03281885212111885,0.9900945184800076
2020-02-24,-0.026526758324041083,0.9895381932382284
2020-02-25,-0.00990548151999233,0.9829371304422306
2020-02-26,-0.01046180676177154,0.9296772637644508
2020-02-27,-0.017062869557769405,1.0064661497869645
2020-02-28,-0.07032273623554916,0.9855178204117807
2020-03-02,0.006466149786964522,0.9536716260557713
2020-03-03,-0.014482179588219263,0.9829964169973111
2020-03-04,-0.04632837394422876,1.0037443255061698
2020-03-05,-0.01700358300268892,0.9696453292328941
2020-03-06,0.003744325506169814,1.0043932151103436
2020-03-09,-0.03035467076710582,0.9154264680132486
2020-03-11,0.004393215110343706,1.0443221641855978
2020-03-12,-0.08457353198675144,1.0286777883143636
2020-03-13,0.04432216418559774,0.9113747368586468
2020-03-16,0.028677788314363576,0.9541431273015761
2020-03-17,-0.08862526314135323,0.9968244101696653
2020-03-18,-0.04585687269842385,1.042347571585087
2020-03-19,-0.003175589830334682,0.8439165929594505
2020-03-20,0.042347571585086896,0.9577811288274708
2020-03-23,-0.15608340704054946,1.053558403518926
2020-03-24,-0.042218871172529156,0.9978548218085308
2020-03-25,0.05355840351892598,1.0191427116982723
2020-03-26,-0.0021451781914692287,1.0553231280728228
2020-03-27,0.019142711698272346,1.0112323411876838
2020-03-30,0.055323128072822886,0.9686327504032604
2020-03-31,0.011232341187683757,0.9822156314245002
2020-04-01,-0.031367249596739595,1.0339245571869276
2020-04-03,-0.017784368575499802,1.005322720990598
2020-04-07,0.033924557186927495,1.0580059507297503
2020-04-08,0.005322720990597863,0.9472885888377736
2020-04-09,0.058005950729750316,1.0163669774642055
2020-04-13,-0.052711411162226406,0.9941387401162107
2020-04-15,0.01636697746420541,1.014911056127544
2020-04-16,-0.005861259883789238,0.9712774381575404
2020-04-17,0.01491105612754408,1.1412005494474653
2020-04-20,-0.028722561842459634,0.8607842547021638
2020-04-21,0.1412005494474653,0.9609114456469938
2020-04-22,-0.13921574529783623,0.9390746010991032
2020-04-23,-0.03908855435300617,0.9658214064772116
2020-04-24,-0.06092539890089679,1.0082799935401698
2020-04-27,-0.034178593522788354,0.9780211390347162
2020-04-28,0.008279993540169851,1.0007660368140043
2020-04-29,-0.02197886096528373,0.9473355373737511
2020-04-30,0.0007660368140043009,0.9596486921610259
2020-05-04,-0.052664462626248895,0.9544398808045226
2020-05-05,-0.04035130783897414,0.9714521470417556
2020-05-06,-0.04556011919547747,0.9687474422486602
2020-05-07,-0.02854785295824441,0.9570749546580873
2020-05-08,-0.03125255775133983,0.9520866903802837
2020-05-11,-0.04292504534191267,1.0469381903336241
2020-05-12,-0.0479133096197163,1.012603201553689
2020-05-13,0.04693819033362422,1.0181388638721587
2020-05-14,0.012603201553689065,0.9535250784779374
2020-05-15,0.01813886387215875,1.00395649889833
2020-05-18,-0.04647492152206255,0.9820712027839691
2020-05-19,0.003956498898329955,1.0199011543172951
2020-05-20,-0.017928797216030953,0.9910934440160143
2020-05-21,0.01990115431729502,1.0284193702075675
2020-05-22,-0.008906555983985716,1.0210332512988867
2020-05-26,0.02841937020756749,0.9682818635022579
2020-05-27,0.021033251298886772,1.0715936382858477
2020-05-28,-0.03171813649774211,1.0744325947827698
2020-05-29,0.07159363828584772,0.9974651185782176
2020-06-01,0.07443259478276974,1.0670734146311802
2020-06-02,-0.0025348814217823657,1.0357458294165678
2020-06-03,0.06707341463118027,1.0749799802449742
2020-06-04,0.03574582941656775,
2020-06-05,0.07497998024497417,
