date,x_close,y_close
2007-03-02,-0.09056202952718095,0.8806547622568476
2007-03-05,-0.05060742416130996,0.9661568027075372
2007-03-06,-0.11934523774315244,0.9598146453442057
2007-03-07,-0.03384319729246273,0.9594756257970941
2007-03-08,-0.04018535465579432,1.0647946667660193
2007-03-09,-0.0405243742029059,0.9655173656629334
2007-03-12,0.06479466676601921,1.0634442545538163
2007-03-13,-0.0344826343370665,1.009236319029827
2007-03-14,0.06344425455381633,0.9791344900030837
2007-03-15,0.00923631902982693,1.0184360109604296
2007-03-16,-0.02086550999691632,0.966570852598552
2007-03-19,0.01843601096042948,0.9878750601012594
2007-03-20,-0.03342914740144797,0.9932422012813318
2007-03-21,-0.012124939898740616,0.9970652757394044
2007-03-22,-0.0067577987186682505,0.9868594696871295
2007-03-23,-0.002934724260595566,0.9762552703212692
2007-03-26,-0.013140530312870552,1.0300574724318468
2007-03-28,-0.023744729678730776,1.0324129073671993
2007-03-29,0.03005747243184672,0.9690692947242671
2007-03-30,0.032412907367199255,0.959067224197118
2007-04-02,-0.03093070527573297,1.0067184438596746
2007-04-03,-0.040932775802881995,0.9930903703943919
2007-04-04,0.006718443859674635,1.0181285055185902
2007-04-05,-0.006909629605608182,1.003964995026639
2007-04-09,0.01812850551859028,1.066490373583569
2007-04-10,0.00396499502663893,0.986158145851655
2007-04-11,0.06649037358356884,1.0407904828693848
2007-04-12,-0.013841854148345096,1.0124457302957042
2007-04-13,0.040790482869384706,1.0343091246197447
2007-04-16,0.012445730295704092,1.0128527053183165
2007-04-17,0.03430912461974464,1.0228473328162695
2007-04-18,0.012852705318316478,1.0147418344006633
2007-04-19,0.02284733281626949,1.005899384864023
2007-04-20,0.01474183440066343,1.0112332948944407
2007-04-23,0.005899384864022939,0.9887667051055594
2007-04-24,0.01123329489444061,0.9958130937037255
2007-04-25,-0.011233294894440558,1.0001541341402198
2007-04-26,-0.0041869062962744934,1.019694187160349
2007-04-27,0.00015413414021978684,1.0246764271137165
2007-04-30,0.019694187160349097,1.0256783521295665
2007-05-03,0.02467642711371653,1.015095746433678
2007-05-04,0.025678352129566404,0.9994279359614842
2007-05-07,0.015095746433678075,0.9961378530318641
2007-05-08,-0.000572064038515877,0.9759205574289995
2007-05-09,-0.003862146968135924,1.0061466485251886
2007-05-10,-0.0240794425710005,0.9847105174624015
2007-05-11,0.0061466485251885465,0.9936070482356231
2007-05-14,-0.015289482537598546,1.0334352545027106
2007-05-15,-0.006392951764376903,0.9894163133076227
2007-05-16,0.03343525450271065,1.0081286128970235
2007-05-17,-0.010583686692377334,0.9870485523120813
2007-05-18,0.0081286128970236,0.9870287328541171
2007-05-21,-0.012951447687918645,1.009009520798476
2007-05-22,-0.012971267145882873,1.0038165343216212
2007-05-23,0.009009520798475926,1.0084605004729712
2007-05-24,0.0038165343216212642,1.0063697737690998
2007-05-25,0.008460500472971227,0.999710998549511
2007-05-28,0.006369773769099676,0.9817878143810784
2007-05-29,-0.0002890014504890441,0.9936604493090863
2007-05-30,-0.018212185618921527,0.9918282550173806
2007-05-31,-0.006339550690913736,0.9881474189660523
2007-06-01,-0.008171744982619416,1.018393855947153
2007-06-04,-0.011852581033947693,0.9808513965013214
2007-06-05,0.01839385594715293,0.9649509714236537
2007-06-06,-0.019148603498678616,1.0054594442298548
2007-06-07,-0.03504902857634634,0.9996881125457192
2007-06-08,0.005459444229854745,0.9757402487456249
2007-06-11,-0.00031188745428083865,1.0077828629151948
2007-06-12,-0.02425975125437512,0.9980992492084579
2007-06-13,0.007782862915194856,1.0025346297937898
2007-06-14,-0.0019007507915420885,1.0050469479011028
2007-06-15,0.002534629793789882,1.0498695379132428
2007-06-18,0.00504694790110278,1.007899155425177
2007-06-19,0.04986953791324277,0.9894009944883411
2007-06-20,0.007899155425177082,0.9807563549970729
2007-06-21,-0.010599005511658892,0.9777224618364219
2007-06-22,-0.019243645002927072,1.0587819769723847
2007-06-25,-0.022277538163578185,0.9891730676966553
2007-06-26,0.058781976972384714,1.001788114074197
2007-06-27,-0.010826932303344772,0.9958219588898644
2007-06-28,0.0017881140741971926,1.0101132826769903
2007-06-29,-0.0041780411101356866,0.9976314230176317
2007-07-02,0.01011328267699031,0.976890860301497
2007-07-03,-0.002368576982368297,1.0116213224061377
2007-07-04,-0.023109139698503072,0.9803038322013059
2007-07-05,0.011621322406137696,1.0136779378912075
2007-07-06,-0.019696167798694063,0.9968240182781245
2007-07-09,0.013677937891207479,1.0052846514977651
2007-07-10,-0.0031759817218755294,0.9912279159053548
2007-07-11,0.005284651497765092,1.0030339477457884
2007-07-12,-0.008772084094645223,0.9962031660993659
2007-07-13,0.00303394774578831,0.9872983025946024
2007-07-16,-0.003796833900634169,1.003078056160219
2007-07-17,-0.012701697405397571,1.0102327009247236
2007-07-18,0.0030780561602189935,0.9954316124137419
2007-07-19,0.010232700924723545,0.9983174603617785
2007-07-20,-0.004568387586258101,1.0048811902468306
2007-07-23,-0.0016825396382215056,0.9903690001057806
2007-07-24,0.004881190246830671,0.9901151918367938
2007-07-25,-0.009630999894219444,0.9845166424552287
2007-07-26,-0.009884808163206225,0.9660175723821327
2007-07-27,-0.015483357544771217,0.9880258608143315
2007-07-30,-0.03398242761786727,0.9667821809834135
2007-07-31,-0.011974139185668512,1.019596284981442
2007-08-01,-0.03321781901658652,0.9834682863519548
2007-08-02,0.019596284981442006,0.9842292990592455
2007-08-03,-0.01653171364804512,1.0152610266043631
2007-08-06,-0.01577070094075448,1.0130181461655443
2007-08-07,0.015261026604363109,0.9895306606344514
2007-08-08,0.013018146165544314,0.9830571270889558
2007-08-09,-0.010469339365548579,0.9916787086848603
2007-08-10,-0.01694287291104428,0.9993023008122728
2007-08-13,-0.008321291315139744,0.9650826141356468
2007-08-14,-0.0006976991877272311,0.9771965375941035
2007-08-16,-0.03491738586435321,1.0115590138757962
2007-08-17,-0.02280346240589649,0.9873308377272735
2007-08-20,0.01155901387579622,0.9745580662374254
2007-08-21,-0.012669162272726534,0.9820248934222187
2007-08-22,-0.025441933762574687,1.0168354457593811
2007-08-23,-0.017975106577781286,1.0280614272953088
2007-08-24,0.016835445759381045,1.0122814449452942
2007-08-27,0.028061427295308812,1.0074437676631676
2007-08-28,0.012281444945294134,1.0118657297854021
2007-08-29,0.007443767663167555,1.0001810824001627
2007-08-30,0.011865729785402158,1.0287116452398044
2007-08-31,0.00018108240016273517,1.0119086511746422
2007-09-03,0.028711645239804406,1.0158307295320304
2007-09-04,0.011908651174642135,0.9869124506711614
2007-09-05,0.015830729532030397,1.0001694658504923
2007-09-06,-0.01308754932883862,0.9832650183661116
2007-09-07,0.0001694658504922562,1.0206606102524638
2007-09-10,-0.016734981633888476,1.0071347808721554
2007-09-11,0.020660610252463785,0.9930379622780898
2007-09-12,0.007134780872155328,1.015887105335782
2007-09-13,-0.006962037721910153,1.005020626832648
2007-09-14,0.01588710533578216,0.9902745008934826
2007-09-17,0.0050206268326480315,0.9893278819141665
2007-09-18,-0.009725499106517443,0.9812622071395598
2007-09-19,-0.010672118085833439,1.0553296571456452
2007-09-20,-0.01873779286044019,1.033960081021244
2007-09-21,0.05532965714564511,0.9922628632133358
2007-09-24,0.033960081021243836,1.0082496966173407
2007-09-25,-0.007737136786664262,0.9920959082004696
2007-09-26,0.008249696617340761,0.9797892783459888
2007-09-27,-0.00790409179953044,0.9845663852833587
2007-09-28,-0.020210721654011114,1.0037448124534645
2007-10-01,-0.015433614716641241,0.9836620118073771
2007-10-03,0.0037448124534643873,1.0001792156356009
2007-10-04,-0.016337988192622898,0.9734078213520482
2007-10-05,0.0001792156356009335,0.992163650849567
2007-10-08,-0.02659217864795181,1.0207644944920427
2007-10-09,-0.00783634915043291,0.9852117336116765
2007-10-10,0.020764494492042568,0.9972035720856
2007-10-11,-0.01478826638832357,0.9908038853839749
2007-10-12,-0.002796427914400033,0.9901531894107173
2007-10-15,-0.009196114616025056,0.994081082389362
2007-10-16,-0.009846810589282709,1.0333280305498298
2007-10-17,-0.005918917610638009,0.9485134389184731
2007-10-18,0.033328030549829774,0.988427087998272
2007-10-19,-0.05148656108152688,1.0177919982862553
2007-10-22,-0.0115729120017281,1.0261975891002084
2007-10-23,0.01779199828625533,0.9780558010894709
2007-10-24,0.026197589100208463,0.9926398028157115
2007-10-25,-0.02194419891052917,0.989056209116785
2007-10-26,-0.007360197184288535,0.9865472919229457
2007-10-29,-0.01094379088321497,0.9944101850713086
2007-10-30,-0.013452708077054386,0.9977924235313119
2007-10-31,-0.005589814928691403,1.0468565479309178
2007-11-01,-0.002207576468688098,0.9521396117422691
2007-11-02,0.04685654793091776,0.9941557274259047
2007-11-05,-0.0478603882577309,0.9918850344704657
2007-11-06,-0.005844272574095292,0.9955075656511971
2007-11-07,-0.008114965529534245,0.9776454014592777
2007-11-08,-0.004492434348802885,1.006262308147699
2007-11-12,-0.022354598540722304,0.9989595276581232
2007-11-13,0.006262308147698965,1.0060157888457957
2007-11-14,-0.001040472341876812,0.9993799726405358
2007-11-15,0.006015788845795617,1.0241441918908714
2007-11-16,-0.0006200273594642248,1.0464070235739518
2007-11-19,0.024144191890871344,0.9814974311346691
2007-11-20,0.04640702357395173,0.9807470902498245
2007-11-21,-0.01850256886533081,0.9959848484582836
2007-11-22,-0.01925290975017545,0.996373344353544
2007-11-23,-0.004015151541716371,1.0096476722178231
2007-11-26,-0.0036266556464560817,1.0
2007-11-27,0.009647672217823169,0.9797934015748921
2007-11-28,0.0,0.9957079503129022
2007-11-29,-0.02020659842510786,1.0194831626931973
2007-11-30,-0.004292049687097831,1.0044120703842137
2007-12-03,0.019483162693197182,1.0016026376897107
2007-12-04,0.004412070384213689,0.9828708724853721
2007-12-05,0.001602637689710664,1.0086989069574912
2007-12-06,-0.017129127514627907,1.0128159825984029
2007-12-07,0.00869890695749117,1.0324869190965513
2007-12-10,0.01281598259840296,1.0063364625205438
2007-12-11,0.032486919096551346,0.9894185303734135
2007-12-12,0.006336462520543848,0.9928199091121735
2007-12-13,-0.010581469626586449,1.0971835549288744
2007-12-14,-0.0071800908878264635,1.0100221191140513
2007-12-17,0.09718355492887434,1.0003505224254698
2007-12-18,0.010022119114051329,0.983423522790717
2007-12-19,0.0003505224254698039,0.9980400837526953
2007-12-20,-0.016576477209283007,0.995714063911801
2007-12-24,-0.0019599162473047066,0.9967749139742328
2007-12-26,-0.004285936088199031,1.0087582919556985
2007-12-27,-0.0032250860257672285,1.0298059212847368
2007-12-28,0.00875829195569854,0.9991363967328206
2007-12-31,0.029805921284736872,0.9788572348377649
2008-01-01,-0.0008636032671794159,1.004055343661308
2008-01-02,-0.021142765162235164,0.9892141686011278
2008-01-03,0.004055343661307916,1.0304626207458822
2008-01-04,-0.010785831398872181,1.001896694580207
2008-01-07,0.030462620745882338,1.0421267248815382
2008-01-08,0.0018966945802071315,1.0347043010835786
2008-01-09,0.042126724881538256,0.9702361713157767
2008-01-10,0.03470430108357849,0.9980273286614657
2008-01-11,-0.029763828684223358,0.9882503580087282
2008-01-14,-0.0019726713385343265,0.9585305168751612
2008-01-15,-0.01174964199127183,0.998959897082817
2008-01-16,-0.04146948312483877,0.9601310492454413
2008-01-17,-0.001040102917183053,0.8534721945781208
2008-01-18,-0.03986895075455868,0.9338128556480273
2008-01-21,-0.14652780542187918,1.0755636276887095
2008-01-22,-0.06618714435197268,0.9233224078455246
2008-01-23,0.0755636276887095,1.0822597506283984
2008-01-24,-0.07667759215447546,0.956164052258479
2008-01-25,0.08225975062839844,1.0124182177165348
2008-01-28,-0.043835947741521025,0.9255999937289746
2008-01-29,0.0124182177165348,1.0156891164392703
2008-01-30,-0.0744000062710254,0.9778699419650964
2008-01-31,0.0156891164392704,1.0064409415956332
2008-02-01,-0.022130058034903692,1.0038889063141174
2008-02-04,0.006440941595633246,0.9967973198056245
2008-02-05,0.0038889063141174674,0.9884795640872345
2008-02-06,-0.003202680194375582,0.98999029985821
2008-02-07,-0.011520435912765567,0.9349758095547716
2008-02-08,-0.010009700141790008,0.9929849460343656
2008-02-11,-0.06502419044522846,0.986068477277659
2008-02-12,-0.007015053965634427,0.9744257414577651
2008-02-13,-0.013931522722341032,1.0148063742489242
2008-02-14,-0.025574258542234923,1.025701656675169
2008-02-15,0.01480637424892421,0.9899012279520084
2008-02-18,0.025701656675169087,0.9951649996661334
2008-02-19,-0.010098772047991589,1.0159403232386386
2008-02-20,-0.0048350003338666365,0.9979911994837023
2008-02-21,0.0159403232386387,1.0004984785533044
2008-02-22,-0.002008800516297697,1.0070168457763882
2008-02-25,0.0004984785533043853,0.998250312877019
2008-02-26,0.007016845776388179,1.0034960892157354
2008-02-27,-0.001749687122981001,0.9932498545865756
2008-02-28,0.003496089215735397,0.9699465460811091
2008-02-29,-0.006750145413424449,1.0030980281343091
2008-03-03,-0.030053453918890916,0.9896397230145415
2008-03-04,0.0030980281343092374,0.9918926628166369
2008-03-05,-0.010360276985458522,0.9947369028353945
2008-03-07,-0.008107337183363135,0.9960339926980004
2008-03-10,-0.005263097164605522,1.014206099696465
2008-03-11,-0.00396600730199955,0.9410884773417882
2008-03-12,0.014206099696464981,1.0200252790821052
2008-03-13,-0.058911522658211764,0.9691098579540514
2008-03-14,0.020025279082105236,0.9873119375014971
2008-03-17,-0.030890142045948598,1.0028321499261523
2008-03-18,-0.012688062498502815,0.9897626007545939
2008-03-19,0.002832149926152392,0.9882184041768703
2008-03-24,-0.01023739924540615,0.9780715420194406
2008-03-25,-0.011781595823129662,0.967248297168303
2008-03-26,-0.021928457980559462,1.02025434928129
2008-03-27,-0.032751702831697066,1.0023961920737432
2008-03-28,0.020254349281290024,1.0047625299505127
2008-03-31,0.0023961920737432104,0.9913438700854558
2008-04-01,0.004762529950512828,0.9912748163427466
2008-04-02,-0.00865612991454424,1.002713444207401
2008-04-03,-0.00872518365725338,1.0176344198900722
2008-04-04,0.0027134442074011112,1.05589183319188
2008-04-07,0.01763441989007227,1.0155687854534474
2008-04-08,0.055891833191880146,0.9955796909404371
2008-04-09,0.015568785453447366,0.9930444893908796
2008-04-10,-0.004420309059562948,1.04927193894121
2008-04-11,-0.006955510609120419,1.0097779559291387
2008-04-15,0.04927193894121002,1.039704790973247
2008-04-16,0.009777955929138557,1.043046346461976
2008-04-17,0.039704790973247125,0.99222234488228
2008-04-21,0.043046346461976,0.9765455270618428
2008-04-22,-0.007777655117720046,0.992224363865178
2008-04-23,-0.023454472938157195,1.0050213423555698
2008-04-24,-0.007775636134821988,1.017140134061105
2008-04-25,0.005021342355569739,1.0063782736549767
2008-04-28,0.017140134061105077,1.0225040412731154
2008-04-29,0.006378273654976628,1.0306244328217622
2008-04-30,0.022504041273115487,1.0785079320744746
2008-05-02,0.030624432821762197,0.953233034618773
2008-05-05,0.0785079320744746,1.0091736944350072
2008-05-06,-0.046766965381227064,1.0627943320587936
2008-05-07,0.009173694435007077,0.9771532383559499
2008-05-08,0.06279433205879352,1.0167668946531117
2008-05-09,-0.022846761644050112,1.0152448513043022
2008-05-12,0.016766894653111663,1.0336216101725384
2008-05-13,0.015244851304302254,1.0774835457177236
2008-05-14,0.03362161017253848,1.0170997897776788
2008-05-15,0.07748354571772355,1.0965538888782491
2008-05-16,0.017099789777678794,1.0391185727844627
2008-05-20,0.09655388887824905,1.001271586366582
2008-05-21,0.0391185727844628,0.9381923035788383
2008-05-22,0.001271586366581964,0.9984757910539507
2008-05-23,-0.0618076964211617,1.0027077902769415
2008-05-26,-0.001524208946049273,1.0095808340050647
2008-05-27,0.0027077902769414336,0.9838094934237954
2008-05-28,0.009580834005064636,0.9565595464314758
2008-05-29,-0.016190506576204532,1.010600220375607
2008-05-30,-0.04344045356852416,0.9806603990916737
2008-06-02,0.010600220375606978,0.9318015530457124
2008-06-03,-0.019339600908326367,0.941754813886816
2008-06-04,-0.06819844695428753,1.0097119143563094
2008-06-05,-0.05824518611318393,1.013597686043141
2008-06-06,0.00971191435630927,1.0528008004603373
2008-06-09,0.013597686043140936,1.0583607335264071
2008-06-10,0.05280080046033739,0.9878416861569919
2008-06-11,0.05836073352640715,0.9893307149050259
2008-06-12,-0.012158313843008091,1.0144410146944118
2008-06-13,-0.01066928509497414,1.031748850120627
2008-06-16,0.014441014694411777,1.0240164241357992
2008-06-17,0.0317488501206268,1.0101157209054294
2008-06-18,0.02401642413579922,0.9693331872034217
2008-06-19,0.010115720905429535,0.9397426579004807
2008-06-20,-0.030666812796578364,0.9539378647611818
2008-06-23,-0.06025734209951928,1.0196237856136576
2008-06-24,-0.046062135238818226,0.9939448570955319
2008-06-25,0.0196237856136576,0.9206181170714896
2008-06-26,-0.006055142904468048,0.9489901002101824
2008-06-27,-0.07938188292851046,0.948977670776219
2008-06-30,-0.0510098997898176,1.0238396480625649
2008-07-01,-0.05102232922378101,0.9545386112676746
2008-07-02,0.023839648062564816,1.0454613887323254
2008-07-03,-0.04546138873232545,0.997775510761523
2008-07-04,0.045461388732325365,0.9797520626535122
2008-07-07,-0.002224489238476964,0.9913241127820199
2008-07-08,-0.020247937346487825,1.0018358337151234
2008-07-09,-0.00867588721798006,1.0063844858568651
2008-07-10,0.0018358337151233317,0.9956694885723444
2008-07-11,0.006384485856865062,0.9582673114613444
2008-07-14,-0.004330511427655664,0.9487030209449148
2008-07-15,-0.04173268853865568,1.02181482011658
2008-07-16,-0.051296979055085186,1.0342315537584938
2008-07-17,0.02181482011657989,1.0141194779663656
2008-07-18,0.03423155375849394,1.0139180212470673
2008-07-21,0.01411947796636569,1.037314283967846
2008-07-22,0.013918021247067328,0.980951597141437
2008-07-23,0.037314283967846015,0.9952358324645643
2008-07-24,-0.019048402858563056,1.0090543847799298
2008-07-25,-0.004764167535435698,0.9911757752251046
2008-07-28,0.009054384779929817,1.0124242615577599
2008-07-29,-0.008824224774895409,0.9921097459726413
2008-07-30,0.01242426155775988,0.9966013969734623
2008-07-31,-0.007890254027358672,0.9988645954961364
2008-08-01,-0.0033986030265377395,1.0085962940946462
2008-08-04,-0.0011354045038635785,0.9684147437579931
2008-08-05,0.008596294094646137,1.0184343037258397
2008-08-06,-0.031585256242006865,0.9885165075557187
2008-08-07,0.018434303725839672,0.9995372775878288
2008-08-08,-0.011483492444281304,1.0165008732779737
2008-08-11,-0.00046272241217120867,0.929384182394188
2008-08-12,0.01650087327797366,0.9753081437894933
2008-08-13,-0.07061581760581202,1.002496184178234
2008-08-14,-0.024691856210506704,1.0170586126831473
2008-08-18,0.0024961841782339955,1.004890056720273
2008-08-19,0.017058612683147244,0.9855030550233074
2008-08-20,0.004890056720272999,1.02565696228719
2008-08-21,-0.014496944976692652,0.9910346432318808
2008-08-22,0.02565696228719001,1.042884302798056
2008-08-25,-0.008965356768119161,1.004421881037463
2008-08-26,0.042884302798056044,0.9843193310026539
2008-08-27,0.0044218810374630204,0.9843124791596151
2008-08-28,-0.015680668997346103,0.9862523069297526
2008-08-29,-0.01568752084038491,1.0182901830500726
2008-09-01,-0.013747693070247374,1.0045220581131917
2008-09-02,0.018290183050072583,0.966929756181496
2008-09-04,0.004522058113191769,1.006120043814173
2008-09-05,-0.033070243818504035,1.015725509474301
2008-09-08,0.006120043814173151,0.99590992161962
2008-09-09,0.01572550947430095,0.996378018954832
2008-09-10,-0.004090078380379954,0.9944220392871563
2008-09-11,-0.0036219810451679425,0.9475499870958077
2008-09-12,-0.005577960712843663,0.9850155092998062
2008-09-15,-0.052450012904192225,0.9892758861122214
2008-09-16,-0.014984490700193765,0.9819477203429964
2008-09-17,-0.010724113887778582,1.009593155165
2008-09-18,-0.01805227965700358,1.052712470601298
2008-09-19,0.009593155164999926,0.9575817867288584
2008-09-22,0.05271247060129802,0.9709627205878465
2008-09-23,-0.042418213271141626,0.9355154855238086
2008-09-24,-0.029037279412153505,0.927354429753742
2008-09-25,-0.06448451447619136,0.9659340145685313
2008-09-26,-0.07264557024625794,1.0193873207178317
2008-09-29,-0.03406598543146861,0.9732096478202987
2008-09-30,0.019387320717831686,0.9990315167785287
2008-10-01,-0.026790352179701292,0.9485514480883529
2008-10-03,-0.0009684832214711988,0.9169456542844494
2008-10-06,-0.051448551911647114,0.9592041868026157
2008-10-07,-0.08305434571555055,0.9003636960588725
2008-10-08,-0.040795813197384366,1.0306166878941243
2008-10-10,-0.09963630394112755,1.0667076456128
2008-10-13,0.03061668789412441,0.9094704543273426
2008-10-14,0.06670764561280006,0.9721166899980365
2008-10-15,-0.09052954567265732,0.9717699143425778
2008-10-16,-0.02788331000196358,0.9828478977266102
2008-10-17,-0.02823008565742225,1.0488533756496137
2008-10-20,-0.01715210227338984,0.974986272412951
2008-10-21,0.04885337564961373,0.9843257214547602
2008-10-22,-0.025013727587049034,0.9490594554982322
2008-10-23,-0.015674278545239846,0.9488315066266413
2008-10-24,-0.05094054450176781,1.0168573616902352
2008-10-27,-0.05116849337335875,1.0276375166489449
2008-10-29,0.016857361690235318,0.9674339394934819
2008-10-31,0.02763751664894483,1.0234382736754963
2008-11-03,-0.03256606050651812,0.9555920036643332
2008-11-04,0.023438273675496238,0.9551132422520029
2008-11-05,-0.04440799633566681,1.0052629843931025
2008-11-06,-0.04488675774799711,1.0625673989442388
2008-11-07,0.005262984393102374,1.0024630137738562
2008-11-10,0.06256739894423882,1.0034373386797182
2008-11-11,0.0024630137738562703,0.9856824040612615
2008-11-12,0.0034373386797182555,1.019207353824035
2008-11-14,-0.014317595938738537,0.9566338377497587
2008-11-17,0.019207353824034996,0.9804523659452742
2008-11-18,-0.04336616225024128,0.9439101822345883
2008-11-19,-0.019547634054725805,0.9856110979162275
2008-11-20,-0.056089817765411616,1.0361295035218743
2008-11-21,-0.014388902083772573,0.991902484523721
2008-11-24,0.03612950352187424,0.9601937543397061
2008-11-25,-0.008097515476279042,0.9794864957464924
2008-11-26,-0.03980624566029394,0.9994240895559795
2008-11-28,-0.020513504253507595,0.9570398932212908
2008-12-01,-0.0005759104440204814,0.9367038432455845
2008-12-02,-0.04296010677870925,1.0401809452683692
2008-12-03,-0.06329615675441551,0.9925870502559673
2008-12-04,0.040180945268369274,1.0024775202151082
2008-12-05,-0.007412949744032692,1.0061653843786709
2008-12-08,0.002477520215108058,0.9956878142490309
2008-12-10,0.006165384378670795,0.9857013867679795
2008-12-11,-0.0043121857509691814,1.0259585774368432
2008-12-12,-0.014298613232020564,0.9987791952911953
2008-12-15,0.0259585774368431,0.9901776220269509
2008-12-16,-0.001220804708804722,1.01833896494287
2008-12-17,-0.00982237797304908,0.9902612566344214
2008-12-18,0.01833896494286995,1.0454346626013225
2008-12-19,-0.009738743365578522,1.2443592321216108
2008-12-22,0.04543466260132247,0.9877750581270365
2008-12-23,0.2443592321216108,1.0128321153049058
2008-12-24,-0.012224941872963515,1.0322607471216725
2008-12-26,0.012832115304905899,1.008780189296531
2008-12-29,0.03226074712167251,0.9865056359607941
2008-12-30,0.008780189296530964,1.1079565356331063
2008-12-31,-0.013494364039205892,0.9855807222873777
2009-01-02,0.10795653563310627,0.9897270299119257
2009-01-05,-0.014419277712622346,0.9060467779556938
2009-01-06,-0.010272970088074209,0.9541908046395478
2009-01-07,-0.09395322204430619,1.0295582571650062
2009-01-09,-0.045809195360452214,0.9597597196175954
2009-01-12,0.029558257165006242,0.959388461238817
2009-01-13,-0.04024028038240462,1.008515621707465
2009-01-14,-0.04061153876118298,1.032095917053718
2009-01-15,0.00851562170746498,1.0106820232173985
2009-01-16,0.03209591705371804,1.0062304738265069
2009-01-19,0.010682023217398461,0.9633108974810721
2009-01-20,0.006230473826506777,0.9850687695432654
2009-01-21,-0.03668910251892788,0.998691364456676
2009-01-22,-0.01493123045673462,0.9848224442252821
2009-01-23,-0.001308635543324108,1.0
2009-01-27,-0.015177555774717931,1.017139924013999
2009-01-28,0.0,0.9967275084363814
2009-01-29,0.017139924013999143,0.9953987807653841
2009-01-30,-0.0032724915636186624,1.013738940067195
2009-02-02,-0.004601219234615876,0.9993500916162279
2009-02-03,0.01373894006719502,0.9769799474535217
2009-02-04,-0.0006499083837720957,0.9980025749620715
2009-02-05,-0.023020052546478303,1.0334337413992996
2009-02-06,-0.0019974250379285042,0.9778360306705336
2009-02-09,0.033433741399299596,1.0032896077925115
2009-02-10,-0.02216396932946645,1.0032804085975924
2009-02-11,0.0032896077925114895,1.020738955446682
2009-02-12,0.003280408597592458,0.9687273281865046
2009-02-13,0.020738955446682018,0.9926939279068763
2009-02-16,-0.031272671813495315,1.000666021125285
2009-02-17,-0.007306072093123753,1.0013314039126435
2009-02-18,0.0006660211252849623,1.0132186934355394
2009-02-19,0.0013314039126435173,0.9847838815265321
2009-02-20,0.013218693435539422,1.0
2009-02-24,-0.01521611847346795,1.0
2009-02-25,0.0,1.0
2009-02-26,0.0,1.0
2009-02-27,0.0,1.001332175127394
2009-03-02,0.0,0.9986678248726062
2009-03-03,0.0013321751273939206,1.0
2009-03-04,-0.0013321751273938046,1.0
2009-03-05,0.0,1.0
2009-03-06,0.0,1.0019974250379284
2009-03-09,0.0,1.0013294036260005
2009-03-12,0.001997425037928434,1.010575608585599
2009-03-13,0.0013294036260005785,1.0342521946993268
2009-03-16,0.010575608585599128,0.982051108006625
2009-03-17,0.03425219469932678,1.0590246465727633
2009-03-18,-0.017948891993375043,0.9778043794613417
2009-03-19,0.05902464657276332,1.0074541982461582
2009-03-20,-0.022195620538658336,0.9900493189166737
2009-03-23,0.007454198246158177,0.979796791544725
2009-03-24,-0.009950681083326324,0.9910319256863696
2009-03-25,-0.020203208455274957,1.0019281947538416
2009-03-26,-0.008968074313630498,1.0146646796283578
2009-03-27,0.001928194753841682,0.9775989005896055
2009-03-30,0.014664679628357786,1.0077364197820369
2009-03-31,-0.022401099410394525,1.0415149555505063
2009-04-01,0.007736419782036926,1.0122486754900237
2009-04-02,0.04151495555050639,1.083454723380342
2009-04-06,0.012248675490023633,0.9664065858778306
2009-04-08,0.08345472338034204,1.0896618494656938
2009-04-09,-0.03359341412216942,1.0042263439339827
2009-04-13,0.08966184946569368,0.9613063224783573
2009-04-15,0.004226343933982622,1.0038285914802063
2009-04-16,-0.03869367752164271,1.0049005370583266
2009-04-17,0.0038285914802062954,0.9863273586697503
2009-04-20,0.0049005370583266716,1.008772104271923
2009-04-21,-0.013672641330249716,0.9939763366551123
2009-04-22,0.008772104271923166,1.021191621504201
2009-04-23,-0.006023663344887633,0.9799072762604243
2009-04-24,0.021191621504200894,0.9906309049402996
2009-04-27,-0.020092723739575758,1.0197373701449928
2009-04-28,-0.009369095059700384,1.0
2009-04-29,0.019737370144992855,1.0005425838754431
2009-04-30,0.0,0.9741677268171165
2009-05-04,0.0005425838754431528,1.0312433824061893
2009-05-05,-0.02583227318288345,1.0075274386153128
2009-05-06,0.03124338240618938,0.9821662450606002
2009-05-07,0.007527438615312794,1.0092266213654697
2009-05-08,-0.017833754939399805,1.0021582254332053
2009-05-11,0.009226621365469744,0.97765026694881
2009-05-12,0.002158225433205365,1.0044006964138728
2009-05-13,-0.02234973305119005,1.0
2009-05-14,0.004400696413872685,1.052067252538709
2009-05-15,0.0,0.9882711370616776
2009-05-18,0.05206725253870895,1.0896877667860196
2009-05-19,-0.011728862938322388,1.046609501427233
2009-05-20,0.08968776678601954,1.0209390760101136
2009-05-21,0.046609501427232976,1.0866679004467863
2009-05-22,0.02093907601011351,0.9883714945933487
2009-05-25,0.08666790044678618,1.0686313419207087
2009-05-26,-0.011628505406651266,1.0193160880760483
2009-05-27,0.06863134192070877,1.0948586281799573
2009-05-28,0.019316088076048416,1.0124541541726704
2009-05-29,0.09485862817995719,0.9816111268028338
2009-06-01,0.012454154172670335,0.97733852353418
2009-06-02,-0.01838887319716618,1.0306865164512582
2009-06-03,-0.02266147646581994,0.9807084132225778
2009-06-04,0.030686516451258104,0.9204277126816605
2009-06-05,-0.019291586777422206,0.9895940705085239
2009-06-08,-0.07957228731833953,0.9879142408293806
2009-06-09,-0.010405929491476161,1.0190405904057458
2009-06-10,-0.012085759170619428,0.9911064813270029
2009-06-11,0.0190405904057459,0.989066833113336
2009-06-12,-0.008893518672997093,0.9813845626194678
2009-06-15,-0.010933166886663993,0.9789924679203983
2009-06-16,-0.018615437380532163,0.9893240669306279
2009-06-17,-0.021007532079601696,0.9929589801849124
2009-06-18,-0.010675933069372121,0.9933328611407591
2009-06-19,-0.007041019815087648,1.0132988395533502
2009-06-22,-0.006667138859240847,1.0268843383374437
2009-06-23,0.013298839553350233,1.0056131411917462
2009-06-24,0.02688433833744372,1.0189968372752092
2009-06-25,0.005613141191746212,1.0035257767679844
2009-06-26,0.018996837275209125,0.9564697543676138
2009-06-29,0.003525776767984447,0.9901546288523628
2009-06-30,-0.04353024563238619,1.0171708641266852
2009-07-01,-0.009845371147637134,0.9938963445831535
2009-07-02,0.017170864126685212,0.9946893529634518
2009-07-03,-0.006103655416846525,1.0254927439021877
2009-07-06,-0.005310647036548188,0.9662785654977681
2009-07-07,0.025492743902187625,1.0106892182112768
2009-07-08,-0.033721434502231834,0.9946651915192259
2009-07-09,0.01068921821127688,0.9884294017651698
2009-07-10,-0.005334808480774013,1.0246361470274794
2009-07-13,-0.011570598234830191,0.9828170127322198
2009-07-14,0.024636147027479304,1.0312871216101547
2009-07-15,-0.01718298726778025,0.9951878976063107
2009-07-16,0.03128712161015477,1.0155534208536148
2009-07-17,-0.0048121023936893515,1.0234687823704376
2009-07-20,0.015553420853614872,0.9645910528721792
2009-07-21,0.02346878237043761,1.0299804701361046
2009-07-22,-0.03540894712782087,1.0092855793242483
2009-07-23,0.029980470136104557,0.9643260481978381
2009-07-24,0.009285579324248387,0.99238767252372
2009-07-27,-0.0356739518021619,1.01556792530818
2009-07-28,-0.00761232747628007,0.9928435959473232
2009-07-29,0.015567925308179999,1.034874758022939
2009-07-30,-0.007156404052676865,1.003842149457586
2009-07-31,0.03487475802293894,0.98258405477028
2009-08-03,0.003842149457586031,1.0258190299073466
2009-08-04,-0.017415945229720058,1.0722588284609775
2009-08-05,0.025819029907346577,0.9510465725116004
2009-08-06,0.07225882846097743,0.9667532605210057
2009-08-07,-0.048953427488399585,0.9911283464558592
2009-08-10,-0.03324673947899425,1.0214729332818961
2009-08-11,-0.008871653544140799,1.021021715433121
2009-08-12,0.021472933281896055,1.0062952407246673
2009-08-13,0.02102171543312089,0.9492706102167584
2009-08-14,0.006295240724667163,1.0260654493073027
2009-08-17,-0.05072938978324161,0.9901115345111403
2009-08-18,0.026065449307302663,1.011777981445389
2009-08-19,-0.009888465488859672,1.007894407517024
2009-08-20,0.011777981445389043,1.0582211797492442
2009-08-21,0.007894407517023982,1.0056427143153108
2009-08-24,0.05822117974924433,1.0149963315621637
2009-08-25,0.005642714315310882,1.0003502948750458
2009-08-26,0.014996331562163788,1.000343165177679
2009-08-27,0.0003502948750458132,0.9923587590673686
2009-08-28,0.0003431651776790272,0.9749339941807968
2009-08-31,-0.00764124093263136,0.9859585729605593
2009-09-01,-0.02506600581920312,1.0039764997611957
2009-09-02,-0.014041427039440686,1.003968220929032
2009-09-03,0.003976499761195783,1.0353385648602218
2009-09-04,0.00396822092903204,1.0069189880746845
2009-09-07,0.035338564860221765,1.00687832022872
2009-09-08,0.006918988074684497,1.0139373909369702
2009-09-09,0.006878320228719924,1.003711558815403
2009-09-10,0.013937390936970146,0.9716759650073689
2009-09-11,0.003711558815403183,0.9722705379141011
2009-09-14,-0.02832403499263116,1.0169394308908077
2009-09-15,-0.027729462085898833,0.981640794884368
2009-09-16,0.01693943089080785,1.0109813587174015
2009-09-17,-0.018359205115632053,1.011222719511481
2009-09-18,0.010981358717401479,1.1442826560497992
2009-09-22,0.011222719511480966,1.0038872604124016
2009-09-23,0.14428265604979923,1.010865568596658
2009-09-24,0.0038872604124016523,1.0562460716700997
2009-09-25,0.010865568596658135,1.1200130407888391
2009-09-29,0.05624607167009972,0.938225910195321
2009-09-30,0.1200130407888391,0.9987533767599197
2009-10-01,-0.06177408980467907,0.9805115389090874
2009-10-05,-0.0012466232400803105,1.006332250953064
2009-10-06,-0.019488461090912585,0.9869850258913407
2009-10-07,0.0063322509530639275,0.9612387608127829
2009-10-08,-0.013014974108659304,1.0158178356220788
2009-10-09,-0.03876123918721709,1.0068370033683856
2009-10-12,0.01581783562207882,1.0524988098685968
2009-10-13,0.006837003368385569,0.9969088020796325
2009-10-14,0.05249880986859686,0.9673388221288893
2009-10-15,-0.0030911979203674593,0.9903706794679661
2009-10-16,-0.032661177871110704,0.9866936284021812
2009-10-20,-0.009629320532033943,0.987177422821307
2009-10-21,-0.013306371597818806,0.9896942322487835
2009-10-22,-0.012822577178692998,1.002338236700202
2009-10-23,-0.010305767751216539,0.9767114050323169
2009-10-26,0.002338236700202154,0.9838256785058767
2009-10-27,-0.02328859496768313,0.9722019181347623
2009-10-28,-0.016174321494123328,1.0085267206295072
2009-10-29,-0.027798081865237634,0.9760188739081695
2009-10-30,0.008526720629507123,0.995273745892961
2009-11-03,-0.02398112609183048,0.9952589700933988
2009-11-04,-0.0047262541070389906,1.0152431676711233
2009-11-05,-0.004741029906601202,1.0132463897443644
2009-11-06,0.015243167671123287,0.9885528220146375
2009-11-09,0.013246389744364468,0.9927839688831452
2009-11-10,-0.011447177985362496,1.008655957115896
2009-11-11,-0.00721603111685473,0.9811549759095075
2009-11-12,0.008655957115896052,1.0672094465245694
2009-11-13,-0.018845024090492535,0.9782105765943315
2009-11-16,0.06720944652456928,0.9795104904119669
2009-11-17,-0.021789423405668515,0.9798121247507109
2009-11-18,-0.02048950958803303,1.0050873643933875
2009-11-19,-0.02018787524928915,1.012598290989005
2009-11-20,0.005087364393387589,0.9946202160716103
2009-11-23,0.01259829098900493,1.006812605688116
2009-11-24,-0.005379783928389685,1.0049911606531166
2009-11-25,0.0068126056881158146,0.9711477239231863
2009-11-26,0.004991160653116645,1.0054721423226824
2009-11-27,-0.028852276076813742,1.0191045621421868
2009-11-30,0.005472142322682399,0.9939122444524628
2009-12-01,0.019104562142186907,1.025528729968317
2009-12-02,-0.006087755547537164,1.0300091087331884
2009-12-03,0.025528729968316788,1.1016808667603795
2009-12-04,0.030009108733188378,1.0200545732514796
2009-12-07,0.10168086676037949,0.9878960095092604
2009-12-08,0.020054573251479677,0.9960358596779756
2009-12-09,-0.012103990490739664,0.9686326205634327
2009-12-10,-0.003964140322024466,0.978641504711976
2009-12-11,-0.03136737943656733,0.97684753855097
2009-12-14,-0.021358495288024065,0.9803507794308229
2009-12-15,-0.023152461449030024,1.0073724205780672
2009-12-16,-0.01964922056917707,1.0412107165677056
2009-12-17,0.00737242057806712,1.0794260184065068
2009-12-18,0.0412107165677056,0.984188959152817
2009-12-21,0.0794260184065068,1.0640535287130433
2009-12-22,-0.01581104084718294,0.9803456741547936
2010-01-04,0.06405352871304322,1.0447181848605815
2010-01-05,-0.0196543258452064,0.9858742603614986
2010-01-06,0.044718184860581454,0.9952464797114292
2010-01-07,-0.01412573963850134,1.0019607299083437
2010-01-08,-0.004753520288570753,0.9701904987536512
2010-01-11,0.001960729908343628,0.9994222423423644
2010-01-12,-0.02980950124634885,0.9962406897511036
2010-01-13,-0.0005777576576355423,0.9866020745145149
2010-01-14,-0.0037593102488964075,0.9944095883988999
2010-01-15,-0.01339792548548512,1.0005908728860085
2010-01-18,-0.005590411601100081,1.0212867847775775
2010-01-19,0.0005908728860085433,0.9650586381928271
2010-01-20,0.02128678477757751,0.9849412301343099
2010-01-21,-0.03494136180717284,0.9776030947937554
2010-01-22,-0.015058769865690151,0.9546155457118423
2010-01-25,-0.02239690520624456,1.000328474605526
2010-01-27,-0.04538445428815779,0.984956782093655
2010-01-28,0.0003284746055261746,1.010810612739776
2010-01-29,-0.015043217906344972,1.0649886114210592
2010-02-01,0.010810612739775906,0.9818165176229197
2010-02-02,0.06498861142105915,0.9903094554041159
2010-02-03,-0.01818348237708039,0.9421361821848905
2010-02-04,-0.009690544595884107,1.0184641058753237
2010-02-05,-0.057863817815109554,0.9941048714101501
2010-02-08,0.018464105875323652,1.0133847133444713
2010-02-09,-0.005895128589849901,0.994472317364741
2010-02-10,0.013384713344471406,1.0514686027333855
2010-02-11,-0.005527682635259082,1.063594990546203
2010-02-15,0.051468602733385556,0.9481071449309351
2010-02-16,0.06359499054620288,1.0045798591219788
2010-02-17,-0.051892855069064936,0.9592658819532176
2010-02-18,0.004579859121978728,0.9781828563267836
2010-02-19,-0.04073411804678239,0.9967518070141287
2010-02-22,-0.02181714367321638,0.9839271829302192
2010-02-23,-0.0032481929858713078,1.0026400182740562
2010-02-24,-0.016072817069780837,1.0009942688016453
2010-02-25,0.002640018274056158,1.0582389509841599
2010-02-26,0.0009942688016454087,1.0312144857981036
2010-03-02,0.0582389509841599,0.988784547917686
2010-03-03,0.031214485798103552,0.9954201408780212
2010-03-04,-0.011215452082314021,0.9981647385757788
2010-03-05,-0.004579859121978751,0.9913734892008604
2010-03-08,-0.001835261424221202,1.0033997424021142
2010-03-09,-0.008626510799139578,0.9900811617855831
2010-03-10,0.00339974240211414,1.0003150702017727
2010-03-11,-0.00991883821441689,0.9820967041201648
2010-03-12,0.00031507020177258934,1.0219390387035003
2010-03-15,-0.017903295879835242,0.9828080470384862
2010-03-16,0.02193903870350028,1.0065965031124064
2010-03-17,-0.01719195296151373,0.9911926864362358
2010-03-18,0.006596503112406415,0.9875975947947633
2010-03-19,-0.008807313563764192,1.011768939192524
2010-03-22,-0.012402405205236717,1.0544678823221394
2010-03-23,0.01176893919252393,1.0086482898289717
2010-03-25,0.05446788232213933,0.9612521138292738
2010-03-26,0.008648289828971699,0.995360551246312
2010-03-29,-0.03874788617072626,1.0107918450564481
2010-03-30,-0.004639448753688032,0.9957010297441105
2010-03-31,0.01079184505644811,1.0146742803713875
2010-04-01,-0.004298970255889529,1.0060522079287746
2010-04-05,0.01467428037138751,0.9960714504116889
2010-04-06,0.006052207928774647,0.9917877322795685
2010-04-07,-0.003928549588311175,1.0015257438503993
2010-04-08,-0.00821226772043146,1.0006108702137606
2010-04-09,0.0015257438503992339,1.001824086934095
2010-04-12,0.0006108702137606707,0.9978673739278602
2010-04-13,0.001824086934095049,0.9908135759765894
2010-04-15,-0.002132626072139788,0.9978430712926163
2010-04-16,-0.009186424023410664,1.0270764948863043
2010-04-19,-0.002156928707383688,0.9996961841575667
2010-04-20,0.027076494886304175,1.0210958877391973
2010-04-21,-0.0003038158424333466,0.9985295509780584
2010-04-22,0.021095887739197357,0.9994099968581114
2010-04-23,-0.0014704490219416067,1.0023521135445206
2010-04-26,-0.0005900031418885868,1.000588443997269
2010-04-27,0.0023521135445205245,0.9979412754273171
2010-04-28,0.000588443997269045,1.0035258104015883
2010-04-29,-0.002058724572682881,1.0246213275533231
2010-04-30,0.003525810401588213,1.0142013110194792
2010-05-03,0.024621327553323222,0.9774658747549484
2010-05-04,0.01420131101947918,0.9757626923103556
2010-05-05,-0.022534125245051648,0.986308734984853
2010-05-06,-0.02423730768964435,1.0130987313840565
2010-05-07,-0.01369126501514692,0.9922783187967981
2010-05-10,0.013098731384056459,1.0133267688768048
2010-05-11,-0.00772168120320189,1.0061533210805262
2010-05-12,0.013326768876804812,0.9938466789194738
2010-05-13,0.006153321080526305,0.9923216445507811
2010-05-14,-0.006153321080526275,0.9958405244002716
2010-05-17,-0.007678355449218932,0.9850106223981884
2010-05-18,-0.004159475599728446,1.0015089820436445
2010-05-19,-0.014989377601811675,0.9909048412474463
2010-05-20,0.0015089820436444375,1.0045613643131306
2010-05-21,-0.00909515875255373,0.9969655616210208
2010-05-24,0.004561364313130601,1.0024269081540575
2010-05-25,-0.003034438378979203,0.9960461659117912
2010-05-26,0.0024269081540576496,1.0069805711855024
2010-05-27,-0.003953834088208853,0.9966661353381278
2010-05-28,0.006980571185502361,0.9996993176045519
2010-05-31,-0.003333864661872297,1.00182214386439
2010-06-01,-0.0003006823954480716,0.9978769936938656
2010-06-02,0.0018221438643900056,1.0009086724017715
2010-06-03,-0.0021230063061343876,1.007251627946445
2010-06-04,0.0009086724017714246,0.9939627059579182
2010-06-07,0.007251627946444863,0.9993931963205586
2010-06-08,-0.0060372940420817724,1.0
2010-06-09,-0.0006068036794414288,1.012341989554784
2010-06-10,0.0,0.9906828228409947
2010-06-11,0.012341989554783965,1.006022579931975
2010-06-14,-0.009317177159005268,1.0
2010-06-15,0.006022579931975173,1.0059867017720536
2010-06-16,0.0,0.9937158629004226
2010-06-17,0.0059867017720535666,1.0008990412620602
2010-06-18,-0.006284137099577458,0.997293605982404
2010-06-21,0.0008990412620601118,1.008985253886829
2010-06-22,-0.0027063940175959993,0.9961175861557509
2010-06-23,0.008985253886829013,1.0127940227167513
2010-06-24,-0.0038824138442491696,1.0014764445971027
2010-06-25,0.01279402271675136,0.9991157381457869
2010-06-28,0.0014764445971028124,1.0085309984925723
2010-06-29,-0.0008842618542130696,0.9899910750923833
2010-06-30,0.008530998492572434,1.0135121121726132
2010-07-01,-0.010008924907616679,1.0127667033129615
2010-07-02,0.013512112172613076,0.9997080987677722
2010-07-05,0.01276670331296139,0.9974004517991417
2010-07-06,-0.00029190123222781587,1.0
2010-07-07,-0.002599548200858325,1.0017356853093105
2010-07-08,0.0,1.0028804114092837
2010-07-09,0.0017356853093105503,1.0048789471548245
2010-07-12,0.0028804114092837257,1.0002837267275113
2010-07-13,0.004878947154824473,1.0020022218790883
2010-07-14,0.0002837267275112179,1.0122093403933992
2010-07-15,0.0020022218790883618,0.9934917460761291
2010-07-16,0.012209340393399186,1.0050965940914962
2010-07-19,-0.006508253923870943,1.0067595567563596
2010-07-20,0.005096594091496134,0.9991591879890813
2010-07-21,0.006759556756359607,1.0144988315007069
2010-07-22,-0.0008408120109186978,0.9977843016195909
2010-07-23,0.01449883150070695,1.0052532201411402
2010-07-26,-0.002215698380409101,1.0041365362876942
2010-07-27,0.0052532201411402465,0.9950366602997299
2010-07-28,0.0041365362876942015,1.0044125130628179
2010-07-29,-0.004963339700270111,1.0268596383480761
2010-07-30,0.00441251306281789,0.9946320534691144
2010-08-02,0.026859638348076087,0.9978458741217932
2010-08-03,-0.005367946530885545,0.987513110666846
2010-08-04,-0.0021541258782068647,0.9997290567573217
2010-08-05,-0.012486889333153972,1.0019114888505647
2010-08-06,-0.0002709432426782948,1.0032673408896122
2010-08-09,0.001911488850564583,1.0002695438894795
2010-08-10,0.0032673408896121327,0.9893456744833377
2010-08-11,0.0002695438894796173,1.0128241573815702
2010-08-12,-0.01065432551666232,1.0422129755275915
2010-08-13,0.012824157381570125,1.003628351209424
2010-08-16,0.04221297552759147,0.9935052583249534
2010-08-17,0.003628351209423992,1.0416141742678204
2010-08-18,-0.006494741675046582,1.0148940842141767
2010-08-19,0.041614174267820526,0.9900935116623699
2010-08-20,0.0148940842141767,1.0397566744241302
2010-08-23,-0.009906488337630037,0.9694065438784127
2010-08-24,0.03975667442413021,0.9813400934664935
2010-08-25,-0.030593456121587315,1.0446986177428559
2010-08-26,-0.018659906533506455,0.9930142979520211
2010-08-27,0.044698617742855884,0.9519339769083122
2010-08-30,-0.006985702047978864,1.0253088132976098
2010-08-31,-0.048066023091687816,0.985044294099201
2010-09-01,0.025308813297609797,1.0134722240947127
2010-09-02,-0.014955705900798954,0.986776652458092
2010-09-03,0.013472224094712779,1.0007518893760496
2010-09-06,-0.013223347541907961,0.9883891251714211
2010-09-07,0.0007518893760496377,0.9969485641694935
2010-09-08,-0.011610874828578893,0.9840884858303017
2010-09-09,-0.00305143583050644,0.996369896926765
2010-09-13,-0.01591151416969822,0.9790068595967356
2010-09-14,-0.0036301030732349302,0.9888012943075066
2010-09-15,-0.02099314040326438,0.9965095895231525
2010-09-16,-0.011198705692493387,0.9973060370760444
2010-09-17,-0.00349041047684747,1.0453623283150997
2010-09-20,-0.0026939629239556033,0.9648355441566362
2010-09-21,0.04536232831509963,1.060921339555082
2010-09-22,-0.03516445584336378,1.0213399503840184
2010-09-23,0.06092133955508197,0.9900426176810991
2010-09-24,0.021339950384018303,1.004731437300238
2010-09-27,-0.009957382318900847,0.992109000552122
2010-09-28,0.004731437300237992,1.013381011771249
2010-09-29,-0.007890999447877984,0.9918866647120804
2010-09-30,0.013381011771248931,1.0
2010-10-01,-0.0081133352879196,1.0238856485017844
2010-10-04,0.0,0.9909771880442754
2010-10-05,0.023885648501784398,0.9893290982832531
2010-10-06,-0.009022811955724604,1.003135093833931
2010-10-07,-0.01067090171674692,0.9984363748078219
2010-10-08,0.0031350938339309796,1.0002587971767996
2010-10-11,-0.0015636251921780978,1.0163202230439636
2010-10-12,0.00025879717679965484,1.0020517460531757
2010-10-13,0.01632022304396353,0.9971782909577468
2010-10-14,0.0020517460531758137,0.9989689931861255
2010-10-15,-0.0028217090422531952,1.0030845461177456
2010-10-18,-0.0010310068138745178,1.000768169738382
2010-10-19,0.0030845461177456453,1.001540135518513
2010-10-20,0.0007681697383820067,1.0017912210464657
2010-10-21,0.0015401355185129376,0.9994876847838199
2010-10-22,0.0017912210464657594,1.0119441246745609
2010-10-25,-0.0005123152161801254,0.9974708364929933
2010-10-26,0.011944124674560767,0.9931380962483303
2010-10-27,-0.002529163507006743,0.996680793533008
2010-10-28,-0.006861903751669707,0.9751254476832453
2010-10-29,-0.003319206466991972,1.0036672723818738
2010-11-01,-0.02487455231675473,1.0062539258981444
2010-11-02,0.003667272381873821,1.0025934548954258
2010-11-03,0.006253925898144338,1.0
2010-11-04,0.0025934548954259255,1.0095388371052376
2010-11-08,0.0,1.0005138699793323
2010-11-09,0.009538837105237527,0.9953695130168372
2010-11-10,0.0005138699793323251,1.0041166170038305
2010-11-11,-0.0046304869831628025,0.9930479091766301
2010-11-12,0.004116617003830432,0.9883068003105661
2010-11-15,-0.006952090823369927,0.9965918002321221
2010-11-16,-0.011693199689433977,0.9825354196738157
2010-11-18,-0.0034081997678779,0.9951855342683259
2010-11-19,-0.017464580326184267,1.008546227631117
2010-11-22,-0.0048144657316741175,0.9730448334555636
2010-11-23,0.008546227631117115,0.984856256382974
2010-11-24,-0.026955166544436436,0.9730121717236115
2010-11-25,-0.01514374361702599,1.0036960060176578
2010-11-26,-0.026987828276388424,1.0115745748934768
2010-11-29,0.003696006017657877,1.0998173585710869
2010-11-30,0.011574574893476873,0.9685169824390116
2010-12-01,0.09981735857108696,0.9699350393009298
2010-12-02,-0.03148301756098835,0.9872249402240975
2010-12-03,-0.030064960699070185,0.9853918721865411
2010-12-06,-0.012775059775902528,0.9902378566500813
2010-12-07,-0.014608127813458873,0.950577293412645
2010-12-08,-0.0097621433499187,1.0255890689469318
2010-12-09,-0.04942270658735503,0.9927981719999391
2010-12-10,0.025589068946931696,0.9997070667997697
2010-12-13,-0.007201828000060869,1.0066346653314584
2010-12-14,-0.0002929332002303136,1.0020101888724986
2010-12-15,0.006634665331458439,1.02015559108587
2010-12-16,0.0020101888724985517,1.0100683463199243
2010-12-20,0.0201555910858699,1.0016652662905678
2010-12-21,0.01006834631992435,0.9921889308049467
2010-12-22,0.0016652662905677384,1.0078110691950533
2010-12-23,-0.007811069195053278,1.0413581592731722
2010-12-24,0.00781106919505333,0.9978615149738111
2010-12-27,0.04135815927317223,1.017213537785199
2010-12-28,-0.002138485026188854,0.9902397881601753
2010-12-29,0.017213537785198855,1.0034388241757715
2010-12-30,-0.009760211839824697,1.0154660865689804
2010-12-31,0.00343882417577152,0.9932172356322208
2011-01-03,0.015466086568980303,1.0
2011-01-04,-0.006782764367779276,1.0227859164903512
2011-01-05,0.0,0.9881528576378674
2011-01-06,0.022785916490351325,0.9718882768404303
2011-01-07,-0.011847142362132525,1.011127564203376
2011-01-10,-0.0281117231595697,1.0136125565005738
2011-01-11,0.011127564203375911,0.9824277759016521
2011-01-12,0.013612556500573908,0.9978829060487764
2011-01-13,-0.017572224098347942,0.9914812271588459
2011-01-14,-0.0021170939512236203,1.0008006245462628
2011-01-17,-0.008518772841154081,1.0132667328141696
2011-01-18,0.0008006245462627969,1.017249986082988
2011-01-19,0.013266732814169608,1.013388398095343
2011-01-20,0.017249986082988045,0.9910128324991111
2011-01-21,0.01338839809534306,0.9867546659009042
2011-01-24,-0.008987167500888859,0.9994759685335883
2011-01-25,-0.013245334099095814,0.9833830132717927
2011-01-27,-0.000524031466411674,0.9930593056225827
2011-01-28,-0.0166169867282073,0.9962421980921364
2011-01-31,-0.006940694377417297,1.0
2011-02-01,-0.003757801907863581,1.004830404410218
2011-02-02,0.0,1.0024007919020066
2011-02-03,0.00483040441021813,0.9981350782288962
2011-02-04,0.002400791902006565,0.9843696765329516
2011-02-07,-0.0018649217711037014,1.001625727142282
2011-02-08,-0.015630323467048412,0.9824957579331417
2011-02-09,0.0016257271422819666,1.0282948325046672
2011-02-10,-0.017504242066858303,1.0042794527827372
2011-02-11,0.028294832504667335,0.9759449378567897
2011-02-14,0.004279452782737287,1.003818714783304
2011-02-15,-0.024055062143210282,1.000545871060896
2011-02-16,0.003818714783303935,1.004620433078464
2011-02-17,0.000545871060896057,1.0129324941726905
2011-02-18,0.004620433078464024,0.9851667444780904
2011-02-21,0.012932494172690481,0.9970102390554121
2011-02-22,-0.0148332555219096,1.0
2011-02-23,-0.00298976094458797,0.9768430997995929
2011-02-24,0.0,1.0108166207172382
2011-02-25,-0.023156900200407032,1.0041340696419194
2011-02-28,0.01081662071723813,0.9972439856274681
2011-03-01,0.004134069641919401,1.000830554858742
2011-03-03,-0.0027560143725319478,1.0054888370286736
2011-03-04,0.0008305548587419594,1.0187102154275909
2011-03-07,0.005488837028673632,0.9921774424601104
2011-03-08,0.018710215427590778,0.9912981751346297
2011-03-09,-0.007822557539889623,0.9887368398637437
2011-03-10,-0.00870182486537032,1.0060585043444963
2011-03-11,-0.011263160136256294,0.9939414956555037
2011-03-14,0.006058504344496218,1.022400722587337
2011-03-15,-0.006058504344496229,0.9850297146906869
2011-03-16,0.02240072258733712,0.9975330699375896
2011-03-17,-0.014970285309313092,0.9958634187329305
2011-03-18,-0.002466930062410405,1.0096177445302124
2011-03-21,-0.0041365812670695,0.9895553295212435
2011-03-22,0.009617744530212446,1.0016591623400162
2011-03-23,-0.010444670478756489,1.009333170918572
2011-03-24,0.001659162340016201,1.0062618303189583
2011-03-25,0.00933317091857203,0.9896264268623336
2011-03-28,0.006261830318958323,1.0005498468381435
2011-03-29,-0.010373573137666348,0.9925695627219762
2011-03-30,0.0005498468381436175,1.0055139495990417
2011-03-31,-0.007430437278023827,0.9983475330360523
2011-04-01,0.00551394959904177,1.00055112578223
2011-04-04,-0.0016524669639477532,0.99889729109815
2011-04-05,0.0005511257822298946,1.0343683463804918
2011-04-06,-0.0011027089018500916,1.0142675828970786
2011-04-07,0.034368346380491785,0.9886569726578703
2011-04-08,0.014267582897078539,1.0277310506458246
2011-04-11,-0.011343027342129622,0.9867546659009042
2011-04-13,0.027731050645824637,0.9992112253354939
2011-04-15,-0.013245334099095814,1.0067812169305395
2011-04-18,-0.0007887746645060959,0.9905993579660889
2011-04-19,0.006781216930539369,1.013552332465809
2011-04-20,-0.009400642033911064,1.008501157814873
2011-04-21,0.013552332465808916,1.0086868952919765
2011-04-25,0.008501157814872977,0.9923409378647856
2011-04-26,0.008686895291976623,1.0079110796408506
2011-04-27,-0.007659062135214335,1.0063419207791617
2011-04-28,0.00791107964085064,0.9862604131818301
2011-04-29,0.00634192077916165,0.9951189973424076
2011-05-02,-0.013739586818169934,1.0186205894757623
2011-05-03,-0.004881002657592382,0.993153909782864
2011-05-04,0.018620589475762353,1.0133969031062129
2011-05-05,-0.006846090217136038,0.9840557559896996
2011-05-06,0.01339690310621287,1.0060992477317048
2011-05-09,-0.015944244010300417,0.9862147639149942
2011-05-10,0.006099247731704784,1.0023124558770822
2011-05-11,-0.013785236085005816,0.9899472929154303
2011-05-12,0.0023124558770822048,1.020005503716204
2011-05-13,-0.010052707084569774,0.9864487872712877
2011-05-16,0.020005503716203982,0.9935457090125083
2011-05-17,-0.013551212728712314,1.0
2011-05-18,-0.006454290987491691,1.0007756736446745
2011-05-19,0.0,0.9888045802628428
2011-05-20,0.0007756736446743678,1.0002649549991296
2011-05-23,-0.011195419737157156,0.994486849239933
2011-05-24,0.00026495499912955077,1.0
2011-05-25,-0.0055131507600669595,1.0076029795999002
2011-05-26,0.0,1.0098775110171556
2011-05-27,0.007602979599900194,1.0131024331829617
2011-05-30,0.009877511017155637,1.000764123661705
2011-05-31,0.01310243318296166,0.9989774819786309
2011-06-01,0.0007641236617049956,1.025707521885051
2011-06-02,-0.0010225180213691114,1.0140860260862865
2011-06-03,0.02570752188505103,1.0097632490149178
2011-06-06,0.014086026086286473,1.0014594369989898
2011-06-07,0.00976324901491776,0.9838543516069914
2011-06-08,0.0014594369989896574,1.0009875626487506
2011-06-09,-0.016145648393008624,1.0141854546601294
2011-06-10,0.0009875626487505734,0.9858145453398707
2011-06-13,0.014185454660129389,1.0
2011-06-14,-0.014185454660129328,0.9935738046929665
2011-06-15,0.0,0.9977700660787004
2011-06-16,-0.006426195307033498,1.0032227415159312
2011-06-17,-0.0022299339212995904,0.9890442678774064
2011-06-20,0.0032227415159312585,0.9912002747262395
2011-06-21,-0.010955732122593606,1.0062933896736725
2011-06-22,-0.008799725273760451,0.9914292446085824
2011-06-23,0.006293389673672626,1.0370260120589367
2011-06-24,-0.008570755391417623,0.9614509502321371
2011-06-27,0.03702601205893678,0.9792501863521811
2011-06-28,-0.03854904976786285,1.0051627509242054
2011-06-29,-0.02074981364781888,0.9940615754311204
2011-06-30,0.005162750924205322,1.0215254872924933
2011-07-01,-0.005938424568879656,0.9964480931723828
2011-07-04,0.021525487292493192,1.006339613791464
2011-07-05,-0.003551906827617195,0.9923874558863099
2011-07-06,0.0063396137914638745,1.0002524730680118
2011-07-07,-0.007612544113690094,1.0
2011-07-08,0.0002524730680118051,0.9882136235452852
2011-07-11,0.0,1.0166152956916612
2011-07-12,-0.011786376454714854,0.9885249643960117
2011-07-13,0.016615295691661206,0.9984629268780337
2011-07-14,-0.011475035603988378,0.9935605416902246
2011-07-15,-0.0015370731219662996,1.0181836906236112
2011-07-18,-0.006439458309775441,0.9794858339645109
2011-07-19,0.018183690623611297,1.0
2011-07-20,-0.020514166035489112,1.008000367062206
2011-07-21,0.0,0.9815798868453113
2011-07-22,0.008000367062205981,1.0
2011-07-25,-0.018420113154688732,1.002354783838963
2011-07-26,0.0,0.9979101711601668
2011-07-27,0.0023547838389629486,0.9894732690953447
2011-07-28,-0.0020898288398332097,1.0071151697227438
2011-07-29,-0.010526730904655243,1.004459898867698
2011-08-01,0.007115169722743873,0.9743127541742638
2011-08-02,0.0044598988676981055,0.9889403388530397
2011-08-03,-0.025687245825736206,0.9899152056485483
2011-08-04,-0.011059661146960309,0.9272774983186929
2011-08-05,-0.01008479435145171,0.9961646561966848
2011-08-08,-0.07272250168130714,1.0058965885932256
2011-08-09,-0.0038353438033152084,0.9982371252786033
2011-08-10,0.005896588593225677,1.004407624261877
2011-08-11,-0.0017628747213967134,0.9914586618662939
2011-08-12,0.00440762426187696,0.9860031850808558
2011-08-16,-0.008541338133706007,0.9523922465353744
2011-08-17,-0.013996814919144169,1.0081474913442827
2011-08-18,-0.047607753464625695,1.0261755786480309
2011-08-19,0.008147491344282807,1.0255019970069637
2011-08-22,0.02617557864803097,1.001186713520348
2011-08-23,0.025501997006963633,0.9696568746298146
2011-08-24,0.001186713520348061,1.0193339883490928
2011-08-25,-0.030343125370185315,0.9766882069640415
2011-08-26,0.019333988349092737,0.9736209480644734
2011-08-29,-0.023311793035958542,1.027295847908928
2011-08-30,-0.026379051935526605,0.9845854551408213
2011-09-02,0.02729584790892804,0.9849696961315242
2011-09-05,-0.015414544859178732,1.027691593422715
2011-09-06,-0.015030303868475793,0.9716762361702224
2011-09-07,0.027691593422715183,1.0037811712257887
2011-09-08,-0.0283237638297776,1.042482853203456
2011-09-09,0.003781171225788722,0.9637919112715844
2011-09-12,0.042482853203455934,1.0416157945380433
2011-09-13,-0.03620808872841563,0.9967004477998533
2011-09-14,0.04161579453804324,0.9909386101626847
2011-09-15,-0.003299552200146668,1.0033294523750766
2011-09-16,-0.009061389837315248,1.0042274662834367
2011-09-19,0.003329452375076643,1.0125695032740165
2011-09-20,0.0042274662834366344,1.127562936755054
2011-09-21,0.012569503274016526,0.9883746709889282
2011-09-22,0.1275629367550539,0.9703250556986543
2011-09-23,-0.011625329011071774,1.0149444725506462
2011-09-26,-0.029674944301345676,1.0303954454928328
2011-09-27,0.014944472550646296,0.9606646979291901
2011-09-28,0.030395445492832754,0.9909794246556908
2011-09-29,-0.03933530207080992,1.04258339339158
2011-09-30,-0.009020575344309239,0.9842437692210149
2011-10-03,0.04258339339158011,1.0
2011-10-04,-0.01575623077898517,0.9776932963725171
2011-10-05,0.0,1.0164084508796234
2011-10-07,-0.022306703627482834,1.0285799439915555
2011-10-10,0.016408450879623428,0.9714200560084444
2011-10-11,0.02857994399155553,1.0422881892074187
2011-10-12,-0.02857994399155557,1.0095966365123277
2011-10-13,0.04228818920741879,0.9686088835929032
2011-10-14,0.00959663651232773,0.9979743595370654
2011-10-17,-0.03139111640709678,0.9927079732174148
2011-10-18,-0.002025640462934628,0.9858554799904208
2011-10-19,-0.007292026782585255,1.0
2011-10-20,-0.01414452000957921,1.0205602498195863
2011-10-21,0.0,0.9675020167375473
2011-10-24,0.020560249819586218,1.0062887344007414
2011-10-25,-0.032497983262452644,0.9967091424641479
2011-10-28,0.0062887344007413245,1.0104220559406136
2011-10-31,-0.003290857535852067,1.0161672993226432
2011-11-01,0.010422055940613708,1.0023279861638006
2011-11-02,0.01616729932264326,0.9832842063728866
2011-11-03,0.0023279861638005697,1.0172985585976193
2011-11-04,-0.016715793627113427,0.999711669201782
2011-11-08,0.01729855859761936,0.9692903336912063
2011-11-09,-0.0002883307982179479,1.0365070296359111
2011-11-11,-0.030709666308793637,0.9568748100088351
2011-11-14,0.0365070296359112,1.0241530271313106
2011-11-15,-0.04312518999116491,1.0134631303309547
2011-11-16,0.02415302713131057,0.9214087092357526
2011-11-17,0.013463130330954616,1.0334023076093526
2011-11-18,-0.07859129076424745,1.0048506830712274
2011-11-21,0.03340230760935262,0.9680218758845557
2011-11-22,0.004850683071227483,0.96824528153456
2011-11-23,-0.03197812411544432,1.012501856449942
2011-11-24,-0.03175471846543995,0.9878246754943325
2011-11-25,0.012501856449941937,1.0112209558114666
2011-11-28,-0.012175324505667506,0.9881327153349638
2011-11-29,0.011220955811466664,0.9996798563643765
2011-11-30,-0.011867284665036209,0.9638423057118336
2011-12-01,-0.0003201436356234499,1.0489835877323155
2011-12-02,-0.036157694288166356,0.9881405790450438
2011-12-05,0.04898358773231549,0.9938526897823959
2011-12-07,-0.011859420954956151,1.0552283523705988
2011-12-08,-0.006147310217604109,0.9703985144433407
2011-12-09,0.055228352370598775,1.009757855156788
2011-12-12,-0.029601485556659327,0.9574518856401256
2011-12-13,0.009757855156788113,0.9788653435648531
2011-12-14,-0.04254811435987433,0.9489823150126095
2011-12-15,-0.02113465643514694,1.0692048009035475
2011-12-16,-0.051017684987390406,0.9767946967564527
2011-12-19,0.0692048009035475,0.9929280382764342
2011-12-20,-0.02320530324354728,1.0067323684953988
2011-12-21,-0.0070719617235658495,1.01564666166357
2011-12-22,0.006732368495398829,0.9843533383364299
2011-12-23,0.015646661663570073,0.9932676315046012
2011-12-26,-0.015646661663570136,1.0332248054861028
2011-12-27,-0.006732368495398807,0.9687968515960037
2011-12-28,0.033224805486102835,1.0113980580579103
2011-12-29,-0.031203148403996243,0.9933126533553819
2011-12-30,0.011398058057910283,1.0
2012-01-02,-0.006687346644618156,1.0
2012-01-03,0.0,1.0355977033881656
2012-01-04,0.0,0.9416664866741675
2012-01-05,0.03559770338816566,1.009225269069021
2012-01-06,-0.05833351332583246,1.0168600153005598
2012-01-09,0.009225269069021155,1.0296560393769705
2012-01-10,0.01686001530055989,0.9809882394668704
2012-01-11,0.029656039376970506,0.9903638360255477
2012-01-12,-0.01901176053312957,0.9989918851306114
2012-01-13,-0.009636163974452345,1.0099879829649534
2012-01-16,-0.0010081148693885742,0.9900120170350466
2012-01-17,0.009987982964953424,1.0
2012-01-18,-0.009987982964953408,1.0
2012-01-19,0.0,1.0033378722127038
2012-01-20,0.0,0.9966621277872963
2012-01-23,0.0033378722127036715,1.0
2012-01-24,-0.0033378722127036515,0.9979944194655372
2012-01-25,0.0,1.0040138866581054
2012-01-27,-0.0020055805344627426,0.9943096281272288
2012-01-30,0.004013886658105394,1.0398091989703946
2012-01-31,-0.005690371872771237,1.0
2012-02-01,0.039809198970394484,0.9817704727361869
2012-02-02,0.0,1.0364534185885887
2012-02-03,-0.0182295272638131,1.0209971913608855
2012-02-06,0.03645341858858872,0.9925336357797788
2012-02-07,0.02099719136088558,1.0
2012-02-08,-0.007466364220221175,1.019186280554555
2012-02-09,0.0,0.9808137194454448
2012-02-10,0.01918628055455509,0.9794765640595253
2012-02-13,-0.019186280554555128,1.0079408696043695
2012-02-14,-0.020523435940474625,1.0277779884651295
2012-02-15,0.007940869604369433,0.9841780944893787
2012-02-16,0.02777798846512937,1.0
2012-02-17,-0.01582190551062133,0.9946700145326557
2012-02-21,0.0,0.9996816022838058
2012-02-22,-0.0053299854673443045,0.9677272628432904
2012-02-23,-0.00031839771619425445,1.0259650373857403
2012-02-24,-0.0322727371567096,1.0430464646534774
2012-02-27,0.02596503738574023,0.9738964726372463
2012-02-28,0.04304646465347745,0.9622711198350345
2012-02-29,-0.02610352736275362,1.0006470839685744
2012-03-01,-0.037728880164965485,0.9993529160314255
2012-03-02,0.000647083968574443,0.990261767553108
2012-03-05,-0.0006470839685744639,1.036831875092103
2012-03-06,-0.00973823244689193,0.9608808200629774
2012-03-07,0.036831875092103,1.0136393280367184
2012-03-09,-0.039119179937022616,1.0019371969681807
2012-03-12,0.013639328036718433,0.9811487700040369
2012-03-13,0.001937196968180719,0.9917662205725635
2012-03-14,-0.018851229995963073,0.9990086621989065
2012-03-15,-0.008233779427436512,0.9926887790526278
2012-03-16,-0.0009913378010935258,0.9824986154668282
2012-03-19,-0.007311220947372247,1.0047427795882773
2012-03-20,-0.017501384533171804,0.9833084172146601
2012-03-21,0.004742779588277374,0.9975915502450292
2012-03-22,-0.016691582785339935,0.9801724966038763
2012-03-23,-0.0024084497549707318,1.0263503760766117
2012-03-26,-0.019827503396123766,0.9893357229848618
2012-03-27,0.026350376076611646,0.977974301366186
2012-03-28,-0.010664277015138189,1.0063395995723403
2012-03-29,-0.02202569863381394,1.0042066531798066
2012-03-30,0.006339599572340326,1.0190577397961424
2012-04-02,0.004206653179806576,0.9917287388542111
2012-04-03,0.019057739796142382,1.0316712449794356
2012-04-04,-0.008271261145788952,1.0336228471837117
2012-04-09,0.03167124497943566,0.9996786482873623
2012-04-10,0.033622847183711675,1.049038815817721
2012-04-11,-0.00032135171263765103,1.0064585582999068
2012-04-12,0.04903881581772098,1.0045894906846122
2012-04-13,0.006458558299906915,0.9978595147194315
2012-04-16,0.0045894906846121976,0.9913984118084747
2012-04-17,-0.002140485280568525,0.9828764677588182
2012-04-18,-0.008601588191525367,0.9710152764765042
2012-04-19,-0.01712353224118178,0.9928642482298624
2012-04-20,-0.028984723523495744,1.0022769707526078
2012-04-23,-0.00713575177013758,0.9934848201490057
2012-04-24,0.0022769707526076924,1.0165346720595145
2012-04-25,-0.006515179850994308,0.9844437859444451
2012-04-26,0.016534672059514564,0.9603607585926999
2012-04-27,-0.015556214055554806,1.0389846778482639
2012-04-30,-0.03963924140730009,0.9630484742727944
2012-05-02,0.038984677848263795,1.0070985275832514
2012-05-03,-0.03695152572720563,0.9692284794356384
2012-05-04,0.0070985275832514015,1.0069187383593388
2012-05-07,-0.03077152056436161,1.0375641708943848
2012-05-08,0.006918738359338758,0.9963365191085063
2012-05-09,0.03756417089438487,0.9536062892187145
2012-05-10,-0.003663480891493746,1.0045335193421097
2012-05-11,-0.04639371078128555,1.0547763385493645
2012-05-14,0.004533519342109621,0.919522721363427
2012-05-15,0.05477633854936452,1.0095824519884784
2012-05-16,-0.08047727863657293,0.9925516476116492
2012-05-17,0.009582451988478392,0.9820504126312615
2012-05-18,-0.007448352388350837,1.002167991632736
2012-05-21,-0.017949587368738546,1.0122174509220954
2012-05-22,0.0021679916327360187,0.9658491852490769
2012-05-23,0.012217450922095443,1.0269839154729457
2012-05-24,-0.03415081475092305,0.9927814567231461
2012-05-25,0.026983915472945545,1.0200865818977143
2012-05-28,-0.007218543276853898,0.9430099881597569
2012-05-29,0.020086581897714194,1.0675844886380785
2012-05-30,-0.05699001184024316,0.9908200154605291
2012-05-31,0.0675844886380785,0.9726817751435499
2012-06-01,-0.009179984539470937,1.009432935745537
2012-06-04,-0.027318224856450083,0.992026364466768
2012-06-05,0.009432935745536972,0.9996314234774771
2012-06-06,-0.007973635533232047,0.9801481116967907
2012-06-07,-0.00036857652252283854,1.0183997793594777
2012-06-08,-0.019851888303209313,1.0347526992663187
2012-06-11,0.0183997793594776,0.9464793846140377
2012-06-12,0.0347526992663187,0.9884156811460183
2012-06-13,-0.05352061538596227,1.0104631373823303
2012-06-14,-0.011584318853981724,0.9891642036030874
2012-06-15,0.010463137382330226,1.0289008875790742
2012-06-18,-0.010835796396912555,0.9733483240127943
2012-06-19,0.028900887579074153,0.9958695309966753
2012-06-20,-0.026651675987205695,0.9966020831035542
2012-06-21,-0.004130469003324705,1.0975034890767845
2012-06-22,-0.003397916896445796,1.0102368372715218
2012-06-25,0.09750348907678456,1.004399182057103
2012-06-26,0.010236837271521908,0.9932218276267533
2012-06-27,0.004399182057102882,0.9842293972941081
2012-06-28,-0.006778172373246718,1.031296350023115
2012-06-29,-0.01577060270589198,1.0109868766659469
2012-07-02,0.03129635002311495,1.0491248220620077
2012-07-03,0.010986876665946782,0.9946244329447604
2012-07-04,0.049124822062007654,1.0163500797351943
2012-07-05,-0.005375567055239615,1.0406493370846008
2012-07-06,0.016350079735194235,1.101575318590703
2012-07-09,0.04064933708460086,0.9753478072585868
2012-07-10,0.10157531859070297,0.9832250738795374
2012-07-11,-0.024652192741413222,0.9407483960782317
2012-07-12,-0.016774926120462563,0.9815793354548324
2012-07-13,-0.05925160392176826,0.953201919445852
2012-07-16,-0.018420664545167574,0.9916659397811807
2012-07-17,-0.046798080554148046,0.9974153554468367
2012-07-18,-0.008334060218819307,0.9896146835845335
2012-07-19,-0.002584644553163356,1.0267189897839628
2012-07-20,-0.01038531641546642,0.9749107447752219
2012-07-23,0.02671898978396289,0.9967381179701377
2012-07-24,-0.025089255224778062,1.0
2012-07-25,-0.003261882029862301,0.9599970221406504
2012-07-26,0.0,1.0145150132464078
2012-07-27,-0.04000297785934956,1.174302948006438
2012-07-30,0.014515013246407735,1.1044605527016906
2012-07-31,0.17430294800643797,0.9800149255619482
2012-08-01,0.10446055270169065,0.9743067052309239
2012-08-02,-0.019985074438051784,1.0352221426734274
2012-08-03,-0.02569329476907606,1.0392100395070802
2012-08-06,0.0352221426734273,1.0076136276720444
2012-08-07,0.03921003950708029,0.9659092584318117
2012-08-08,0.007613627672044494,0.9913572122880224
2012-08-09,-0.034090741568188206,0.9767550848284341
2012-08-10,-0.008642787711977545,0.9984334016046799
2012-08-13,-0.0232449151715659,1.0049613288654293
2012-08-14,-0.0015665983953200853,0.9903133444537798
2012-08-16,0.004961328865429224,1.0122867580794195
2012-08-17,-0.009686655546220202,1.0
2012-08-21,0.01228675807941938,1.039966797079265
2012-08-22,0.0,1.0032426069868996
2012-08-23,0.039966797079265086,0.969690980773876
2012-08-24,0.003242606986899579,0.979273255148132
2012-08-27,-0.030309019226123973,1.0309340636472535
2012-08-28,-0.02072674485186796,0.9831075601927733
2012-08-29,0.030934063647253377,1.0166353217836084
2012-08-30,-0.01689243980722663,1.0
2012-08-31,0.01663532178360843,1.0153670943040245
2012-09-03,0.0,0.9746827049242082
2012-09-04,0.015367094304024453,1.0352705767391996
2012-09-05,-0.025317295075791793,0.966269615187716
2012-09-06,0.0352705767391997,1.0242779470519696
2012-09-07,-0.033730384812283985,1.004490880247239
2012-09-10,0.02427794705196955,0.9707180820260657
2012-09-11,0.00449088024723891,1.024290193823602
2012-09-12,-0.029281917973934257,0.9861578600174885
2012-09-13,0.024290193823602025,0.9732825825080168
2012-09-14,-0.01384213998251152,1.0405595574744946
2012-09-17,-0.026717417491983152,1.0
2012-09-18,0.04055955747449459,0.9539559600723403
2012-09-20,0.0,1.0207267448518678
2012-09-21,-0.04604403992765973,1.0208092787041665
2012-09-24,0.020726744851867856,0.9794502807250911
2012-09-25,0.02080927870416657,0.9844981781720394
2012-09-26,-0.02054971927490887,1.021636013374651
2012-09-27,-0.015501821827960555,1.022671038609111
2012-09-28,0.021636013374650844,1.0012442296410653
2012-10-01,0.0226710386091108,1.0485521389736403
2012-10-03,0.001244229641065187,0.9487050340106514
2012-10-04,0.04855213897364023,0.9929940696588503
2012-10-05,-0.051294965989348615,0.9587129932788662
2012-10-08,-0.007005930341149752,1.0104198503221922
2012-10-09,-0.04128700672113382,1.0348750738151966
2012-10-10,0.010419850322192224,1.010206204102575
2012-10-11,0.03487507381519652,1.000245440254765
2012-10-12,0.010206204102575103,0.9902974714329307
2012-10-15,0.0002454402547648895,1.0205422878134545
2012-10-16,-0.009702528567069277,0.9896563748260756
2012-10-17,0.020542287813454373,0.9947930615108023
2012-10-18,-0.010343625173924412,1.011129070273677
2012-10-19,-0.0052069384891977825,0.9985252547177964
2012-10-22,0.0111290702736771,0.9654089343905765
2012-10-23,-0.0014747452822036111,1.012418630557878
2012-10-25,-0.03459106560942349,0.9528091397142678
2012-10-29,0.012418630557877914,1.0388466806050023
2012-10-30,-0.047190860285732134,1.0226026424448842
2012-10-31,0.03884668060500239,1.003221204808993
2012-11-01,0.0226026424448842,0.9544225287311249
2012-11-02,0.0032212048089930805,1.0306127503279425
2012-11-05,-0.045577471268875173,1.0
2012-11-06,0.030612750327942594,0.9848134028088391
2012-11-07,0.0,0.9845738468632184
2012-11-08,-0.015186597191160884,0.9932397895009745
2012-11-09,-0.015426153136781674,0.9863463192676245
2012-11-12,-0.006760210499025522,1.0
2012-11-15,-0.013653680732375452,1.00474590568464
2012-11-16,0.0,1.0
2012-11-19,0.004745905684639996,1.0
2012-11-20,0.0,0.9624653437716905
2012-11-21,0.0,1.0372737774159988
2012-11-22,-0.03753465622830955,1.0107352715155073
2012-11-23,0.037273777415998854,0.9905796562961671
2012-11-26,0.01073527151550724,0.9989459510006363
2012-11-27,-0.009420343703832986,1.0
2012-11-29,-0.0010540489993636866,1.015667985546761
2012-11-30,0.0,0.9848591446361169
2012-12-03,0.015667985546761035,0.9994728698171222
2012-12-04,-0.015140855363883123,1.0026276429719914
2012-12-05,-0.000527130182877783,1.0
2012-12-06,0.0026276429719913025,1.004192981098617
2012-12-07,0.0,1.0028679708183619
2012-12-10,0.004192981098616887,1.001823288284289
2012-12-11,0.002867970818361831,0.9937362520513093
2012-12-12,0.0018232882842891009,0.9947518647754314
2012-12-13,-0.006263747948690612,1.0052481352245686
2012-12-14,-0.005248135224568627,0.9844359542808018
2012-12-17,0.005248135224568545,1.0398753640724505
2012-12-18,-0.015564045719198259,0.9678061139455112
2012-12-19,0.039875364072450424,0.9877880677093603
2012-12-20,-0.03219388605448875,0.9876370907998284
2012-12-21,-0.01221193229063971,0.9861125670204043
2012-12-24,-0.012362909200171558,0.9873060271931893
2012-12-26,-0.013887432979595693,1.010772031894412
2012-12-27,-0.01269397280681074,1.0271069328602456
2012-12-28,0.010772031894411924,0.9892442434551227
2012-12-31,0.02710693286024552,0.9918606170277046
2013-01-01,-0.010755756544877256,1.0075975805489217
2013-01-02,-0.008139382972295469,1.0136971435393518
2013-01-03,0.0075975805489215745,1.0192847694372498
2013-01-04,0.013697143539351905,1.007301856227273
2013-01-07,0.019284769437249768,1.002593490310365
2013-01-08,0.00730185622727315,0.9903693771507185
2013-01-09,0.0025934903103651276,1.0091114158076409
2013-01-10,-0.009630622849281565,0.9864320444505176
2013-01-11,0.009111415807640938,1.0378936593442216
2013-01-14,-0.013567955549482393,0.9857322612125115
2013-01-15,0.03789365934422152,0.987347196025304
2013-01-16,-0.014267738787488538,0.9892871496714768
2013-01-17,-0.01265280397469604,1.0034070460154172
2013-01-18,-0.010712850328523234,1.0155866090645225
2013-01-21,0.0034070460154172217,1.0191463428760088
2013-01-22,0.015586609064522382,0.9777557492851061
2013-01-23,0.01914634287600887,0.9903894427143833
2013-01-24,-0.022244250714893915,1.0023481135386072
2013-01-25,-0.00961055728561665,1.0129338843169917
2013-01-28,0.002348113538607275,0.9989746551855587
2013-01-29,0.01293388431699175,0.9958717696329549
2013-01-30,-0.0010253448144413033,1.0079797376669923
2013-01-31,-0.004128230367045125,1.0076592453915179
2013-02-01,0.007979737666992247,0.9895145921229762
2013-02-04,0.007659245391517891,1.0211115297016051
2013-02-05,-0.010485407877023817,0.9776023693911515
2013-02-06,0.02111152970160505,0.9987125681761462
2013-02-07,-0.022397630608848446,0.988336991728183
2013-02-08,-0.0012874318238538223,0.9942470058949929
2013-02-11,-0.011663008271816992,1.0010449649444655
2013-02-12,-0.005752994105007062,1.006268910821001
2013-02-13,0.0010449649444655748,1.0005215044147144
2013-02-14,0.006268910821000898,1.021367013860352
2013-02-15,0.0005215044147143578,1.0605361186531757
2013-02-18,0.021367013860351985,1.0062107006089533
2013-02-19,0.06053611865317573,0.9863279820475586
2013-02-20,0.006210700608953257,1.0416316327946382
2013-02-21,-0.013672017952441431,0.9911594683948255
2013-02-22,0.041631632794638204,1.027206993610154
2013-02-25,-0.008840531605174552,1.026934802764957
2013-02-26,0.02720699361015399,0.9791879460619982
2013-02-27,0.02693480276495688,0.9704003286771099
2013-02-28,-0.020812053938001753,0.9733343393146611
2013-03-01,-0.029599671322890115,1.0158949952625875
2013-03-04,-0.02666566068533891,0.9898293881447598
2013-03-05,0.015894995262587593,0.9954704771456832
2013-03-06,-0.010170611855240198,1.0080897288423387
2013-03-07,-0.00452952285431682,0.9995249165500855
2013-03-08,0.0080897288423387,0.9995248104771424
2013-03-11,-0.000475083449914531,0.9919026695420132
2013-03-12,-0.00047518952285764194,0.9968882751348616
2013-03-13,-0.008097330457986735,0.9896307284113623
2013-03-14,-0.003111724865138426,1.0058005413695215
2013-03-15,-0.0103692715886376,1.016252975065099
2013-03-18,0.005800541369521368,0.9568845019893499
2013-03-19,0.016252975065099026,0.9887963216038662
2013-03-20,-0.04311549801065009,1.0082286461626282
2013-03-21,-0.011203678396133777,1.0317619770163855
2013-03-22,0.008228646162628143,0.9622611476016854
2013-03-25,0.031761977016385515,0.9772659043776194
2013-03-26,-0.03773885239831468,1.0346522731937364
2013-03-28,-0.022734095622380577,1.0401492280547289
2013-04-01,0.03465227319373649,0.9885534232905101
2013-04-02,0.04014922805472891,0.997361479480102
2013-04-03,-0.011446576709489915,1.0002382393600773
2013-04-04,-0.0026385205198980154,0.9869351970396105
2013-04-05,0.0002382393600773697,0.9965835172282685
2013-04-08,-0.013064802960389428,0.9985349304128937
2013-04-09,-0.003416482771731433,1.0036635811158467
2013-04-10,-0.001465069587106326,0.9997580252757909
2013-04-11,0.0036635811158467306,1.045530366004356
2013-04-12,-0.0002419747242090554,0.9795154459918335
2013-04-15,0.04553036600435597,1.0085277317853971
2013-04-16,-0.02048455400816648,0.995507822955734
2013-04-17,0.008527731785397152,1.000949028664735
2013-04-18,-0.0044921770442660075,1.0138666568630905
2013-04-22,0.0009490286647348043,1.020105889311252
2013-04-23,0.013866656863090597,0.9854813151212863
2013-04-25,0.020105889311251963,1.002781997761117
2013-04-26,-0.014518684878713677,1.004618098246956
2013-04-29,0.0027819977611169815,0.9951523704726729
2013-04-30,0.004618098246955958,1.004847629527327
2013-05-02,-0.004847629527327081,1.0164555024685664
2013-05-03,0.004847629527327052,1.0896887903760848
2013-05-06,0.016455502468566433,0.9632816588550681
2013-05-07,0.08968879037608476,0.9791452845707924
2013-05-08,-0.03671834114493188,0.9891875687868364
2013-05-09,-0.020854715429207547,0.9946600425746314
2013-05-10,-0.010812431213163507,1.0220609645217211
2013-05-13,-0.005339957425368658,1.00457331021189
2013-05-14,0.022060964521721158,1.0153026915972423
2013-05-15,0.004573310211889971,1.0116980349227496
2013-05-16,0.015302691597242289,1.0146870026553259
2013-05-17,0.011698034922749578,1.0070585750564323
2013-05-20,0.014687002655325911,0.9807883114082889
2013-05-21,0.007058575056432253,0.9968278963046068
2013-05-22,-0.01921168859171111,1.020728658534415
2013-05-23,-0.0031721036953932407,1.0109233025309257
2013-05-24,0.02072865853441501,0.997329049109292
2013-05-27,0.010923302530925763,1.0251637803313463
2013-05-28,-0.002670950890707967,1.0006042842876655
2013-05-29,0.025163780331346332,1.0011991935679103
2013-05-30,0.0006042842876653903,1.000202350906241
2013-05-31,0.0011991935679102964,0.9987971069110642
2013-06-03,0.00020235090624095282,1.0099640592773933
2013-06-04,-0.0012028930889358728,1.022542317434849
2013-06-05,0.009964059277393281,0.9916285779544893
2013-06-06,0.02254231743484896,1.0218494805115734
2013-06-07,-0.008371422045510685,1.0049570828487564
2013-06-10,0.02184948051157345,1.0077725428963673
2013-06-11,0.004957082848756405,1.00075627346324
2013-06-12,0.007772542896367214,1.017210377997105
2013-06-13,0.0007562734632399359,0.9992564483373964
2013-06-14,0.017210377997104936,1.0022249785993371
2013-06-17,-0.0007435516626036857,0.9962901983680326
2013-06-18,0.0022249785993370477,0.9960878139420654
2013-06-19,-0.003709801631967449,0.8900482890982936
2013-06-20,-0.0039121860579346525,0.9211528317225967
2013-06-21,-0.1099517109017064,1.0114285161115775
2013-06-24,-0.07884716827740339,1.0872151354854187
2013-06-25,0.011428516111577526,0.9424241293967727
2013-06-26,0.08721513548541869,1.033186705757136
2013-06-27,-0.057575870603227323,0.9858791377167354
2013-06-28,0.033186705757136115,0.9957475883010805
2013-07-01,-0.014120862283264644,0.993157198263484
2013-07-02,-0.004252411698919526,0.9935382030519407
2013-07-03,-0.006842801736515947,1.0025887745073792
2013-07-04,-0.006461796948059263,0.9909123404559473
2013-07-05,0.002588774507379051,1.0172423373276482
2013-07-08,-0.009087659544052685,0.989042494860708
2013-07-09,0.017242337327648346,0.9989195499074409
2013-07-10,-0.010957505139291954,1.0156637935565624
2013-07-11,-0.0010804500925591337,0.9795671896191713
2013-07-12,0.015663793556562545,0.9995646347284689
2013-07-15,-0.020432810380828687,0.9846645153129011
2013-07-16,-0.0004353652715311175,1.0153354846870988
2013-07-17,-0.015335484687098916,0.9578189080513821
2013-07-18,0.015335484687098859,0.9630431439181968
2013-07-19,-0.042181091948617876,1.0518113528004192
2013-07-22,-0.036956856081803234,0.9831011369360386
2013-07-23,0.05181135280041919,1.016229383444827
2013-07-24,-0.016898863063961343,0.9783017962692669
2013-07-25,0.016229383444827158,0.9775937344025012
2013-07-26,-0.021698203730733015,0.9474763938278717
2013-07-29,-0.02240626559749876,1.0004882882078605
2013-07-30,-0.0525236061721283,0.9654484304708131
2013-07-31,0.0004882882078604338,0.9433950475874716
2013-08-01,-0.03455156952918688,0.9712829870495793
2013-08-02,-0.056604952412528414,0.923626782205156
2013-08-05,-0.028717012950420773,1.0694080732691766
2013-08-06,-0.076373217794844,0.9554345156995372
2013-08-07,0.06940807326917664,1.0721222716110563
2013-08-08,-0.04456548430046283,0.9492695168665938
2013-08-12,0.0721222716110563,1.0259632289416403
2013-08-13,-0.05073048313340622,0.9944130597721454
2013-08-14,0.02596322894164024,1.013361079531641
2013-08-16,-0.005586940227854579,0.9682629330326671
2013-08-19,0.013361079531641102,1.004840134245335
2013-08-20,-0.03173706696733291,0.91218601904051
2013-08-21,0.004840134245335122,0.9780540514930067
2013-08-22,-0.08781398095949004,1.0308983823199622
2013-08-23,-0.021945948506993315,1.0140380413931098
2013-08-26,0.03089838231996218,0.9381206677551076
2013-08-27,0.014038041393109841,1.0567144429752124
2013-08-28,-0.06187933224489235,0.9815528657981502
2013-08-29,0.05671444297521234,1.0
2013-08-30,-0.01844713420184982,0.9987556648880451
2013-09-02,0.0,1.021514480191591
2013-09-03,-0.0012443351119548326,1.0033418783918937
2013-09-04,0.02151448019159101,1.0
2013-09-05,0.003341878391893775,1.0292627703116173
2013-09-06,0.0,1.0005893987193684
2013-09-10,0.029262770311617288,0.9579491107780097
2013-09-11,0.0005893987193682572,1.0880374621938775
2013-09-12,-0.04205088922199032,0.989266093421776
2013-09-13,0.08803746219387755,0.9937342659719761
2013-09-16,-0.010733906578224066,0.9838707324014945
2013-09-17,-0.006265734028023895,1.0141263847855182
2013-09-18,-0.016129267598505484,1.0028581818169808
2013-09-19,0.014126384785518269,1.1101654884606278
2013-09-20,0.0028581818169808645,1.000582098744949
2013-09-23,0.11016548846062783,0.9994179012550511
2013-09-24,0.0005820987449489423,1.0172937002746294
2013-09-25,-0.0005820987449488232,0.9948461337082305
2013-09-26,0.017293700274629363,0.9702684941156244
2013-09-27,-0.005153866291769541,0.9883947191718337
2013-09-30,-0.02973150588437553,1.0083425583472498
2013-10-01,-0.011605280828166233,1.0
2013-10-03,0.008342558347249927,0.979609186502142
2013-10-04,0.0,1.0177139191023274
2013-10-07,-0.02039081349785794,1.0118378943389021
2013-10-08,0.017713919102327377,0.9761888816339624
2013-10-09,0.011837894338902196,1.011678153867521
2013-10-10,-0.023811118366037522,0.9639295575297081
2013-10-11,0.011678153867521095,1.0
2013-10-14,-0.036070442470291904,1.0
2013-10-15,0.0,1.0
2013-10-17,0.0,1.0153171237434968
2013-10-18,0.0,1.0
2013-10-21,0.015317123743496707,1.0
2013-10-22,0.0,1.0
2013-10-23,0.0,0.9849888508547772
2013-10-24,0.0,1.000312249679269
2013-10-25,-0.015011149145222787,0.9993817757224572
2013-10-28,0.00031224967926894584,1.0
2013-10-29,-0.0006182242775428015,1.121891794649242
2013-10-30,0.0,0.8964594545092327
2013-10-31,0.12189179464924194,0.9939160849817364
2013-11-01,-0.10354054549076734,1.0240981784896952
2013-11-05,-0.006083915018263544,0.9765124428073317
2013-11-06,0.024098178489695157,1.0051664659119406
2013-11-07,-0.023487557192668235,0.9942229127910326
2013-11-08,0.005166465911940543,1.0
2013-11-11,-0.0057770872089673965,1.0060839150182637
2013-11-12,0.0,1.0
2013-11-13,0.006083915018263583,1.0
2013-11-14,0.0,1.0
2013-11-18,0.0,0.9692291970055925
2013-11-19,0.0,0.955585102125998
2013-11-20,-0.0307708029944075,1.093199964339841
2013-11-21,-0.044414897874001984,1.0
2013-11-22,0.09319996433984087,0.9825927897304099
2013-11-25,0.0,0.9993929467981587
2013-11-26,-0.01740721026959016,1.0006070532018414
2013-11-27,-0.0006070532018412353,0.9993929467981587
2013-11-28,0.0006070532018413536,0.9445527113893791
2013-11-29,-0.0006070532018412353,1.0246764856162134
2013-12-02,-0.055447288610620864,1.0198004874337554
2013-12-03,0.02467648561621349,1.0170113550049482
2013-12-04,0.019800487433755388,1.0
2013-12-05,0.017011355004948256,0.9939589605557038
2013-12-06,0.0,1.0
2013-12-09,-0.0060410394442961925,1.000300344369104
2013-12-10,0.0,1.0
2013-12-11,0.0003003443691040798,1.0
2013-12-12,0.0,0.950636516897404
2013-12-13,0.0,1.0789152965438256
2013-12-16,-0.049363483102595994,1.0
2013-12-17,0.07891529654382559,0.9881621056610979
2013-12-18,0.0,1.0235312887779624
2013-12-19,-0.011837894338902196,1.045463789624687
2013-12-20,0.02353128877796245,1.0
2013-12-23,0.045463789624686946,1.0055388996101657
2013-12-24,0.0,1.0
2013-12-26,0.005538899610165791,1.005508389118252
2013-12-27,0.0,1.0741128341307336
2013-12-30,0.0055083891182518005,1.019950116019118
2013-12-31,0.07411283413073362,1.005239499953538
2014-01-01,0.019950116019117937,0.9947605000464619
2014-01-02,0.005239499953538003,0.9952365198347954
2014-01-03,-0.005239499953538114,1.0
2014-01-06,-0.004763480165204603,1.0
2014-01-07,0.0,0.9537191869563585
2014-01-08,0.0,1.0
2014-01-09,-0.04628081304364147,0.9602728191459687
2014-01-10,0.0,1.0399934442910863
2014-01-13,-0.0397271808540313,1.0
2014-01-14,0.0399934442910863,0.999733736562945
2014-01-15,0.0,1.0
2014-01-16,-0.00026626343705507007,1.0
2014-01-17,0.0,1.0002662634370552
2014-01-20,0.0,1.0002608203521468
2014-01-21,0.0002662634370550793,0.9994729162107981
2014-01-22,0.00026082035214674437,0.999211425751801
2014-01-23,-0.0005270837892018945,1.0465657704857043
2014-01-24,-0.0007885742481990277,0.9599955105131333
2014-01-27,0.04656577048570434,0.9994755583402476
2014-01-28,-0.04000448948686669,0.9947517349091137
2014-01-29,-0.0005244416597523719,0.9989503789503116
2014-01-30,-0.005248265090886265,1.0010496210496884
2014-01-31,-0.001049621049688388,1.0285352723587382
2014-02-03,0.0010496210496884065,0.9879083756017065
2014-02-04,0.02853527235873814,1.0283308045797508
2014-02-05,-0.012091624398293473,0.9817140461646691
2014-02-06,0.028330804579750887,0.984244006128289
2014-02-07,-0.018285953835330913,1.035548308210488
2014-02-10,-0.015755993871711036,1.0314100256694159
2014-02-11,0.03554830821048787,1.0449928519199778
2014-02-12,0.03141002566941593,0.9537890361433059
2014-02-13,0.044992851919977775,0.9995165631171273
2014-02-14,-0.04621096385669408,1.0487889264690795
2014-02-17,-0.0004834368828726726,1.048732923766004
2014-02-18,0.048788926469079466,1.0487907208392093
2014-02-19,0.04873292376600395,0.9989460761989772
2014-02-20,0.04879072083920927,1.0
2014-02-21,-0.0010539238010227713,1.0058906599861492
2014-02-24,0.0,1.0199280594398203
2014-02-25,0.005890659986149262,0.9865478050920293
2014-02-26,0.019928059439820452,1.048791979037602
2014-02-28,-0.013452194907970652,1.0487916031402353
2014-03-03,0.04879197903760193,1.0321673278056915
2014-03-04,0.04879160314023534,0.9558560494919506
2014-03-05,0.032167327805691634,0.9592096184554075
2014-03-06,-0.04414395050804946,1.0027858682199202
2014-03-07,-0.04079038154459243,0.9705685446946456
2014-03-10,0.0027858682199201202,0.9977449966103679
2014-03-11,-0.02943145530535436,1.000203282461679
2014-03-12,-0.0022550033896321917,0.9771925602014995
2014-03-13,0.00020328246167911437,1.007105652551684
2014-03-14,-0.02280743979850055,0.9983339314757298
2014-03-18,0.007105652551683863,0.997493498972668
2014-03-19,-0.0016660685242701637,1.0077066894323745
2014-03-20,-0.002506501027331909,0.9887318003549872
2014-03-21,0.0077066894323745685,0.986263833465817
2014-03-24,-0.01126819964501282,1.0053082478330013
2014-03-25,-0.013736166534183024,0.998937065085657
2014-03-26,0.005308247833001239,1.0008485584279063
2014-03-27,-0.0010629349143429735,1.00632891770989
2014-03-28,0.00084855842790631,1.0168979276247738
2014-03-31,0.006328917709889995,0.9856235098830767
2014-04-01,0.016897927624773917,0.9890310415861693
2014-04-02,-0.014376490116923364,1.01180960923152
2014-04-03,-0.010968958413830754,1.0048080094029703
2014-04-04,0.011809609231520026,1.017989864244344
2014-04-07,0.004808009402970343,0.9853447282954597
2014-04-09,0.017989864244343796,1.0355449916462818
2014-04-10,-0.014655271704540259,1.0034058689835053
2014-04-11,0.035544991646281804,0.9933761723043082
2014-04-15,0.003405868983505197,0.9949553338076443
2014-04-16,-0.006623827695691849,1.027537899956388
2014-04-17,-0.00504466619235569,1.0268040979291206
2014-04-21,0.027537899956388105,0.9761479009493569
2014-04-22,0.026804097929120748,1.0
2014-04-23,-0.02385209905064309,1.0486482254657963
2014-04-24,0.0,1.0487109487916393
2014-04-25,0.0486482254657963,1.0242765184043485
2014-04-28,0.048710948791639244,0.9620991496027856
2014-04-29,0.024276518404348482,0.9987351719784114
2014-04-30,-0.0379008503972144,1.0155986688332717
2014-05-02,-0.001264828021588578,1.0346270793895758
2014-05-05,0.015598668833271632,0.9831865846778712
2014-05-06,0.034627079389575856,1.0145777401245628
2014-05-07,-0.01681341532212878,0.9965458686184836
2014-05-08,0.014577740124562772,0.99584231445988
2014-05-09,-0.003454131381516445,0.9835512466788378
2014-05-12,-0.004157685540119962,0.9569118176487577
2014-05-13,-0.016448753321162215,0.9618819838812057
2014-05-14,-0.04308818235124239,1.0085775473218808
2014-05-15,-0.03811801611879429,0.979871492966192
2014-05-16,0.008577547321880756,1.0275015616509082
2014-05-19,-0.020128507033807964,1.045294293809083
2014-05-20,0.02750156165090815,0.990412399523222
2014-05-21,0.045294293809083,0.9853525808413328
2014-05-22,-0.009587600476777933,1.0069856967345572
2014-05-23,-0.014647419158667173,1.0031086247138459
2014-05-26,0.0069856967345571005,1.0222068431905318
2014-05-27,0.00310862471384584,1.0122487013665726
2014-05-28,0.022206843190531695,0.9841744637255475
2014-05-29,0.012248701366572572,1.0055410680045098
2014-05-30,-0.015825536274452538,0.9906869987828176
2014-06-02,0.005541068004509711,1.0162393666006475
2014-06-03,-0.009313001217182421,1.0063522921304853
2014-06-04,0.016239366600647502,1.0189855007254225
2014-06-05,0.00635229213048527,1.0061937760734818
2014-06-06,0.018985500725422544,0.9986281453562601
2014-06-09,0.00619377607348173,0.9958693559907061
2014-06-10,-0.0013718546437399227,1.0036161039316231
2014-06-11,-0.004130644009293856,0.965741267603741
2014-06-12,0.003616103931623252,0.9992872834774573
2014-06-13,-0.034258732396258984,1.0294586086082813
2014-06-16,-0.0007127165225426717,0.9960164114857006
2014-06-17,0.02945860860828137,1.0103550428272654
2014-06-18,-0.003983588514299309,0.9892973782620058
2014-06-19,0.010355042827265322,0.9773614585578426
2014-06-20,-0.010702621737994156,1.0014216219710927
2014-06-23,-0.022638541442157427,0.9905609484905763
2014-06-24,0.0014216219710928,0.9929976954555572
2014-06-25,-0.009439051509423748,1.0953094379438488
2014-06-26,-0.007002304544442871,1.073556073940016
2014-06-27,0.09530943794384882,0.9825017117136194
2014-06-30,0.07355607394001616,1.0256852851238891
2014-07-01,-0.017498288286380507,0.9824867213590917
2014-07-02,0.025685285123889026,1.0421111935375507
2014-07-03,-0.017513278640908334,1.0623742418974838
2014-07-04,0.04211119353755067,1.00124553131528
2014-07-07,0.06237424189748385,0.9666968308457946
2014-07-08,0.0012455313152798398,1.0302580438360713
2014-07-09,-0.03330316915420544,0.9466185411176822
2014-07-10,0.030258043836071388,0.9870464874831392
2014-07-11,-0.053381458882317843,1.004582273543291
2014-07-14,-0.012953512516860846,1.063274975377198
2014-07-15,0.0045822735432909725,0.9959778653850585
2014-07-16,0.06327497537719787,1.034288212387464
2014-07-17,-0.004022134614941542,1.0065579157345754
2014-07-18,0.03428821238746401,0.9970608294636394
2014-07-21,0.0065579157345754535,1.0569501294810186
2014-07-22,-0.00293917053636061,0.9875343645060449
2014-07-23,0.05695012948101857,0.9882869769371639
2014-07-24,-0.012465635493955091,0.9602449333683994
2014-07-25,-0.011713023062836015,0.9820557658424272
2014-07-28,-0.03975506663160051,1.0205014998997368
2014-07-30,-0.017944234157572864,0.9808688631894077
2014-07-31,0.020501499899736823,1.0244940318454465
2014-08-01,-0.019131136810592322,1.0089144849417735
2014-08-04,0.024494031845446514,1.001058442375405
2014-08-05,0.008914484941773406,1.0067273881967842
2014-08-06,0.0010584423754049178,0.9808889198371369
2014-08-07,0.006727388196784095,0.9795595558365452
2014-08-08,-0.019111080162863125,1.0084449988532864
2014-08-11,-0.02044044416345476,0.9772289261746738
2014-08-12,0.008444998853286464,1.0150094904636429
2014-08-13,-0.022771073825326185,1.0069460005839979
2014-08-14,0.015009490463642756,1.0068981461311528
2014-08-18,0.006946000583997769,0.9834195670525996
2014-08-19,0.006898146131152705,0.9993145895011663
2014-08-20,-0.01658043294740045,1.0012342522903839
2014-08-21,-0.0006854104988337731,0.9903656299647823
2014-08-22,0.0012342522903837781,0.9984760371467604
2014-08-25,-0.009634370035217707,1.021919270535507
2014-08-26,-0.0015239628532396617,1.0590620740447316
2014-08-27,0.02191927053550688,1.051649398366813
2014-08-28,0.0590620740447317,0.996720016062353
2014-09-01,0.05164939836681297,0.9737375648487263
2014-09-02,-0.003279983937646941,0.9809516535387625
2014-09-03,-0.0262624351512737,1.0421406805434716
2014-09-04,-0.019048346461237507,1.10567948490802
2014-09-05,0.042140680543471636,1.0005489308493274
2014-09-08,0.10567948490802002,1.0264335469996533
2014-09-09,0.00054893084932733,1.0252316671647344
2014-09-10,0.02643354699965328,0.9928854254325744
2014-09-11,0.025231667164734302,1.072976046956954
2014-09-12,-0.007114574567425641,0.8955602718676554
2014-09-15,0.07297604695695402,1.0069123646375946
2014-09-16,-0.10443972813234459,1.0347901116791154
2014-09-17,0.006912364637594554,1.009001570527041
2014-09-18,0.03479011167911541,1.1426815332668199
2014-09-19,0.00900157052704089,1.0320369406729795
2014-09-22,0.1426815332668199,1.0233628416558496
2014-09-23,0.0320369406729795,0.9283069136410198
2014-09-24,0.023362841655849544,1.0018840276755216
2014-09-25,-0.07169308635898018,1.023170716617505
2014-09-26,0.0018840276755217476,1.0075153557869758
2014-09-29,0.02317071661750507,0.9979894856373765
2014-09-30,0.007515355786975753,0.9972523863435936
2014-10-01,-0.002010514362623469,0.9882797198487995
2014-10-07,-0.002747613656406413,0.9641906918977498
2014-10-08,-0.011720280151200527,0.9719020731945812
2014-10-09,-0.035809308102250255,1.0081784493115347
2014-10-10,-0.02809792680541879,1.0045041970098567
2014-10-13,0.008178449311534603,1.0
2014-10-14,0.0045041970098567375,0.9632841690887142
2014-10-15,0.0,0.9971593471088273
2014-10-16,-0.03671583091128587,0.9798772769794808
2014-10-17,-0.0028406528911727384,1.0016587223249587
2014-10-20,-0.020122723020519203,1.0416708203295324
2014-10-21,0.0016587223249587351,1.0053474890988223
2014-10-22,0.041670820329532385,0.9948512465291387
2014-10-27,0.0053474890988223795,1.0306019698180462
2014-10-28,-0.005148753470861318,1.0043246858843635
2014-10-29,0.03060196981804627,0.9947120387867292
2014-10-30,0.004324685884363542,0.9916771370449529
2014-10-31,-0.00528796121327084,0.9893491823516662
2014-11-03,-0.008322862955047155,0.985354709206752
2014-11-05,-0.010650817648333793,0.9982049439143709
2014-11-07,-0.014645290793247912,1.0083520078677914
2014-11-10,-0.0017950560856291543,0.8941792520975453
2014-11-11,0.0083520078677915,0.9641367920535918
2014-11-12,-0.10582074790245471,1.0372926284604607
2014-11-13,-0.03586320794640818,1.0003291211986578
2014-11-14,0.03729262846046063,0.9773268272322678
2014-11-17,0.0003291211986577024,0.9952682638562298
2014-11-18,-0.022673172767732213,1.0021442313984081
2014-11-19,-0.004731736143770191,0.9717668635183653
2014-11-20,0.0021442313984082174,1.0028956505471511
2014-11-21,-0.028233136481634707,0.9940872111651359
2014-11-24,0.0028956505471511027,0.9775391657920457
2014-11-25,-0.00591278883486415,1.0376923015195676
2014-11-26,-0.022460834207954337,0.9865108877403841
2014-11-27,0.037692301519567616,1.0039388529084359
2014-11-28,-0.013489112259615873,0.9973359303272796
2014-12-01,0.003938852908435932,1.0294706836245175
2014-12-02,-0.0026640696727203974,1.0219324412660669
2014-12-03,0.02947068362451757,0.9964704550824005
2014-12-04,0.02193244126606679,0.9813740983121416
2014-12-05,-0.0035295449175994456,0.9795260054273555
2014-12-08,-0.01862590168785834,1.0084669059098907
2014-12-09,-0.02047399457264459,0.9799727878460909
2014-12-10,0.008466905909890745,0.9783790425042148
2014-12-11,-0.02002721215390918,1.0003558664716132
2014-12-12,-0.02162095749578521,0.9866108706595934
2014-12-15,0.0003558664716131764,0.9698211330513364
2014-12-16,-0.013389129340406598,1.0347426764549794
2014-12-17,-0.030178866948663577,0.9903692281480811
2014-12-18,0.034742676454979436,1.014410273074391
2014-12-19,-0.0096307718519188,0.9829250109221528
2014-12-22,0.014410273074390922,0.9946494834023399
2014-12-23,-0.01707498907784721,0.9895811299154442
2014-12-24,-0.005350516597660103,1.0078539827617035
2014-12-26,-0.010418870084555823,0.9888114754310362
2014-12-29,0.007853982761703458,0.9964106760486869
2014-12-30,-0.01118852456896378,1.0055663938845605
2014-12-31,-0.003589323951313022,0.9925687205887644
2015-01-01,0.005566393884560575,1.015907384796619
2015-01-02,-0.007431279411235582,0.9863290645574142
2015-01-05,0.015907384796618913,0.9661973649570292
2015-01-06,-0.013670935442585807,1.0126185113870592
2015-01-07,-0.03380263504297071,1.0306870390283929
2015-01-08,0.012618511387059167,1.0247527814301767
2015-01-09,0.03068703902839298,1.0335879791529723
2015-01-12,0.024752781430176687,1.0546820980739384
2015-01-13,0.033587979152972194,1.0814095311909158
2015-01-14,0.05468209807393833,0.9915698613939474
2015-01-15,0.08140953119091571,0.971022661750169
2015-01-16,-0.008430138606052531,0.9874285075601081
2015-01-19,-0.028977338249830977,0.9815419640483852
2015-01-20,-0.012571492439891831,0.9927159862463608
2015-01-21,-0.01845803595161481,1.0
2015-01-22,-0.00728401375363916,1.0198760942835234
2015-01-23,0.0,1.0118025786983815
2015-01-27,0.019876094283523486,0.9975647656476077
2015-01-28,0.011802578698381456,1.0085451290017289
2015-01-29,-0.002435234352392374,0.9964216924341891
2015-01-30,0.008545129001728987,1.0386736983430451
2015-02-02,-0.0035783075658108537,1.0375262390810016
2015-02-03,0.03867369834304503,0.9583062604922531
2015-02-04,0.03752623908100157,0.9625385756281196
2015-02-05,-0.04169373950774688,0.9660143788975815
2015-02-06,-0.03746142437188043,1.0044755542032384
2015-02-09,-0.033985621102418546,1.0059707414910735
2015-02-10,0.004475554203238407,0.9953353375606587
2015-02-11,0.005970741491073454,1.03326722225722
2015-02-12,-0.004664662439341312,1.0132724608998382
2015-02-13,0.03326722225721992,0.9691069723169369
2015-02-16,0.013272460899838138,1.0031007133672862
2015-02-18,-0.03089302768306317,0.9908851403291071
2015-02-19,0.003100713367286134,1.0159249365286267
2015-02-20,-0.009114859670892917,1.0102319918402565
2015-02-23,0.01592493652862676,0.9740588382828986
2015-02-24,0.010231991840256454,0.9781158743365976
2015-02-25,-0.025941161717101396,1.0070199851088986
2015-02-26,-0.02188412566340242,1.0052339983671423
2015-02-27,0.007019985108898497,1.0211961125061566
2015-03-02,0.005233998367142248,0.9808659508125559
2015-03-03,0.02119611250615668,1.000869336828103
2015-03-04,-0.01913404918744415,1.0041102479367128
2015-03-05,0.0008693368281030704,1.0144733064855729
2015-03-09,0.004110247936712837,1.0116385143909006
2015-03-10,0.014473306485572823,1.0763296879427517
2015-03-11,0.011638514390900578,0.9781256829916449
2015-03-12,0.07632968794275172,1.0227516852531375
2015-03-13,-0.02187431700835503,0.9871608073325487
2015-03-16,0.022751685253137546,0.9919788058135999
2015-03-17,-0.01283919266745127,0.9932156376273815
2015-03-18,-0.008021194186400116,0.991656219128598
2015-03-19,-0.006784362372618453,0.9821759420786204
2015-03-20,-0.008343780871402022,0.9922625256940736
2015-03-23,-0.017824057921379696,0.993662706229186
2015-03-24,-0.007737474305926434,1.0058195870018851
2015-03-25,-0.006337293770813994,0.9904212350058363
2015-03-26,0.0058195870018852,1.052870881334969
2015-03-27,-0.009578764994163663,1.002378730092684
2015-03-30,0.052870881334969005,1.0741021712085157
2015-03-31,0.002378730092684107,1.1561836722485925
2015-04-01,0.07410217120851581,1.003531149142954
2015-04-06,0.15618367224859253,1.0020356894376068
2015-04-07,0.0035311491429538696,0.966849480520949
2015-04-08,0.002035689437606865,1.0014549072510996
2015-04-09,-0.033150519479051004,1.0096379405788822
2015-04-10,0.0014549072510996088,0.9765460510507258
2015-04-13,0.009637940578882299,0.9731286147270863
2015-04-15,-0.02345394894927424,0.9664910185053536
2015-04-16,-0.026871385272913714,0.9853781538494655
2015-04-17,-0.03350898149464645,0.9833675209348796
2015-04-20,-0.0146218461505345,1.0003594028128044
2015-04-21,-0.016632479065120456,1.005809276393594
2015-04-22,0.00035940281280446147,0.9586927123266675
2015-04-23,0.005809276393594024,0.9689595915202903
2015-04-24,-0.04130728767333244,1.016254319709307
2015-04-27,-0.03104040847970966,1.0400106726995202
2015-04-28,0.016254319709306977,0.9997267858012732
2015-04-29,0.04001067269952019,1.0328868033163394
2015-04-30,-0.0002732141987267918,0.9821315163502379
2015-05-04,0.03288680331633943,0.9351052568182011
2015-05-05,-0.01786848364976208,0.9762928683694366
2015-05-06,-0.06489474318179889,1.0414528701737187
2015-05-07,-0.023707131630563382,1.048040884784494
2015-05-08,0.041452870173718674,0.9824582524221981
2015-05-11,0.048040884784493976,1.0025388514359137
2015-05-12,-0.017541747577801952,0.9976431576525578
2015-05-13,0.0025388514359137387,1.035739008006985
2015-05-14,-0.002356842347442208,1.0465268072508211
2015-05-15,0.03573900800698504,1.001836847504353
2015-05-18,0.04652680725082106,0.9770506872796113
2015-05-19,0.0018368475043530946,1.0029821154302256
2015-05-20,-0.02294931272038872,1.0156206871376998
2015-05-21,0.002982115430225749,0.9716190621988218
2015-05-22,0.01562068713769973,0.9939478347713111
2015-05-25,-0.028380937801178195,0.981887067446426
2015-05-26,-0.006052165228688844,1.0193265807064806
2015-05-27,-0.01811293255357408,1.0067327162724948
2015-05-28,0.019326580706480703,0.9658718541115572
2015-05-29,0.006732716272494838,0.9974168970686569
2015-06-01,-0.03412814588844283,0.9812615201267649
2015-06-02,-0.002583102931343143,1.0157883097853537
2015-06-03,-0.018738479873235084,0.9936247823457282
2015-06-04,0.01578830978535383,1.0065545048443765
2015-06-05,-0.006375217654271863,0.9843968052938666
2015-06-08,0.006554504844376432,1.0043522140432122
2015-06-09,-0.015603194706133363,1.020338016880145
2015-06-10,0.00435221404321213,0.9833662616462147
2015-06-11,0.020338016880145037,0.9980143458522109
2015-06-12,-0.016633738353785347,1.002527394807942
2015-06-15,-0.0019856541477890513,1.0047656971715346
2015-06-16,0.00252739480794213,1.0304737713167198
2015-06-17,0.004765697171534682,1.0288132031640276
2015-06-18,0.030473771316719807,1.074187329709665
2015-06-19,0.02881320316402762,1.0080509985543733
2015-06-22,0.07418732970966482,0.9672365630848724
2015-06-23,0.008050998554373395,0.967955649671356
2015-06-24,-0.03276343691512763,0.9871251343193899
2015-06-25,-0.032044350328643986,0.995613785137885
2015-06-26,-0.012874865680610094,0.999240237476117
2015-06-29,-0.004386214862114939,1.0166902137027587
2015-06-30,-0.0007597625238829496,1.002160815897643
2015-07-01,0.016690213702758774,0.9850323908591337
2015-07-02,0.002160815897642875,1.025617777231093
2015-07-03,-0.014967609140866246,1.0106202259119694
2015-07-06,0.025617777231092972,0.991020459173541
2015-07-07,0.010620225911969492,0.998277831111947
2015-07-08,-0.00897954082645902,0.9753054923584741
2015-07-09,-0.0017221688880529641,1.06651510149234
2015-07-10,-0.024694507641525937,0.9962900762098543
2015-07-13,0.06651510149233991,0.9854271104498256
2015-07-14,-0.0037099237901456706,0.9951748404008653
2015-07-15,-0.014572889550174403,0.9880808140978627
2015-07-16,-0.004825159599134693,1.019707664355611
2015-07-17,-0.011919185902137207,0.9748942271567186
2015-07-20,0.019707664355611113,1.0105241727004608
2015-07-21,-0.025105772843281426,0.9918515483575195
2015-07-22,0.010524172700460892,1.0179207148877778
2015-07-23,-0.008148451642480469,1.013489775049451
2015-07-24,0.017920714887777814,1.010568555680552
2015-07-27,0.01348977504945094,1.1099940855985164
2015-07-28,0.010568555680551942,1.0152063118503547
2015-07-29,0.10999408559851638,1.0168852847469334
2015-07-30,0.015206311850354662,1.0017685897982977
2015-07-31,0.01688528474693347,0.9748172355724493
2015-08-03,0.0017685897982976377,1.0443613424368983
2015-08-04,-0.025182764427550793,1.0501758322116483
2015-08-05,0.044361342436898196,0.9776286121752729
2015-08-06,0.0501758322116484,0.8655235152530385
2015-08-07,-0.022371387824727175,0.9343392577997801
2015-08-10,-0.13447648474696147,1.047250119552333
2015-08-11,-0.06566074220021986,0.9953818619334056
2015-08-12,0.047250119552332846,0.9772048010714235
2015-08-13,-0.004618138066594407,0.9907185115409058
2015-08-14,-0.022795198928576458,1.0022699181838086
2015-08-17,-0.0092814884590941,0.9994523228541095
2015-08-18,0.002269918183808694,0.9815249335016296
2015-08-19,-0.0005476771458904951,0.9944080562709325
2015-08-20,-0.018475066498370368,0.8814645864002574
2015-08-21,-0.005591943729067421,0.9843613700746425
2015-08-24,-0.1185354135997426,1.013018906574931
2015-08-25,-0.015638629925357434,1.0628358624881122
2015-08-26,0.013018906574931014,0.9713955881750564
2015-08-27,0.06283586248811224,0.9991240301523159
2015-08-28,-0.028604411824943596,0.9528929098315984
2015-08-31,-0.000875969847684146,1.0124859173001026
2015-09-01,-0.04710709016840169,1.0521396810376231
2015-09-02,0.012485917300102525,0.9411350297741555
2015-09-03,0.052139681037623106,0.9620907449085289
2015-09-04,-0.05886497022584452,1.0317829757285024
2015-09-07,-0.03790925509147119,1.0414188125928145
2015-09-08,0.031782975728502354,1.012942070597524
2015-09-09,0.04141881259281453,1.0009542284999087
2015-09-10,0.012942070597523949,0.9969582579793677
2015-09-11,0.0009542284999085615,0.9749629128861438
2015-09-14,-0.0030417420206323618,1.0013378374120137
2015-09-15,-0.025037087113856195,1.003738697647992
2015-09-16,0.0013378374120137254,0.9937629585853773
2015-09-18,0.0037386976479920303,1.039769925316782
2015-09-21,-0.006237041414622722,0.9971401989204757
2015-09-22,0.039769925316782015,1.0522276866312867
2015-09-23,-0.002859801079524288,1.0792644177494854
2015-09-24,0.05222768663128676,0.996147313820544
2015-09-28,0.07926441774948535,1.028120744526741
2015-09-29,-0.0038526861794560235,1.0276503728251187
2015-09-30,0.028120744526741105,1.1168128818910876
2015-10-01,0.027650372825118827,1.0115349407823677
2015-10-05,0.11681288189108757,0.9462174395607653
2015-10-06,0.011534940782367819,1.0051038926435416
2015-10-07,-0.05378256043923464,1.0478268778396438
2015-10-08,0.005103892643541708,0.974087020225385
2015-10-09,0.047826877839643886,0.9937877821045619
2015-10-12,-0.025912979774615003,0.9998643018495204
2015-10-13,-0.00621221789543813,0.9942927260392134
2015-10-14,-0.00013569815047961335,1.008616512323414
2015-10-15,-0.005707273960786626,1.060413702963936
2015-10-16,0.00861651232341414,1.0600297877794052
2015-10-19,0.06041370296393611,0.9879507315149613
2015-10-20,0.060029787779405236,0.9822682499519828
2015-10-21,-0.012049268485038718,0.9682869579927
2015-10-23,-0.017731750048017202,1.0130952861889855
2015-10-26,-0.031713042007299935,0.9805168949304605
2015-10-27,0.013095286188985478,0.9991020647003594
2015-10-28,-0.019483105069539562,0.9925322756023077
2015-10-29,-0.00089793529964055,1.0229984756601396
2015-10-30,-0.007467724397692271,0.99974682490823
2015-11-02,0.02299847566013958,1.0045385820174573
2015-11-03,-0.0002531750917699945,0.9836426022864695
2015-11-04,0.004538582017457226,0.9775025801505309
2015-11-05,-0.01635739771353052,1.0581610329137714
2015-11-06,-0.022497419849469055,0.99703449944505
2015-11-09,0.05816103291377141,1.0136415252942177
2015-11-10,-0.0029655005549500705,1.0208350202921515
2015-11-13,0.013641525294217657,1.0025080769599546
2015-11-16,0.020835020292151344,0.9956383191902707
2015-11-17,0.002508076959954539,0.9996399604104724
2015-11-18,-0.004361680809729294,1.0089454356945786
2015-11-19,-0.0003600395895275338,1.0228892547871322
2015-11-20,0.008945435694578625,1.0150308420878693
2015-11-23,0.022889254787132142,1.042250534384406
2015-11-24,0.015030842087869268,0.9988483688621134
2015-11-26,0.04225053438440586,0.9931195502910032
2015-11-27,-0.0011516311378866144,0.9768096210002398
2015-11-30,-0.006880449708996834,1.0360866567146858
2015-12-01,-0.02319037899976017,1.0538177065493348
2015-12-02,0.036086656714685916,1.0332349028517431
2015-12-03,0.053817706549334744,0.9842325429532992
2015-12-04,0.033234902851743034,0.9895872946647808
2015-12-07,-0.015767457046700833,0.9519141783280903
2015-12-08,-0.010412705335219255,0.9951977524721539
2015-12-09,-0.04808582167190967,1.034975105077712
2015-12-10,-0.004802247527846105,1.0218045233311976
2015-12-11,0.03497510507771206,1.0083465481501341
2015-12-14,0.021804523331197607,0.9871967440112103
2015-12-15,0.008346548150134246,1.0583790179830215
2015-12-16,-0.012803255988789725,1.1664600503339604
2015-12-17,0.058379017983021385,1.0258990963772479
2015-12-18,0.16646005033396047,0.9512890871918023
2015-12-21,0.025899096377247875,1.043506522557836
2015-12-22,-0.04871091280819767,1.0003980958549563
2015-12-23,0.043506522557835936,1.0565815444878501
2015-12-24,0.0003980958549562575,0.9750301013127262
2015-12-28,0.05658154448785003,0.9683883541994237
2015-12-29,-0.024969898687273808,1.0052023241953199
2015-12-30,-0.03161164580057627,0.9947976758046804
2015-12-31,0.005202324195319748,0.9714943919701998
2016-01-01,-0.0052023241953196245,1.007412806047958
2016-01-04,-0.028505608029800216,0.9817959107744171
2016-01-05,0.007412806047957917,0.9357607945974593
2016-01-06,-0.018204089225582917,1.0119488520872855
2016-01-07,-0.06423920540254068,0.9986814395637927
2016-01-08,0.01194885208728539,0.9808819421277839
2016-01-11,-0.0013185604362072818,0.9436559131533888
2016-01-12,-0.019118057872216068,1.0052127275943437
2016-01-13,-0.056344086846611144,0.9315467470335422
2016-01-14,0.005212727594343589,0.9183103565292505
2016-01-15,-0.06845325296645774,1.123320676544724
2016-01-18,-0.08168964347074946,0.9548198775990542
2016-01-19,0.12332067654472388,1.017619580517294
2016-01-20,-0.045180122400945766,1.0251298992241638
2016-01-21,0.017619580517294012,1.0101678709965123
2016-01-22,0.025129899224163692,0.9995182622988775
2016-01-25,0.010167870996512365,0.9864142433364692
2016-01-27,-0.00048173770112245885,1.0014641815348646
2016-01-28,-0.01358575666353082,1.00535132929687
2016-01-29,0.0014641815348645057,0.990248631263996
2016-02-01,0.005351329296870163,0.9651010745918225
2016-02-02,-0.009751368736003992,0.9393434849784734
2016-02-03,-0.03489892540817755,1.0155121350782077
2016-02-04,-0.060656515021526525,1.0100354822998108
2016-02-05,0.01551213507820762,0.9603368908555527
2016-02-08,0.010035482299810862,0.9689039349694486
2016-02-09,-0.039663109144447255,0.884119378170344
2016-02-10,-0.031096065030551436,1.0560317920431124
2016-02-11,-0.115880621829656,1.0124959956599817
2016-02-12,0.056031792043112344,0.9135793172906065
2016-02-15,0.012495995659981635,1.0391960655679164
2016-02-16,-0.0864206827093935,0.9993797356348944
2016-02-17,0.03919606556791643,0.984999539863181
2016-02-18,-0.0006202643651055967,1.0050251964262042
2016-02-19,-0.015000460136818985,0.9949748035737958
2016-02-22,0.00502519642620419,0.9911454117731819
2016-02-23,-0.0050251964262042655,0.9736059306898402
2016-02-24,-0.008854588226818044,1.013606553871718
2016-02-25,-0.026394069310159796,0.9980667625992681
2016-02-26,0.01360655387171806,1.0441436685163559
2016-02-29,-0.0019332374007319097,1.0890658525571661
2016-03-01,0.04414366851635593,0.9852184366077219
2016-03-02,0.0890658525571661,1.0282349239902802
2016-03-03,-0.014781563392278124,1.001112795541516
2016-03-04,0.02823492399028005,0.9966570654806135
2016-03-08,0.0011127955415159434,1.005564634988623
2016-03-09,-0.0033429345193865478,0.9916419905983241
2016-03-10,0.005564634988622892,1.001118212742496
2016-03-11,-0.008358009401675907,0.9847926444599431
2016-03-14,0.0011182127424960435,0.9816713868556379
2016-03-15,-0.01520735554005688,0.9883722088600602
2016-03-16,-0.018328613144362123,1.0040854500415033
2016-03-17,-0.0116277911399398,0.993573083501195
2016-03-18,0.004085450041503401,1.0
2016-03-21,-0.0064269164988050515,0.9876134884985844
2016-03-22,0.0,0.9594256846729974
2016-03-23,-0.01238651150141557,1.0370079694033851
2016-03-28,-0.04057431532700261,1.0368354214942337
2016-03-29,0.03700796940338517,0.9541900494162784
2016-03-30,0.03683542149423361,1.0184578300394787
2016-03-31,-0.04580995058372162,0.9791359970293867
2016-04-01,0.018457830039478575,0.9793050817756374
2016-04-04,-0.020864002970613305,0.998769622022841
2016-04-05,-0.02069491822436262,1.004300119540722
2016-04-06,-0.0012303779771589965,1.0164186259661074
2016-04-07,0.004300119540721912,0.9969805224281443
2016-04-08,0.016418625966107346,1.0150109537566852
2016-04-11,-0.0030194775718556956,1.015374828094274
2016-04-12,0.015010953756685144,1.0046840008629556
2016-04-13,0.01537482809427408,1.0265143604394087
2016-04-18,0.004684000862955706,1.0107495067208814
2016-04-20,0.026514360439408784,0.9994372737906073
2016-04-21,0.010749506720881393,0.9898132194885113
2016-04-22,-0.0005627262093926817,1.0101867805114888
2016-04-25,-0.01018678051148874,0.9977458303794776
2016-04-26,0.010186780511488693,1.0495421673540213
2016-04-27,-0.00225416962052236,1.0154545259921097
2016-04-28,0.04954216735402139,0.99096920143281
2016-04-29,0.01545452599210962,0.9957218681874985
2016-05-02,-0.00903079856719003,0.9892241729851343
2016-05-03,-0.004278131812501443,0.9792004263991811
2016-05-04,-0.010775827014865645,0.9933409982472468
2016-05-05,-0.020799573600818817,1.0121745266750402
2016-05-06,-0.006659001752753285,1.0131153608358914
2016-05-09,0.012174526675040053,1.0037933236885888
2016-05-10,0.01311536083589128,1.0272081862747875
2016-05-11,0.003793323688588825,1.029559476280279
2016-05-12,0.027208186274787424,0.9405241239683841
2016-05-13,0.029559476280279127,1.0091768668084102
2016-05-16,-0.059475876031615825,1.0207395329429263
2016-05-17,0.009176866808410247,0.9679124692477816
2016-05-18,0.020739532942926395,0.9791306292886631
2016-05-19,-0.03208753075221838,1.0093897599694686
2016-05-20,-0.02086937071133687,0.9607572022021781
2016-05-23,0.00938975996946863,1.0158820770495143
2016-05-24,-0.039242797797821916,1.007848127858939
2016-05-25,0.015882077049514276,1.0083407923089989
2016-05-26,0.007848127858939031,0.9927752004103807
2016-05-27,0.008340792308998911,1.021518768532052
2016-05-30,-0.007224799589619308,0.9901259767557122
2016-05-31,0.021518768532051875,0.9928071780319652
2016-06-01,-0.009874023244287761,1.0386655760296397
2016-06-02,-0.007192821968034801,0.9897985417942636
2016-06-03,0.03866557602963969,0.9902385123877484
2016-06-06,-0.010201458205736341,1.0220977932071058
2016-06-07,-0.00976148761225156,1.0015975372105268
2016-06-08,0.02209779320710592,0.9973349944216934
2016-06-09,0.0015975372105267265,1.0137788632933684
2016-06-10,-0.0026650055783065925,0.9888861422849381
2016-06-13,0.013778863293368493,0.9892993092014972
2016-06-14,-0.011113857715061891,0.9951469658844989
2016-06-15,-0.01070069079850273,0.9929475525464545
2016-06-16,-0.004853034115501061,0.9945414979694391
2016-06-17,-0.007052447453545471,0.9994526786147702
2016-06-20,-0.005458502030560908,1.0119755251405516
2016-06-21,-0.0005473213852298551,0.9863805305960539
2016-06-22,0.011975525140551497,0.9845216294340474
2016-06-23,-0.013619469403946144,1.0033363499834032
2016-06-24,-0.015478370565952602,0.992756170150322
2016-06-27,0.0033363499834030454,1.0077987467304688
2016-06-28,-0.007243829849677929,1.0186924406390525
2016-06-29,0.007798746730468755,0.9884965865666878
2016-06-30,0.0186924406390524,1.0357175961150458
2016-07-01,-0.011503413433312218,0.9615232056825685
2016-07-04,0.035717596115045866,1.026712523946636
2016-07-05,-0.03847679431743149,0.9967668479931217
2016-07-07,0.026712523946636018,1.0043081675775165
2016-07-08,-0.003233152006878333,0.9956918324224835
2016-07-11,0.004308167577516412,0.9858691684072709
2016-07-12,-0.0043081675775164955,1.0027335589811484
2016-07-13,-0.014130831592729065,1.0005455291206664
2016-07-14,0.0027335589811483744,0.9901315697535421
2016-07-15,0.0005455291206665205,1.0120478441752039
2016-07-18,-0.00986843024645784,1.0092117668168197
2016-07-19,0.012047844175203971,0.9983809033303996
2016-07-20,0.009211766816819613,1.001079659414949
2016-07-21,-0.0016190966696003788,1.0102014582057364
2016-07-22,0.0010796594149489202,1.0069197357158057
2016-07-25,0.010201458205736284,0.9914765725133042
2016-07-26,0.006919735715805684,1.0143429477660157
2016-07-27,-0.008523427486695755,1.0094488217569448
2016-07-28,0.014342947766015645,0.9815443068475745
2016-07-29,0.009448821756944783,0.955379012800744
2016-08-01,-0.018455693152425474,1.0005562429815265
2016-08-02,-0.04462098719925604,1.0258040931909826
2016-08-03,0.0005562429815264021,0.9858073672477221
2016-08-04,0.025804093190982706,0.98113129179622
2016-08-05,-0.014192632752277936,1.000561271120147
2016-08-08,-0.018868708203779918,0.9915654136006894
2016-08-09,0.0005612711201471143,0.9954724003296023
2016-08-10,-0.00843458639931057,1.0050920065751183
2016-08-11,-0.004527599670397706,0.9788986989199647
2016-08-12,0.005092006575118296,1.0199722614595523
2016-08-16,-0.021101301080035294,0.9977368786080602
2016-08-17,0.019972261459552276,1.0486286558189408
2016-08-18,-0.0022631213919397986,0.9858768431167209
2016-08-19,0.048628655818940776,1.0049113900664595
2016-08-22,-0.014123156883279146,0.9885028838047842
2016-08-23,0.004911390066459463,1.0021997031663084
2016-08-24,-0.011497116195215746,0.9961472021537688
2016-08-25,0.002199703166308295,1.0131502108751385
2016-08-26,-0.0038527978462311228,0.975198493630433
2016-08-29,0.013150210875138539,1.0110984760923964
2016-08-30,-0.024801506369567055,0.9793694288595131
2016-08-31,0.011098476092396404,0.9858164187104529
2016-09-01,-0.020630571140486963,0.999427273497907
2016-09-02,-0.01418358128954715,1.0108057327780746
2016-09-06,-0.000572726502092955,1.000565364138525
2016-09-07,0.010805732778074577,1.0039482539235218
2016-09-08,0.0005653641385250857,1.0354030576995688
2016-09-09,0.003948253923521825,0.9956425576201948
2016-09-12,0.03540305769956869,0.9901259767557122
2016-09-14,-0.0043574423798051305,1.0071404642631394
2016-09-15,-0.009874023244287761,1.076879718627699
2016-09-16,0.007140464263139311,1.0450904216218497
2016-09-19,0.07687971862769895,1.0220381511219114
2016-09-20,0.04509042162184983,0.9986828548425863
2016-09-21,0.022038151121911417,0.9607223061003414
2016-09-22,-0.0013171451574137052,0.9749606018993549
2016-09-23,-0.039277693899658635,1.0690640325219956
2016-09-26,-0.02503939810064514,1.00566356106588
2016-09-27,0.06906403252199549,0.8933273689310773
2016-09-28,0.00566356106588006,1.0594535703363346
2016-09-29,-0.10667263106892268,1.067712516996031
2016-09-30,0.05945357033633461,0.9671917518589747
2016-10-03,0.06771251699603119,1.0813969291190038
2016-10-04,-0.032808248141025335,0.9532475557844368
2016-10-05,0.08139692911900379,0.9935438440735354
2016-10-06,-0.046752444215563266,0.9962807600709547
2016-10-07,-0.006456155926464611,0.9528849658315757
2016-10-10,-0.0037192399290453273,1.0087336820555424
2016-10-13,-0.047115034168424386,0.9849114800022833
2016-10-14,0.008733682055542463,1.0117008896197186
2016-10-17,-0.015088519997716671,1.003387630377998
2016-10-18,0.011700889619718564,0.9922403247856179
2016-10-19,0.003387630377997974,1.0456799962735424
2016-10-20,-0.007759675214382196,1.0106364269092316
2016-10-21,0.0456799962735424,1.0182457321291838
2016-10-24,0.010636426909231512,0.9959220074100781
2016-10-25,0.018245732129183765,0.9990904481119343
2016-10-26,-0.0040779925899218795,0.9931663108561648
2016-10-27,-0.000909551888065718,0.9894320489555923
2016-10-28,-0.00683368914383519,0.9775664611541938
2016-11-01,-0.010567951044407716,0.9914559841136592
2016-11-02,-0.02243353884580618,0.946145007326026
2016-11-03,-0.008544015886340833,1.0233662892144926
2016-11-04,-0.05385499267397395,0.9945802727130089
2016-11-07,0.023366289214492537,0.9699070105565838
2016-11-08,-0.0054197272869911505,1.0256363516324611
2016-11-09,-0.03009298944341623,0.9522271460782895
2016-11-10,0.025636351632461075,0.9288106373126856
2016-11-11,-0.047772853921710476,1.0089039891664007
2016-11-15,-0.07118936268731435,0.992771215493158
2016-11-16,0.00890398916640061,1.0027867000187893
2016-11-17,-0.007228784506841969,0.9374260015283359
2016-11-18,0.0027867000187894197,1.028038895621325
2016-11-21,-0.06257399847166413,1.034535102850339
2016-11-22,0.02803889562132504,0.9848610333804159
2016-11-23,0.03453510285033895,1.034428811898218
2016-11-24,-0.015138966619584106,1.038023406388435
2016-11-25,0.034428811898218,0.9989477176660128
2016-11-28,0.0380234063884351,0.9936678123507612
2016-11-29,-0.0010522823339872535,0.9866768429541559
2016-11-30,-0.0063321876492387725,0.9902964162871655
2016-12-01,-0.013323157045844131,1.0021651741889634
2016-12-02,-0.009703583712834562,1.0048530681694792
2016-12-05,0.0021651741889635334,1.0021488144148238
2016-12-06,0.0048530681694792435,1.0005365269395678
2016-12-07,0.002148814414823813,0.9983896430283329
2016-12-08,0.0005365269395679401,0.9983871339412761
2016-12-09,-0.00161035697166712,0.991893567277731
2016-12-12,-0.0016128660587239473,0.9901853085419794
2016-12-13,-0.008106432722268995,1.0060091063673522
2016-12-14,-0.009814691458020592,1.0086770425307874
2016-12-15,0.006009106367352239,1.0010791341505878
2016-12-16,0.008677042530787365,0.9858768138008004
2016-12-19,0.0010791341505878946,0.9834528524655908
2016-12-20,-0.014123186199199568,0.980341864317425
2016-12-21,-0.01654714753440928,0.9834141839220762
2016-12-22,-0.019658135682575007,0.9617941864938067
2016-12-23,-0.01658581607792381,1.0335814227247946
2016-12-26,-0.0382058135061933,1.0313683085875562
2016-12-27,0.03358142272479455,0.9784330638964509
2016-12-28,0.03136830858755621,1.013108630505829
2016-12-29,-0.02156693610354914,0.9994337842639349
2016-12-30,0.013108630505829022,1.0135064238673417
2017-01-02,-0.0005662157360650583,0.9994410660459336
2017-01-03,0.01350642386734163,1.014436681925657
2017-01-04,-0.0005589339540663173,1.0415709467310228
2017-01-05,0.014436681925656997,0.9633782862225931
2017-01-06,0.04157094673102285,0.9944995383854084
2017-01-09,-0.036621713777406854,1.0196620126018006
2017-01-10,-0.005500461614591661,0.9770226749679873
2017-01-11,0.01966201260180062,0.9916639977791558
2017-01-12,-0.022977325032012705,1.0038988442874603
2017-01-13,-0.008336002220844206,0.9961011557125395
2017-01-16,0.0038988442874603965,0.992157425510395
2017-01-17,-0.003898844287460408,1.0061673698300464
2017-01-18,-0.007842574489604981,0.9881925622513342
2017-01-19,0.006167369830046318,1.0151560513628384
2017-01-20,-0.0118074377486658,1.005555375552228
2017-01-23,0.015156051362838357,1.0016603671859388
2017-01-24,0.005555375552228051,0.9899942653690714
2017-01-25,0.0016603671859387467,1.001116582938148
2017-01-27,-0.010005734630928605,0.9699776184717005
2017-01-30,0.0011165829381480678,0.9982739786967498
2017-01-31,-0.03002238152829946,1.001151011821939
2017-02-01,-0.0017260213032501144,1.000575009481311
2017-02-02,0.0011510118219391129,1.0569994721542968
2017-02-03,0.0005750094813111108,1.0097298926763993
2017-02-06,0.05699947215429678,0.9870053891143655
2017-02-07,0.009729892676399237,1.0247588865293404
2017-02-08,-0.012994610885634434,1.0226031679959393
2017-02-09,0.02475888652934041,0.9709971890568813
2017-02-10,0.022603167995939276,0.9859910529052053
2017-02-13,-0.029002810943118698,0.9791661156027136
2017-02-14,-0.014008947094794754,0.9955579155119474
2017-02-15,-0.020833884397286343,1.0110680698571872
2017-02-16,-0.004442084488052559,1.0104023139374834
2017-02-17,0.011068069857187229,0.985184911546067
2017-02-20,0.010402313937483322,0.9894414217023252
2017-02-21,-0.014815088453933008,1.0016743614465988
2017-02-22,-0.010558578297674863,0.9876545713133398
2017-02-23,0.0016743614465989259,1.007313174260926
2017-02-27,-0.012345428686660226,1.0117032604241252
2017-02-28,0.007313174260926076,0.9781558027023228
2017-03-01,0.011703260424125067,0.9960293674047866
2017-03-02,-0.02184419729767721,1.0084905192999807
2017-03-03,-0.00397063259521332,0.9852352833484412
2017-03-06,0.008490519299980645,0.9855956047060808
2017-03-07,-0.014764716651558783,1.0017392222508745
2017-03-08,-0.014404395293919198,1.013809695240857
2017-03-09,0.001739222250874495,0.9954178939604482
2017-03-10,0.01380969524085713,1.0068646077676162
2017-03-14,-0.0045821060395517515,0.9994298159834324
2017-03-15,0.006864607767616155,1.0
2017-03-16,-0.0005701840165676279,0.9971431600906908
2017-03-17,0.0,0.9977095595643823
2017-03-20,-0.002856839909309235,0.9855611890188658
2017-03-21,-0.0022904404356176825,0.9965030770343395
2017-03-22,-0.014438810981134248,1.0040781905950487
2017-03-23,-0.0034969229656604908,1.0005813114685538
2017-03-24,0.004078190595048559,1.006372127364154
2017-03-27,0.0005813114685536752,0.9889683705722435
2017-03-28,0.006372127364154043,1.0046595020636024
2017-03-29,-0.011031629427756469,0.9953404979363977
2017-03-30,0.004659502063602367,1.0185088595836491
2017-03-31,-0.0046595020636023415,1.008559658257348
2017-04-03,0.018508859583649125,0.9960144964507246
2017-04-05,0.008559658257348049,1.0435340473443242
2017-04-06,-0.0039855035492754,1.0
2017-04-07,0.04353404734432423,0.9851441620604648
2017-04-10,0.0,0.9854826189339232
2017-04-11,-0.014855837939535104,1.0039282857796386
2017-04-12,-0.014517381066076777,1.0072572154711925
2017-04-13,0.003928285779638647,0.9831744308305493
2017-04-17,0.00725721547119248,0.9891942144743266
2017-04-18,-0.01682556916945065,1.0068383521551427
2017-04-19,-0.010805785525673404,0.9943054224045496
2017-04-20,0.00683835215514271,0.9994289328343915
2017-04-21,-0.005694577595450484,1.0119280703616047
2017-04-24,-0.0005710671656085483,1.0039450756886044
2017-04-25,0.011928070361604813,0.9954903078888102
2017-04-26,0.003945075688604287,1.0327891377564429
2017-04-27,-0.004509692111189771,1.0076257977484802
2017-04-28,0.03278913775644296,1.0032506583487288
2017-05-02,0.007625797748480121,0.983641081480162
2017-05-03,0.003250658348728762,0.9844874098171339
2017-05-04,-0.016358918519838,0.9910260918657904
2017-05-05,-0.015512590182866083,1.012318789602846
2017-05-08,-0.00897390813420964,1.0121677087142296
2017-05-09,0.012318789602846112,0.9794496143985268
2017-05-10,0.012167708714229534,0.991546459394842
2017-05-11,-0.02055038560147315,1.0095750415563294
2017-05-12,-0.008453540605158048,1.0139164712768098
2017-05-15,0.00957504155632931,1.0137253687883148
2017-05-16,0.01391647127680987,0.9751574311925998
2017-05-17,0.013725368788314742,0.9910160170131682
2017-05-18,-0.024842568807400208,0.9857989449087637
2017-05-19,-0.008983982986831741,0.9826889517948205
2017-05-22,-0.014201055091236254,0.9698643509120455
2017-05-23,-0.01731104820517943,0.976940937778885
2017-05-24,-0.03013564908795447,1.0067296918226858
2017-05-25,-0.023059062221115024,0.9901970841236416
2017-05-26,0.0067296918226857246,1.02493212298894
2017-05-29,-0.00980291587635835,0.9805944461651221
2017-05-30,0.02493212298894005,0.9864355279881482
2017-05-31,-0.019405553834877846,1.0104973783709406
2017-06-01,-0.013564472011851809,0.9975405244868489
2017-06-02,0.01049737837094058,1.0030732240536726
2017-06-05,-0.0024594755131510477,1.009166502283906
2017-06-06,0.0030732240536726924,0.9926730899266608
2017-06-07,0.009166502283905992,1.001837318675469
2017-06-08,-0.007326910073339219,1.0042725282279126
2017-06-09,0.0018373186754690296,1.0270367803857954
2017-06-12,0.0042725282279126595,1.0366640622123175
2017-06-13,0.02703678038579535,0.9657036745953347
2017-06-14,0.03666406221231765,0.9663229545786397
2017-06-15,-0.03429632540466536,1.0163789886739567
2017-06-16,-0.03367704542136027,1.0083875637137019
2017-06-19,0.016378988673956676,1.0556992792443338
2017-06-20,0.008387563713701869,0.9372157040521019
2017-06-21,0.055699279244333766,0.9936426703163342
2017-06-22,-0.0627842959478981,0.9536622561842797
2017-06-23,-0.006357329683665786,0.9865498367275574
2017-06-27,-0.0463377438157203,1.001353123249509
2017-06-28,-0.013450163272442688,1.0033748718049949
2017-06-29,0.0013531232495089828,1.0053765493702518
2017-06-30,0.0033748718049949576,0.9952973119206652
2017-07-03,0.005376549370251719,1.0073800572030875
2017-07-04,-0.004702688079334818,1.0482807364944757
2017-07-05,0.007380057203087463,1.06890782018288
2017-07-06,0.048280736494475736,1.010644610909211
2017-07-07,0.06890782018288015,0.9863783892336245
2017-07-10,0.01064461090921118,1.002382364021221
2017-07-11,-0.013621610766375438,1.0077036485552142
2017-07-12,0.0023823640212210454,0.9821317548934982
2017-07-13,0.0077036485552141225,0.999398929863762
2017-07-14,-0.017868245106501715,0.98424200572723
2017-07-17,-0.0006010701362380286,1.0151564689831514
2017-07-18,-0.015757994272770047,1.0042029117736997
2017-07-19,0.015156468983151384,0.9982010214310808
2017-07-20,0.0042029117736996965,0.9867066540078872
2017-07-21,-0.001798978568919212,0.9981736397472247
2017-07-24,-0.013293345992112874,0.9902018440935655
2017-07-25,-0.0018263602527752402,0.9851206645390274
2017-07-26,-0.00979815590643454,0.9766181578828765
2017-07-27,-0.01487933546097268,1.0051020361837086
2017-07-28,-0.02338184211712341,0.9871956670195574
2017-07-31,0.005102036183708601,0.9922382202482842
2017-08-01,-0.012804332980442559,0.9908673931129522
2017-08-02,-0.00776177975171581,1.0039240754735805
2017-08-03,-0.009132606887047801,0.9815541074635185
2017-08-04,0.00392407547358045,0.9973370981138006
2017-08-07,-0.0184458925364815,0.9879274053224849
2017-08-08,-0.0026629018861994945,0.9373489626070486
2017-08-09,-0.012072594677515067,0.9927901297752378
2017-08-10,-0.06265103739295147,1.0418056538852376
2017-08-11,-0.007209870224762179,1.0151517043161944
2017-08-14,0.04180565388523761,1.026974114446393
2017-08-16,0.015151704316194451,0.9892974862989216
2017-08-17,0.026974114446393138,0.9524867749523767
2017-08-18,-0.010702513701078427,1.0195538503308113
2017-08-21,-0.047513225047623314,1.134999682104688
2017-08-22,0.019553850330811216,0.9655775328914489
2017-08-23,0.13499968210468788,0.9943556738437294
2017-08-24,-0.03442246710855112,0.9628398236481093
2017-08-28,-0.005644326156270614,1.002607758135898
2017-08-29,-0.03716017635189077,1.0026007732775697
2017-08-30,0.002607758135898004,0.996747848399744
2017-08-31,0.0026007732775695826,0.9941195447132083
2017-09-01,-0.0032521516002561,1.0110787323359876
2017-09-04,-0.005880455286791681,1.0898157551454446
2017-09-05,0.011078732335987593,1.0245769812089618
2017-09-06,0.0898157551454445,0.9801512369722036
2017-09-07,0.024576981208961717,0.9994101824008566
2017-09-08,-0.019848763027796378,1.0472437924757014
2017-09-11,-0.0005898175991434677,0.9598107968898627
2017-09-12,0.04724379247570148,1.0596938646521004
2017-09-13,-0.04018920311013734,1.005503531059932
2017-09-14,0.05969386465210033,0.9911796837811905
2017-09-15,0.005503531059932065,0.9888640626857345
2017-09-18,-0.008820316218809488,1.0309417162216112
2017-09-19,-0.011135937314265588,1.1820493803926726
2017-09-20,0.0309417162216112,1.0040733448561976
2017-09-21,0.18204938039267252,0.9509388184873913
2017-09-22,0.004073344856197582,1.0647459716732417
2017-09-25,-0.04906118151260876,0.9493852284443309
2017-09-26,0.06474597167324177,0.9924881594014158
2017-09-27,-0.050614771555669034,0.9957497515039978
2017-09-28,-0.007511840598584269,0.9643506907797844
2017-09-29,-0.004250248496002231,1.0078163517971406
2017-10-03,-0.035649309220215565,1.0226134992509532
2017-10-04,0.007816351797140506,1.0037986357464441
2017-10-05,0.022613499250953205,0.9642992403462238
2017-10-06,0.003798635746444222,1.0019627268161404
2017-10-09,-0.03570075965377613,0.9941002247190798
2017-10-10,0.00196272681614048,1.0267591101145532
2017-10-11,-0.005899775280920214,1.0090800622575584
2017-10-12,0.02675911011455314,0.9918796021079662
2017-10-13,0.009080062257558436,1.015703367663147
2017-10-16,-0.008120397892033811,0.9823763817653812
2017-10-17,0.015703367663147165,1.0067048806104506
2017-10-18,-0.01762361823461881,0.9899256327776226
2017-10-19,0.006704880610450627,0.9864075101450378
2017-10-23,-0.010074367222377416,0.9955915249382582
2017-10-24,-0.013592489854962218,1.0112277388961335
2017-10-25,-0.0044084750617418254,0.9848370726175313
2017-10-26,0.011227738896133575,0.9669309035795264
2017-10-27,-0.015162927382468702,1.000509279492063
2017-10-30,-0.03306909642047364,0.9933588906168994
2017-10-31,0.0005092794920628874,1.0263039975066017
2017-11-01,-0.00664110938310059,0.991476529200996
2017-11-02,0.026303997506601784,0.9989923949972728
2017-11-03,-0.00852347079900396,0.9729230871687313
2017-11-06,-0.0010076050027271889,1.0067096628348817
2017-11-07,-0.02707691283126871,1.0015419744387257
2017-11-08,0.006709662834881646,0.9844717172021318
2017-11-09,0.0015419744387256868,0.9968652132764029
2017-11-10,-0.015528282797868274,1.0160917096325728
2017-11-13,-0.0031347867235971163,0.998969633874469
2017-11-14,0.01609170963257276,1.027956034733211
2017-11-15,-0.001030366125531014,1.0050000170169544
2017-11-16,0.02795603473321107,1.0712181327284516
2017-11-17,0.005000017016954415,0.9712583777814747
2017-11-20,0.07121813272845157,0.9908762604290693
2017-11-21,-0.02874162221852533,0.9985517419032884
2017-11-22,-0.009123739570930753,0.9878491657086101
2017-11-23,-0.0014482580967115695,1.0
2017-11-24,-0.012150834291389821,0.9990216314237981
2017-11-27,0.0,0.9975496158692387
2017-11-28,-0.0009783685762018925,0.9990181931557691
2017-11-29,-0.002450384130761217,1.045134877237137
2017-11-30,-0.0009818068442308497,1.0135230589843789
2017-12-01,0.04513487723713684,1.0201749573956214
2017-12-04,0.013523058984378916,1.0094873069832753
2017-12-05,0.020174957395621404,0.9813927618917215
2017-12-06,0.00948730698327537,0.9645649531269109
2017-12-07,-0.01860723810827847,0.994765713430952
2017-12-08,-0.03543504687308902,0.9976116509403546
2017-12-11,-0.00523428656904796,1.0118851086422722
2017-12-12,-0.002388349059645331,0.9663591103443131
2017-12-13,0.011885108642272288,0.9906701723799283
2017-12-14,-0.03364088965568687,0.9945585679052543
2017-12-15,-0.009329827620071684,1.0059347122731004
2017-12-18,-0.005441432094745648,1.004428072379975
2017-12-19,0.005934712273100353,0.9985261279969607
2017-12-20,0.004428072379975035,0.9906148702629952
2017-12-21,-0.0014738720030393188,1.0455947055863741
2017-12-22,-0.009385129737004835,0.9861540336724199
2017-12-26,0.04559470558637422,0.9903380013773836
2017-12-27,-0.013845966327580084,1.0038760842288557
2017-12-28,-0.009661998622616368,0.9917454666802625
2017-12-29,0.003876084228855586,0.9931507101947484
2018-01-01,-0.008254533319737458,0.9980343796636751
2018-01-02,-0.006849289805251546,0.9980304318499897
2018-01-03,-0.0019656203363248364,0.9895961422055606
2018-01-04,-0.001969568150010293,1.0692584738211943
2018-01-05,-0.010403857794439364,0.9916005430441116
2018-01-08,0.06925847382119431,0.9695503993428569
2018-01-09,-0.008399456955888373,1.000483110765631
2018-01-10,-0.030449600657143083,1.0148576192991172
2018-01-11,0.00048311076563089985,1.000950920306861
2018-01-12,0.014857619299117301,0.9715575153370013
2018-01-15,0.0009509203068609048,1.0019540975890062
2018-01-16,-0.02844248466299874,0.9862406734217091
2018-01-17,0.0019540975890063174,1.009357396254231
2018-01-18,-0.013759326578290909,1.02612612834413
2018-01-19,0.00935739625423099,0.9879893445277331
2018-01-22,0.026126128344130018,0.9844128242271917
2018-01-23,-0.012010655472266873,0.9945852771239104
2018-01-24,-0.015587175772808333,0.9920712445491424
2018-01-25,-0.005414722876089542,0.988491273189432
2018-01-29,-0.007928755450857554,0.981203416541162
2018-01-30,-0.011508726810568014,0.9933109712271981
2018-01-31,-0.01879658345883792,0.9621206512172711
2018-02-01,-0.006689028772801895,0.9750258298227802
2018-02-02,-0.03787934878272891,0.969863819969032
2018-02-05,-0.024974170177219784,1.0306858505881598
2018-02-06,-0.030136180030968,1.0550499856188695
2018-02-07,0.030685850588159688,0.9926929712765692
2018-02-08,0.05504998561886953,1.0057457138340278
2018-02-09,-0.00730702872343085,0.996347532155221
2018-02-12,0.005745713834027671,0.9724412851953779
2018-02-14,-0.0036524678447790488,0.9881079021193205
2018-02-15,-0.027558714804622172,0.9879648618246735
2018-02-16,-0.011892097880679476,0.9955873768390876
2018-02-19,-0.012035138175326492,0.9911160800427593
2018-02-20,-0.004412623160912432,0.9955281801401926
2018-02-21,-0.008883919957240713,0.9943820003434748
2018-02-22,-0.004471819859807407,1.0089737812440864
2018-02-23,-0.005617999656525259,0.9882053387069674
2018-02-26,0.00897378124408654,0.9857750792100077
2018-02-27,-0.011794661293032645,0.9873123319028146
2018-02-28,-0.014224920789992225,0.9982572948682771
2018-03-01,-0.012687668097185406,0.9929989223199239
2018-03-05,-0.0017427051317229702,0.9440118477962468
2018-03-06,-0.007001077680076021,0.9595648559109972
2018-03-07,-0.055988152203753215,0.9837501287836268
2018-03-08,-0.040435144089002874,1.011078613938866
2018-03-09,-0.016249871216373245,1.0064599789513837
2018-03-12,0.011078613938866104,1.0
2018-03-13,0.006459978951383759,1.0210265465116388
2018-03-14,0.0,0.9763944474513357
2018-03-15,0.021026546511638742,0.9915721230931792
2018-03-16,-0.023605552548664272,0.9802754700806164
2018-03-19,-0.008427876906820805,1.007277457264191
2018-03-20,-0.019724529919383577,1.0026333369390081
2018-03-21,0.0072774572641909775,0.9686117796587552
2018-03-22,0.002633336939008119,0.9972826878703188
2018-03-23,-0.03138822034124475,1.0161947270750824
2018-03-26,-0.002717312129681199,0.9783480778116672
2018-03-27,0.016194727075082446,1.0500271726854704
2018-03-28,-0.02165192218833282,1.0263258717777164
2018-04-02,0.05002717268547048,0.9853171650471996
2018-04-03,0.026325871777716385,1.0159493235309445
2018-04-04,-0.014682834952800417,1.003159662611716
2018-04-05,0.015949323530944526,1.032891562429549
2018-04-06,0.003159662611716132,0.9920318773766471
2018-04-09,0.03289156242954901,0.980738759909816
2018-04-10,-0.007968122623352893,0.9943378002839879
2018-04-11,-0.019261240090184,1.008168489250314
2018-04-12,-0.005662199716012139,0.9905688238474979
2018-04-13,0.00816848925031399,0.9789332819349961
2018-04-16,-0.009431176152502052,1.024220401987346
2018-04-17,-0.02106671806500394,0.996846316077658
2018-04-18,0.024220401987346,0.9993681072364623
2018-04-19,-0.003153683922342057,0.993658816293692
2018-04-20,-0.0006318927635377324,0.9968142651428883
2018-04-23,-0.00634118370630796,0.981319963448601
2018-04-24,-0.0031857348571117374,1.0032457064203208
2018-04-25,-0.018680036551399097,0.994150101876154
2018-04-26,0.0032457064203209006,1.020645881435463
2018-04-27,-0.005849898123845996,0.9780495257942076
2018-04-30,0.020645881435463097,0.9748830457896847
2018-05-02,-0.021950474205792384,0.9912603958638353
2018-05-03,-0.02511695421031532,0.9816007559848252
2018-05-04,-0.008739604136164685,0.9972452592319314
2018-05-07,-0.01839924401517477,0.9944675399181591
2018-05-08,-0.00275474076806864,0.9902436825145591
2018-05-09,-0.005532460081840942,0.9929726640487825
2018-05-10,-0.009756317485440947,0.9879389790174412
2018-05-11,-0.007027335951217572,1.0
2018-05-14,-0.012061020982558833,0.9812672390834861
2018-05-15,0.0,1.0187327609165138
2018-05-16,-0.018732760916513855,0.9599509176669986
2018-05-17,0.01873276091651377,1.0074018524472792
2018-05-18,-0.04004908233300141,0.9948244271000449
2018-05-21,0.007401852447279273,0.9759927445746963
2018-05-22,-0.0051755728999550955,1.0277067425845747
2018-05-23,-0.024007255425303645,0.9918428707287498
2018-05-24,0.027706742584574645,1.0199048011130891
2018-05-25,-0.008157129271250237,0.9756174810410566
2018-05-28,0.01990480111308915,1.0126348471171045
2018-05-29,-0.02438251895894338,0.9791037589656628
2018-05-30,0.012634847117104468,0.9584235540948972
2018-05-31,-0.020896241034337158,0.9944817603869258
2018-06-01,-0.04157644590510282,1.0180184550809286
2018-06-04,-0.005518239613074226,0.980399190387661
2018-06-05,0.018018455080928558,1.0464121008746823
2018-06-06,-0.019600809612339024,1.0172354135026471
2018-06-07,0.046412100874682366,1.0220434210842033
2018-06-08,0.01723541350264709,1.0258262998059464
2018-06-11,0.022043421084203253,1.1028787587130051
2018-06-12,0.02582629980594635,1.0289692013587024
2018-06-13,0.10287875871300514,1.0074212518704655
2018-06-14,0.02896920135870244,0.9513947374515423
2018-06-15,0.0074212518704654725,0.953664717892375
2018-06-18,-0.0486052625484576,0.9972862695398536
2018-06-19,-0.046335282107625046,0.9863198780762881
2018-06-20,-0.0027137304601464888,0.9833329034743963
2018-06-21,-0.013680121923711899,0.9943820655951565
2018-06-22,-0.016667096525603702,0.9750432348611453
2018-06-25,-0.0056179344048434545,0.9721797890053068
2018-06-26,-0.024956765138854666,0.9812658191462276
2018-06-27,-0.027820210994693267,1.0799264299796623
2018-06-28,-0.018734180853772403,0.9520822311513925
2018-06-29,0.07992642997966233,1.0231726384445654
2018-07-02,-0.04791776884860756,0.9782915608212115
2018-07-03,0.0231726384445653,1.071282334607739
2018-07-04,-0.02170843917878856,0.9779606621358403
2018-07-05,0.07128233460773901,1.0
2018-07-06,-0.022039337864159656,1.009702011819035
2018-07-09,0.0,0.9755659428725004
2018-07-10,0.009702011819034934,0.9850477836838128
2018-07-11,-0.024434057127499534,0.9797094900775316
2018-07-12,-0.014952216316187107,0.9581402267935718
2018-07-13,-0.020290509922468437,1.0159035179876812
2018-07-16,-0.041859773206428155,0.9840964820123187
2018-07-17,0.015903517987681158,1.0015256264983023
2018-07-18,-0.015903517987681266,0.9830896131868531
2018-07-19,0.001525626498302416,1.006952492206996
2018-07-20,-0.016910386813146886,1.0362851365747587
2018-07-23,0.00695249220699587,0.9835325870697622
2018-07-24,0.03628513657475863,1.0142377084492449
2018-07-25,-0.01646741293023775,1.0147713373128096
2018-07-26,0.01423770844924486,0.9919029165821183
2018-07-27,0.014771337312809472,1.020483482434502
2018-07-30,-0.008097083417881729,1.0569973229883118
2018-07-31,0.020483482434501883,1.0027323731412356
2018-08-01,0.05699732298831175,1.0195886492237998
2018-08-02,0.002732373141235595,0.9939617110015571
2018-08-03,0.019588649223799794,0.9905340407843658
2018-08-06,-0.006038288998442963,0.9849415591179662
2018-08-07,-0.0094659592156342,1.0041293773060216
2018-08-08,-0.015058440882033772,0.9643443278831555
2018-08-09,0.0041293773060215675,0.9950054899055987
2018-08-10,-0.03565567211684454,1.0014294391927723
2018-08-13,-0.0049945100944013155,1.0191020835280242
2018-08-14,0.0014294391927723,1.0208052165044994
2018-08-16,0.019102083528024203,1.000686085976892
2018-08-17,0.020805216504499506,1.002055544456477
2018-08-20,0.0006860859768920676,1.0
2018-08-21,0.0020555444564768293,1.001368054732874
2018-08-23,0.0,1.0129033367903606
2018-08-24,0.0013680547328739513,0.9891450835956358
2018-08-27,0.012903336790360648,1.003404842547746
2018-08-28,-0.010854916404364203,0.9986393903883691
2018-08-29,0.0034048425477458963,1.0413393351446814
2018-08-30,-0.0013606096116308558,1.128538514978883
2018-08-31,0.04133933514468126,0.9390163018816813
2018-09-03,0.12853851497888288,0.994490317998386
2018-09-04,-0.06098369811831876,1.0140203073914653
2018-09-05,-0.005509682001613996,1.0191853217769704
2018-09-06,0.014020307391465302,0.9777835445022107
2018-09-07,0.01918532177697044,0.967189816175061
2018-09-10,-0.02221645549778925,0.9608548795834884
2018-09-11,-0.03281018382493905,1.0258412322178354
2018-09-12,-0.03914512041651161,0.9826306940010021
2018-09-14,0.025841232217835457,0.9882504568167961
2018-09-17,-0.017369305998997928,0.9733849881459712
2018-09-18,-0.011749543183203842,0.9650049822714171
2018-09-19,-0.026615011854028838,0.9687918137991444
2018-09-21,-0.03499501772858289,0.9913168320294176
2018-09-24,-0.03120818620085563,1.0036272473545313
2018-09-25,-0.00868316797058246,0.9839411016062751
2018-09-26,0.003627247354531404,0.9502160534366209
2018-09-27,-0.016058898393724857,0.9867650359594726
2018-09-28,-0.04978394656337919,1.0170945423580118
2018-10-01,-0.013234964040527323,0.9558982785053213
2018-10-03,0.01709454235801175,0.9763736701904654
2018-10-04,-0.044101721494678725,1.0212079987488236
2018-10-05,-0.023626329809534625,0.9804394354228111
2018-10-08,0.021207998748823724,1.0331879563522661
2018-10-09,-0.019560564577188914,0.9887909392856338
2018-10-10,0.03318795635226602,1.0301371087366433
2018-10-11,-0.011209060714366226,1.0185764223058855
2018-10-12,0.030137108736643336,1.0449849834514562
2018-10-15,0.01857642230588548,0.9807544922104161
2018-10-16,0.04498498345145614,0.9826606324703795
2018-10-17,-0.019245507789583893,0.9683249241897405
2018-10-19,-0.017339367529620484,0.973755996714481
2018-10-22,-0.03167507581025953,1.0120145006353642
2018-10-23,-0.02624400328551901,0.996810167217581
2018-10-24,0.012014500635364186,0.9943932689098806
2018-10-25,-0.003189832782419019,1.0386027067662693
2018-10-26,-0.005606731090119453,0.9922420085367613
2018-10-29,0.03860270676626933,1.0085305145122951
2018-10-30,-0.00775799146323876,1.0244100499726265
2018-10-31,0.008530514512295076,1.0304290885839926
2018-11-01,0.024410049972626444,1.00291968766571
2018-11-02,0.030429088583992632,0.9860548418206841
2018-11-05,0.0029196876657099614,1.0197590835597041
2018-11-06,-0.013945158179315886,0.9795015219350808
2018-11-07,0.019759083559704082,1.0602765832794228
2018-11-09,-0.020498478064919258,0.9873858922452804
2018-11-12,0.060276583279422716,0.9879389050222653
2018-11-13,-0.012614107754719562,0.9643986194530314
2018-11-14,-0.012061094977734655,1.0110335808749953
2018-11-15,-0.035601380546968577,0.9926577085146732
2018-11-16,0.011033580874995287,1.0
2018-11-19,-0.007342291485326852,0.9926036301627364
2018-11-20,0.0,0.9932960869570449
2018-11-21,-0.007396369837263546,1.003729956007388
2018-11-22,-0.006703913042955133,0.9857514457605785
2018-11-26,0.0037299560073879114,1.0105185982320337
2018-11-27,-0.014248554239421556,0.9940029104022039
2018-11-28,0.010518598232033622,0.9992478141099966
2018-11-29,-0.005997089597796077,1.0082429740308385
2018-11-30,-0.0007521858900033681,1.0029804898992691
2018-12-03,0.008242974030838601,0.9720841412436079
2018-12-04,0.002980489899269204,0.9665470261209428
2018-12-05,-0.027915858756392183,0.9840506359687481
2018-12-06,-0.03345297387905718,1.0088036037040857
2018-12-07,-0.015949364031251943,1.017377932783438
2018-12-10,0.008803603704085788,1.0139971916896218
2018-12-11,0.017377932783438035,0.9867856721234903
2018-12-12,0.013997191689621803,1.0046838133642146
2018-12-13,-0.013214327876509663,1.0077579914632389
2018-12-14,0.004683813364214664,0.9937984773735543
2018-12-17,0.007757991463238828,1.0108276747704599
2018-12-18,-0.006201522626445642,0.9961463709050421
2018-12-19,0.010827674770459763,0.9852194524795136
2018-12-20,-0.0038536290949578804,1.0070285702509625
2018-12-21,-0.014780547520486409,1.0146777816548995
2018-12-24,0.0070285702509624145,1.0219955549787905
2018-12-26,0.014677781654899505,1.0259177791924532
2018-12-27,0.02199555497879053,0.985272192618077
2018-12-28,0.025917779192453253,1.0220111611015594
2018-12-31,-0.014727807381923067,1.0093898075538428
2019-01-01,0.02201116110155943,1.0572781602337271
2019-01-02,0.009389807553842704,0.9612406904492792
2019-01-03,0.057278160233727164,1.0042254897006366
2019-01-04,-0.03875930955072078,1.0263537724033536
2019-01-07,0.004225489700636625,0.9771537725587097
2019-01-08,0.026353772403353574,0.9887321430807456
2019-01-09,-0.022846227441290324,1.0237941815220841
2019-01-10,-0.011267856919254325,1.0068917195532558
2019-01-11,0.023794181522084155,1.017024691489749
2019-01-14,0.006891719553255778,1.018729500468254
2019-01-15,0.017024691489748858,1.050398326345919
2019-01-16,0.01872950046825399,0.9614595823921868
2019-01-17,0.05039832634591888,0.989466635916528
2019-01-18,-0.03854041760781318,0.959481393925793
2019-01-21,-0.010533364083472,0.99931056118963
2019-01-22,-0.040518606074206945,0.9755658652439684
2019-01-23,-0.0006894388103699843,0.9879131778354459
2019-01-24,-0.024434134756031633,0.9516389028641705
2019-01-25,-0.012086822164554126,0.9779877482370851
2019-01-28,-0.04836109713582945,1.0007671891447558
2019-01-29,-0.02201225176291488,1.0219955549787905
2019-01-30,0.0007671891447558021,1.0244546757369186
2019-01-31,0.02199555497879053,0.9867352960736114
2019-02-01,0.02445467573691865,0.995539002779819
2019-02-04,-0.013264703926388564,0.9751023756656192
2019-02-05,-0.004460997220180979,1.027130668061135
2019-02-06,-0.024897624334380794,0.997766956273246
2019-02-07,0.027130668061134858,0.979675578563112
2019-02-08,-0.0022330437267540732,0.9831285040024137
2019-02-11,-0.020324421436888,1.020666567412121
2019-02-12,-0.016871495997586305,0.9731270387983141
2019-02-14,0.02066656741212102,1.0116056063644818
2019-02-15,-0.026872961201685957,1.0
2019-02-18,0.011605606364481784,0.9938270689915903
2019-02-19,0.0,0.9953452562379499
2019-02-20,-0.006172931008409639,1.0207779584560646
2019-02-21,-0.004654743762050113,0.996184657534044
2019-02-22,0.020777958456064515,1.0219290229513527
2019-02-25,-0.0038153424659560513,0.9595518922217459
2019-02-26,0.02192902295135264,1.0162228012726318
2019-02-27,-0.040448107778254146,1.0030604228597975
2019-02-28,0.01622280127263173,1.0204167532995587
2019-03-01,0.003060422859797465,0.9970014040838416
2019-03-05,0.02041675329955866,0.9909501169286273
2019-03-06,-0.0029985959161583655,1.0067950206272862
2019-03-07,-0.00904988307137265,1.0112234639301076
2019-03-08,0.006795020627286303,0.9850072133256581
2019-03-11,0.01122346393010772,0.9946990350369377
2019-03-12,-0.014992786674341944,0.9923778928810121
2019-03-13,-0.00530096496306235,0.9884570883533844
2019-03-14,-0.007622107118987911,0.9937887874011568
2019-03-15,-0.011542911646615634,1.0062112125988432
2019-03-18,-0.006211212598843184,0.9898871044001182
2019-03-19,0.0062112125988431875,1.0
2019-03-20,-0.010112895599881797,0.9913623082624767
2019-03-22,0.0,1.010200240533547
2019-03-25,-0.008637691737523243,0.9905881166717708
2019-03-26,0.010200240533547136,1.0101921827093023
2019-03-27,-0.009411883328229176,1.026935066188388
2019-03-28,0.010192182709302375,0.989312898388468
2019-04-01,0.026935066188388063,0.9743475279459047
2019-04-02,-0.010687101611532,1.0023594923665573
2019-04-03,-0.02565247205409527,1.0109375855077092
2019-04-04,0.0023594923665572398,0.9787978030905676
2019-04-05,0.010937585507709091,1.0071174438031028
2019-04-08,-0.02120219690943232,0.9897028661027516
2019-04-09,0.007117443803102787,0.9984063863541327
2019-04-10,-0.010297133897248425,1.002389499920877
2019-04-11,-0.0015936136458673247,0.9928143646182731
2019-04-12,0.002389499920876944,1.0039984061647171
2019-04-15,-0.007185635381726875,0.9927912807076419
2019-04-16,0.003998406164717032,0.9967794099911031
2019-04-18,-0.007208719292358081,1.0088318152878724
2019-04-22,-0.003220590008896868,0.9895539917629922
2019-04-23,0.008831815287872406,0.9902596122472808
2019-04-24,-0.01044600823700777,0.9975500695817968
2019-04-25,-0.009740387752719223,0.9942599392799619
2019-04-26,-0.0024499304182031834,0.9842515389484999
2019-04-30,-0.005740060720038069,0.9788932615439816
2019-05-02,-0.01574846105150008,0.988845991801305
2019-05-03,-0.021106738456018383,1.0034452826452618
2019-05-06,-0.011154008198695033,0.9667801465587055
2019-05-07,0.003445282645261849,0.9829668242650134
2019-05-08,-0.033219853441294564,1.0081045443735352
2019-05-09,-0.017033175734986673,0.9690320885934072
2019-05-10,0.008104544373535284,1.0336549645054183
2019-05-13,-0.030967911406592868,0.9828591882237004
2019-05-14,0.033654964505418175,0.9917770484140274
2019-05-15,-0.017140811776299565,0.9981634662926155
2019-05-16,-0.008222951585972605,1.0209193076586558
2019-05-17,-0.0018365337073844887,1.0062809894110007
2019-05-20,0.02091930765865586,0.9773848347782511
2019-05-21,0.006280989411000838,1.0288567434843752
2019-05-22,-0.022615165221748928,1.0088496158832578
2019-05-23,0.02885674348437515,1.049838508476377
2019-05-24,0.008849615883257762,1.0337898091858104
2019-05-27,0.04983850847637707,0.9603252957491569
2019-05-28,0.03378980918581035,0.9983123141697648
2019-05-29,-0.039674704250843074,1.0067339804013224
2019-05-30,-0.0016876858302351091,0.9907289416264501
2019-05-31,0.006733980401322484,1.000846408054964
2019-06-03,-0.009271058373549905,0.9846544823153262
2019-06-04,0.0008464080549640243,0.9896370917283303
2019-06-06,-0.015345517684673883,0.9947780957755932
2019-06-07,-0.0103629082716698,0.9903550725169047
2019-06-10,-0.005221904224406809,1.0191977851932796
2019-06-11,-0.00964492748309527,0.989574133864964
2019-06-12,0.0191977851932796,0.9761368867958724
2019-06-13,-0.010425866135036014,0.9391516374293208
2019-06-14,-0.023863113204127595,1.0290418848233276
2019-06-17,-0.06084836257067911,1.0173916453500107
2019-06-18,0.029041884823327653,0.9789080296476346
2019-06-19,0.017391645350010736,1.0165444402103303
2019-06-20,-0.021091970352365454,0.9816002858772135
2019-06-21,0.016544440210330365,1.0018552739124562
2019-06-24,-0.018399714122786525,1.0018518382442876
2019-06-25,0.0018552739124561423,1.0073733914399117
2019-06-26,0.0018518382442876743,0.9935512790519727
2019-06-27,0.00737339143991168,1.0183154616161931
2019-06-28,-0.006448720948027256,0.9826083546499892
2019-07-01,0.018315461616193147,0.9690551796078662
2019-07-02,-0.017391645350010792,1.0355510010698283
2019-07-03,-0.03094482039213371,0.985184812265207
2019-07-04,0.0355510010698284,0.959061447749989
2019-07-05,-0.014815187734792975,0.9921951421625597
2019-07-08,-0.04093855225001097,0.9742048866840558
2019-07-09,-0.007804857837440299,0.985829673948564
2019-07-10,-0.02579511331594415,1.058403584394728
2019-07-11,-0.014170326051435965,0.9405765749718741
2019-07-12,0.058403584394727814,0.9689094104354328
2019-07-15,-0.05942342502812588,1.014629359382239
2019-07-16,-0.031090589564567245,0.9640932404180422
2019-07-17,0.01462935938223902,1.0564413626765496
2019-07-18,-0.035906759581957784,1.0050684347295538
2019-07-19,0.05644136267654958,1.0120603552641354
2019-07-22,0.0050684347295537465,0.989959831882966
2019-07-23,0.012060355264135444,1.0160163130079007
2019-07-24,-0.010040168117034039,0.9656532180686566
2019-07-25,0.016016313007900657,1.0163102817763416
2019-07-26,-0.03434678193134343,0.9898372315136555
2019-07-29,0.016310281776341574,1.008138413486949
2019-07-30,-0.010162768486344483,0.993902387990976
2019-07-31,0.008138413486949195,1.0040692292750562
2019-08-01,-0.006097612009024077,0.9815568368071398
2019-08-02,0.004069229275056133,0.9822635037198388
2019-08-05,-0.018443163192860167,1.0042016547367665
2019-08-06,-0.017736496280161145,1.0052274847508893
2019-08-07,0.004201654736766379,0.9989566707306422
2019-08-08,0.005227484750889192,0.9820953769001393
2019-08-09,-0.00104332926935779,1.0042417553495648
2019-08-13,-0.017904623099860736,0.9968203303856866
2019-08-14,0.00424175534956493,1.0282594039745188
2019-08-16,-0.0031796696143134204,0.9717405960254812
2019-08-19,0.0282594039745187,0.9554999441765086
2019-08-20,-0.028259403974518787,0.9718608294047734
2019-08-21,-0.04450005582349142,1.0619667654698317
2019-08-22,-0.028139170595226633,1.0159662800792788
2019-08-23,0.06196676546983163,1.021933108180661
2019-08-26,0.015966280079278805,0.978066891819339
2019-08-27,0.021933108180660993,0.9786544702633673
2019-08-28,-0.02193310818066095,0.9989206355320303
2019-08-29,-0.021345529736632722,0.9737403161872437
2019-08-30,-0.001079364467969737,0.9821024811072752
2019-09-03,-0.02625968381275639,1.0045044775640168
2019-09-04,-0.017897518892724888,1.0145011090889353
2019-09-05,0.004504477564016788,0.975335000510278
2019-09-06,0.014501109088935246,1.0605579415097441
2019-09-09,-0.024664999489722016,0.9935690760533098
2019-09-11,0.06055794150974407,1.070568711349648
2019-09-12,-0.006430923946690189,0.9622211463806949
2019-09-13,0.070568711349648,0.9789687295878128
2019-09-16,-0.03777885361930513,1.021031270412187
2019-09-17,-0.021031270412187195,0.9451769593502942
2019-09-18,0.021031270412187122,0.9888888254417836
2019-09-19,-0.05482304064970578,0.989893183480296
2019-09-20,-0.011111174558216424,0.9585193743372037
2019-09-23,-0.010106816519704036,0.9952830679523939
2019-09-24,-0.04148062566279634,0.980906299727593
2019-09-25,-0.004716932047606171,1.002406710589383
2019-09-26,-0.01909370027240694,1.0035993323610515
2019-09-27,0.0024067105893829325,1.01072082143253
2019-09-30,0.003599332361051454,1.0059067098784604
2019-10-01,0.010720821432530142,1.0093786171287018
2019-10-03,0.005906709878460528,0.9691918879363722
2019-10-04,0.009378617128701895,0.9975903897920138
2019-10-07,-0.03080811206362774,0.9963745696882522
2019-10-09,-0.0024096102079862276,1.0168071897955115
2019-10-10,-0.003625430311747782,0.988023771397723
2019-10-11,0.016807189795511632,1.019093700272407
2019-10-14,-0.01197622860227699,0.9772852452685004
2019-10-15,0.019093700272407005,1.014406112333751
2019-10-16,-0.022714754731499608,0.9916216527147245
2019-10-17,0.01440611233375105,0.997593289410617
2019-10-18,-0.008378347285275494,0.997587483178025
2019-10-22,-0.002406710589383011,1.0
2019-10-23,-0.0024125168219749143,0.9890709703506413
2019-10-24,0.0,1.0012202413832818
2019-10-25,-0.010929029649358732,1.008500250628959
2019-10-29,0.0012202413832818361,0.9975787208839346
2019-10-30,0.00850025062895912,1.0192083157053107
2019-10-31,-0.00242127911606542,0.9988102464721244
2019-11-01,0.019208315705310727,0.9499591060222893
2019-11-04,-0.0011897535278756234,1.0185993821088488
2019-11-05,-0.05004089397771067,1.0085627323873092
2019-11-06,0.018599382108848744,0.9914372676126909
2019-11-07,0.008562732387309115,0.967537738742907
2019-11-08,-0.00856273238730905,1.0312330199303488
2019-11-11,-0.03246226125709297,0.9813775263615538
2019-11-13,0.03123301993034883,1.0062460395813877
2019-11-14,-0.018622473638446144,1.0294499041912948
2019-11-15,0.006246039581387807,0.9755189892856717
2019-11-18,0.029449904191294753,0.9950311065230335
2019-11-19,-0.02448101071432827,1.0
2019-11-20,-0.004968893476966539,1.0
2019-11-21,0.0,1.0136056753838023
2019-11-22,0.0,1.0036786836957023
2019-11-25,0.013605675383802324,0.9789727006756271
2019-11-26,0.0036786836957024296,0.9848863543715775
2019-11-27,-0.021027299324372816,1.0075853753279842
2019-11-28,-0.015113645628422588,0.9936828400529895
2019-11-29,0.007585375327984265,1.0200759034654232
2019-12-02,-0.006317159947010517,0.996266280229353
2019-12-03,0.020075903465423216,1.008690394058397
2019-12-04,-0.003733719770646912,0.9673337932781003
2019-12-05,0.008690394058397199,1.0164664825635403
2019-12-06,-0.03266620672189971,1.0050125766526348
2019-12-09,0.01646648256354023,0.9836164307239207
2019-12-10,0.005012576652634859,0.9923468967864401
2019-12-11,-0.016383569276079316,1.0165084021892008
2019-12-12,-0.007653103213559965,1.0
2019-12-13,0.01650840218920086,1.0
2019-12-16,0.0,0.99621445587911
2019-12-17,0.0,0.994930245145249
2019-12-18,-0.0037855441208900355,1.0025381390286303
2019-12-19,-0.005069754854751007,1.018832910456207
2019-12-20,0.002538139028630368,1.0282053642274043
2019-12-23,0.01883291045620715,0.9680562634377387
2019-12-24,0.028205364227404356,1.014870266428025
2019-12-26,-0.031943736562261356,1.0049079250224466
2019-12-27,0.01487026642802486,0.9950920749775536
2019-12-30,0.004907925022446551,1.0243025143109423
2019-12-31,-0.0049079250224464644,1.0423095054397866
2020-01-01,0.02430251431094233,1.1037481537171028
2020-01-02,0.042309505439786704,0.9313034023188573
2020-01-03,0.10374815371710268,0.9966611396582016
2020-01-06,-0.06869659768114261,0.9694373765302096
2020-01-07,-0.0033388603417984007,1.015963830361428
2020-01-08,-0.03056262346979045,1.0157130714384857
2020-01-09,0.015963830361428046,1.0853395364931453
2020-01-10,0.015713071438485732,1.0050994659731651
2020-01-13,0.08533953649314528,0.9721487375070108
2020-01-14,0.005099465973165139,1.0031332038317402
2020-01-15,-0.027851262492989196,0.9947725802348003
2020-01-16,0.003133203831740293,0.9841518397402138
2020-01-17,-0.005227419765199706,0.9967999544223577
2020-01-20,-0.01584816025978618,1.0221878873778476
2020-01-21,-0.0032000455776423514,0.9852629911082228
2020-01-22,0.02218788737784755,0.9839654005195592
2020-01-23,-0.014737008891777165,0.9989217629532597
2020-01-24,-0.016034599480440885,0.9570182801480532
2020-01-27,-0.0010782370467402515,0.9966158567428457
2020-01-28,-0.04298171985194672,0.9572930720555639
2020-01-29,-0.0033841432571542767,1.0175340190918654
2020-01-30,-0.04270692794443609,0.9682138591301919
2020-01-31,0.017534019091865347,0.9976048186547376
2020-02-03,-0.031786140869808154,1.01782583909516
2020-02-04,-0.002395181345262411,1.012873134694348
2020-02-05,0.01782583909516009,1.0092593897880746
2020-02-06,0.012873134694347949,1.01373011215523
2020-02-07,0.0092593897880747,0.9988630041512057
2020-02-10,0.013730112155230111,0.956995106776232
2020-02-11,-0.0011369958487942892,0.9637203045181472
2020-02-12,-0.04300489322376804,0.9863605826339833
2020-02-13,-0.03627969548185286,1.0024938323709665
2020-02-14,-0.013639417366016747,1.0209496535623357
2020-02-17,0.0024938323709665353,0.9753074061927965
2020-02-18,0.020949653562335597,0.9962429008767235
2020-02-19,-0.024692593807203494,0.9485085109531529
2020-02-20,-0.0037570991232765095,0.9772870050728499
2020-02-24,-0.051491489046847104,1.0187421580698834
2020-02-25,-0.022712994927150034,0.9826082644556111
2020-02-26,0.018742158069883552,0.9628823693573895
2020-02-27,-0.01739173554438887,1.0083682541646222
2020-02-28,-0.03711763064261057,1.0206192457285623
2020-03-02,0.008368254164622077,1.0215350964656797
2020-03-03,0.020619245728562406,1.0197765806277268
2020-03-04,0.021535096465679804,0.9802234193722733
2020-03-05,0.019776580627726862,0.9892905243432017
2020-03-06,-0.019776580627726737,0.9259954957916494
2020-03-09,-0.010709475656798292,0.8485027967011027
2020-03-11,-0.07400450420835063,1.0299025137321536
2020-03-12,-0.1514972032988973,1.0032679996904907
2020-03-13,0.029902513732153583,1.0016300349741272
2020-03-16,0.003267999690490695,0.9835792820394588
2020-03-17,0.0016300349741271635,0.9314800386428393
2020-03-18,-0.016420717960541235,1.0279738449797695
2020-03-19,-0.06851996135716062,0.9079603477701246
2020-03-20,0.02797384497976953,0.99050322287476
2020-03-23,-0.09203965222987537,1.024506399924726
2020-03-24,-0.009496777125239973,0.9848482097582565
2020-03-25,0.024506399924725926,0.996175889057469
2020-03-26,-0.015151790241743497,1.0133208582045536
2020-03-27,-0.0038241109425309464,1.016870085277863
2020-03-30,0.01332085820455364,1.0037105935775665
2020-03-31,0.01687008527786298,1.0273989741881144
2020-04-01,0.0037105935775664893,1.1075203313659576
2020-04-03,0.027398974188114347,1.1000064591400633
2020-04-07,0.10752033136595765,0.9970673794906119
2020-04-08,0.10000645914006334,0.9881830912472436
2020-04-09,-0.002932620509388152,1.0549270333519043
2020-04-13,-0.011816908752756379,1.0440236774489995
2020-04-15,0.05492703335190435,0.9796050043252205
2020-04-16,0.04402367744899954,0.9791803730995121
2020-04-17,-0.020394995674779495,0.9599373750462779
2020-04-20,-0.020819626900487925,1.0043700440280623
2020-04-21,-0.04006262495372211,1.0144302641935425
2020-04-22,0.004370044028062356,1.0379525083708447
2020-04-23,0.014430264193542614,1.074403475447509
2020-04-24,0.037952508370844684,1.042612982938679
2020-04-27,0.07440347544750901,1.1014263729885252
2020-04-28,0.04261298293867894,0.9661749026823685
2020-04-29,0.10142637298852519,0.9732698153722517
2020-04-30,-0.03382509731763152,0.968897033473958
2020-05-04,-0.02673018462774837,0.9939061361523331
2020-05-05,-0.031102966526042056,1.0145633268803445
2020-05-06,-0.006093863847666863,0.9681735873669159
2020-05-07,0.01456332688034449,0.993761676706073
2020-05-08,-0.03182641263308409,0.9707915356561981
2020-05-11,-0.006238323293927083,1.0102565392933183
2020-05-12,-0.029208464343801917,1.022699530001522
2020-05-13,0.010256539293318255,0.9747461317056036
2020-05-14,0.02269953000152194,0.9648630477287503
2020-05-15,-0.025253868294396395,0.9826314527895434
2020-05-18,-0.035136952271249654,1.0252841357721465
2020-05-19,-0.017368547210456595,1.0026247334705676
2020-05-20,0.025284135772146422,0.9921051418423242
2020-05-21,0.002624733470567567,0.9840210052559533
2020-05-22,-0.007894858157675762,0.9796603157628774
2020-05-26,-0.015978994744046765,1.0
2020-05-27,-0.020339684237122672,1.1002790963114295
2020-05-28,0.0,1.0074075166309402
2020-05-29,0.1002790963114294,1.007352955399263
2020-06-01,0.007407516630940201,1.047684837263619
2020-06-02,0.007352955399263038,1.0173114533664156
2020-06-03,0.047684837263618995,0.9977089957976524
2020-06-04,0.017311453366415642,
2020-06-05,-0.0022910042023476197,
